{"type":"FeatureCollection","features":[{"type":"Feature","properties":{"shapeISO":"","shapeID":"28895703B55497672592875","shapeGroup":"ESP","shapeType":"ADM3","name":"Alcalá del Valle"},"geometry":{"type":"Polygon","coordinates":[[[-5.20062,36.92841],[-5.19648,36.91924],[-5.19666,36.90234],[-5.19431,36.89405],[-5.18608,36.88697],[-5.16571,36.88562],[-5.15725,36.88948],[-5.14775,36.89582],[-5.14716,36.89797],[-5.13417,36.90157],[-5.12889,36.9059],[-5.11664,36.90764],[-5.11383,36.90989],[-5.11604,36.91391],[-5.1154,36.91694],[-5.11375,36.91704],[-5.10859,36.91109],[-5.09178,36.92104],[-5.09803,36.92864],[-5.10557,36.95484],[-5.11012,36.95933],[-5.11674,36.95814],[-5.11869,36.95417],[-5.12417,36.95126],[-5.13229,36.94942],[-5.13719,36.95238],[-5.14042,36.95028],[-5.14005,36.94734],[-5.14306,36.94612],[-5.14854,36.95035],[-5.15316,36.94459],[-5.16169,36.94624],[-5.16295,36.94367],[-5.16718,36.94205],[-5.17285,36.94073],[-5.17802,36.94189],[-5.20062,36.92841]]]}},{"type":"Feature","properties":{"shapeISO":"","shapeID":"28895703B6243352433787","shapeGroup":"ESP","shapeType":"ADM3","name":"Algodonales"},"geometry":{"type":"Polygon","coordinates":[[[-5.53382,36.89345],[-5.53358,36.88377],[-5.53211,36.87993],[-5.5289,36.8783],[-5.52695,36.8689],[-5.52703,36.8409],[-5.5232,36.8359],[-5.51639,36.84219],[-5.51759,36.85252],[-5.50998,36.85558],[-5.50366,36.85441],[-5.48756,36.85717],[-5.47363,36.85695],[-5.46395,36.85462],[-5.4581,36.85517],[-5.45233,36.85026],[-5.44405,36.85368],[-5.43365,36.85312],[-5.42617,36.85676],[-5.42283,36.86018],[-5.40726,36.85855],[-5.40556,36.85687],[-5.40164,36.85646],[-5.39939,36.85752],[-5.39608,36.85641],[-5.3935,36.85852],[-5.38275,36.84976],[-5.37845,36.84907],[-5.36947,36.86117],[-5.35377,36.86852],[-5.34187,36.87229],[-5.31944,36.87354],[-5.30496,36.87663],[-5.31512,36.88412],[-5.32653,36.88907],[-5.3471,36.90132],[-5.35079,36.90517],[-5.35307,36.91123],[-5.37079,36.92323],[-5.37423,36.92412],[-5.37516,36.92638],[-5.38297,36.92699],[-5.38383,36.92939],[-5.40194,36.93961],[-5.41285,36.94066],[-5.43895,36.93529],[-5.44299,36.93529],[-5.4463,36.93312],[-5.46642,36.92711],[-5.48569,36.92595],[-5.50306,36.92033],[-5.51301,36.91476],[-5.52071,36.90615],[-5.53063,36.89852],[-5.53382,36.89345]]]}},{"type":"Feature","properties":{"shapeISO":"","shapeID":"28895703B47325085933312","shapeGroup":"ESP","shapeType":"ADM3","name":"Bornos"},"geometry":{"type":"Polygon","coordinates":[[[-5.6692,36.85209],[-5.66779,36.85472],[-5.66395,36.85614],[-5.66647,36.85967],[-5.66273,36.866],[-5.67412,36.88184],[-5.7052,36.90345],[-5.70932,36.89171],[-5.72376,36.88097],[-5.72839,36.8698],[-5.75532,36.85356],[-5.75946,36.8403],[-5.76377,36.83807],[-5.76392,36.83663],[-5.7586,36.82871],[-5.75458,36.81742],[-5.75033,36.81558],[-5.74538,36.81077],[-5.73932,36.80972],[-5.7324,36.8036],[-5.72444,36.80322],[-5.71448,36.80744],[-5.70735,36.80685],[-5.69779,36.81892],[-5.69874,36.82342],[-5.6954,36.83265],[-5.69287,36.83317],[-5.6898,36.83046],[-5.68811,36.83066],[-5.68473,36.83852],[-5.68045,36.83853],[-5.67789,36.8412],[-5.67606,36.84475],[-5.67692,36.84847],[-5.67154,36.84946],[-5.6692,36.85209]]]}},{"type":"Feature","properties":{"shapeISO":"","shapeID":"28895703B92172916377528","shapeGroup":"ESP","shapeType":"ADM3","name":"Espera"},"geometry":{"type":"Polygon","coordinates":[[[-5.76392,36.83663],[-5.76377,36.83807],[-5.75946,36.8403],[-5.75532,36.85356],[-5.72839,36.8698],[-5.72376,36.88097],[-5.70932,36.89171],[-5.7052,36.90345],[-5.73631,36.91822],[-5.74402,36.92294],[-5.763,36.92572],[-5.77411,36.92425],[-5.78695,36.92585],[-5.79822,36.92435],[-5.80394,36.92552],[-5.83179,36.91565],[-5.83726,36.91438],[-5.84551,36.91521],[-5.85991,36.89997],[-5.8696,36.8937],[-5.87652,36.89471],[-5.89358,36.85158],[-5.88883,36.84677],[-5.88096,36.84708],[-5.86629,36.8426],[-5.85869,36.83598],[-5.85108,36.83748],[-5.84588,36.83383],[-5.83487,36.83482],[-5.82739,36.83024],[-5.8277,36.82679],[-5.81672,36.83212],[-5.80753,36.82585],[-5.79514,36.82817],[-5.77733,36.83893],[-5.76392,36.83663]]]}},{"type":"Feature","properties":{"shapeISO":"","shapeID":"28895703B68735961913911","shapeGroup":"ESP","shapeType":"ADM3","name":"El Gastor"},"geometry":{"type":"Polygon","coordinates":[[[-5.38275,36.84976],[-5.37759,36.84525],[-5.37371,36.84458],[-5.36973,36.83993],[-5.36615,36.83895],[-5.36479,36.83144],[-5.3712,36.82658],[-5.37432,36.82076],[-5.37306,36.81149],[-5.38051,36.80815],[-5.37167,36.80518],[-5.36665,36.81116],[-5.35584,36.81354],[-5.35073,36.81306],[-5.34071,36.81942],[-5.33509,36.82762],[-5.33251,36.8386],[-5.31543,36.85545],[-5.30629,36.85759],[-5.30158,36.86964],[-5.30496,36.87663],[-5.31944,36.87354],[-5.34187,36.87229],[-5.35377,36.86852],[-5.36947,36.86117],[-5.37845,36.84907],[-5.38275,36.84976]]]}},{"type":"Feature","properties":{"shapeISO":"","shapeID":"28895703B42949029915737","shapeGroup":"ESP","shapeType":"ADM3","name":"Olvera"},"geometry":{"type":"Polygon","coordinates":[[[-5.11012,36.95933],[-5.10462,36.96406],[-5.1009,36.96395],[-5.09558,36.9683],[-5.09758,36.97128],[-5.11234,36.97629],[-5.11236,36.98107],[-5.11044,36.98204],[-5.1124,36.98349],[-5.11074,36.98395],[-5.11515,36.98896],[-5.11837,36.98849],[-5.12331,36.9906],[-5.12749,36.99569],[-5.14238,37.00386],[-5.148,36.99708],[-5.1584,36.98932],[-5.16264,36.98142],[-5.17322,36.97786],[-5.18122,36.97191],[-5.18981,36.96973],[-5.19166,36.96641],[-5.20604,36.96264],[-5.21577,36.95185],[-5.22005,36.9507],[-5.22522,36.9423],[-5.23502,36.94118],[-5.25674,36.96404],[-5.26239,36.97578],[-5.26828,36.97843],[-5.27403,36.99057],[-5.28588,37.00064],[-5.29369,37.01036],[-5.30022,37.01374],[-5.30203,37.01923],[-5.30211,37.03736],[-5.33665,37.01251],[-5.33965,37.00456],[-5.34535,36.99739],[-5.34951,36.99699],[-5.3522,36.99409],[-5.35596,36.99432],[-5.35968,36.99249],[-5.36098,36.98501],[-5.3653,36.98566],[-5.37409,36.98233],[-5.37593,36.98],[-5.38272,36.97908],[-5.39239,36.97328],[-5.40097,36.96273],[-5.41336,36.95402],[-5.41317,36.9512],[-5.4168,36.94535],[-5.41285,36.94066],[-5.40194,36.93961],[-5.38383,36.92939],[-5.38297,36.92699],[-5.37516,36.92638],[-5.37423,36.92412],[-5.37079,36.92323],[-5.35307,36.91123],[-5.35079,36.90517],[-5.3471,36.90132],[-5.32653,36.88907],[-5.31512,36.88412],[-5.30496,36.87663],[-5.30158,36.86964],[-5.28932,36.87309],[-5.28609,36.87598],[-5.27797,36.87825],[-5.26978,36.88422],[-5.26448,36.88976],[-5.26386,36.89385],[-5.25862,36.8955],[-5.25885,36.89805],[-5.25562,36.8996],[-5.2522,36.91686],[-5.24489,36.92427],[-5.23067,36.92908],[-5.21806,36.93562],[-5.21482,36.93544],[-5.20722,36.92887],[-5.20062,36.92841],[-5.17802,36.94189],[-5.17285,36.94073],[-5.16718,36.94205],[-5.16295,36.94367],[-5.16169,36.94624],[-5.15316,36.94459],[-5.14854,36.95035],[-5.14306,36.94612],[-5.14005,36.94734],[-5.14042,36.95028],[-5.13719,36.95238],[-5.13229,36.94942],[-5.12417,36.95126],[-5.11869,36.95417],[-5.11674,36.95814],[-5.11012,36.95933]]]}},{"type":"Feature","properties":{"shapeISO":"","shapeID":"28895703B60187545593172","shapeGroup":"ESP","shapeType":"ADM3","name":"Puerto Serrano"},"geometry":{"type":"Polygon","coordinates":[[[-5.43895,36.93529],[-5.44126,36.94396],[-5.44627,36.94644],[-5.44543,36.94968],[-5.44795,36.95419],[-5.44592,36.95667],[-5.45456,36.9612],[-5.45717,36.97414],[-5.46028,36.97514],[-5.46004,36.97798],[-5.45646,36.97792],[-5.45294,36.98241],[-5.44489,36.98559],[-5.44247,36.98986],[-5.43524,36.99112],[-5.427,36.99963],[-5.42599,37.0057],[-5.42108,37.01115],[-5.42143,37.02446],[-5.42704,37.03744],[-5.42774,37.04457],[-5.43336,37.05239],[-5.44187,37.0495],[-5.44791,37.05022],[-5.46269,37.04123],[-5.47311,37.04294],[-5.48875,37.03984],[-5.49688,37.0397],[-5.51099,37.0336],[-5.4953,37.01147],[-5.48723,37.00732],[-5.48364,37.00256],[-5.47304,36.99523],[-5.46917,36.98802],[-5.46973,36.98395],[-5.48143,36.97237],[-5.48981,36.97289],[-5.49343,36.97092],[-5.49888,36.96587],[-5.50234,36.95832],[-5.50898,36.95853],[-5.51389,36.95654],[-5.51528,36.95022],[-5.52061,36.94805],[-5.5204,36.94483],[-5.52479,36.93733],[-5.53275,36.93585],[-5.53319,36.93247],[-5.53577,36.92998],[-5.54612,36.93018],[-5.54699,36.92588],[-5.55085,36.92312],[-5.53936,36.90699],[-5.53382,36.89345],[-5.53063,36.89852],[-5.52071,36.90615],[-5.51301,36.91476],[-5.50306,36.92033],[-5.48569,36.92595],[-5.46642,36.92711],[-5.4463,36.93312],[-5.44299,36.93529],[-5.43895,36.93529]]]}},{"type":"Feature","properties":{"shapeISO":"","shapeID":"28895703B99364047884788","shapeGroup":"ESP","shapeType":"ADM3","name":"Setenil de las Bodegas"},"geometry":{"type":"Polygon","coordinates":[[[-5.20062,36.92841],[-5.20459,36.92401],[-5.20507,36.91564],[-5.21007,36.90358],[-5.2161,36.89604],[-5.22477,36.89247],[-5.2474,36.89193],[-5.26978,36.88422],[-5.2663,36.87533],[-5.24981,36.86569],[-5.24542,36.8647],[-5.24403,36.86277],[-5.23109,36.86117],[-5.22538,36.85658],[-5.22213,36.85021],[-5.22201,36.84272],[-5.1995,36.83765],[-5.19232,36.83373],[-5.18666,36.82797],[-5.17932,36.82863],[-5.17493,36.82469],[-5.1704,36.82355],[-5.15526,36.83173],[-5.13407,36.83856],[-5.13063,36.84226],[-5.1205,36.85884],[-5.11727,36.87028],[-5.11248,36.87383],[-5.10983,36.8894],[-5.10259,36.89174],[-5.10259,36.89556],[-5.10508,36.89794],[-5.09968,36.90085],[-5.09362,36.90075],[-5.08677,36.90509],[-5.09293,36.91169],[-5.09178,36.92104],[-5.10859,36.91109],[-5.11375,36.91704],[-5.1154,36.91694],[-5.11604,36.91391],[-5.11383,36.90989],[-5.11664,36.90764],[-5.12889,36.9059],[-5.13417,36.90157],[-5.14716,36.89797],[-5.14775,36.89582],[-5.15725,36.88948],[-5.16571,36.88562],[-5.18608,36.88697],[-5.19431,36.89405],[-5.19666,36.90234],[-5.19648,36.91924],[-5.20062,36.92841]]]}},{"type":"Feature","properties":{"shapeISO":"","shapeID":"28895703B8287787039770","shapeGroup":"ESP","shapeType":"ADM3","name":"Torre Alháquime"},"geometry":{"type":"Polygon","coordinates":[[[-5.26978,36.88422],[-5.2474,36.89193],[-5.22477,36.89247],[-5.2161,36.89604],[-5.21007,36.90358],[-5.20507,36.91564],[-5.20459,36.92401],[-5.20062,36.92841],[-5.20722,36.92887],[-5.21482,36.93544],[-5.21806,36.93562],[-5.23067,36.92908],[-5.24489,36.92427],[-5.2522,36.91686],[-5.25562,36.8996],[-5.25885,36.89805],[-5.25862,36.8955],[-5.26386,36.89385],[-5.26448,36.88976],[-5.26978,36.88422]]]}},{"type":"Feature","properties":{"shapeISO":"","shapeID":"28895703B49360034217425","shapeGroup":"ESP","shapeType":"ADM3","name":"Trebujena"},"geometry":{"type":"Polygon","coordinates":[[[-6.12199,36.86379],[-6.15615,36.88565],[-6.18368,36.89153],[-6.18716,36.89359],[-6.20869,36.89343],[-6.22919,36.89595],[-6.23099,36.89811],[-6.24301,36.89442],[-6.25379,36.89391],[-6.26282,36.89784],[-6.27254,36.90787],[-6.27829,36.91085],[-6.29408,36.90573],[-6.29905,36.90638],[-6.28965,36.89319],[-6.28951,36.88886],[-6.28383,36.88061],[-6.28258,36.876],[-6.28424,36.86195],[-6.28074,36.85694],[-6.26415,36.84735],[-6.25788,36.84601],[-6.24185,36.85215],[-6.21894,36.84929],[-6.20377,36.82921],[-6.20014,36.83063],[-6.20068,36.8322],[-6.19546,36.83608],[-6.18769,36.83779],[-6.15491,36.8524],[-6.13364,36.85223],[-6.12199,36.86379]]]}},{"type":"Feature","properties":{"shapeISO":"","shapeID":"28895703B32339254747166","shapeGroup":"ESP","shapeType":"ADM3","name":"Villamartín"},"geometry":{"type":"Polygon","coordinates":[[[-5.53382,36.89345],[-5.5834,36.91509],[-5.58585,36.92146],[-5.58687,36.9456],[-5.58815,36.94689],[-5.59492,36.94467],[-5.60628,36.95079],[-5.60735,36.9447],[-5.61025,36.94142],[-5.61486,36.94255],[-5.61809,36.94016],[-5.62614,36.95444],[-5.63283,36.9506],[-5.64966,36.95432],[-5.6584,36.96717],[-5.66612,36.97574],[-5.66795,36.97595],[-5.69461,36.95678],[-5.69556,36.95314],[-5.69368,36.94577],[-5.69618,36.93528],[-5.7032,36.9256],[-5.71701,36.91952],[-5.72638,36.92156],[-5.73631,36.91822],[-5.7052,36.90345],[-5.67412,36.88184],[-5.66273,36.866],[-5.66647,36.85967],[-5.66395,36.85614],[-5.66779,36.85472],[-5.6692,36.85209],[-5.66423,36.8481],[-5.65919,36.83054],[-5.64672,36.81349],[-5.6413,36.80244],[-5.64228,36.78883],[-5.62457,36.77948],[-5.59999,36.76261],[-5.58255,36.7872],[-5.5776,36.78992],[-5.56693,36.78877],[-5.56803,36.79127],[-5.56353,36.79387],[-5.55863,36.79177],[-5.5546,36.79437],[-5.5527,36.80715],[-5.55605,36.81891],[-5.55816,36.82052],[-5.54855,36.82646],[-5.54558,36.82613],[-5.54546,36.82775],[-5.53805,36.83191],[-5.5232,36.8359],[-5.52703,36.8409],[-5.52695,36.8689],[-5.5289,36.8783],[-5.53211,36.87993],[-5.53358,36.88377],[-5.53382,36.89345]]]}},{"type":"Feature","properties":{"shapeISO":"","shapeID":"28895703B57882460606449","shapeGroup":"ESP","shapeType":"ADM3","name":"Zahara"},"geometry":{"type":"Polygon","coordinates":[[[-5.5232,36.8359],[-5.51517,36.82829],[-5.51123,36.81889],[-5.50081,36.80532],[-5.50013,36.80276],[-5.50253,36.79913],[-5.50151,36.79478],[-5.4862,36.79811],[-5.46023,36.80637],[-5.44356,36.80356],[-5.40734,36.80358],[-5.38051,36.80815],[-5.37306,36.81149],[-5.37432,36.82076],[-5.3712,36.82658],[-5.36479,36.83144],[-5.36615,36.83895],[-5.36973,36.83993],[-5.37371,36.84458],[-5.37759,36.84525],[-5.38275,36.84976],[-5.3935,36.85852],[-5.39608,36.85641],[-5.39939,36.85752],[-5.40164,36.85646],[-5.40556,36.85687],[-5.40726,36.85855],[-5.42283,36.86018],[-5.42617,36.85676],[-5.43365,36.85312],[-5.44405,36.85368],[-5.45233,36.85026],[-5.4581,36.85517],[-5.46395,36.85462],[-5.47363,36.85695],[-5.48756,36.85717],[-5.50366,36.85441],[-5.50998,36.85558],[-5.51759,36.85252],[-5.51639,36.84219],[-5.5232,36.8359]]]}},{"type":"Feature","properties":{"shapeISO":"","shapeID":"28895703B85521742199676","shapeGroup":"ESP","shapeType":"ADM3","name":"Alcaracejos"},"geometry":{"type":"Polygon","coordinates":[[[-4.9987,38.27085],[-4.98638,38.25887],[-4.98876,38.25247],[-4.98562,38.24071],[-4.98215,38.23936],[-4.9824,38.23572],[-4.97497,38.22317],[-4.93843,38.20008],[-4.93674,38.19191],[-4.93285,38.18668],[-4.9297,38.18821],[-4.92748,38.18639],[-4.92382,38.18714],[-4.922,38.18394],[-4.91861,38.18257],[-4.90978,38.18489],[-4.90546,38.18006],[-4.9024,38.17953],[-4.89937,38.17658],[-4.89281,38.17872],[-4.89177,38.18142],[-4.88772,38.18123],[-4.88348,38.18559],[-4.88461,38.18784],[-4.88242,38.18994],[-4.88736,38.19468],[-4.88401,38.19645],[-4.88287,38.20134],[-4.88485,38.20211],[-4.88171,38.2065],[-4.89071,38.21583],[-4.8881,38.21712],[-4.89012,38.22683],[-4.88784,38.2293],[-4.88816,38.2335],[-4.88378,38.23637],[-4.87712,38.23692],[-4.87674,38.23829],[-4.88346,38.24131],[-4.87835,38.24357],[-4.87901,38.24539],[-4.88134,38.25011],[-4.87907,38.2529],[-4.88242,38.25535],[-4.88009,38.2557],[-4.88136,38.26021],[-4.87822,38.26925],[-4.88003,38.27126],[-4.88173,38.28663],[-4.88018,38.28672],[-4.88115,38.28926],[-4.87819,38.2949],[-4.88373,38.29358],[-4.88725,38.29106],[-4.88715,38.28944],[-4.891,38.29564],[-4.89986,38.29162],[-4.90104,38.29358],[-4.89811,38.29471],[-4.89743,38.29691],[-4.89402,38.29782],[-4.89621,38.30099],[-4.89973,38.30113],[-4.89883,38.30221],[-4.90039,38.30295],[-4.89511,38.30481],[-4.89618,38.30683],[-4.89303,38.30654],[-4.8936,38.30958],[-4.89806,38.31128],[-4.89861,38.31338],[-4.89327,38.31278],[-4.89552,38.31511],[-4.89512,38.31696],[-4.89871,38.31558],[-4.89883,38.31984],[-4.90171,38.3226],[-4.90117,38.32423],[-4.89899,38.32374],[-4.89585,38.32579],[-4.89727,38.33034],[-4.90166,38.33279],[-4.90113,38.33497],[-4.9046,38.33949],[-4.90793,38.34071],[-4.91153,38.34707],[-4.91547,38.34807],[-4.92583,38.35715],[-4.9253,38.36009],[-4.9149,38.3722],[-4.914,38.37815],[-4.91073,38.38055],[-4.93236,38.38401],[-4.92342,38.39438],[-4.91842,38.41243],[-4.92828,38.41598],[-4.94038,38.42508],[-4.95132,38.4291],[-4.95534,38.42502],[-4.97394,38.41656],[-4.97376,38.40336],[-4.97692,38.38629],[-4.97492,38.37441],[-4.9817,38.3495],[-4.9778,38.33541],[-4.98067,38.32711],[-4.97888,38.31323],[-4.98125,38.30367],[-4.97651,38.29434],[-4.9771,38.28359],[-4.97269,38.27772],[-4.97737,38.27633],[-4.97882,38.27768],[-4.98318,38.27577],[-4.98168,38.27456],[-4.99594,38.27276],[-4.9987,38.27085]]]}},{"type":"Feature","properties":{"shapeISO":"","shapeID":"28895703B59669597143037","shapeGroup":"ESP","shapeType":"ADM3","name":"Almodóvar del Río"},"geometry":{"type":"MultiPolygon","coordinates":[[[[-5.03773,37.75712],[-5.04087,37.76782],[-5.04002,37.77315],[-5.05067,37.77164],[-5.05773,37.76809],[-5.0514,37.75857],[-5.03773,37.75712]]],[[[-5.10429,37.92105],[-5.08882,37.92241],[-5.07369,37.92034],[-5.06702,37.91254],[-5.06554,37.9059],[-5.06756,37.88684],[-5.06583,37.87327],[-5.06765,37.86239],[-5.06329,37.85254],[-5.06552,37.84672],[-5.0627,37.84102],[-5.06148,37.8245],[-5.06445,37.81385],[-5.06997,37.80974],[-5.07162,37.80269],[-5.07262,37.79672],[-5.06872,37.79625],[-5.07094,37.78289],[-5.07103,37.77853],[-5.07002,37.77906],[-5.06487,37.78226],[-5.05112,37.78079],[-5.04391,37.78558],[-5.04305,37.78999],[-5.0417,37.79011],[-5.04113,37.78705],[-5.0362,37.78537],[-5.03792,37.78177],[-5.03103,37.77384],[-5.03049,37.76869],[-5.03585,37.76173],[-5.03272,37.75732],[-5.02896,37.75934],[-5.02764,37.74498],[-5.02517,37.73863],[-4.99663,37.75651],[-4.99395,37.75993],[-4.99166,37.7686],[-4.9878,37.77158],[-4.99201,37.7817],[-4.99152,37.78606],[-4.9759,37.78682],[-4.96524,37.78271],[-4.95756,37.77747],[-4.94516,37.77678],[-4.94002,37.78257],[-4.93356,37.78384],[-4.92699,37.78329],[-4.92712,37.78532],[-4.91936,37.79579],[-4.92307,37.79972],[-4.93121,37.79976],[-4.94511,37.82855],[-4.94627,37.83297],[-4.93935,37.83789],[-4.93992,37.8422],[-4.93846,37.84447],[-4.94366,37.84952],[-4.94228,37.8525],[-4.94411,37.85451],[-4.94454,37.86075],[-4.95079,37.86544],[-4.95291,37.87154],[-4.96659,37.88455],[-4.99001,37.89769],[-4.99779,37.90673],[-4.9986,37.90983],[-5.00685,37.91349],[-5.02487,37.92712],[-5.0331,37.92581],[-5.05364,37.92717],[-5.05865,37.92874],[-5.07861,37.93026],[-5.08817,37.93276],[-5.10429,37.92105]]]]}},{"type":"Feature","properties":{"shapeISO":"","shapeID":"28895703B86728758163332","shapeGroup":"ESP","shapeType":"ADM3","name":"Belmez"},"geometry":{"type":"Polygon","coordinates":[[[-5.29801,38.26144],[-5.30051,38.25855],[-5.30379,38.24782],[-5.29999,38.2259],[-5.29078,38.21068],[-5.29156,38.19725],[-5.28634,38.19448],[-5.28139,38.19436],[-5.27162,38.18838],[-5.2676,38.18754],[-5.25247,38.18595],[-5.23837,38.19163],[-5.23199,38.19744],[-5.21949,38.20406],[-5.19905,38.20855],[-5.18022,38.21817],[-5.13548,38.22868],[-5.12453,38.23412],[-5.12278,38.23651],[-5.10375,38.24246],[-5.09848,38.25002],[-5.08686,38.25352],[-5.07838,38.26222],[-5.05204,38.2834],[-5.08873,38.31073],[-5.09788,38.32364],[-5.11618,38.33447],[-5.16239,38.3413],[-5.16286,38.33461],[-5.16825,38.31812],[-5.17259,38.31982],[-5.18154,38.32033],[-5.19749,38.32619],[-5.18969,38.34426],[-5.20196,38.34446],[-5.20348,38.33628],[-5.20835,38.33781],[-5.22511,38.33902],[-5.22557,38.33534],[-5.21023,38.32977],[-5.21526,38.32353],[-5.2162,38.31316],[-5.22799,38.29694],[-5.2394,38.30143],[-5.25221,38.27334],[-5.25526,38.26928],[-5.25834,38.26804],[-5.26013,38.26403],[-5.26568,38.26281],[-5.27082,38.25847],[-5.26998,38.25106],[-5.27808,38.25377],[-5.28505,38.25823],[-5.29801,38.26144]]]}},{"type":"Feature","properties":{"shapeISO":"","shapeID":"28895703B39715802009930","shapeGroup":"ESP","shapeType":"ADM3","name":"La Carlota"},"geometry":{"type":"Polygon","coordinates":[[[-5.01577,37.71068],[-5.01603,37.70959],[-4.99982,37.70659],[-4.99698,37.69954],[-4.98879,37.69351],[-4.99063,37.69209],[-4.98695,37.68932],[-4.98269,37.67629],[-4.98129,37.67679],[-4.97742,37.67379],[-4.97154,37.67238],[-4.9649,37.66329],[-4.95377,37.65244],[-4.95816,37.62164],[-4.96523,37.61167],[-4.96819,37.61237],[-4.9747,37.60344],[-4.97428,37.60016],[-4.96566,37.6107],[-4.95976,37.60934],[-4.95697,37.61139],[-4.95674,37.61371],[-4.94376,37.61693],[-4.94015,37.62124],[-4.93173,37.61659],[-4.93341,37.63953],[-4.92836,37.6362],[-4.92612,37.6308],[-4.92089,37.63269],[-4.90443,37.64184],[-4.90016,37.64676],[-4.88989,37.64907],[-4.88682,37.65821],[-4.88696,37.66173],[-4.88235,37.66764],[-4.87519,37.68362],[-4.88165,37.68862],[-4.87929,37.68968],[-4.88229,37.69052],[-4.8794,37.69394],[-4.88003,37.69924],[-4.86551,37.7071],[-4.86579,37.71196],[-4.86323,37.7158],[-4.86734,37.71379],[-4.87184,37.71366],[-4.8822,37.7181],[-4.89094,37.72001],[-4.8965,37.7183],[-4.9008,37.71867],[-4.90095,37.71609],[-4.90245,37.71568],[-4.91614,37.70481],[-4.92293,37.70735],[-4.94055,37.71935],[-4.94473,37.72071],[-4.95406,37.72349],[-4.96068,37.72972],[-4.96146,37.72606],[-4.9596,37.72116],[-4.96079,37.71967],[-4.97815,37.71317],[-4.98181,37.71903],[-4.99698,37.70808],[-5.01577,37.71068]]]}},{"type":"Feature","properties":{"shapeISO":"","shapeID":"28895703B34351449842758","shapeGroup":"ESP","shapeType":"ADM3","name":"Espiel"},"geometry":{"type":"Polygon","coordinates":[[[-4.9987,38.27085],[-5.01703,38.27353],[-5.02542,38.27806],[-5.03501,38.28085],[-5.05204,38.2834],[-5.07838,38.26222],[-5.08686,38.25352],[-5.09848,38.25002],[-5.10375,38.24246],[-5.09676,38.22987],[-5.09699,38.22322],[-5.09371,38.21437],[-5.10491,38.19717],[-5.11095,38.17518],[-5.11106,38.16789],[-5.11951,38.15384],[-5.11844,38.15213],[-5.12196,38.14488],[-5.12211,38.13577],[-5.12459,38.1317],[-5.13162,38.12797],[-5.13456,38.11937],[-5.13808,38.11565],[-5.13821,38.10847],[-5.14264,38.10445],[-5.14214,38.09621],[-5.14577,38.09317],[-5.14297,38.08839],[-5.15242,38.0801],[-5.15335,38.07595],[-5.15907,38.07191],[-5.16276,38.06207],[-5.16135,38.05911],[-5.1645,38.05924],[-5.16639,38.06191],[-5.16909,38.06216],[-5.16886,38.05916],[-5.17346,38.05868],[-5.17004,38.05482],[-5.17464,38.05567],[-5.17804,38.05408],[-5.1776,38.04997],[-5.18121,38.05344],[-5.18189,38.04981],[-5.19036,38.04866],[-5.18925,38.0452],[-5.21659,38.05552],[-5.22575,38.05505],[-5.24631,38.04669],[-5.24891,38.05357],[-5.24517,38.05287],[-5.24422,38.05524],[-5.24548,38.05655],[-5.24804,38.05494],[-5.24933,38.05876],[-5.25165,38.05905],[-5.24975,38.06125],[-5.25508,38.06376],[-5.24819,38.06854],[-5.24978,38.07129],[-5.24566,38.07171],[-5.24632,38.07917],[-5.2516,38.08044],[-5.2495,38.08417],[-5.2514,38.08713],[-5.25406,38.08721],[-5.25248,38.09119],[-5.25767,38.09861],[-5.26493,38.09999],[-5.26557,38.10136],[-5.27282,38.10367],[-5.26996,38.10887],[-5.2784,38.11863],[-5.28532,38.11158],[-5.29263,38.10854],[-5.29466,38.10157],[-5.30325,38.09618],[-5.30674,38.08829],[-5.31452,38.08432],[-5.31811,38.07966],[-5.31191,38.0701],[-5.30976,38.06275],[-5.31831,38.04333],[-5.31396,38.03512],[-5.31545,38.02681],[-5.31068,38.01502],[-5.30576,38.00987],[-5.30185,38.00898],[-5.29683,38.01101],[-5.28912,38.00826],[-5.29007,38.00603],[-5.28781,38.00474],[-5.28796,37.99656],[-5.27101,37.99256],[-5.26221,37.98579],[-5.24325,37.98108],[-5.24121,37.9786],[-5.23505,37.97799],[-5.2327,37.97585],[-5.23259,37.98105],[-5.23588,37.98497],[-5.23405,37.98835],[-5.23425,37.9933],[-5.23756,37.99531],[-5.23759,37.99714],[-5.2336,37.99752],[-5.2339,37.99491],[-5.23087,37.99472],[-5.22943,37.99971],[-5.22439,38.00397],[-5.2256,38.00607],[-5.2223,38.00672],[-5.2238,38.01136],[-5.22089,38.01737],[-5.21571,38.01866],[-5.2151,38.02135],[-5.21043,38.02277],[-5.20819,38.02099],[-5.20421,38.02187],[-5.20071,38.02077],[-5.20502,38.025],[-5.20069,38.02692],[-5.19351,38.02364],[-5.18765,38.02495],[-5.18766,38.02758],[-5.18303,38.0288],[-5.17985,38.02583],[-5.1761,38.026],[-5.17732,38.02775],[-5.16975,38.03351],[-5.16807,38.03119],[-5.1602,38.02855],[-5.1599,38.03055],[-5.15781,38.03107],[-5.15804,38.03466],[-5.15206,38.03664],[-5.15537,38.04021],[-5.15273,38.04302],[-5.15007,38.04361],[-5.15022,38.04179],[-5.14456,38.04036],[-5.14072,38.04303],[-5.137,38.04915],[-5.13839,38.05143],[-5.13639,38.05562],[-5.13768,38.05775],[-5.13483,38.061],[-5.13594,38.064],[-5.12956,38.06566],[-5.12663,38.07213],[-5.12026,38.07367],[-5.10901,38.07338],[-5.10911,38.07795],[-5.10243,38.08069],[-5.0864,38.07955],[-5.05807,38.08166],[-5.04613,38.08708],[-5.04224,38.09183],[-5.04124,38.09675],[-5.03803,38.09899],[-5.03245,38.0975],[-5.0276,38.09995],[-5.02119,38.09748],[-5.01787,38.09926],[-5.00452,38.09379],[-4.99939,38.08959],[-4.98598,38.08943],[-4.98136,38.08708],[-4.94045,38.08713],[-4.93559,38.08927],[-4.92876,38.08551],[-4.92381,38.0871],[-4.91909,38.08469],[-4.90068,38.08148],[-4.90061,38.08048],[-4.89137,38.0829],[-4.88635,38.08212],[-4.8713,38.07622],[-4.86238,38.07909],[-4.85156,38.0771],[-4.85566,38.0801],[-4.85976,38.08657],[-4.87744,38.10221],[-4.88115,38.11028],[-4.88968,38.11557],[-4.89791,38.12594],[-4.91373,38.12874],[-4.92549,38.13324],[-4.9289,38.13613],[-4.92243,38.14831],[-4.913,38.14866],[-4.90909,38.15023],[-4.90673,38.15191],[-4.90565,38.15852],[-4.90815,38.1627],[-4.91281,38.16502],[-4.91435,38.16811],[-4.92719,38.17792],[-4.93285,38.18668],[-4.93674,38.19191],[-4.93843,38.20008],[-4.97497,38.22317],[-4.9824,38.23572],[-4.98215,38.23936],[-4.98562,38.24071],[-4.98876,38.25247],[-4.98638,38.25887],[-4.9987,38.27085]]]}},{"type":"Feature","properties":{"shapeISO":"","shapeID":"28895703B75998243811022","shapeGroup":"ESP","shapeType":"ADM3","name":"Fuente Obejuna"},"geometry":{"type":"Polygon","coordinates":[[[-5.52099,38.20722],[-5.52677,38.20529],[-5.52923,38.20187],[-5.53051,38.20332],[-5.53871,38.2006],[-5.5373,38.19653],[-5.53924,38.19318],[-5.53674,38.19187],[-5.54034,38.18503],[-5.54371,38.18485],[-5.54234,38.18139],[-5.53999,38.18099],[-5.53998,38.17698],[-5.54213,38.17656],[-5.53959,38.17178],[-5.54042,38.16998],[-5.53578,38.16868],[-5.5389,38.16166],[-5.52571,38.16255],[-5.50027,38.15365],[-5.49698,38.15529],[-5.49085,38.15231],[-5.48466,38.15345],[-5.47878,38.15159],[-5.47796,38.14959],[-5.46944,38.14471],[-5.45131,38.14578],[-5.44672,38.14812],[-5.42949,38.15199],[-5.42157,38.14796],[-5.40801,38.13522],[-5.38542,38.13362],[-5.3815,38.13041],[-5.35676,38.12562],[-5.34718,38.12678],[-5.34133,38.13195],[-5.33475,38.13226],[-5.31836,38.12491],[-5.3034,38.1315],[-5.30098,38.12966],[-5.2932,38.13012],[-5.286,38.12455],[-5.28386,38.12057],[-5.2784,38.11863],[-5.27538,38.12316],[-5.27669,38.13004],[-5.2705,38.13511],[-5.27476,38.1523],[-5.2676,38.18754],[-5.27162,38.18838],[-5.28139,38.19436],[-5.28634,38.19448],[-5.29156,38.19725],[-5.29078,38.21068],[-5.29999,38.2259],[-5.30379,38.24782],[-5.30051,38.25855],[-5.29801,38.26144],[-5.29195,38.27553],[-5.2876,38.28116],[-5.28801,38.31985],[-5.31927,38.33075],[-5.33207,38.33354],[-5.34547,38.3401],[-5.34917,38.33998],[-5.39097,38.35537],[-5.40124,38.35594],[-5.40985,38.35835],[-5.4254,38.36571],[-5.44129,38.37001],[-5.45433,38.37833],[-5.45778,38.37814],[-5.49233,38.38949],[-5.5056,38.40186],[-5.51366,38.41009],[-5.51396,38.42468],[-5.52277,38.4602],[-5.53087,38.45457],[-5.54209,38.45009],[-5.54643,38.44999],[-5.54903,38.44671],[-5.55279,38.44562],[-5.5613,38.43609],[-5.56892,38.43259],[-5.57279,38.42759],[-5.5727,38.42327],[-5.58428,38.40097],[-5.58507,38.38584],[-5.57999,38.38108],[-5.57737,38.38223],[-5.57169,38.3776],[-5.56678,38.3772],[-5.56316,38.372],[-5.56618,38.36757],[-5.56467,38.36649],[-5.56153,38.36789],[-5.55925,38.36688],[-5.56091,38.36461],[-5.56691,38.36255],[-5.5687,38.35664],[-5.56727,38.35133],[-5.5723,38.34191],[-5.57153,38.3374],[-5.57322,38.3315],[-5.57565,38.32911],[-5.56768,38.32348],[-5.55553,38.31773],[-5.55123,38.31098],[-5.55045,38.30652],[-5.55257,38.30349],[-5.54698,38.29763],[-5.54434,38.2885],[-5.54171,38.28593],[-5.5444,38.28233],[-5.54111,38.27804],[-5.53745,38.27951],[-5.53757,38.27301],[-5.53179,38.26996],[-5.52596,38.26412],[-5.53004,38.25519],[-5.52378,38.2492],[-5.52214,38.23225],[-5.52434,38.22261],[-5.52222,38.21393],[-5.52326,38.21225],[-5.52061,38.21034],[-5.52099,38.20722]]]}},{"type":"Feature","properties":{"shapeISO":"","shapeID":"28895703B55044826891665","shapeGroup":"ESP","shapeType":"ADM3","name":"Fuente Palmera"},"geometry":{"type":"MultiPolygon","coordinates":[[[[-5.01815,37.59211],[-5.01726,37.59358],[-5.02491,37.59529],[-5.02974,37.61364],[-5.03386,37.62164],[-5.03344,37.6248],[-5.02972,37.62728],[-5.03003,37.63221],[-5.0265,37.63516],[-5.03119,37.64152],[-5.03352,37.642],[-5.03425,37.63852],[-5.04679,37.63194],[-5.0488,37.6372],[-5.05379,37.64237],[-5.08114,37.64655],[-5.08432,37.64808],[-5.08497,37.64379],[-5.04739,37.63076],[-5.04041,37.62619],[-5.04791,37.60814],[-5.03101,37.6106],[-5.03023,37.60384],[-5.0266,37.59542],[-5.01815,37.59211]]],[[[-5.17677,37.68058],[-5.16012,37.67177],[-5.15005,37.66092],[-5.13575,37.66857],[-5.12582,37.66586],[-5.11926,37.66766],[-5.10792,37.66258],[-5.11117,37.67076],[-5.11006,37.6741],[-5.11266,37.67767],[-5.11349,37.68873],[-5.11701,37.69249],[-5.12971,37.69875],[-5.13433,37.69713],[-5.17705,37.68198],[-5.191,37.68781],[-5.17677,37.68058]]],[[[-5.07002,37.77906],[-5.07071,37.77151],[-5.06704,37.74812],[-5.06986,37.73666],[-5.0734,37.73567],[-5.08054,37.73837],[-5.09387,37.75599],[-5.10379,37.7598],[-5.11459,37.77029],[-5.11802,37.76714],[-5.13155,37.76796],[-5.13964,37.77666],[-5.14066,37.78179],[-5.14341,37.78322],[-5.15204,37.78136],[-5.15706,37.77657],[-5.15489,37.77489],[-5.15141,37.77473],[-5.14824,37.77649],[-5.1444,37.77432],[-5.14053,37.77447],[-5.13666,37.77053],[-5.13699,37.76737],[-5.13326,37.76725],[-5.13332,37.75966],[-5.14289,37.74371],[-5.1441,37.72567],[-5.14284,37.72313],[-5.13066,37.71961],[-5.11446,37.70939],[-5.11282,37.70791],[-5.11484,37.70199],[-5.11273,37.70258],[-5.10818,37.70036],[-5.10122,37.69003],[-5.09997,37.68369],[-5.09345,37.67499],[-5.09788,37.67029],[-5.09116,37.66792],[-5.08166,37.66061],[-5.07052,37.6607],[-5.06944,37.65941],[-5.07218,37.66347],[-5.074,37.66249],[-5.0768,37.66466],[-5.07643,37.6689],[-5.07984,37.67115],[-5.08315,37.6701],[-5.08411,37.67181],[-5.08663,37.67209],[-5.09076,37.67728],[-5.09125,37.68178],[-5.08583,37.68857],[-5.08905,37.69466],[-5.08674,37.69572],[-5.08615,37.69816],[-5.07993,37.70101],[-5.07439,37.70094],[-5.072,37.70805],[-5.05641,37.71321],[-5.04775,37.71819],[-5.05167,37.72398],[-5.06172,37.72962],[-5.06384,37.7356],[-5.06694,37.73801],[-5.06771,37.74267],[-5.05066,37.75124],[-5.043,37.75201],[-5.03272,37.75732],[-5.03585,37.76173],[-5.03049,37.76869],[-5.03103,37.77384],[-5.03792,37.78177],[-5.0362,37.78537],[-5.04113,37.78705],[-5.0417,37.79011],[-5.04305,37.78999],[-5.04391,37.78558],[-5.05112,37.78079],[-5.06487,37.78226],[-5.07002,37.77906]],[[-5.03773,37.75712],[-5.0514,37.75857],[-5.05773,37.76809],[-5.05067,37.77164],[-5.04002,37.77315],[-5.04087,37.76782],[-5.03773,37.75712]]]]}},{"type":"Feature","properties":{"shapeISO":"","shapeID":"28895703B46422839057455","shapeGroup":"ESP","shapeType":"ADM3","name":"Guadalcázar"},"geometry":{"type":"Polygon","coordinates":[[[-5.03272,37.75732],[-5.043,37.75201],[-5.05066,37.75124],[-5.06771,37.74267],[-5.06694,37.73801],[-5.06384,37.7356],[-5.06172,37.72962],[-5.05167,37.72398],[-5.04775,37.71819],[-5.01577,37.71068],[-4.99698,37.70808],[-4.98181,37.71903],[-4.98474,37.72352],[-4.96867,37.73276],[-4.96427,37.73281],[-4.96068,37.72972],[-4.95406,37.72349],[-4.94473,37.72071],[-4.94078,37.72975],[-4.94161,37.73473],[-4.90386,37.76295],[-4.90329,37.76374],[-4.90646,37.7637],[-4.91008,37.77604],[-4.90788,37.77697],[-4.89965,37.77531],[-4.89269,37.77715],[-4.87814,37.77436],[-4.88104,37.7858],[-4.8804,37.79508],[-4.87513,37.80313],[-4.87786,37.80406],[-4.88407,37.79755],[-4.89775,37.79538],[-4.90317,37.79665],[-4.90641,37.79461],[-4.91412,37.79378],[-4.91936,37.79579],[-4.92712,37.78532],[-4.92699,37.78329],[-4.93356,37.78384],[-4.94002,37.78257],[-4.94516,37.77678],[-4.95756,37.77747],[-4.96524,37.78271],[-4.9759,37.78682],[-4.99152,37.78606],[-4.99201,37.7817],[-4.9878,37.77158],[-4.99166,37.7686],[-4.99395,37.75993],[-4.99663,37.75651],[-5.02517,37.73863],[-5.02764,37.74498],[-5.02896,37.75934],[-5.03272,37.75732]]]}},{"type":"Feature","properties":{"shapeISO":"","shapeID":"28895703B77847972008579","shapeGroup":"ESP","shapeType":"ADM3","name":"Hornachuelos"},"geometry":{"type":"Polygon","coordinates":[[[-5.2784,38.11863],[-5.28386,38.12057],[-5.286,38.12455],[-5.2932,38.13012],[-5.30098,38.12966],[-5.3034,38.1315],[-5.31836,38.12491],[-5.33475,38.13226],[-5.34133,38.13195],[-5.34718,38.12678],[-5.35676,38.12562],[-5.3815,38.13041],[-5.38542,38.13362],[-5.40801,38.13522],[-5.42157,38.14796],[-5.42949,38.15199],[-5.44672,38.14812],[-5.45131,38.14578],[-5.46944,38.14471],[-5.47796,38.14959],[-5.47878,38.15159],[-5.48466,38.15345],[-5.49085,38.15231],[-5.49698,38.15529],[-5.50027,38.15365],[-5.52571,38.16255],[-5.5389,38.16166],[-5.54137,38.16004],[-5.55068,38.16055],[-5.55299,38.15441],[-5.5601,38.14856],[-5.56194,38.15075],[-5.56732,38.14797],[-5.57304,38.15047],[-5.57586,38.14964],[-5.58564,38.14035],[-5.58479,38.13171],[-5.58098,38.128],[-5.58168,38.11547],[-5.55735,38.10796],[-5.55084,38.10123],[-5.53878,38.09381],[-5.53958,38.08215],[-5.53208,38.07591],[-5.52685,38.07514],[-5.52371,38.06593],[-5.5161,38.0621],[-5.51043,38.05321],[-5.49513,38.04184],[-5.48997,38.03356],[-5.48903,38.02894],[-5.49204,38.01355],[-5.49057,38.00917],[-5.49371,38.00012],[-5.49351,37.99623],[-5.49066,37.99304],[-5.48736,37.99361],[-5.48527,37.99035],[-5.48187,37.98979],[-5.47994,37.98764],[-5.47655,37.98322],[-5.47465,37.97572],[-5.47002,37.9745],[-5.46894,37.97072],[-5.45791,37.96903],[-5.45514,37.96669],[-5.45226,37.96718],[-5.44726,37.96145],[-5.43588,37.95824],[-5.43417,37.95515],[-5.42656,37.95023],[-5.42063,37.94883],[-5.41903,37.94546],[-5.41561,37.94367],[-5.41438,37.94112],[-5.4192,37.93556],[-5.41877,37.93171],[-5.42107,37.92925],[-5.42323,37.93072],[-5.42427,37.92725],[-5.41651,37.92836],[-5.4202,37.92546],[-5.41724,37.92119],[-5.42208,37.91843],[-5.41797,37.91655],[-5.41673,37.90705],[-5.41416,37.90617],[-5.41371,37.90144],[-5.41453,37.89801],[-5.4208,37.8933],[-5.42206,37.88888],[-5.41792,37.8875],[-5.41642,37.88521],[-5.41688,37.8813],[-5.41533,37.87905],[-5.41755,37.87753],[-5.41463,37.87692],[-5.41378,37.87522],[-5.41494,37.86983],[-5.41091,37.87135],[-5.40819,37.86863],[-5.40846,37.8661],[-5.40502,37.86236],[-5.39935,37.86341],[-5.38905,37.85836],[-5.38176,37.8516],[-5.37857,37.85253],[-5.36845,37.85013],[-5.35991,37.84416],[-5.3505,37.84337],[-5.34786,37.8402],[-5.34451,37.83987],[-5.34509,37.83626],[-5.33911,37.83198],[-5.34493,37.82786],[-5.34184,37.82301],[-5.34764,37.81228],[-5.34733,37.80526],[-5.35004,37.79471],[-5.3453,37.79241],[-5.34335,37.78945],[-5.33093,37.7857],[-5.32945,37.78192],[-5.32872,37.77792],[-5.31003,37.77423],[-5.30991,37.76672],[-5.31513,37.7649],[-5.31604,37.7598],[-5.31867,37.75824],[-5.31289,37.75288],[-5.30772,37.73689],[-5.29899,37.73796],[-5.28512,37.73632],[-5.2804,37.74073],[-5.27256,37.74433],[-5.27219,37.741],[-5.26803,37.7385],[-5.25993,37.72597],[-5.24291,37.72685],[-5.23556,37.72483],[-5.22853,37.72696],[-5.22033,37.73328],[-5.20576,37.7388],[-5.20262,37.73312],[-5.19085,37.72358],[-5.17685,37.71768],[-5.15696,37.70613],[-5.14617,37.70391],[-5.13801,37.70038],[-5.13433,37.69713],[-5.12971,37.69875],[-5.11484,37.70199],[-5.11282,37.70791],[-5.11446,37.70939],[-5.13066,37.71961],[-5.14284,37.72313],[-5.1441,37.72567],[-5.14289,37.74371],[-5.13332,37.75966],[-5.13326,37.76725],[-5.13699,37.76737],[-5.13666,37.77053],[-5.14053,37.77447],[-5.1444,37.77432],[-5.14824,37.77649],[-5.15141,37.77473],[-5.15489,37.77489],[-5.15905,37.77169],[-5.16534,37.77362],[-5.18457,37.78813],[-5.18849,37.79564],[-5.18851,37.79815],[-5.18529,37.80137],[-5.18998,37.80632],[-5.17733,37.81977],[-5.1769,37.82751],[-5.17135,37.83304],[-5.17329,37.83641],[-5.17161,37.84029],[-5.17372,37.86404],[-5.17957,37.8748],[-5.17782,37.88004],[-5.17338,37.89257],[-5.15579,37.90392],[-5.14315,37.90817],[-5.13802,37.9079],[-5.11353,37.92018],[-5.10429,37.92105],[-5.10995,37.93603],[-5.12237,37.94725],[-5.12796,37.94993],[-5.13014,37.95468],[-5.13952,37.96043],[-5.15117,37.96139],[-5.15194,37.9664],[-5.16534,37.96923],[-5.16885,37.97166],[-5.16834,37.97348],[-5.17266,37.97998],[-5.17729,37.98132],[-5.19975,37.97734],[-5.20841,37.9785],[-5.2327,37.97585],[-5.23505,37.97799],[-5.24121,37.9786],[-5.24325,37.98108],[-5.26221,37.98579],[-5.27101,37.99256],[-5.28796,37.99656],[-5.28781,38.00474],[-5.29007,38.00603],[-5.28912,38.00826],[-5.29683,38.01101],[-5.30185,38.00898],[-5.30576,38.00987],[-5.31068,38.01502],[-5.31545,38.02681],[-5.31396,38.03512],[-5.31831,38.04333],[-5.30976,38.06275],[-5.31191,38.0701],[-5.31811,38.07966],[-5.31452,38.08432],[-5.30674,38.08829],[-5.30325,38.09618],[-5.29466,38.10157],[-5.29263,38.10854],[-5.28532,38.11158],[-5.2784,38.11863]]]}},{"type":"Feature","properties":{"shapeISO":"","shapeID":"28895703B7400361651056","shapeGroup":"ESP","shapeType":"ADM3","name":"Palma del Río"},"geometry":{"type":"Polygon","coordinates":[[[-5.13433,37.69713],[-5.13801,37.70038],[-5.14617,37.70391],[-5.15696,37.70613],[-5.17685,37.71768],[-5.19085,37.72358],[-5.20262,37.73312],[-5.20576,37.7388],[-5.22033,37.73328],[-5.22853,37.72696],[-5.23556,37.72483],[-5.24291,37.72685],[-5.25993,37.72597],[-5.26803,37.7385],[-5.27219,37.741],[-5.27256,37.74433],[-5.2804,37.74073],[-5.28512,37.73632],[-5.29899,37.73796],[-5.30772,37.73689],[-5.30489,37.73095],[-5.30621,37.72631],[-5.30409,37.72178],[-5.3088,37.71573],[-5.30887,37.71166],[-5.31093,37.70912],[-5.30672,37.70352],[-5.30707,37.70016],[-5.30938,37.69806],[-5.31202,37.69844],[-5.3146,37.70159],[-5.319,37.70151],[-5.32289,37.6946],[-5.3271,37.69162],[-5.33275,37.69565],[-5.33686,37.70567],[-5.34346,37.70568],[-5.36277,37.69716],[-5.36816,37.6912],[-5.37038,37.68441],[-5.37513,37.67792],[-5.37873,37.67786],[-5.38415,37.68132],[-5.38364,37.69339],[-5.38825,37.6978],[-5.39412,37.69348],[-5.40107,37.69382],[-5.40549,37.69199],[-5.41191,37.68351],[-5.41419,37.67391],[-5.41152,37.66901],[-5.41301,37.66566],[-5.41101,37.66155],[-5.40632,37.65862],[-5.39953,37.66253],[-5.39722,37.6624],[-5.3936,37.65602],[-5.39663,37.65098],[-5.39954,37.64945],[-5.40555,37.64745],[-5.4136,37.6476],[-5.41439,37.64607],[-5.41302,37.6442],[-5.40987,37.6451],[-5.41132,37.64103],[-5.40696,37.64121],[-5.40877,37.63991],[-5.40794,37.63859],[-5.40166,37.6365],[-5.40116,37.63108],[-5.39812,37.62742],[-5.39177,37.62386],[-5.39186,37.62064],[-5.38934,37.61997],[-5.38439,37.61437],[-5.38203,37.61455],[-5.3812,37.61091],[-5.37227,37.60963],[-5.36853,37.60682],[-5.35993,37.60545],[-5.35703,37.59658],[-5.35815,37.58514],[-5.35399,37.58423],[-5.34757,37.58518],[-5.34377,37.58741],[-5.3435,37.59369],[-5.33665,37.59776],[-5.32292,37.61149],[-5.3233,37.61425],[-5.30633,37.62131],[-5.27379,37.62549],[-5.25364,37.63605],[-5.24648,37.64152],[-5.23536,37.65014],[-5.22511,37.65454],[-5.21194,37.66347],[-5.17677,37.68058],[-5.191,37.68781],[-5.17705,37.68198],[-5.13433,37.69713]]]}},{"type":"Feature","properties":{"shapeISO":"","shapeID":"28895703B35094491106714","shapeGroup":"ESP","shapeType":"ADM3","name":"Posadas"},"geometry":{"type":"Polygon","coordinates":[[[-5.10429,37.92105],[-5.11353,37.92018],[-5.13802,37.9079],[-5.14315,37.90817],[-5.15579,37.90392],[-5.17338,37.89257],[-5.17782,37.88004],[-5.17957,37.8748],[-5.17372,37.86404],[-5.17161,37.84029],[-5.17329,37.83641],[-5.17135,37.83304],[-5.1769,37.82751],[-5.17733,37.81977],[-5.18998,37.80632],[-5.18529,37.80137],[-5.18851,37.79815],[-5.18849,37.79564],[-5.18457,37.78813],[-5.16534,37.77362],[-5.15905,37.77169],[-5.15489,37.77489],[-5.15706,37.77657],[-5.15204,37.78136],[-5.14341,37.78322],[-5.14066,37.78179],[-5.13964,37.77666],[-5.13155,37.76796],[-5.11802,37.76714],[-5.11459,37.77029],[-5.10379,37.7598],[-5.09387,37.75599],[-5.08054,37.73837],[-5.0734,37.73567],[-5.06986,37.73666],[-5.06704,37.74812],[-5.07071,37.77151],[-5.07002,37.77906],[-5.07103,37.77853],[-5.07094,37.78289],[-5.06872,37.79625],[-5.07262,37.79672],[-5.07162,37.80269],[-5.06997,37.80974],[-5.06445,37.81385],[-5.06148,37.8245],[-5.0627,37.84102],[-5.06552,37.84672],[-5.06329,37.85254],[-5.06765,37.86239],[-5.06583,37.87327],[-5.06756,37.88684],[-5.06554,37.9059],[-5.06702,37.91254],[-5.07369,37.92034],[-5.08882,37.92241],[-5.10429,37.92105]]]}},{"type":"Feature","properties":{"shapeISO":"","shapeID":"28895703B63649899927727","shapeGroup":"ESP","shapeType":"ADM3","name":"Pozoblanco"},"geometry":{"type":"Polygon","coordinates":[[[-4.93285,38.18668],[-4.92719,38.17792],[-4.91435,38.16811],[-4.91281,38.16502],[-4.90815,38.1627],[-4.90565,38.15852],[-4.9033,38.15957],[-4.89522,38.15721],[-4.88203,38.14797],[-4.87785,38.12774],[-4.88221,38.12402],[-4.87009,38.12013],[-4.86061,38.11243],[-4.85173,38.11248],[-4.843,38.10996],[-4.84044,38.11109],[-4.83818,38.11444],[-4.83352,38.11505],[-4.83065,38.121],[-4.83502,38.12111],[-4.83728,38.12358],[-4.84208,38.12527],[-4.84188,38.12832],[-4.8456,38.12729],[-4.84632,38.12901],[-4.84305,38.13232],[-4.84304,38.13451],[-4.84683,38.13304],[-4.85117,38.1375],[-4.85488,38.13195],[-4.85859,38.13584],[-4.85491,38.13528],[-4.85404,38.14037],[-4.84634,38.14289],[-4.84443,38.14869],[-4.83,38.14732],[-4.82877,38.15258],[-4.8225,38.15358],[-4.81842,38.15801],[-4.81458,38.15889],[-4.79154,38.15849],[-4.77376,38.15564],[-4.77223,38.1537],[-4.76532,38.15528],[-4.76387,38.15033],[-4.75854,38.15049],[-4.75514,38.14871],[-4.75265,38.14185],[-4.74901,38.14164],[-4.74243,38.13566],[-4.73555,38.13787],[-4.73519,38.14461],[-4.73954,38.14953],[-4.73674,38.15018],[-4.73788,38.15781],[-4.7341,38.1663],[-4.73733,38.17074],[-4.74033,38.17073],[-4.7415,38.17276],[-4.7399,38.17412],[-4.74056,38.1793],[-4.73759,38.18207],[-4.73584,38.18125],[-4.73308,38.18262],[-4.73367,38.18408],[-4.73671,38.18468],[-4.73958,38.19433],[-4.73573,38.19517],[-4.7341,38.19878],[-4.73715,38.20344],[-4.73415,38.20454],[-4.73472,38.20653],[-4.72976,38.20655],[-4.72916,38.20852],[-4.7321,38.21031],[-4.73182,38.21387],[-4.72376,38.21609],[-4.72423,38.21825],[-4.72771,38.21922],[-4.7246,38.21965],[-4.72269,38.22429],[-4.72057,38.224],[-4.72216,38.22561],[-4.72048,38.22559],[-4.71919,38.22819],[-4.71809,38.23561],[-4.71329,38.23816],[-4.71468,38.24053],[-4.713,38.2436],[-4.71167,38.24269],[-4.70942,38.24372],[-4.71148,38.24487],[-4.71003,38.24757],[-4.70491,38.24757],[-4.70513,38.2494],[-4.70095,38.25168],[-4.69913,38.25574],[-4.70352,38.26348],[-4.70765,38.26434],[-4.71064,38.27138],[-4.70655,38.27563],[-4.71615,38.28723],[-4.71646,38.29695],[-4.7137,38.30209],[-4.71342,38.30694],[-4.71553,38.31496],[-4.71296,38.31982],[-4.71619,38.3294],[-4.71507,38.33523],[-4.72658,38.33809],[-4.74534,38.3513],[-4.74224,38.3526],[-4.73521,38.36092],[-4.72933,38.37093],[-4.72451,38.37492],[-4.7187,38.37712],[-4.71774,38.38286],[-4.71363,38.38223],[-4.71096,38.38472],[-4.72561,38.38672],[-4.73393,38.3908],[-4.73806,38.39048],[-4.74262,38.38786],[-4.76259,38.38174],[-4.77245,38.38244],[-4.77604,38.38432],[-4.77319,38.38739],[-4.77734,38.39099],[-4.77664,38.39632],[-4.78189,38.40051],[-4.78173,38.40734],[-4.78992,38.39839],[-4.79934,38.39519],[-4.80911,38.39405],[-4.81428,38.39032],[-4.81789,38.39323],[-4.8439,38.40403],[-4.85023,38.41021],[-4.86238,38.40807],[-4.86679,38.40725],[-4.85832,38.39344],[-4.86179,38.39248],[-4.86715,38.3952],[-4.87383,38.38829],[-4.8868,38.38526],[-4.88188,38.37485],[-4.87131,38.36824],[-4.86816,38.36169],[-4.86899,38.35712],[-4.86248,38.34572],[-4.83183,38.33004],[-4.83148,38.31893],[-4.82474,38.31128],[-4.82463,38.30616],[-4.80853,38.27754],[-4.80836,38.27378],[-4.8105,38.27039],[-4.80628,38.266],[-4.80458,38.2597],[-4.80629,38.25713],[-4.80386,38.2542],[-4.80959,38.24694],[-4.80573,38.24206],[-4.80492,38.23777],[-4.81179,38.22873],[-4.81362,38.22224],[-4.8177,38.22066],[-4.82024,38.21186],[-4.82235,38.21535],[-4.8279,38.21747],[-4.82259,38.22061],[-4.82175,38.22575],[-4.82768,38.22624],[-4.84007,38.2312],[-4.84165,38.23108],[-4.84209,38.22854],[-4.84521,38.22889],[-4.84591,38.23441],[-4.84192,38.23774],[-4.84676,38.24065],[-4.84639,38.24273],[-4.84481,38.24324],[-4.84435,38.24652],[-4.83841,38.24887],[-4.84174,38.2528],[-4.84793,38.24743],[-4.84969,38.24891],[-4.85218,38.24777],[-4.85364,38.251],[-4.85865,38.25468],[-4.86901,38.24804],[-4.87718,38.25145],[-4.87941,38.24986],[-4.87747,38.24751],[-4.87901,38.24539],[-4.87835,38.24357],[-4.88346,38.24131],[-4.87674,38.23829],[-4.87712,38.23692],[-4.88378,38.23637],[-4.88816,38.2335],[-4.88784,38.2293],[-4.89012,38.22683],[-4.8881,38.21712],[-4.89071,38.21583],[-4.88171,38.2065],[-4.88485,38.20211],[-4.88287,38.20134],[-4.88401,38.19645],[-4.88736,38.19468],[-4.88242,38.18994],[-4.88461,38.18784],[-4.88348,38.18559],[-4.88772,38.18123],[-4.89177,38.18142],[-4.89281,38.17872],[-4.89937,38.17658],[-4.9024,38.17953],[-4.90546,38.18006],[-4.90978,38.18489],[-4.91861,38.18257],[-4.922,38.18394],[-4.92382,38.18714],[-4.92748,38.18639],[-4.9297,38.18821],[-4.93285,38.18668]]]}},{"type":"Feature","properties":{"shapeISO":"","shapeID":"28895703B26132357410648","shapeGroup":"ESP","shapeType":"ADM3","name":"San Sebastián de los Ballesteros"},"geometry":{"type":"Polygon","coordinates":[[[-4.87519,37.68362],[-4.8698,37.67931],[-4.8626,37.6677],[-4.86353,37.66635],[-4.86343,37.66015],[-4.86242,37.66567],[-4.8555,37.66383],[-4.85454,37.66797],[-4.85059,37.6675],[-4.83889,37.66517],[-4.83628,37.66078],[-4.83872,37.65658],[-4.83606,37.65776],[-4.83013,37.65674],[-4.82874,37.65137],[-4.82337,37.64842],[-4.81833,37.64787],[-4.81791,37.65105],[-4.81062,37.65473],[-4.80617,37.65256],[-4.80444,37.64882],[-4.80362,37.64958],[-4.79915,37.65936],[-4.80023,37.66815],[-4.80472,37.67046],[-4.80231,37.67154],[-4.82218,37.67737],[-4.82236,37.67271],[-4.81976,37.67186],[-4.82394,37.67031],[-4.82395,37.67227],[-4.82676,37.67279],[-4.83016,37.67106],[-4.82837,37.66849],[-4.8319,37.66665],[-4.83657,37.66517],[-4.84406,37.66904],[-4.85907,37.67457],[-4.86097,37.6821],[-4.85667,37.68578],[-4.85991,37.68666],[-4.86433,37.68442],[-4.86729,37.69187],[-4.87506,37.68901],[-4.87929,37.68968],[-4.88165,37.68862],[-4.87519,37.68362]]]}},{"type":"Feature","properties":{"shapeISO":"","shapeID":"28895703B73476276454857","shapeGroup":"ESP","shapeType":"ADM3","name":"Santaella"},"geometry":{"type":"Polygon","coordinates":[[[-4.78171,37.4995],[-4.78091,37.50253],[-4.76756,37.51999],[-4.75756,37.52809],[-4.75587,37.53923],[-4.75312,37.54095],[-4.75015,37.55571],[-4.76103,37.56014],[-4.76617,37.55844],[-4.7699,37.56393],[-4.7763,37.56793],[-4.77545,37.56873],[-4.78234,37.57165],[-4.78012,37.57657],[-4.78213,37.58401],[-4.77954,37.59024],[-4.78417,37.59558],[-4.78507,37.60337],[-4.79297,37.60388],[-4.79084,37.60806],[-4.78887,37.60807],[-4.78931,37.60976],[-4.80028,37.61038],[-4.81419,37.60837],[-4.81716,37.61375],[-4.81595,37.61428],[-4.81679,37.61986],[-4.8146,37.62037],[-4.81931,37.62766],[-4.81906,37.63247],[-4.81564,37.63887],[-4.81999,37.64345],[-4.83101,37.64815],[-4.8394,37.65],[-4.8454,37.6485],[-4.85828,37.64858],[-4.86787,37.65232],[-4.87776,37.65408],[-4.88682,37.65821],[-4.88989,37.64907],[-4.90016,37.64676],[-4.90443,37.64184],[-4.92089,37.63269],[-4.92612,37.6308],[-4.92836,37.6362],[-4.93341,37.63953],[-4.93173,37.61659],[-4.9346,37.60857],[-4.93489,37.59984],[-4.93033,37.58983],[-4.93519,37.58675],[-4.93499,37.58302],[-4.93022,37.57585],[-4.93243,37.57294],[-4.93765,37.57184],[-4.93554,37.56828],[-4.93693,37.56711],[-4.9315,37.56304],[-4.93236,37.56102],[-4.93086,37.55955],[-4.9334,37.55615],[-4.93246,37.55364],[-4.93604,37.5506],[-4.93203,37.54591],[-4.9343,37.54099],[-4.94088,37.53654],[-4.94007,37.52769],[-4.94632,37.52237],[-4.94893,37.52195],[-4.94704,37.52054],[-4.93394,37.51985],[-4.93501,37.51201],[-4.93324,37.51103],[-4.9307,37.51356],[-4.92758,37.51245],[-4.93046,37.51038],[-4.93127,37.50601],[-4.92461,37.50038],[-4.91131,37.49922],[-4.9082,37.50199],[-4.90602,37.49984],[-4.90777,37.49497],[-4.91338,37.49524],[-4.91615,37.49268],[-4.91436,37.48754],[-4.9152,37.48416],[-4.91344,37.48349],[-4.91017,37.48893],[-4.90849,37.4881],[-4.90447,37.48949],[-4.90363,37.4873],[-4.91018,37.47978],[-4.90409,37.46741],[-4.89431,37.45947],[-4.88849,37.46084],[-4.88221,37.4528],[-4.87534,37.45045],[-4.87872,37.4464],[-4.88266,37.44525],[-4.88249,37.44008],[-4.88474,37.43798],[-4.85978,37.43785],[-4.85433,37.43939],[-4.84233,37.4369],[-4.8404,37.4356],[-4.84011,37.42761],[-4.83764,37.42324],[-4.83456,37.42551],[-4.83724,37.43324],[-4.83683,37.44116],[-4.83097,37.45122],[-4.80485,37.47755],[-4.79199,37.48265],[-4.78875,37.48223],[-4.78345,37.48467],[-4.78583,37.49252],[-4.78181,37.4962],[-4.78171,37.4995]]]}},{"type":"Feature","properties":{"shapeISO":"","shapeID":"28895703B64008801058124","shapeGroup":"ESP","shapeType":"ADM3","name":"La Victoria"},"geometry":{"type":"MultiPolygon","coordinates":[[[[-4.87929,37.68968],[-4.87506,37.68901],[-4.86729,37.69187],[-4.86433,37.68442],[-4.85991,37.68666],[-4.85667,37.68578],[-4.86097,37.6821],[-4.85907,37.67457],[-4.84406,37.66904],[-4.84136,37.67511],[-4.84362,37.67466],[-4.84563,37.67956],[-4.84286,37.68283],[-4.84389,37.68692],[-4.84717,37.68829],[-4.84526,37.68929],[-4.83947,37.68524],[-4.83641,37.68524],[-4.83656,37.69868],[-4.83381,37.70228],[-4.83637,37.70906],[-4.83387,37.72848],[-4.83871,37.73134],[-4.84949,37.73038],[-4.85324,37.73135],[-4.86323,37.7158],[-4.86579,37.71196],[-4.86551,37.7071],[-4.88003,37.69924],[-4.8794,37.69394],[-4.88229,37.69052],[-4.87929,37.68968]]],[[[-4.85059,37.6675],[-4.85454,37.66797],[-4.8555,37.66383],[-4.86242,37.66567],[-4.86343,37.66015],[-4.86388,37.65634],[-4.86055,37.65193],[-4.85742,37.65384],[-4.8537,37.65224],[-4.8515,37.65654],[-4.84989,37.65577],[-4.84499,37.65802],[-4.85245,37.65726],[-4.85543,37.66299],[-4.85038,37.66413],[-4.85059,37.6675]]],[[[-4.88235,37.66764],[-4.87713,37.66426],[-4.87437,37.66945],[-4.87054,37.66772],[-4.86835,37.66888],[-4.86353,37.66635],[-4.8626,37.6677],[-4.8698,37.67931],[-4.87519,37.68362],[-4.88235,37.66764]]]]}},{"type":"Feature","properties":{"shapeISO":"","shapeID":"28895703B61368707759105","shapeGroup":"ESP","shapeType":"ADM3","name":"Villaharta"},"geometry":{"type":"Polygon","coordinates":[[[-4.88968,38.11557],[-4.88257,38.12084],[-4.88221,38.12402],[-4.87785,38.12774],[-4.88203,38.14797],[-4.89522,38.15721],[-4.9033,38.15957],[-4.90565,38.15852],[-4.90673,38.15191],[-4.90909,38.15023],[-4.913,38.14866],[-4.92243,38.14831],[-4.9289,38.13613],[-4.92549,38.13324],[-4.91373,38.12874],[-4.89791,38.12594],[-4.88968,38.11557]]]}},{"type":"Feature","properties":{"shapeISO":"","shapeID":"28895703B81707597598344","shapeGroup":"ESP","shapeType":"ADM3","name":"Villanueva del Rey"},"geometry":{"type":"Polygon","coordinates":[[[-5.2676,38.18754],[-5.27476,38.1523],[-5.2705,38.13511],[-5.27669,38.13004],[-5.27538,38.12316],[-5.2784,38.11863],[-5.26996,38.10887],[-5.27282,38.10367],[-5.26557,38.10136],[-5.26493,38.09999],[-5.25767,38.09861],[-5.25248,38.09119],[-5.25406,38.08721],[-5.2514,38.08713],[-5.2495,38.08417],[-5.2516,38.08044],[-5.24632,38.07917],[-5.24566,38.07171],[-5.24978,38.07129],[-5.24819,38.06854],[-5.25508,38.06376],[-5.24975,38.06125],[-5.25165,38.05905],[-5.24933,38.05876],[-5.24804,38.05494],[-5.24548,38.05655],[-5.24422,38.05524],[-5.24517,38.05287],[-5.24891,38.05357],[-5.24631,38.04669],[-5.22575,38.05505],[-5.21659,38.05552],[-5.18925,38.0452],[-5.19036,38.04866],[-5.18189,38.04981],[-5.18121,38.05344],[-5.1776,38.04997],[-5.17804,38.05408],[-5.17464,38.05567],[-5.17004,38.05482],[-5.17346,38.05868],[-5.16886,38.05916],[-5.16909,38.06216],[-5.16639,38.06191],[-5.1645,38.05924],[-5.16135,38.05911],[-5.16276,38.06207],[-5.15907,38.07191],[-5.15335,38.07595],[-5.15242,38.0801],[-5.14297,38.08839],[-5.14577,38.09317],[-5.14214,38.09621],[-5.14264,38.10445],[-5.13821,38.10847],[-5.13808,38.11565],[-5.13456,38.11937],[-5.13162,38.12797],[-5.12459,38.1317],[-5.12211,38.13577],[-5.12196,38.14488],[-5.11844,38.15213],[-5.11951,38.15384],[-5.11106,38.16789],[-5.11095,38.17518],[-5.10491,38.19717],[-5.09371,38.21437],[-5.09699,38.22322],[-5.09676,38.22987],[-5.10375,38.24246],[-5.12278,38.23651],[-5.12453,38.23412],[-5.13548,38.22868],[-5.18022,38.21817],[-5.19905,38.20855],[-5.21949,38.20406],[-5.23199,38.19744],[-5.23837,38.19163],[-5.25247,38.18595],[-5.2676,38.18754]]]}},{"type":"Feature","properties":{"shapeISO":"","shapeID":"28895703B59259369387427","shapeGroup":"ESP","shapeType":"ADM3","name":"Villaviciosa de Córdoba"},"geometry":{"type":"Polygon","coordinates":[[[-4.9986,37.90983],[-4.99609,37.91815],[-4.99028,37.9223],[-4.99042,37.92757],[-4.98698,37.93274],[-4.98675,37.93685],[-4.97835,37.94631],[-4.97179,37.9463],[-4.96435,37.95019],[-4.9576,37.95728],[-4.95253,37.95713],[-4.94338,37.95954],[-4.92485,37.96792],[-4.91508,37.96658],[-4.89985,37.96704],[-4.88535,37.97016],[-4.85157,37.9885],[-4.8471,37.9865],[-4.83809,37.98935],[-4.83387,37.98882],[-4.83095,37.98625],[-4.82205,37.98568],[-4.81522,37.98917],[-4.81775,38.00103],[-4.80978,38.00454],[-4.8035,38.00238],[-4.80164,38.00447],[-4.79855,38.00458],[-4.8008,38.00602],[-4.79844,38.00801],[-4.80264,38.01115],[-4.79958,38.01145],[-4.79879,38.01373],[-4.79831,38.01956],[-4.80057,38.02124],[-4.79448,38.02237],[-4.79449,38.02707],[-4.79217,38.02814],[-4.81598,38.05619],[-4.84189,38.07344],[-4.85156,38.0771],[-4.86238,38.07909],[-4.8713,38.07622],[-4.88635,38.08212],[-4.89137,38.0829],[-4.90061,38.08048],[-4.90068,38.08148],[-4.91909,38.08469],[-4.92381,38.0871],[-4.92876,38.08551],[-4.93559,38.08927],[-4.94045,38.08713],[-4.98136,38.08708],[-4.98598,38.08943],[-4.99939,38.08959],[-5.00452,38.09379],[-5.01787,38.09926],[-5.02119,38.09748],[-5.0276,38.09995],[-5.03245,38.0975],[-5.03803,38.09899],[-5.04124,38.09675],[-5.04224,38.09183],[-5.04613,38.08708],[-5.05807,38.08166],[-5.0864,38.07955],[-5.10243,38.08069],[-5.10911,38.07795],[-5.10901,38.07338],[-5.12026,38.07367],[-5.12663,38.07213],[-5.12956,38.06566],[-5.13594,38.064],[-5.13483,38.061],[-5.13768,38.05775],[-5.13639,38.05562],[-5.13839,38.05143],[-5.137,38.04915],[-5.14072,38.04303],[-5.14456,38.04036],[-5.15022,38.04179],[-5.15007,38.04361],[-5.15273,38.04302],[-5.15537,38.04021],[-5.15206,38.03664],[-5.15804,38.03466],[-5.15781,38.03107],[-5.1599,38.03055],[-5.1602,38.02855],[-5.16807,38.03119],[-5.16975,38.03351],[-5.17732,38.02775],[-5.1761,38.026],[-5.17985,38.02583],[-5.18303,38.0288],[-5.18766,38.02758],[-5.18765,38.02495],[-5.19351,38.02364],[-5.20069,38.02692],[-5.20502,38.025],[-5.20071,38.02077],[-5.20421,38.02187],[-5.20819,38.02099],[-5.21043,38.02277],[-5.2151,38.02135],[-5.21571,38.01866],[-5.22089,38.01737],[-5.2238,38.01136],[-5.2223,38.00672],[-5.2256,38.00607],[-5.22439,38.00397],[-5.22943,37.99971],[-5.23087,37.99472],[-5.2339,37.99491],[-5.2336,37.99752],[-5.23759,37.99714],[-5.23756,37.99531],[-5.23425,37.9933],[-5.23405,37.98835],[-5.23588,37.98497],[-5.23259,37.98105],[-5.2327,37.97585],[-5.20841,37.9785],[-5.19975,37.97734],[-5.17729,37.98132],[-5.17266,37.97998],[-5.16834,37.97348],[-5.16885,37.97166],[-5.16534,37.96923],[-5.15194,37.9664],[-5.15117,37.96139],[-5.13952,37.96043],[-5.13014,37.95468],[-5.12796,37.94993],[-5.12237,37.94725],[-5.10995,37.93603],[-5.10429,37.92105],[-5.08817,37.93276],[-5.07861,37.93026],[-5.05865,37.92874],[-5.05364,37.92717],[-5.0331,37.92581],[-5.02487,37.92712],[-5.00685,37.91349],[-4.9986,37.90983]]]}},{"type":"Feature","properties":{"shapeISO":"","shapeID":"28895703B78771816511477","shapeGroup":"ESP","shapeType":"ADM3","name":"Almonte"},"geometry":{"type":"Polygon","coordinates":[[[-6.33101,36.8988],[-6.33466,36.90324],[-6.34562,36.90752],[-6.35685,36.91904],[-6.36987,36.92585],[-6.37889,36.93471],[-6.38309,36.94176],[-6.39252,36.9499],[-6.39973,36.96],[-6.41031,36.96991],[-6.42151,36.98555],[-6.43203,37.01053],[-6.43075,37.02673],[-6.4229,37.04115],[-6.42986,37.05425],[-6.4315,37.06093],[-6.43621,37.06716],[-6.4353,37.07386],[-6.44023,37.07996],[-6.43959,37.08274],[-6.43395,37.08666],[-6.43277,37.09461],[-6.43397,37.10061],[-6.43769,37.10427],[-6.4481,37.10327],[-6.45281,37.10754],[-6.45953,37.1104],[-6.46526,37.1174],[-6.45974,37.12461],[-6.46331,37.13323],[-6.4581,37.1437],[-6.46167,37.16004],[-6.45938,37.1661],[-6.46224,37.17121],[-6.45629,37.1792],[-6.45756,37.18435],[-6.45983,37.18613],[-6.45853,37.18925],[-6.46034,37.19853],[-6.44816,37.21371],[-6.43713,37.21798],[-6.43225,37.22248],[-6.42707,37.24446],[-6.42125,37.25563],[-6.42206,37.25997],[-6.41873,37.26255],[-6.42352,37.27618],[-6.42821,37.27844],[-6.43102,37.2833],[-6.43582,37.28708],[-6.44819,37.2923],[-6.46022,37.30567],[-6.46597,37.31388],[-6.46729,37.32528],[-6.47206,37.33057],[-6.4948,37.31769],[-6.50428,37.3092],[-6.51715,37.3025],[-6.52102,37.30161],[-6.52444,37.30465],[-6.53261,37.30157],[-6.53586,37.29504],[-6.53534,37.29061],[-6.53771,37.28811],[-6.54886,37.28758],[-6.55936,37.29103],[-6.56598,37.28435],[-6.57363,37.28145],[-6.61297,37.25269],[-6.62268,37.2495],[-6.63943,37.24053],[-6.66808,37.23375],[-6.68441,37.22056],[-6.72391,37.19678],[-6.73232,37.18988],[-6.73355,37.18129],[-6.73718,37.1752],[-6.73845,37.15888],[-6.73651,37.13841],[-6.72508,37.1124],[-6.7228,37.10136],[-6.72953,37.09033],[-6.72977,37.08992],[-6.59059,37.01932],[-6.51274,36.97053],[-6.46516,36.92686],[-6.44927,36.90779],[-6.43594,36.88562],[-6.3972,36.80728],[-6.38793,36.80063],[-6.37126,36.79506],[-6.36372,36.79681],[-6.35269,36.79639],[-6.3455,36.79872],[-6.34238,36.80527],[-6.34407,36.81419],[-6.35181,36.82527],[-6.3529,36.82924],[-6.3529,36.85738],[-6.34529,36.88913],[-6.33983,36.89524],[-6.33101,36.8988]]]}},{"type":"Feature","properties":{"shapeISO":"","shapeID":"28895703B20474898158686","shapeGroup":"ESP","shapeType":"ADM3","name":"Arroyomolinos de León"},"geometry":{"type":"Polygon","coordinates":[[[-6.47866,38.0081],[-6.46946,37.99893],[-6.48092,37.99011],[-6.47412,37.98856],[-6.4713,37.98981],[-6.46694,37.9842],[-6.46192,37.98394],[-6.45682,37.9784],[-6.4516,37.97769],[-6.44705,37.97161],[-6.44484,37.97239],[-6.44565,37.96085],[-6.44482,37.95763],[-6.44223,37.9564],[-6.43591,37.95472],[-6.42951,37.95082],[-6.41443,37.94749],[-6.41078,37.94419],[-6.41141,37.94632],[-6.40871,37.94756],[-6.40619,37.95597],[-6.40167,37.95798],[-6.3983,37.96284],[-6.39273,37.96612],[-6.38455,37.96601],[-6.38234,37.97214],[-6.37811,37.97218],[-6.37512,37.9799],[-6.37214,37.98249],[-6.37504,37.98343],[-6.37458,37.98515],[-6.38115,37.99082],[-6.37482,37.99847],[-6.37691,38.00395],[-6.36521,38.01191],[-6.36252,38.01587],[-6.3591,38.01666],[-6.35817,38.02822],[-6.36148,38.03723],[-6.36172,38.04058],[-6.36721,38.0461],[-6.36725,38.04892],[-6.373,38.0497],[-6.38846,38.04814],[-6.4023,38.05253],[-6.4139,38.05856],[-6.4362,38.0575],[-6.44325,38.05917],[-6.45244,38.05596],[-6.4437,38.04759],[-6.44432,38.04612],[-6.44761,38.04365],[-6.45235,38.04288],[-6.46093,38.03569],[-6.46586,38.03532],[-6.46578,38.03223],[-6.46962,38.03112],[-6.47386,38.02443],[-6.47218,38.01579],[-6.46473,38.01377],[-6.46545,38.01101],[-6.46928,38.01209],[-6.47056,38.00998],[-6.47866,38.0081]]]}},{"type":"Feature","properties":{"shapeISO":"","shapeID":"28895703B95246983278008","shapeGroup":"ESP","shapeType":"ADM3","name":"Cala"},"geometry":{"type":"Polygon","coordinates":[[[-6.41078,37.94419],[-6.39973,37.93952],[-6.36979,37.91821],[-6.35433,37.92381],[-6.34445,37.92333],[-6.31851,37.92956],[-6.30718,37.92941],[-6.29361,37.93169],[-6.28651,37.93573],[-6.27404,37.9355],[-6.25737,37.93816],[-6.25481,37.94496],[-6.25146,37.9473],[-6.24818,37.95439],[-6.24466,37.95655],[-6.23324,37.95794],[-6.23969,37.95906],[-6.24517,37.96224],[-6.24701,37.96712],[-6.25195,37.97138],[-6.25719,37.97127],[-6.26511,37.97358],[-6.28011,37.97353],[-6.29045,37.97698],[-6.30337,37.97824],[-6.30913,37.98518],[-6.31995,37.99027],[-6.32174,37.99343],[-6.32929,37.99827],[-6.33999,37.99965],[-6.34704,38.00282],[-6.35491,38.00985],[-6.35657,38.01474],[-6.3591,38.01666],[-6.36252,38.01587],[-6.36521,38.01191],[-6.37691,38.00395],[-6.37482,37.99847],[-6.38115,37.99082],[-6.37458,37.98515],[-6.37504,37.98343],[-6.37214,37.98249],[-6.37512,37.9799],[-6.37811,37.97218],[-6.38234,37.97214],[-6.38455,37.96601],[-6.39273,37.96612],[-6.3983,37.96284],[-6.40167,37.95798],[-6.40619,37.95597],[-6.40871,37.94756],[-6.41141,37.94632],[-6.41078,37.94419]]]}},{"type":"Feature","properties":{"shapeISO":"","shapeID":"28895703B12777291999904","shapeGroup":"ESP","shapeType":"ADM3","name":"Cañaveral de León"},"geometry":{"type":"Polygon","coordinates":[[[-6.47866,38.0081],[-6.48001,38.00955],[-6.48436,38.00802],[-6.49174,38.00947],[-6.49175,38.01211],[-6.4956,38.01515],[-6.49283,38.01621],[-6.49504,38.01913],[-6.52482,38.02151],[-6.54569,38.02812],[-6.55342,38.02657],[-6.56524,38.02699],[-6.57152,38.02414],[-6.56965,38.02271],[-6.55901,38.02183],[-6.5466,38.01429],[-6.54181,38.00467],[-6.53415,37.99699],[-6.52845,37.9875],[-6.50024,37.97209],[-6.47988,37.96395],[-6.46712,37.96121],[-6.4642,37.96199],[-6.45799,37.95947],[-6.45452,37.95603],[-6.44701,37.95736],[-6.44223,37.9564],[-6.44482,37.95763],[-6.44565,37.96085],[-6.44484,37.97239],[-6.44705,37.97161],[-6.4516,37.97769],[-6.45682,37.9784],[-6.46192,37.98394],[-6.46694,37.9842],[-6.4713,37.98981],[-6.47412,37.98856],[-6.48092,37.99011],[-6.46946,37.99893],[-6.47866,38.0081]]]}},{"type":"Feature","properties":{"shapeISO":"","shapeID":"28895703B98780388267990","shapeGroup":"ESP","shapeType":"ADM3","name":"Corteconcepción"},"geometry":{"type":"Polygon","coordinates":[[[-6.49701,37.88461],[-6.484,37.89654],[-6.48738,37.89872],[-6.48577,37.90331],[-6.47262,37.91033],[-6.47059,37.91289],[-6.4708,37.9152],[-6.47522,37.91586],[-6.47831,37.91964],[-6.47544,37.92473],[-6.47334,37.92483],[-6.4706,37.92861],[-6.46392,37.92528],[-6.4612,37.91769],[-6.45863,37.91847],[-6.45567,37.92374],[-6.44573,37.92926],[-6.44826,37.934],[-6.44585,37.93775],[-6.44554,37.94303],[-6.44716,37.94523],[-6.44426,37.94801],[-6.44153,37.94788],[-6.44362,37.95108],[-6.44081,37.95389],[-6.4442,37.9559],[-6.44223,37.9564],[-6.44701,37.95736],[-6.45452,37.95603],[-6.45799,37.95947],[-6.4642,37.96199],[-6.46712,37.96121],[-6.47988,37.96395],[-6.50024,37.97209],[-6.50441,37.97309],[-6.50761,37.97223],[-6.51702,37.97638],[-6.52067,37.96398],[-6.52561,37.96307],[-6.52895,37.95954],[-6.52673,37.95588],[-6.52223,37.95455],[-6.52485,37.95224],[-6.52253,37.94889],[-6.52503,37.94852],[-6.52862,37.94076],[-6.53174,37.94202],[-6.53323,37.93965],[-6.53478,37.93973],[-6.53739,37.93454],[-6.51845,37.9232],[-6.52505,37.91717],[-6.53133,37.90754],[-6.53452,37.90688],[-6.52971,37.89999],[-6.5185,37.89217],[-6.50802,37.88871],[-6.50688,37.88704],[-6.49701,37.88461]]]}},{"type":"Feature","properties":{"shapeISO":"","shapeID":"28895703B99652482084977","shapeGroup":"ESP","shapeType":"ADM3","name":"Chucena"},"geometry":{"type":"Polygon","coordinates":[[[-6.44143,37.33282],[-6.44038,37.33099],[-6.4337,37.32896],[-6.4318,37.32649],[-6.42658,37.32485],[-6.42,37.31987],[-6.40812,37.33351],[-6.39277,37.34263],[-6.38457,37.33749],[-6.37822,37.34608],[-6.37395,37.34873],[-6.36843,37.34949],[-6.36194,37.35575],[-6.3491,37.36246],[-6.34604,37.36573],[-6.34944,37.36809],[-6.35089,37.36979],[-6.35254,37.36878],[-6.35556,37.37078],[-6.35594,37.37375],[-6.36196,37.37574],[-6.36382,37.37665],[-6.36392,37.37968],[-6.3663,37.37877],[-6.36764,37.38034],[-6.37417,37.37964],[-6.37955,37.38329],[-6.39256,37.38653],[-6.40053,37.37212],[-6.40939,37.36462],[-6.41411,37.35821],[-6.41663,37.35704],[-6.42006,37.35837],[-6.44143,37.33282]]]}},{"type":"Feature","properties":{"shapeISO":"","shapeID":"28895703B13070825051137","shapeGroup":"ESP","shapeType":"ADM3","name":"Escacena del Campo"},"geometry":{"type":"Polygon","coordinates":[[[-6.45394,37.52323],[-6.45284,37.51955],[-6.44929,37.518],[-6.44909,37.51585],[-6.44771,37.51628],[-6.44797,37.5145],[-6.43853,37.50964],[-6.43345,37.50013],[-6.42468,37.49308],[-6.41275,37.49998],[-6.40646,37.49991],[-6.40535,37.49862],[-6.39645,37.501],[-6.38452,37.49411],[-6.3807,37.4782],[-6.37362,37.46797],[-6.37049,37.45688],[-6.36648,37.44997],[-6.35944,37.44258],[-6.36167,37.44081],[-6.36714,37.44067],[-6.3845,37.42877],[-6.39586,37.41871],[-6.40632,37.41467],[-6.41428,37.3995],[-6.41154,37.39532],[-6.40115,37.38891],[-6.39256,37.38653],[-6.37955,37.38329],[-6.37417,37.37964],[-6.36764,37.38034],[-6.3663,37.37877],[-6.36392,37.37968],[-6.36382,37.37665],[-6.36196,37.37574],[-6.35585,37.3864],[-6.35452,37.3945],[-6.35434,37.39713],[-6.36209,37.40147],[-6.35645,37.41205],[-6.33073,37.41543],[-6.32793,37.41701],[-6.32699,37.41616],[-6.32506,37.419],[-6.32133,37.42048],[-6.32043,37.41927],[-6.31263,37.41872],[-6.31191,37.42235],[-6.30561,37.42582],[-6.30663,37.43507],[-6.31161,37.44218],[-6.31193,37.44566],[-6.31864,37.45094],[-6.32125,37.45137],[-6.32228,37.45412],[-6.325,37.4554],[-6.32491,37.45752],[-6.33277,37.4649],[-6.33257,37.47026],[-6.33928,37.48267],[-6.33835,37.48534],[-6.34665,37.49342],[-6.35618,37.49617],[-6.3556,37.49996],[-6.35668,37.50085],[-6.35809,37.4999],[-6.36048,37.50441],[-6.35808,37.50471],[-6.36216,37.51354],[-6.36724,37.51828],[-6.36978,37.52964],[-6.3673,37.53137],[-6.36648,37.53576],[-6.37534,37.5464],[-6.38429,37.55105],[-6.38908,37.55145],[-6.3924,37.55405],[-6.40243,37.57994],[-6.4002,37.58398],[-6.39762,37.58433],[-6.39527,37.58284],[-6.39553,37.58511],[-6.39338,37.58566],[-6.39325,37.58811],[-6.39958,37.59141],[-6.3982,37.59401],[-6.40021,37.59468],[-6.39828,37.59548],[-6.39921,37.59833],[-6.40209,37.5989],[-6.40043,37.60103],[-6.39726,37.60022],[-6.3978,37.60144],[-6.39426,37.60413],[-6.39588,37.60767],[-6.39512,37.61101],[-6.3975,37.6105],[-6.39933,37.61273],[-6.40931,37.61439],[-6.41376,37.61965],[-6.41737,37.61928],[-6.42406,37.62185],[-6.42782,37.62123],[-6.4346,37.60326],[-6.44986,37.58955],[-6.4486,37.58922],[-6.44961,37.58552],[-6.45469,37.58421],[-6.45878,37.57033],[-6.45953,37.54866],[-6.45758,37.54242],[-6.45341,37.5382],[-6.45548,37.53318],[-6.45255,37.52913],[-6.45394,37.52323]]]}},{"type":"Feature","properties":{"shapeISO":"","shapeID":"28895703B27083681553560","shapeGroup":"ESP","shapeType":"ADM3","name":"Higuera de la Sierra"},"geometry":{"type":"Polygon","coordinates":[[[-6.47536,37.82038],[-6.46272,37.81312],[-6.46356,37.81184],[-6.45514,37.81093],[-6.44477,37.81411],[-6.43808,37.81157],[-6.43458,37.81276],[-6.43107,37.81165],[-6.42904,37.81399],[-6.42703,37.81401],[-6.42503,37.81117],[-6.42248,37.81061],[-6.40894,37.81235],[-6.41069,37.81486],[-6.40885,37.82175],[-6.40979,37.82386],[-6.41966,37.82958],[-6.42041,37.83737],[-6.41694,37.84669],[-6.41844,37.85353],[-6.42897,37.85488],[-6.43273,37.8575],[-6.44111,37.85535],[-6.45012,37.85668],[-6.45705,37.85893],[-6.46609,37.85225],[-6.47369,37.85111],[-6.47694,37.84876],[-6.47387,37.83343],[-6.47536,37.82038]]]}},{"type":"Feature","properties":{"shapeISO":"","shapeID":"28895703B57450265809875","shapeGroup":"ESP","shapeType":"ADM3","name":"Hinojos"},"geometry":{"type":"Polygon","coordinates":[[[-6.37889,36.93471],[-6.37317,36.93659],[-6.36381,36.9458],[-6.35972,36.95972],[-6.36118,36.9719],[-6.35394,36.98849],[-6.35925,37.00618],[-6.3787,37.04442],[-6.38045,37.05852],[-6.38593,37.07198],[-6.38592,37.08208],[-6.37663,37.09759],[-6.3684,37.10426],[-6.35631,37.11064],[-6.36009,37.11729],[-6.35364,37.11819],[-6.34997,37.12104],[-6.34329,37.12114],[-6.34318,37.12801],[-6.34583,37.12866],[-6.34866,37.13237],[-6.35553,37.13451],[-6.35967,37.13843],[-6.35899,37.14113],[-6.3529,37.14736],[-6.35294,37.15037],[-6.34811,37.15308],[-6.33612,37.16962],[-6.34675,37.17643],[-6.35056,37.18056],[-6.35321,37.19672],[-6.35203,37.19795],[-6.35338,37.19894],[-6.34984,37.20305],[-6.35085,37.20741],[-6.34795,37.2093],[-6.34524,37.21828],[-6.35985,37.2381],[-6.35549,37.24185],[-6.35124,37.24961],[-6.35433,37.2555],[-6.34973,37.26517],[-6.33708,37.27474],[-6.34167,37.27797],[-6.34282,37.28115],[-6.3403,37.28271],[-6.33845,37.2882],[-6.3365,37.28945],[-6.333,37.2991],[-6.34399,37.31313],[-6.37146,37.32746],[-6.37372,37.33044],[-6.37658,37.33061],[-6.38457,37.33749],[-6.39277,37.34263],[-6.40812,37.33351],[-6.42,37.31987],[-6.42658,37.32485],[-6.4318,37.32649],[-6.4337,37.32896],[-6.44038,37.33099],[-6.44143,37.33282],[-6.44602,37.33499],[-6.45042,37.33994],[-6.45703,37.34251],[-6.4532,37.35766],[-6.44738,37.36326],[-6.46941,37.37191],[-6.48254,37.35439],[-6.4874,37.35018],[-6.48702,37.34643],[-6.4685,37.33583],[-6.47206,37.33057],[-6.46729,37.32528],[-6.46597,37.31388],[-6.46022,37.30567],[-6.44819,37.2923],[-6.43582,37.28708],[-6.43102,37.2833],[-6.42821,37.27844],[-6.42352,37.27618],[-6.41873,37.26255],[-6.42206,37.25997],[-6.42125,37.25563],[-6.42707,37.24446],[-6.43225,37.22248],[-6.43713,37.21798],[-6.44816,37.21371],[-6.46034,37.19853],[-6.45853,37.18925],[-6.45983,37.18613],[-6.45756,37.18435],[-6.45629,37.1792],[-6.46224,37.17121],[-6.45938,37.1661],[-6.46167,37.16004],[-6.4581,37.1437],[-6.46331,37.13323],[-6.45974,37.12461],[-6.46526,37.1174],[-6.45953,37.1104],[-6.45281,37.10754],[-6.4481,37.10327],[-6.43769,37.10427],[-6.43397,37.10061],[-6.43277,37.09461],[-6.43395,37.08666],[-6.43959,37.08274],[-6.44023,37.07996],[-6.4353,37.07386],[-6.43621,37.06716],[-6.4315,37.06093],[-6.42986,37.05425],[-6.4229,37.04115],[-6.43075,37.02673],[-6.43203,37.01053],[-6.42151,36.98555],[-6.41031,36.96991],[-6.39973,36.96],[-6.39252,36.9499],[-6.38309,36.94176],[-6.37889,36.93471]]]}},{"type":"Feature","properties":{"shapeISO":"","shapeID":"28895703B43541356368907","shapeGroup":"ESP","shapeType":"ADM3","name":"Manzanilla"},"geometry":{"type":"Polygon","coordinates":[[[-6.39256,37.38653],[-6.40115,37.38891],[-6.41154,37.39532],[-6.41428,37.3995],[-6.416,37.40136],[-6.41939,37.40161],[-6.42901,37.40624],[-6.44257,37.40776],[-6.44701,37.41015],[-6.44536,37.41985],[-6.4497,37.42066],[-6.45638,37.44666],[-6.46164,37.4454],[-6.46566,37.44683],[-6.47231,37.45727],[-6.49266,37.46193],[-6.49771,37.46215],[-6.50532,37.45966],[-6.48491,37.42913],[-6.46515,37.41649],[-6.45275,37.40348],[-6.45853,37.39382],[-6.47196,37.37971],[-6.47278,37.37363],[-6.46941,37.37191],[-6.44738,37.36326],[-6.44112,37.36844],[-6.42006,37.35837],[-6.41663,37.35704],[-6.41411,37.35821],[-6.40939,37.36462],[-6.40053,37.37212],[-6.39256,37.38653]]]}},{"type":"Feature","properties":{"shapeISO":"","shapeID":"28895703B84122178687345","shapeGroup":"ESP","shapeType":"ADM3","name":"Paterna del Campo"},"geometry":{"type":"Polygon","coordinates":[[[-6.5815,37.53511],[-6.58053,37.52685],[-6.58897,37.5255],[-6.58697,37.52148],[-6.57505,37.51201],[-6.57146,37.51553],[-6.56779,37.51249],[-6.56966,37.50672],[-6.57434,37.50936],[-6.57459,37.49559],[-6.5784,37.49301],[-6.57622,37.49066],[-6.57162,37.49134],[-6.56991,37.48943],[-6.57003,37.47889],[-6.57207,37.47526],[-6.57108,37.47271],[-6.57418,37.46952],[-6.57146,37.46747],[-6.57644,37.45607],[-6.57499,37.45454],[-6.56201,37.45789],[-6.54406,37.46009],[-6.52842,37.46666],[-6.5105,37.4671],[-6.50617,37.46587],[-6.50532,37.45966],[-6.49771,37.46215],[-6.49266,37.46193],[-6.47231,37.45727],[-6.46566,37.44683],[-6.46164,37.4454],[-6.45638,37.44666],[-6.4497,37.42066],[-6.44536,37.41985],[-6.44701,37.41015],[-6.44257,37.40776],[-6.42901,37.40624],[-6.41939,37.40161],[-6.416,37.40136],[-6.41428,37.3995],[-6.40632,37.41467],[-6.39586,37.41871],[-6.3845,37.42877],[-6.36714,37.44067],[-6.36167,37.44081],[-6.35944,37.44258],[-6.36648,37.44997],[-6.37049,37.45688],[-6.37362,37.46797],[-6.3807,37.4782],[-6.38452,37.49411],[-6.39645,37.501],[-6.40535,37.49862],[-6.40646,37.49991],[-6.41275,37.49998],[-6.42468,37.49308],[-6.43345,37.50013],[-6.43853,37.50964],[-6.44797,37.5145],[-6.44771,37.51628],[-6.44909,37.51585],[-6.44929,37.518],[-6.45284,37.51955],[-6.45394,37.52323],[-6.45657,37.51602],[-6.46277,37.51571],[-6.46932,37.51047],[-6.49491,37.50336],[-6.51324,37.50304],[-6.52444,37.50559],[-6.52396,37.51554],[-6.5311,37.51809],[-6.54012,37.5184],[-6.57221,37.52887],[-6.57597,37.53352],[-6.5815,37.53511]]]}},{"type":"Feature","properties":{"shapeISO":"","shapeID":"28895703B60188138205282","shapeGroup":"ESP","shapeType":"ADM3","name":"Puerto Moral"},"geometry":{"type":"Polygon","coordinates":[[[-6.45234,37.86617],[-6.45008,37.8744],[-6.44302,37.87863],[-6.44406,37.88101],[-6.43809,37.89104],[-6.43704,37.89912],[-6.44134,37.90011],[-6.44487,37.903],[-6.45228,37.90174],[-6.45163,37.91134],[-6.46055,37.91471],[-6.4612,37.91769],[-6.46392,37.92528],[-6.4706,37.92861],[-6.47334,37.92483],[-6.47544,37.92473],[-6.47831,37.91964],[-6.47522,37.91586],[-6.4708,37.9152],[-6.47059,37.91289],[-6.47262,37.91033],[-6.48577,37.90331],[-6.48738,37.89872],[-6.484,37.89654],[-6.49701,37.88461],[-6.49119,37.87655],[-6.48121,37.87187],[-6.47449,37.87191],[-6.46248,37.8655],[-6.45234,37.86617]]]}},{"type":"Feature","properties":{"shapeISO":"","shapeID":"28895703B81857605727323","shapeGroup":"ESP","shapeType":"ADM3","name":"Santa Olalla del Cala"},"geometry":{"type":"Polygon","coordinates":[[[-6.36979,37.91821],[-6.3421,37.9116],[-6.33572,37.90817],[-6.32066,37.89051],[-6.30948,37.88521],[-6.29797,37.8772],[-6.28311,37.87234],[-6.2766,37.86648],[-6.25421,37.83866],[-6.24768,37.82641],[-6.23089,37.81566],[-6.22236,37.80454],[-6.21553,37.79124],[-6.21216,37.79588],[-6.20731,37.79831],[-6.20839,37.80023],[-6.2024,37.80553],[-6.18766,37.80988],[-6.18424,37.80945],[-6.17787,37.79846],[-6.17198,37.7985],[-6.17285,37.79591],[-6.16776,37.79579],[-6.16742,37.79279],[-6.16311,37.79423],[-6.15725,37.79066],[-6.15243,37.79486],[-6.15,37.79339],[-6.14711,37.79371],[-6.14385,37.79081],[-6.143,37.78731],[-6.13556,37.78923],[-6.13402,37.78783],[-6.13386,37.79003],[-6.1382,37.79546],[-6.12907,37.7958],[-6.12643,37.79717],[-6.1243,37.80476],[-6.12713,37.81146],[-6.12166,37.81659],[-6.12594,37.81855],[-6.12621,37.8241],[-6.12959,37.83234],[-6.13542,37.83493],[-6.13458,37.8417],[-6.13843,37.84433],[-6.14216,37.85567],[-6.14567,37.85691],[-6.15173,37.85376],[-6.15904,37.85411],[-6.16362,37.85794],[-6.16429,37.86201],[-6.16023,37.86589],[-6.15919,37.87344],[-6.15084,37.87648],[-6.14598,37.88385],[-6.14142,37.88499],[-6.13631,37.89573],[-6.12539,37.90091],[-6.1251,37.90334],[-6.12524,37.90507],[-6.13112,37.90863],[-6.13835,37.90925],[-6.14521,37.9205],[-6.15048,37.91581],[-6.15097,37.91919],[-6.1569,37.91659],[-6.16375,37.91797],[-6.16659,37.90916],[-6.16997,37.90981],[-6.18394,37.92761],[-6.18227,37.93851],[-6.18024,37.94103],[-6.18572,37.9451],[-6.19599,37.94874],[-6.19418,37.95473],[-6.202,37.95922],[-6.20042,37.96056],[-6.20152,37.96206],[-6.204,37.96217],[-6.20533,37.95973],[-6.20872,37.95856],[-6.21035,37.96072],[-6.21481,37.96149],[-6.23324,37.95794],[-6.24466,37.95655],[-6.24818,37.95439],[-6.25146,37.9473],[-6.25481,37.94496],[-6.25737,37.93816],[-6.27404,37.9355],[-6.28651,37.93573],[-6.29361,37.93169],[-6.30718,37.92941],[-6.31851,37.92956],[-6.34445,37.92333],[-6.35433,37.92381],[-6.36979,37.91821]]]}},{"type":"Feature","properties":{"shapeISO":"","shapeID":"28895703B57185945662512","shapeGroup":"ESP","shapeType":"ADM3","name":"Villalba del Alcor"},"geometry":{"type":"MultiPolygon","coordinates":[[[[-6.42006,37.35837],[-6.44112,37.36844],[-6.44738,37.36326],[-6.4532,37.35766],[-6.45703,37.34251],[-6.45042,37.33994],[-6.44602,37.33499],[-6.44143,37.33282],[-6.42006,37.35837]]],[[[-6.47206,37.33057],[-6.4685,37.33583],[-6.48702,37.34643],[-6.4874,37.35018],[-6.48254,37.35439],[-6.46941,37.37191],[-6.47278,37.37363],[-6.47196,37.37971],[-6.45853,37.39382],[-6.45275,37.40348],[-6.46515,37.41649],[-6.48491,37.42913],[-6.50532,37.45966],[-6.50617,37.46587],[-6.5105,37.4671],[-6.52842,37.46666],[-6.54406,37.46009],[-6.54514,37.44989],[-6.53541,37.42722],[-6.51758,37.39571],[-6.51219,37.37753],[-6.50736,37.36982],[-6.50644,37.36015],[-6.50384,37.35785],[-6.50155,37.35179],[-6.49376,37.34344],[-6.47206,37.33057]]]]}},{"type":"Feature","properties":{"shapeISO":"","shapeID":"28895703B67706229289047","shapeGroup":"ESP","shapeType":"ADM3","name":"Zufre"},"geometry":{"type":"Polygon","coordinates":[[[-6.45012,37.85668],[-6.44111,37.85535],[-6.43273,37.8575],[-6.42897,37.85488],[-6.41844,37.85353],[-6.41694,37.84669],[-6.42041,37.83737],[-6.41966,37.82958],[-6.40979,37.82386],[-6.40885,37.82175],[-6.41069,37.81486],[-6.40894,37.81235],[-6.42248,37.81061],[-6.42503,37.81117],[-6.42703,37.81401],[-6.42904,37.81399],[-6.43107,37.81165],[-6.43458,37.81276],[-6.43808,37.81157],[-6.44477,37.81411],[-6.45514,37.81093],[-6.46356,37.81184],[-6.46272,37.81312],[-6.47536,37.82038],[-6.47378,37.8125],[-6.4749,37.80833],[-6.47333,37.79869],[-6.47829,37.79377],[-6.47838,37.79085],[-6.47653,37.78525],[-6.47168,37.78047],[-6.47082,37.77721],[-6.48046,37.7761],[-6.48483,37.76993],[-6.48062,37.76434],[-6.4802,37.74619],[-6.47604,37.74457],[-6.47748,37.73972],[-6.48191,37.73653],[-6.4841,37.73132],[-6.48203,37.72672],[-6.48304,37.72082],[-6.48059,37.72075],[-6.48105,37.72251],[-6.47378,37.72533],[-6.46208,37.72105],[-6.45429,37.72134],[-6.44999,37.7189],[-6.43088,37.72747],[-6.42348,37.73407],[-6.39003,37.74769],[-6.37608,37.75009],[-6.3602,37.75491],[-6.353,37.75533],[-6.3488,37.75744],[-6.32925,37.75981],[-6.31989,37.76395],[-6.31102,37.76487],[-6.30321,37.76166],[-6.27849,37.75841],[-6.27121,37.75877],[-6.26618,37.7614],[-6.25784,37.76063],[-6.25232,37.76314],[-6.24745,37.7575],[-6.24467,37.74775],[-6.24548,37.74674],[-6.25389,37.74754],[-6.255,37.74518],[-6.2466,37.74077],[-6.23632,37.7443],[-6.23384,37.74399],[-6.23481,37.73856],[-6.22706,37.74153],[-6.22694,37.73903],[-6.22223,37.73965],[-6.22202,37.74148],[-6.217,37.74374],[-6.22041,37.74852],[-6.21989,37.75447],[-6.2057,37.76603],[-6.20891,37.7694],[-6.20757,37.77133],[-6.21229,37.78623],[-6.21553,37.79124],[-6.22236,37.80454],[-6.23089,37.81566],[-6.24768,37.82641],[-6.25421,37.83866],[-6.2766,37.86648],[-6.28311,37.87234],[-6.29797,37.8772],[-6.30948,37.88521],[-6.32066,37.89051],[-6.33572,37.90817],[-6.3421,37.9116],[-6.36979,37.91821],[-6.39973,37.93952],[-6.41078,37.94419],[-6.41443,37.94749],[-6.42951,37.95082],[-6.43591,37.95472],[-6.44223,37.9564],[-6.4442,37.9559],[-6.44081,37.95389],[-6.44362,37.95108],[-6.44153,37.94788],[-6.44426,37.94801],[-6.44716,37.94523],[-6.44554,37.94303],[-6.44585,37.93775],[-6.44826,37.934],[-6.44573,37.92926],[-6.45567,37.92374],[-6.45863,37.91847],[-6.4612,37.91769],[-6.46055,37.91471],[-6.45163,37.91134],[-6.45228,37.90174],[-6.44487,37.903],[-6.44134,37.90011],[-6.43704,37.89912],[-6.43809,37.89104],[-6.44406,37.88101],[-6.44302,37.87863],[-6.45008,37.8744],[-6.45234,37.86617],[-6.44847,37.86095],[-6.45012,37.85668]]]}},{"type":"Feature","properties":{"shapeISO":"","shapeID":"28895703B97379322352040","shapeGroup":"ESP","shapeType":"ADM3","name":"Almargen"},"geometry":{"type":"Polygon","coordinates":[[[-5.05309,37.0306],[-5.05576,37.0245],[-5.05316,37.01848],[-5.05256,37.00628],[-5.03689,36.99283],[-5.01244,36.99013],[-5.00395,36.98295],[-4.99694,37.00019],[-4.99176,37.00395],[-4.99169,37.00561],[-4.9956,37.00659],[-4.99641,37.00938],[-4.99423,37.01106],[-5.00147,37.01527],[-5.00034,37.01772],[-4.99714,37.01809],[-4.99558,37.01667],[-4.99075,37.02061],[-4.99153,37.02802],[-4.98829,37.06458],[-5.00959,37.05474],[-5.01219,37.05524],[-5.02591,37.05184],[-5.02766,37.04988],[-5.02408,37.04598],[-5.02796,37.04407],[-5.03358,37.04893],[-5.04679,37.03995],[-5.05309,37.0306]]]}},{"type":"Feature","properties":{"shapeISO":"","shapeID":"28895703B32721186820175","shapeGroup":"ESP","shapeType":"ADM3","name":"Ardales"},"geometry":{"type":"Polygon","coordinates":[[[-4.77145,36.91497],[-4.77459,36.92065],[-4.77794,36.92093],[-4.77637,36.92274],[-4.78122,36.92822],[-4.78798,36.93283],[-4.78619,36.93706],[-4.80061,36.93646],[-4.81484,36.9397],[-4.82644,36.93906],[-4.8498,36.92585],[-4.85383,36.92344],[-4.86015,36.92711],[-4.86652,36.92773],[-4.88047,36.92497],[-4.89092,36.91551],[-4.90248,36.91184],[-4.90893,36.90731],[-4.92967,36.90624],[-4.93904,36.89345],[-4.93077,36.87623],[-4.9228,36.87093],[-4.92194,36.86764],[-4.91821,36.8655],[-4.90968,36.8661],[-4.9069,36.86102],[-4.9069,36.85212],[-4.90112,36.84399],[-4.89668,36.84203],[-4.89407,36.84477],[-4.89069,36.84569],[-4.88814,36.84978],[-4.88374,36.84741],[-4.88323,36.84512],[-4.88102,36.84853],[-4.87547,36.84776],[-4.86603,36.84952],[-4.86362,36.85172],[-4.85808,36.85092],[-4.84115,36.85557],[-4.83868,36.8632],[-4.82764,36.86718],[-4.8219,36.86734],[-4.81329,36.86426],[-4.80851,36.86705],[-4.79785,36.86362],[-4.79045,36.85298],[-4.78619,36.86432],[-4.78066,36.87257],[-4.77441,36.87803],[-4.76438,36.89788],[-4.76329,36.91002],[-4.76885,36.91199],[-4.77145,36.91497]]]}},{"type":"Feature","properties":{"shapeISO":"","shapeID":"28895703B86163193566767","shapeGroup":"ESP","shapeType":"ADM3","name":"El Burgo"},"geometry":{"type":"Polygon","coordinates":[[[-4.93077,36.87623],[-4.94099,36.87766],[-4.95067,36.88171],[-4.95489,36.87959],[-4.95545,36.87765],[-4.95872,36.86061],[-4.96314,36.85569],[-4.97017,36.83964],[-4.99022,36.82822],[-4.99421,36.82213],[-5.0042,36.81274],[-5.00534,36.80833],[-5.00293,36.80729],[-5.02408,36.79451],[-5.03275,36.79105],[-5.03647,36.78514],[-5.036,36.77663],[-5.03154,36.76747],[-5.01964,36.76265],[-5.00596,36.76149],[-5.0068,36.75861],[-5.00431,36.75667],[-5.00292,36.75077],[-5.00537,36.74613],[-5.00013,36.73382],[-4.99615,36.73277],[-4.98934,36.73462],[-4.98655,36.73118],[-4.97656,36.73528],[-4.97089,36.74041],[-4.97452,36.74853],[-4.97161,36.74888],[-4.96429,36.75477],[-4.95515,36.75639],[-4.95571,36.75858],[-4.95383,36.76066],[-4.93417,36.76957],[-4.92226,36.77231],[-4.9078,36.77114],[-4.90056,36.76895],[-4.88797,36.77203],[-4.89182,36.78118],[-4.88897,36.79423],[-4.8906,36.79683],[-4.88941,36.79895],[-4.8911,36.7998],[-4.88556,36.80328],[-4.88694,36.8043],[-4.88564,36.80703],[-4.88354,36.80631],[-4.88125,36.80749],[-4.88235,36.80952],[-4.88052,36.81238],[-4.89024,36.82211],[-4.89269,36.8201],[-4.89709,36.82183],[-4.89906,36.8198],[-4.9024,36.822],[-4.89619,36.8299],[-4.90231,36.83427],[-4.89524,36.83639],[-4.89183,36.83978],[-4.89353,36.84093],[-4.89748,36.83876],[-4.89853,36.84006],[-4.89668,36.84203],[-4.90112,36.84399],[-4.9069,36.85212],[-4.9069,36.86102],[-4.90968,36.8661],[-4.91821,36.8655],[-4.92194,36.86764],[-4.9228,36.87093],[-4.93077,36.87623]]]}},{"type":"Feature","properties":{"shapeISO":"","shapeID":"28895703B20337165487436","shapeGroup":"ESP","shapeType":"ADM3","name":"Campillos"},"geometry":{"type":"Polygon","coordinates":[[[-4.82779,37.09175],[-4.90837,37.11465],[-4.91696,37.11101],[-4.91715,37.10796],[-4.92196,37.10688],[-4.92262,37.10323],[-4.92701,37.1035],[-4.93074,37.09992],[-4.93698,37.10028],[-4.95472,37.09187],[-4.97229,37.07535],[-4.97842,37.07301],[-4.97971,37.06947],[-4.98829,37.06458],[-4.96921,37.04965],[-4.94887,37.03978],[-4.93314,37.03722],[-4.91677,37.02559],[-4.91764,37.01987],[-4.91545,37.01721],[-4.89649,37.01509],[-4.89547,37.01354],[-4.89344,37.01479],[-4.89234,37.0129],[-4.88455,37.01295],[-4.88029,37.00957],[-4.88289,37.00686],[-4.88153,37.00425],[-4.87711,37.00458],[-4.87238,37.01041],[-4.87041,37.01028],[-4.86115,37.00125],[-4.84558,36.99372],[-4.84588,36.98929],[-4.83982,36.98398],[-4.83704,36.98532],[-4.83276,36.97752],[-4.83423,36.97368],[-4.8353,36.97676],[-4.83831,36.97603],[-4.84484,36.97794],[-4.84099,36.98203],[-4.8458,36.97845],[-4.85882,36.98353],[-4.86473,36.9789],[-4.86608,36.97379],[-4.85999,36.97375],[-4.86533,36.96395],[-4.86222,36.96341],[-4.86018,36.96127],[-4.85687,36.96475],[-4.85787,36.96051],[-4.85212,36.95804],[-4.84627,36.95904],[-4.85193,36.94499],[-4.85436,36.94553],[-4.8586,36.94366],[-4.8498,36.92585],[-4.82644,36.93906],[-4.81484,36.9397],[-4.80061,36.93646],[-4.78619,36.93706],[-4.78074,36.93961],[-4.78014,36.94286],[-4.78456,36.95299],[-4.78408,36.96326],[-4.78146,36.97311],[-4.77834,36.97777],[-4.77875,36.98171],[-4.77645,36.98323],[-4.77594,36.98903],[-4.78121,36.9937],[-4.78326,37.01442],[-4.79599,37.04496],[-4.82779,37.09175]]]}},{"type":"Feature","properties":{"shapeISO":"","shapeID":"28895703B95843612743480","shapeGroup":"ESP","shapeType":"ADM3","name":"Cañete la Real"},"geometry":{"type":"Polygon","coordinates":[[[-5.09178,36.92104],[-5.06048,36.89997],[-5.05803,36.89013],[-5.05478,36.88988],[-5.0547,36.88638],[-5.03469,36.8795],[-5.02154,36.8809],[-5.01878,36.887],[-5.01301,36.89322],[-5.00639,36.89648],[-5.00294,36.89538],[-5.00048,36.89367],[-4.99393,36.89458],[-4.98893,36.89022],[-4.97978,36.88849],[-4.97801,36.88221],[-4.95545,36.87765],[-4.95489,36.87959],[-4.95067,36.88171],[-4.94099,36.87766],[-4.93077,36.87623],[-4.93904,36.89345],[-4.92967,36.90624],[-4.93817,36.92583],[-4.94493,36.92969],[-4.95395,36.92875],[-4.95871,36.93438],[-4.97079,36.93777],[-4.97943,36.95553],[-4.98001,36.96316],[-4.99622,36.97158],[-5.00395,36.98295],[-5.01244,36.99013],[-5.03689,36.99283],[-5.05256,37.00628],[-5.05316,37.01848],[-5.05576,37.0245],[-5.05309,37.0306],[-5.05529,37.03271],[-5.06848,37.03258],[-5.07268,37.03171],[-5.07461,37.02938],[-5.08331,37.03147],[-5.09218,37.02701],[-5.10265,37.02564],[-5.11223,37.01911],[-5.11349,37.02452],[-5.11753,37.02436],[-5.11994,37.02849],[-5.12284,37.02769],[-5.13252,37.01172],[-5.14212,37.00605],[-5.14238,37.00386],[-5.12749,36.99569],[-5.12331,36.9906],[-5.11837,36.98849],[-5.11515,36.98896],[-5.11074,36.98395],[-5.1124,36.98349],[-5.11044,36.98204],[-5.11236,36.98107],[-5.11234,36.97629],[-5.09758,36.97128],[-5.09558,36.9683],[-5.1009,36.96395],[-5.10462,36.96406],[-5.11012,36.95933],[-5.10557,36.95484],[-5.09803,36.92864],[-5.09178,36.92104]]]}},{"type":"Feature","properties":{"shapeISO":"","shapeID":"28895703B74723182167716","shapeGroup":"ESP","shapeType":"ADM3","name":"Carratraca"},"geometry":{"type":"Polygon","coordinates":[[[-4.85808,36.85092],[-4.86228,36.84269],[-4.86026,36.84034],[-4.85184,36.83651],[-4.8553,36.83263],[-4.84733,36.82801],[-4.82948,36.83206],[-4.82302,36.82828],[-4.81025,36.82386],[-4.79963,36.8227],[-4.7966,36.82365],[-4.79515,36.83399],[-4.79024,36.8381],[-4.7875,36.85149],[-4.79045,36.85298],[-4.79785,36.86362],[-4.80851,36.86705],[-4.81329,36.86426],[-4.8219,36.86734],[-4.82764,36.86718],[-4.83868,36.8632],[-4.84115,36.85557],[-4.85808,36.85092]]]}},{"type":"Feature","properties":{"shapeISO":"","shapeID":"28895703B90379938577220","shapeGroup":"ESP","shapeType":"ADM3","name":"Casarabonela"},"geometry":{"type":"Polygon","coordinates":[[[-4.79045,36.85298],[-4.7875,36.85149],[-4.79024,36.8381],[-4.79515,36.83399],[-4.7966,36.82365],[-4.79963,36.8227],[-4.81025,36.82386],[-4.82302,36.82828],[-4.82948,36.83206],[-4.84733,36.82801],[-4.8553,36.83263],[-4.85184,36.83651],[-4.86026,36.84034],[-4.86228,36.84269],[-4.85808,36.85092],[-4.86362,36.85172],[-4.86603,36.84952],[-4.87547,36.84776],[-4.88102,36.84853],[-4.88323,36.84512],[-4.88374,36.84741],[-4.88814,36.84978],[-4.89069,36.84569],[-4.89407,36.84477],[-4.89668,36.84203],[-4.89853,36.84006],[-4.89748,36.83876],[-4.89353,36.84093],[-4.89183,36.83978],[-4.89524,36.83639],[-4.90231,36.83427],[-4.89619,36.8299],[-4.9024,36.822],[-4.89906,36.8198],[-4.89709,36.82183],[-4.89269,36.8201],[-4.89024,36.82211],[-4.88052,36.81238],[-4.88235,36.80952],[-4.88125,36.80749],[-4.88354,36.80631],[-4.88564,36.80703],[-4.88694,36.8043],[-4.88556,36.80328],[-4.8911,36.7998],[-4.88941,36.79895],[-4.8906,36.79683],[-4.88897,36.79423],[-4.89182,36.78118],[-4.88797,36.77203],[-4.88637,36.7705],[-4.88067,36.77132],[-4.87981,36.76913],[-4.87002,36.76229],[-4.85225,36.75654],[-4.85325,36.75589],[-4.85105,36.75216],[-4.84229,36.7507],[-4.8373,36.74701],[-4.83454,36.74222],[-4.83273,36.74276],[-4.82979,36.73874],[-4.81931,36.73184],[-4.80963,36.73475],[-4.79401,36.74517],[-4.78873,36.74692],[-4.78627,36.75018],[-4.78169,36.75057],[-4.77811,36.74911],[-4.774,36.75049],[-4.77189,36.75335],[-4.76846,36.7564],[-4.75933,36.75675],[-4.75586,36.75943],[-4.75797,36.76122],[-4.76868,36.75935],[-4.77638,36.76598],[-4.76147,36.78158],[-4.76021,36.79422],[-4.75622,36.79909],[-4.75055,36.8036],[-4.74916,36.8093],[-4.74671,36.81033],[-4.74948,36.82091],[-4.76421,36.82898],[-4.76576,36.83144],[-4.76563,36.84137],[-4.77504,36.85429],[-4.79045,36.85298]]]}},{"type":"Feature","properties":{"shapeISO":"","shapeID":"28895703B63559616499222","shapeGroup":"ESP","shapeType":"ADM3","name":"Cuevas del Becerro"},"geometry":{"type":"Polygon","coordinates":[[[-5.06048,36.89997],[-5.06361,36.89864],[-5.06655,36.89311],[-5.07399,36.8883],[-5.07256,36.8864],[-5.07291,36.87409],[-5.07038,36.87587],[-5.06749,36.87559],[-5.06477,36.87377],[-5.06733,36.87146],[-5.06232,36.86792],[-5.06753,36.85749],[-5.07456,36.85168],[-5.07242,36.84851],[-5.06071,36.84401],[-5.05778,36.84712],[-5.05554,36.84722],[-5.05282,36.85154],[-5.04722,36.8542],[-5.0396,36.86361],[-5.03424,36.86625],[-5.03272,36.86907],[-5.0273,36.87246],[-5.02713,36.87453],[-5.01807,36.87829],[-5.0098,36.87592],[-5.00168,36.87607],[-5.00115,36.87927],[-5.00505,36.8823],[-5.00004,36.88916],[-5.00333,36.8894],[-5.00204,36.89189],[-5.00435,36.89323],[-5.00294,36.89538],[-5.00639,36.89648],[-5.01301,36.89322],[-5.01878,36.887],[-5.02154,36.8809],[-5.03469,36.8795],[-5.0547,36.88638],[-5.05478,36.88988],[-5.05803,36.89013],[-5.06048,36.89997]]]}},{"type":"Feature","properties":{"shapeISO":"","shapeID":"28895703B88284582387489","shapeGroup":"ESP","shapeType":"ADM3","name":"Ronda"},"geometry":{"type":"Polygon","coordinates":[[[-5.29527,36.76433],[-5.2811,36.76528],[-5.27148,36.76245],[-5.26614,36.76262],[-5.25071,36.75532],[-5.24597,36.75837],[-5.2407,36.75959],[-5.22884,36.75528],[-5.22753,36.75177],[-5.2297,36.74852],[-5.22718,36.74469],[-5.22526,36.74235],[-5.22552,36.7384],[-5.22359,36.73594],[-5.21987,36.73472],[-5.21942,36.73219],[-5.21516,36.73255],[-5.21391,36.72724],[-5.21639,36.71643],[-5.23077,36.70109],[-5.23187,36.69364],[-5.2226,36.69913],[-5.21333,36.6985],[-5.21302,36.69492],[-5.21475,36.69363],[-5.2121,36.68641],[-5.20523,36.69156],[-5.20295,36.68952],[-5.20034,36.6814],[-5.19362,36.67618],[-5.18959,36.67008],[-5.18271,36.67351],[-5.17372,36.67745],[-5.17347,36.67944],[-5.16641,36.6834],[-5.16393,36.6893],[-5.13566,36.68865],[-5.1288,36.6814],[-5.12601,36.68669],[-5.11055,36.68977],[-5.10061,36.6979],[-5.09262,36.69559],[-5.07889,36.68617],[-5.07669,36.68255],[-5.07739,36.68077],[-5.07532,36.68032],[-5.07143,36.68003],[-5.06116,36.68468],[-5.05332,36.6863],[-5.04486,36.68529],[-5.04097,36.68731],[-5.03166,36.68816],[-5.02448,36.68567],[-5.00514,36.70493],[-5.00223,36.71443],[-5.00013,36.73382],[-5.00537,36.74613],[-5.00292,36.75077],[-5.00431,36.75667],[-5.0068,36.75861],[-5.00596,36.76149],[-5.01964,36.76265],[-5.03154,36.76747],[-5.036,36.77663],[-5.03647,36.78514],[-5.03275,36.79105],[-5.02408,36.79451],[-5.00293,36.80729],[-5.00534,36.80833],[-5.0042,36.81274],[-4.99421,36.82213],[-5.00013,36.8258],[-5.00173,36.82939],[-5.00452,36.82724],[-5.00399,36.829],[-5.00739,36.83104],[-5.00815,36.83494],[-5.00378,36.83568],[-5.00461,36.8384],[-5.00294,36.83918],[-5.00439,36.84029],[-5.00253,36.84102],[-5.00365,36.84283],[-5.00098,36.84802],[-5.00399,36.84842],[-5.00563,36.85029],[-5.00339,36.85197],[-5.00446,36.85498],[-5.01067,36.84917],[-5.02063,36.84799],[-5.01512,36.84263],[-5.01926,36.84219],[-5.02905,36.84673],[-5.02802,36.85235],[-5.02587,36.85176],[-5.0222,36.85756],[-5.02533,36.85976],[-5.02378,36.86551],[-5.0273,36.87246],[-5.03272,36.86907],[-5.03424,36.86625],[-5.0396,36.86361],[-5.04722,36.8542],[-5.05282,36.85154],[-5.05554,36.84722],[-5.05778,36.84712],[-5.06071,36.84401],[-5.07242,36.84851],[-5.07456,36.85168],[-5.06753,36.85749],[-5.06232,36.86792],[-5.06733,36.87146],[-5.06477,36.87377],[-5.06749,36.87559],[-5.07038,36.87587],[-5.07291,36.87409],[-5.07256,36.8864],[-5.07399,36.8883],[-5.06655,36.89311],[-5.06361,36.89864],[-5.06048,36.89997],[-5.09178,36.92104],[-5.09293,36.91169],[-5.08677,36.90509],[-5.09362,36.90075],[-5.09968,36.90085],[-5.10508,36.89794],[-5.10259,36.89556],[-5.10259,36.89174],[-5.10983,36.8894],[-5.11248,36.87383],[-5.11727,36.87028],[-5.1205,36.85884],[-5.13063,36.84226],[-5.13407,36.83856],[-5.15526,36.83173],[-5.1704,36.82355],[-5.17493,36.82469],[-5.17932,36.82863],[-5.18666,36.82797],[-5.19232,36.83373],[-5.1995,36.83765],[-5.22201,36.84272],[-5.22213,36.85021],[-5.22538,36.85658],[-5.23109,36.86117],[-5.24403,36.86277],[-5.24542,36.8647],[-5.24981,36.86569],[-5.2663,36.87533],[-5.26978,36.88422],[-5.27797,36.87825],[-5.28609,36.87598],[-5.28932,36.87309],[-5.27689,36.86489],[-5.28125,36.85786],[-5.27814,36.85457],[-5.2808,36.85266],[-5.28032,36.84695],[-5.27404,36.84783],[-5.26982,36.84433],[-5.27526,36.84212],[-5.26773,36.84185],[-5.26109,36.84397],[-5.25941,36.84127],[-5.24496,36.83884],[-5.2424,36.83652],[-5.24097,36.83053],[-5.2544,36.8296],[-5.25277,36.82499],[-5.24984,36.82488],[-5.24475,36.81998],[-5.24228,36.82017],[-5.23981,36.81473],[-5.24597,36.81243],[-5.25707,36.81343],[-5.26201,36.81574],[-5.26171,36.8132],[-5.25666,36.80721],[-5.26652,36.80497],[-5.26045,36.80017],[-5.25925,36.80058],[-5.25751,36.79614],[-5.26202,36.79408],[-5.26452,36.79665],[-5.26379,36.79886],[-5.26809,36.79965],[-5.27,36.79792],[-5.27058,36.79986],[-5.2729,36.79965],[-5.27603,36.80175],[-5.27823,36.79571],[-5.27628,36.79312],[-5.2771,36.79181],[-5.27441,36.79053],[-5.27628,36.78232],[-5.27343,36.77475],[-5.28233,36.77237],[-5.29059,36.77292],[-5.29254,36.77124],[-5.29258,36.77129],[-5.29527,36.76433]],[[-5.14429,36.77911],[-5.15229,36.78127],[-5.15915,36.781],[-5.15508,36.78511],[-5.15345,36.79005],[-5.15495,36.79278],[-5.15094,36.79718],[-5.14675,36.80664],[-5.14322,36.80763],[-5.14196,36.81005],[-5.13644,36.80845],[-5.13436,36.81187],[-5.13077,36.81393],[-5.1185,36.80981],[-5.12223,36.80085],[-5.12174,36.79839],[-5.11507,36.79589],[-5.11202,36.79243],[-5.10838,36.79114],[-5.11188,36.7912],[-5.11375,36.7886],[-5.12128,36.78844],[-5.13726,36.79187],[-5.13909,36.77995],[-5.14429,36.77911]]]}},{"type":"Feature","properties":{"shapeISO":"","shapeID":"28895703B54319250506057","shapeGroup":"ESP","shapeType":"ADM3","name":"Sierra de Yeguas"},"geometry":{"type":"Polygon","coordinates":[[[-4.82331,37.09847],[-4.81324,37.11302],[-4.81006,37.12107],[-4.78568,37.1568],[-4.79114,37.16013],[-4.79191,37.15433],[-4.79599,37.1543],[-4.80112,37.15996],[-4.79922,37.17231],[-4.8041,37.17346],[-4.8064,37.17115],[-4.81168,37.1751],[-4.8146,37.18057],[-4.82265,37.18022],[-4.82742,37.18695],[-4.81934,37.19205],[-4.82232,37.19575],[-4.81928,37.19645],[-4.81941,37.19771],[-4.82591,37.20071],[-4.84228,37.20141],[-4.84706,37.19884],[-4.85386,37.19859],[-4.8537,37.19369],[-4.8589,37.19071],[-4.85907,37.1841],[-4.85683,37.18405],[-4.85589,37.17821],[-4.86018,37.17557],[-4.8567,37.17357],[-4.8755,37.15819],[-4.88045,37.16327],[-4.8893,37.1552],[-4.89762,37.15603],[-4.9003,37.15971],[-4.89627,37.16368],[-4.89611,37.16733],[-4.90403,37.17522],[-4.90318,37.17766],[-4.90511,37.18186],[-4.90757,37.17487],[-4.91698,37.17502],[-4.91882,37.17384],[-4.92193,37.17501],[-4.92516,37.17066],[-4.9328,37.17436],[-4.9396,37.1757],[-4.93979,37.16776],[-4.94161,37.16643],[-4.94266,37.15759],[-4.93656,37.15657],[-4.92468,37.14856],[-4.91202,37.14408],[-4.90331,37.13879],[-4.90837,37.11465],[-4.82779,37.09175],[-4.82331,37.09847]]]}},{"type":"Feature","properties":{"shapeISO":"","shapeID":"28895703B44378339293182","shapeGroup":"ESP","shapeType":"ADM3","name":"Teba"},"geometry":{"type":"Polygon","coordinates":[[[-5.00395,36.98295],[-4.99622,36.97158],[-4.98001,36.96316],[-4.97943,36.95553],[-4.97079,36.93777],[-4.95871,36.93438],[-4.95395,36.92875],[-4.94493,36.92969],[-4.93817,36.92583],[-4.92967,36.90624],[-4.90893,36.90731],[-4.90248,36.91184],[-4.89092,36.91551],[-4.88047,36.92497],[-4.86652,36.92773],[-4.86015,36.92711],[-4.85383,36.92344],[-4.8498,36.92585],[-4.8586,36.94366],[-4.85436,36.94553],[-4.85193,36.94499],[-4.84627,36.95904],[-4.85212,36.95804],[-4.85787,36.96051],[-4.85687,36.96475],[-4.86018,36.96127],[-4.86222,36.96341],[-4.86533,36.96395],[-4.85999,36.97375],[-4.86608,36.97379],[-4.86473,36.9789],[-4.85882,36.98353],[-4.8458,36.97845],[-4.84099,36.98203],[-4.84484,36.97794],[-4.83831,36.97603],[-4.8353,36.97676],[-4.83423,36.97368],[-4.83276,36.97752],[-4.83704,36.98532],[-4.83982,36.98398],[-4.84588,36.98929],[-4.84558,36.99372],[-4.86115,37.00125],[-4.87041,37.01028],[-4.87238,37.01041],[-4.87711,37.00458],[-4.88153,37.00425],[-4.88289,37.00686],[-4.88029,37.00957],[-4.88455,37.01295],[-4.89234,37.0129],[-4.89344,37.01479],[-4.89547,37.01354],[-4.89649,37.01509],[-4.91545,37.01721],[-4.91764,37.01987],[-4.91677,37.02559],[-4.93314,37.03722],[-4.94887,37.03978],[-4.96921,37.04965],[-4.98829,37.06458],[-4.99153,37.02802],[-4.99075,37.02061],[-4.99558,37.01667],[-4.99714,37.01809],[-5.00034,37.01772],[-5.00147,37.01527],[-4.99423,37.01106],[-4.99641,37.00938],[-4.9956,37.00659],[-4.99169,37.00561],[-4.99176,37.00395],[-4.99694,37.00019],[-5.00395,36.98295]]]}},{"type":"Feature","properties":{"shapeISO":"","shapeID":"28895703B64966689990236","shapeGroup":"ESP","shapeType":"ADM3","name":"Montecorto"},"geometry":{"type":"Polygon","coordinates":[[[-5.34071,36.81942],[-5.33536,36.81729],[-5.33396,36.81246],[-5.32654,36.80527],[-5.32395,36.79484],[-5.31982,36.78673],[-5.30726,36.78037],[-5.29093,36.77517],[-5.2927,36.77241],[-5.29258,36.77129],[-5.29254,36.77124],[-5.29059,36.77292],[-5.28233,36.77237],[-5.27343,36.77475],[-5.27628,36.78232],[-5.27441,36.79053],[-5.2771,36.79181],[-5.27628,36.79312],[-5.27823,36.79571],[-5.27603,36.80175],[-5.2729,36.79965],[-5.27058,36.79986],[-5.27,36.79792],[-5.26809,36.79965],[-5.26379,36.79886],[-5.26452,36.79665],[-5.26202,36.79408],[-5.25751,36.79614],[-5.25925,36.80058],[-5.26045,36.80017],[-5.26652,36.80497],[-5.25666,36.80721],[-5.26171,36.8132],[-5.26201,36.81574],[-5.25707,36.81343],[-5.24597,36.81243],[-5.23981,36.81473],[-5.24228,36.82017],[-5.24475,36.81998],[-5.24984,36.82488],[-5.25277,36.82499],[-5.2544,36.8296],[-5.24097,36.83053],[-5.2424,36.83652],[-5.24496,36.83884],[-5.25941,36.84127],[-5.26109,36.84397],[-5.26773,36.84185],[-5.27526,36.84212],[-5.26982,36.84433],[-5.27404,36.84783],[-5.28032,36.84695],[-5.2808,36.85266],[-5.27814,36.85457],[-5.28125,36.85786],[-5.27689,36.86489],[-5.28932,36.87309],[-5.30158,36.86964],[-5.30629,36.85759],[-5.31543,36.85545],[-5.33251,36.8386],[-5.33509,36.82762],[-5.34071,36.81942]]]}},{"type":"Feature","properties":{"shapeISO":"","shapeID":"28895703B3582849459642","shapeGroup":"ESP","shapeType":"ADM3","name":"Serrato"},"geometry":{"type":"Polygon","coordinates":[[[-4.95545,36.87765],[-4.97801,36.88221],[-4.97978,36.88849],[-4.98893,36.89022],[-4.99393,36.89458],[-5.00048,36.89367],[-5.00294,36.89538],[-5.00435,36.89323],[-5.00204,36.89189],[-5.00333,36.8894],[-5.00004,36.88916],[-5.00505,36.8823],[-5.00115,36.87927],[-5.00168,36.87607],[-5.0098,36.87592],[-5.01807,36.87829],[-5.02713,36.87453],[-5.0273,36.87246],[-5.02378,36.86551],[-5.02533,36.85976],[-5.0222,36.85756],[-5.02587,36.85176],[-5.02802,36.85235],[-5.02905,36.84673],[-5.01926,36.84219],[-5.01512,36.84263],[-5.02063,36.84799],[-5.01067,36.84917],[-5.00446,36.85498],[-5.00339,36.85197],[-5.00563,36.85029],[-5.00399,36.84842],[-5.00098,36.84802],[-5.00365,36.84283],[-5.00253,36.84102],[-5.00439,36.84029],[-5.00294,36.83918],[-5.00461,36.8384],[-5.00378,36.83568],[-5.00815,36.83494],[-5.00739,36.83104],[-5.00399,36.829],[-5.00452,36.82724],[-5.00173,36.82939],[-5.00013,36.8258],[-4.99421,36.82213],[-4.99022,36.82822],[-4.97017,36.83964],[-4.96314,36.85569],[-4.95872,36.86061],[-4.95545,36.87765]]]}},{"type":"Feature","properties":{"shapeISO":"","shapeID":"28895703B56090964333692","shapeGroup":"ESP","shapeType":"ADM3","name":"Aguadulce"},"geometry":{"type":"Polygon","coordinates":[[[-5.00551,37.26257],[-5.00816,37.26063],[-5.00596,37.24686],[-4.99729,37.24207],[-4.98964,37.22955],[-4.98417,37.22936],[-4.98178,37.2309],[-4.98067,37.22788],[-4.96504,37.24301],[-4.95049,37.2407],[-4.95085,37.25922],[-4.95438,37.26783],[-4.96446,37.26299],[-4.98647,37.25736],[-4.98605,37.26578],[-5.00118,37.26531],[-4.99898,37.26075],[-5.00551,37.26257]]]}},{"type":"Feature","properties":{"shapeISO":"","shapeID":"28895703B10359985570593","shapeGroup":"ESP","shapeType":"ADM3","name":"Alanís"},"geometry":{"type":"Polygon","coordinates":[[[-5.58479,38.13171],[-5.6325,38.13856],[-5.64426,38.12928],[-5.64596,38.12517],[-5.66703,38.10908],[-5.66936,38.10176],[-5.67799,38.09529],[-5.69363,38.08374],[-5.71043,38.08105],[-5.71957,38.08507],[-5.7329,38.08752],[-5.7349,38.08626],[-5.73061,38.07582],[-5.74114,38.05056],[-5.74162,38.04133],[-5.74379,38.03731],[-5.74212,38.02751],[-5.74637,38.02738],[-5.75042,38.02472],[-5.75079,38.02299],[-5.74846,38.02163],[-5.74929,38.01881],[-5.756,38.01605],[-5.75807,38.01312],[-5.75629,38.00838],[-5.75239,38.00748],[-5.75287,38.00491],[-5.7594,38.00354],[-5.76025,37.99883],[-5.76568,38.00129],[-5.76662,37.99864],[-5.76035,37.99655],[-5.75593,37.99265],[-5.72998,37.9779],[-5.72298,37.97695],[-5.70299,37.96634],[-5.6831,37.95063],[-5.6796,37.9525],[-5.6792,37.95675],[-5.67087,37.95656],[-5.66331,37.95917],[-5.66075,37.96222],[-5.66617,37.97575],[-5.67177,37.9787],[-5.67289,37.98354],[-5.67009,37.98871],[-5.67067,37.99433],[-5.66566,37.99782],[-5.66526,38.00768],[-5.66025,38.00959],[-5.65892,38.01162],[-5.6494,38.0089],[-5.63588,38.00897],[-5.62958,38.01432],[-5.61519,38.02074],[-5.60272,38.01441],[-5.60345,38.00749],[-5.6002,37.9976],[-5.59954,37.98665],[-5.58922,37.98672],[-5.57638,37.98121],[-5.55797,37.98126],[-5.54939,37.97893],[-5.54632,37.98002],[-5.51329,37.98101],[-5.49903,37.99067],[-5.49371,38.00012],[-5.49057,38.00917],[-5.49204,38.01355],[-5.48903,38.02894],[-5.48997,38.03356],[-5.49513,38.04184],[-5.51043,38.05321],[-5.5161,38.0621],[-5.52371,38.06593],[-5.52685,38.07514],[-5.53208,38.07591],[-5.53958,38.08215],[-5.53878,38.09381],[-5.55084,38.10123],[-5.55735,38.10796],[-5.58168,38.11547],[-5.58098,38.128],[-5.58479,38.13171]]]}},{"type":"Feature","properties":{"shapeISO":"","shapeID":"28895703B89271234056428","shapeGroup":"ESP","shapeType":"ADM3","name":"Albaida del Aljarafe"},"geometry":{"type":"Polygon","coordinates":[[[-6.19388,37.43987],[-6.18843,37.43218],[-6.18506,37.4221],[-6.17951,37.42081],[-6.17765,37.42167],[-6.17301,37.41807],[-6.1723,37.41538],[-6.16942,37.41542],[-6.16594,37.41588],[-6.16338,37.42246],[-6.16192,37.42173],[-6.16038,37.42473],[-6.16204,37.42598],[-6.1618,37.4331],[-6.16505,37.44356],[-6.16888,37.44958],[-6.17176,37.45102],[-6.1737,37.46123],[-6.17724,37.46587],[-6.18193,37.46477],[-6.187,37.46626],[-6.18738,37.4606],[-6.19129,37.45582],[-6.1976,37.45273],[-6.19336,37.44348],[-6.19388,37.43987]]]}},{"type":"Feature","properties":{"shapeISO":"","shapeID":"28895703B72867515663508","shapeGroup":"ESP","shapeType":"ADM3","name":"Alcalá de Guadaíra"},"geometry":{"type":"Polygon","coordinates":[[[-5.93859,37.36208],[-5.92665,37.3539],[-5.92233,37.34697],[-5.90378,37.32872],[-5.91578,37.3086],[-5.91913,37.30734],[-5.91619,37.30139],[-5.90593,37.29882],[-5.89665,37.28972],[-5.89452,37.28477],[-5.88324,37.2768],[-5.89361,37.26685],[-5.8947,37.26318],[-5.89259,37.26065],[-5.89782,37.25592],[-5.8956,37.24966],[-5.90138,37.22839],[-5.90404,37.2258],[-5.90806,37.22635],[-5.91171,37.22282],[-5.91808,37.22022],[-5.92114,37.21751],[-5.92237,37.21249],[-5.90799,37.21294],[-5.90811,37.21427],[-5.90571,37.21242],[-5.90596,37.2095],[-5.90242,37.20934],[-5.89754,37.2136],[-5.88753,37.21688],[-5.87657,37.22272],[-5.85045,37.22588],[-5.84605,37.2299],[-5.84496,37.23453],[-5.84819,37.2395],[-5.84236,37.24408],[-5.84001,37.2428],[-5.83885,37.23507],[-5.83659,37.23819],[-5.83449,37.23834],[-5.83328,37.23508],[-5.82699,37.23683],[-5.82359,37.23308],[-5.82211,37.23419],[-5.81458,37.23392],[-5.80843,37.23755],[-5.80348,37.23764],[-5.79735,37.24033],[-5.78806,37.24569],[-5.78301,37.25093],[-5.78259,37.25393],[-5.77338,37.2495],[-5.76072,37.25037],[-5.75913,37.24726],[-5.76107,37.24181],[-5.75459,37.23178],[-5.73804,37.2369],[-5.73473,37.23667],[-5.73086,37.23407],[-5.7221,37.22713],[-5.72038,37.22335],[-5.72609,37.2106],[-5.72718,37.20398],[-5.71333,37.19449],[-5.69691,37.19103],[-5.69265,37.18786],[-5.68505,37.18928],[-5.64949,37.1873],[-5.65861,37.2119],[-5.65069,37.24739],[-5.65818,37.25183],[-5.66363,37.25833],[-5.67028,37.2623],[-5.68745,37.26685],[-5.69329,37.27244],[-5.70461,37.27497],[-5.71395,37.27933],[-5.73332,37.29719],[-5.74592,37.304],[-5.75828,37.30476],[-5.77495,37.30814],[-5.77438,37.3142],[-5.77077,37.3194],[-5.7664,37.32241],[-5.76444,37.32776],[-5.76682,37.32981],[-5.76675,37.33717],[-5.78557,37.36124],[-5.79593,37.36957],[-5.81013,37.38619],[-5.81921,37.38549],[-5.81904,37.39009],[-5.84223,37.38711],[-5.8475,37.38808],[-5.88679,37.38728],[-5.90427,37.3772],[-5.90876,37.37758],[-5.91172,37.37527],[-5.94834,37.36595],[-5.94049,37.3642],[-5.93859,37.36208]]]}},{"type":"Feature","properties":{"shapeISO":"","shapeID":"28895703B92825269253515","shapeGroup":"ESP","shapeType":"ADM3","name":"Alcalá del Río"},"geometry":{"type":"Polygon","coordinates":[[[-6.03061,37.61848],[-6.02566,37.60059],[-6.01763,37.5897],[-6.01536,37.58177],[-6.00761,37.57125],[-6.01247,37.56201],[-6.0104,37.55778],[-6.01801,37.54628],[-6.016,37.5246],[-6.02155,37.5229],[-6.02142,37.51992],[-6.01758,37.5049],[-6.00553,37.49178],[-6.00261,37.4917],[-5.98558,37.50597],[-5.98366,37.5029],[-5.97682,37.5019],[-5.97792,37.49487],[-5.97653,37.48992],[-5.96962,37.48782],[-5.95434,37.48692],[-5.95044,37.49285],[-5.95972,37.49379],[-5.96289,37.49713],[-5.96238,37.49929],[-5.95351,37.4979],[-5.94436,37.50067],[-5.9424,37.50333],[-5.94732,37.51058],[-5.94715,37.513],[-5.93244,37.51582],[-5.9261,37.51848],[-5.90702,37.53654],[-5.91981,37.54117],[-5.92346,37.54557],[-5.92428,37.55109],[-5.92308,37.55257],[-5.91529,37.55272],[-5.91039,37.55522],[-5.90444,37.54843],[-5.90051,37.54903],[-5.90403,37.55538],[-5.90618,37.56508],[-5.90105,37.57115],[-5.89521,37.57165],[-5.89227,37.57334],[-5.89955,37.58612],[-5.90977,37.57965],[-5.91141,37.58162],[-5.91871,37.57815],[-5.92944,37.57275],[-5.93984,37.57],[-5.94366,37.56077],[-5.94925,37.56227],[-5.95135,37.56548],[-5.95192,37.56115],[-5.95569,37.56125],[-5.96385,37.55651],[-5.97184,37.56971],[-5.97961,37.56907],[-5.98822,37.58459],[-5.9927,37.58826],[-5.99721,37.6125],[-6.00221,37.61979],[-6.00754,37.61694],[-6.01577,37.6156],[-6.03061,37.61848]]]}},{"type":"Feature","properties":{"shapeISO":"","shapeID":"28895703B32635117295754","shapeGroup":"ESP","shapeType":"ADM3","name":"Alcolea del Río"},"geometry":{"type":"Polygon","coordinates":[[[-5.67108,37.58507],[-5.66466,37.58213],[-5.64973,37.58628],[-5.64925,37.58997],[-5.65108,37.59355],[-5.65656,37.59668],[-5.65909,37.60195],[-5.65761,37.60738],[-5.65371,37.61092],[-5.64487,37.61362],[-5.63324,37.6081],[-5.62334,37.60711],[-5.61725,37.60985],[-5.61031,37.61907],[-5.60202,37.62101],[-5.61331,37.63616],[-5.61028,37.65058],[-5.61051,37.65866],[-5.61253,37.66451],[-5.61779,37.67116],[-5.61827,37.67623],[-5.62239,37.68327],[-5.61688,37.69953],[-5.61929,37.69948],[-5.62776,37.69043],[-5.63349,37.68678],[-5.63972,37.67727],[-5.65842,37.66997],[-5.66701,37.66505],[-5.67538,37.65577],[-5.67641,37.64958],[-5.68858,37.62674],[-5.68798,37.62361],[-5.67859,37.62196],[-5.67451,37.61603],[-5.6757,37.61249],[-5.68334,37.60787],[-5.68565,37.59799],[-5.67108,37.58507]]]}},{"type":"Feature","properties":{"shapeISO":"","shapeID":"28895703B63962218658379","shapeGroup":"ESP","shapeType":"ADM3","name":"La Algaba"},"geometry":{"type":"Polygon","coordinates":[[[-6.02142,37.51992],[-6.02247,37.50988],[-6.02648,37.50784],[-6.02472,37.49898],[-6.03227,37.49636],[-6.03028,37.49282],[-6.0256,37.48858],[-6.02972,37.48362],[-6.02425,37.47965],[-6.03067,37.47451],[-6.03304,37.47669],[-6.03485,37.47616],[-6.03455,37.46884],[-6.03971,37.46115],[-6.04073,37.45408],[-6.03746,37.451],[-6.03625,37.45234],[-6.0334,37.45216],[-6.03466,37.45002],[-6.03269,37.44929],[-6.03109,37.44951],[-6.03054,37.45332],[-6.02575,37.45356],[-6.02591,37.44753],[-6.0289,37.44519],[-6.02874,37.44263],[-6.02324,37.44617],[-6.01985,37.44438],[-6.00959,37.44279],[-6.00331,37.45966],[-5.99746,37.46221],[-5.98989,37.46206],[-5.98227,37.46864],[-5.98521,37.47213],[-5.99435,37.47432],[-6.00382,37.48353],[-6.00514,37.48761],[-6.00261,37.4917],[-6.00553,37.49178],[-6.01758,37.5049],[-6.02142,37.51992]]]}},{"type":"Feature","properties":{"shapeISO":"","shapeID":"28895703B50400668949799","shapeGroup":"ESP","shapeType":"ADM3","name":"Algámitas"},"geometry":{"type":"Polygon","coordinates":[[[-5.14238,37.00386],[-5.14212,37.00605],[-5.13252,37.01172],[-5.12284,37.02769],[-5.12588,37.03241],[-5.12526,37.03697],[-5.1278,37.04077],[-5.13325,37.04096],[-5.13619,37.03865],[-5.13772,37.04105],[-5.13996,37.04122],[-5.14135,37.03834],[-5.14399,37.0384],[-5.15456,37.03026],[-5.17082,37.04008],[-5.17774,37.04259],[-5.17763,37.03604],[-5.18136,37.02934],[-5.17779,37.01945],[-5.17918,37.016],[-5.18216,37.0166],[-5.18862,37.01001],[-5.18284,37.00698],[-5.18142,37.00094],[-5.16903,36.99681],[-5.16535,36.99067],[-5.16251,36.98897],[-5.1584,36.98932],[-5.148,36.99708],[-5.14238,37.00386]]]}},{"type":"Feature","properties":{"shapeISO":"","shapeID":"28895703B36856505490004","shapeGroup":"ESP","shapeType":"ADM3","name":"Almadén de la Plata"},"geometry":{"type":"Polygon","coordinates":[[[-6.13402,37.78783],[-6.13364,37.7845],[-6.13664,37.78039],[-6.13293,37.77009],[-6.12618,37.77024],[-6.1238,37.77189],[-6.11088,37.77411],[-6.10231,37.77265],[-6.08496,37.77771],[-6.07534,37.78228],[-6.07375,37.78489],[-6.07085,37.78541],[-6.06691,37.78331],[-6.06536,37.78708],[-6.06322,37.78779],[-6.0603,37.78591],[-6.04843,37.78643],[-6.04229,37.78411],[-6.04045,37.78508],[-6.03739,37.78405],[-6.04055,37.78276],[-6.03251,37.78167],[-6.03125,37.77906],[-6.0252,37.77961],[-6.02335,37.78781],[-6.02585,37.79239],[-6.02449,37.79588],[-6.02196,37.79608],[-6.02048,37.79825],[-6.01681,37.79691],[-6.01407,37.79835],[-6.01028,37.79726],[-6.00591,37.79945],[-6.00248,37.79897],[-6.00079,37.79978],[-6.00186,37.8018],[-5.99893,37.80104],[-5.99745,37.79704],[-5.99108,37.79508],[-5.9906,37.79261],[-5.98658,37.79566],[-5.98171,37.79434],[-5.97585,37.79515],[-5.97363,37.7935],[-5.96791,37.79609],[-5.96659,37.7983],[-5.95652,37.79485],[-5.95345,37.79679],[-5.9505,37.79485],[-5.94566,37.79518],[-5.93899,37.79228],[-5.93621,37.78835],[-5.93209,37.78779],[-5.93265,37.78304],[-5.93081,37.78229],[-5.92072,37.78503],[-5.91892,37.78821],[-5.91124,37.79103],[-5.90729,37.79693],[-5.90871,37.80425],[-5.91291,37.80694],[-5.92104,37.80892],[-5.92397,37.81522],[-5.91858,37.82394],[-5.92264,37.82897],[-5.92494,37.83921],[-5.93324,37.84051],[-5.93578,37.84582],[-5.94296,37.84858],[-5.92833,37.86157],[-5.9334,37.86514],[-5.93894,37.86643],[-5.93854,37.86914],[-5.94045,37.87037],[-5.95363,37.87364],[-5.9586,37.87779],[-5.96288,37.87893],[-5.96035,37.88562],[-5.96235,37.88983],[-5.96009,37.89156],[-5.95437,37.89237],[-5.9566,37.90182],[-5.95435,37.90702],[-5.96834,37.90957],[-5.97963,37.91524],[-5.99137,37.91609],[-5.99818,37.91936],[-6.00665,37.92112],[-6.03456,37.91832],[-6.03896,37.91612],[-6.0602,37.92065],[-6.06939,37.92116],[-6.07691,37.91917],[-6.09634,37.91891],[-6.10276,37.91697],[-6.11507,37.90831],[-6.1251,37.90334],[-6.12539,37.90091],[-6.13631,37.89573],[-6.14142,37.88499],[-6.14598,37.88385],[-6.15084,37.87648],[-6.15919,37.87344],[-6.16023,37.86589],[-6.16429,37.86201],[-6.16362,37.85794],[-6.15904,37.85411],[-6.15173,37.85376],[-6.14567,37.85691],[-6.14216,37.85567],[-6.13843,37.84433],[-6.13458,37.8417],[-6.13542,37.83493],[-6.12959,37.83234],[-6.12621,37.8241],[-6.12594,37.81855],[-6.12166,37.81659],[-6.12713,37.81146],[-6.1243,37.80476],[-6.12643,37.79717],[-6.12907,37.7958],[-6.1382,37.79546],[-6.13386,37.79003],[-6.13402,37.78783]]]}},{"type":"Feature","properties":{"shapeISO":"","shapeID":"28895703B42153424457167","shapeGroup":"ESP","shapeType":"ADM3","name":"Almensilla"},"geometry":{"type":"Polygon","coordinates":[[[-6.14123,37.2917],[-6.13804,37.29819],[-6.13195,37.30273],[-6.12207,37.30323],[-6.11484,37.29866],[-6.11326,37.29461],[-6.10766,37.28906],[-6.09796,37.28874],[-6.08601,37.28562],[-6.07844,37.29686],[-6.08789,37.30927],[-6.09136,37.31763],[-6.08976,37.31859],[-6.09003,37.32161],[-6.10481,37.32091],[-6.11564,37.3248],[-6.11871,37.32305],[-6.1246,37.32325],[-6.13215,37.31986],[-6.13574,37.31566],[-6.13643,37.30385],[-6.14793,37.29143],[-6.14123,37.2917]]]}},{"type":"Feature","properties":{"shapeISO":"","shapeID":"28895703B61918402991166","shapeGroup":"ESP","shapeType":"ADM3","name":"Arahal"},"geometry":{"type":"Polygon","coordinates":[[[-5.64949,37.1873],[-5.63606,37.15568],[-5.61852,37.12747],[-5.61384,37.11858],[-5.61233,37.1086],[-5.60418,37.09682],[-5.6043,37.06812],[-5.59952,37.06866],[-5.59684,37.06709],[-5.59499,37.06783],[-5.59649,37.07008],[-5.59132,37.0726],[-5.58,37.07872],[-5.56776,37.0813],[-5.57036,37.08702],[-5.56796,37.09105],[-5.57166,37.09505],[-5.56779,37.09935],[-5.57003,37.10626],[-5.5695,37.1135],[-5.57271,37.12277],[-5.5708,37.1297],[-5.58254,37.13252],[-5.58096,37.14004],[-5.57329,37.14069],[-5.57755,37.15346],[-5.56561,37.16219],[-5.5493,37.16934],[-5.54541,37.17263],[-5.54474,37.17532],[-5.53576,37.17715],[-5.53692,37.18501],[-5.53178,37.18773],[-5.50935,37.19006],[-5.50599,37.18805],[-5.4954,37.18884],[-5.49288,37.19499],[-5.49277,37.2021],[-5.49052,37.20001],[-5.47853,37.19854],[-5.48087,37.20371],[-5.48,37.20507],[-5.48257,37.20766],[-5.48117,37.20861],[-5.4781,37.21004],[-5.46254,37.21111],[-5.46009,37.21473],[-5.44074,37.22427],[-5.43586,37.22322],[-5.43326,37.22425],[-5.43072,37.23037],[-5.43208,37.22924],[-5.43645,37.23229],[-5.44573,37.23303],[-5.45035,37.23635],[-5.45604,37.23719],[-5.47552,37.24472],[-5.50733,37.25066],[-5.51936,37.25655],[-5.53352,37.26108],[-5.53065,37.26245],[-5.53554,37.27117],[-5.54297,37.27234],[-5.54133,37.2735],[-5.5431,37.27424],[-5.54989,37.27112],[-5.55032,37.2687],[-5.55988,37.27212],[-5.56117,37.27005],[-5.5628,37.2705],[-5.57638,37.27611],[-5.58393,37.27433],[-5.58481,37.27612],[-5.60212,37.27122],[-5.61058,37.27029],[-5.62134,37.26551],[-5.6271,37.261],[-5.64212,37.25727],[-5.65069,37.24739],[-5.65861,37.2119],[-5.64949,37.1873]]]}},{"type":"Feature","properties":{"shapeISO":"","shapeID":"28895703B49341531925822","shapeGroup":"ESP","shapeType":"ADM3","name":"Aznalcázar"},"geometry":{"type":"Polygon","coordinates":[[[-6.29905,36.90638],[-6.29408,36.90573],[-6.27829,36.91085],[-6.26973,36.93223],[-6.2684,36.94432],[-6.27135,36.9497],[-6.28514,36.95806],[-6.28918,36.96281],[-6.28962,36.98284],[-6.2881,36.98696],[-6.27838,36.99363],[-6.26149,36.99154],[-6.2542,36.9944],[-6.25329,36.99902],[-6.25875,37.00855],[-6.25952,37.01415],[-6.25324,37.02548],[-6.2466,37.03228],[-6.2413,37.03405],[-6.23508,37.03374],[-6.22799,37.02374],[-6.22402,37.0217],[-6.2199,37.02164],[-6.21316,37.02547],[-6.20228,37.03847],[-6.19913,37.04799],[-6.20076,37.05984],[-6.20749,37.06459],[-6.22404,37.06957],[-6.22643,37.08312],[-6.23177,37.09067],[-6.24034,37.0948],[-6.2542,37.09714],[-6.25806,37.10123],[-6.25365,37.1083],[-6.24216,37.11007],[-6.23832,37.11223],[-6.22992,37.12968],[-6.22352,37.13744],[-6.21348,37.14354],[-6.19504,37.1509],[-6.19406,37.1674],[-6.19979,37.1768],[-6.19916,37.18105],[-6.19396,37.18777],[-6.19628,37.19058],[-6.1942,37.20038],[-6.19582,37.20329],[-6.19316,37.21395],[-6.1934,37.22466],[-6.19024,37.23469],[-6.18607,37.23969],[-6.18576,37.24782],[-6.18081,37.25428],[-6.18143,37.25577],[-6.1976,37.27298],[-6.20171,37.27284],[-6.20577,37.27584],[-6.21064,37.28447],[-6.21035,37.28624],[-6.20624,37.28884],[-6.20499,37.29255],[-6.21455,37.30672],[-6.21113,37.31054],[-6.21581,37.31117],[-6.21637,37.31393],[-6.2223,37.31759],[-6.22039,37.31848],[-6.22048,37.32043],[-6.22552,37.32056],[-6.22979,37.31819],[-6.23612,37.32095],[-6.24058,37.31937],[-6.24272,37.32364],[-6.24565,37.32436],[-6.24544,37.32698],[-6.25231,37.32774],[-6.26793,37.31944],[-6.27386,37.31808],[-6.28537,37.31834],[-6.28908,37.31994],[-6.2907,37.31904],[-6.28977,37.31778],[-6.29203,37.31191],[-6.2889,37.3048],[-6.28463,37.3003],[-6.2821,37.28629],[-6.28048,37.28289],[-6.27653,37.28127],[-6.27412,37.27632],[-6.27606,37.27605],[-6.27498,37.2736],[-6.28329,37.26773],[-6.29291,37.26649],[-6.28553,37.26118],[-6.28251,37.26355],[-6.27645,37.26596],[-6.27281,37.2655],[-6.26841,37.26839],[-6.26168,37.26207],[-6.26493,37.25775],[-6.26978,37.25518],[-6.26853,37.24736],[-6.27204,37.24685],[-6.27278,37.24507],[-6.27089,37.24147],[-6.27941,37.24095],[-6.28209,37.22929],[-6.30498,37.18705],[-6.33612,37.16962],[-6.34811,37.15308],[-6.35294,37.15037],[-6.3529,37.14736],[-6.35899,37.14113],[-6.35967,37.13843],[-6.35553,37.13451],[-6.34866,37.13237],[-6.34583,37.12866],[-6.34318,37.12801],[-6.34329,37.12114],[-6.34997,37.12104],[-6.35364,37.11819],[-6.36009,37.11729],[-6.35631,37.11064],[-6.3684,37.10426],[-6.37663,37.09759],[-6.38592,37.08208],[-6.38593,37.07198],[-6.38045,37.05852],[-6.3787,37.04442],[-6.35925,37.00618],[-6.35394,36.98849],[-6.36118,36.9719],[-6.35972,36.95972],[-6.36381,36.9458],[-6.37317,36.93659],[-6.37889,36.93471],[-6.36987,36.92585],[-6.35685,36.91904],[-6.34562,36.90752],[-6.33466,36.90324],[-6.33101,36.8988],[-6.30142,36.90459],[-6.29905,36.90638]]]}},{"type":"Feature","properties":{"shapeISO":"","shapeID":"28895703B91016107093772","shapeGroup":"ESP","shapeType":"ADM3","name":"Aznalcóllar"},"geometry":{"type":"Polygon","coordinates":[[[-6.32228,37.45412],[-6.29314,37.4625],[-6.27767,37.46367],[-6.25854,37.47019],[-6.25885,37.4716],[-6.23995,37.46777],[-6.23803,37.47361],[-6.2286,37.48322],[-6.22869,37.49514],[-6.22546,37.50674],[-6.22682,37.50959],[-6.22322,37.50986],[-6.22147,37.51954],[-6.22388,37.52867],[-6.2294,37.53464],[-6.22931,37.53809],[-6.23221,37.53931],[-6.23398,37.54713],[-6.2375,37.54612],[-6.24108,37.55086],[-6.24343,37.55139],[-6.24559,37.55653],[-6.24903,37.55528],[-6.25032,37.55785],[-6.25378,37.55856],[-6.25531,37.56299],[-6.26045,37.56104],[-6.26058,37.56586],[-6.26235,37.56571],[-6.26361,37.56774],[-6.26254,37.57363],[-6.26388,37.57558],[-6.262,37.57754],[-6.2652,37.57928],[-6.26223,37.58125],[-6.26384,37.58245],[-6.2631,37.58481],[-6.26516,37.58527],[-6.26731,37.58892],[-6.26398,37.589],[-6.2645,37.59043],[-6.2617,37.59184],[-6.26178,37.59629],[-6.25588,37.59967],[-6.25469,37.61169],[-6.25732,37.62855],[-6.27185,37.61869],[-6.28795,37.6165],[-6.31483,37.61588],[-6.32487,37.61827],[-6.34267,37.61761],[-6.35886,37.61862],[-6.3788,37.61585],[-6.39512,37.61101],[-6.39588,37.60767],[-6.39426,37.60413],[-6.3978,37.60144],[-6.39726,37.60022],[-6.40043,37.60103],[-6.40209,37.5989],[-6.39921,37.59833],[-6.39828,37.59548],[-6.40021,37.59468],[-6.3982,37.59401],[-6.39958,37.59141],[-6.39325,37.58811],[-6.39338,37.58566],[-6.39553,37.58511],[-6.39527,37.58284],[-6.39762,37.58433],[-6.4002,37.58398],[-6.40243,37.57994],[-6.3924,37.55405],[-6.38908,37.55145],[-6.38429,37.55105],[-6.37534,37.5464],[-6.36648,37.53576],[-6.3673,37.53137],[-6.36978,37.52964],[-6.36724,37.51828],[-6.36216,37.51354],[-6.35808,37.50471],[-6.36048,37.50441],[-6.35809,37.4999],[-6.35668,37.50085],[-6.3556,37.49996],[-6.35618,37.49617],[-6.34665,37.49342],[-6.33835,37.48534],[-6.33928,37.48267],[-6.33257,37.47026],[-6.33277,37.4649],[-6.32491,37.45752],[-6.325,37.4554],[-6.32228,37.45412]]]}},{"type":"Feature","properties":{"shapeISO":"","shapeID":"28895703B29206344709212","shapeGroup":"ESP","shapeType":"ADM3","name":"Benacazón"},"geometry":{"type":"Polygon","coordinates":[[[-6.20499,37.29255],[-6.20052,37.29551],[-6.1992,37.30183],[-6.19368,37.30188],[-6.19385,37.30511],[-6.18489,37.31124],[-6.18327,37.32129],[-6.18746,37.3246],[-6.18463,37.32675],[-6.18508,37.33412],[-6.17625,37.33808],[-6.18191,37.3483],[-6.1861,37.35114],[-6.18594,37.35349],[-6.18232,37.35438],[-6.1836,37.35527],[-6.18908,37.35653],[-6.19304,37.36294],[-6.20532,37.36331],[-6.20832,37.36002],[-6.21169,37.35922],[-6.22448,37.36156],[-6.22398,37.36631],[-6.22826,37.36693],[-6.23046,37.37527],[-6.23316,37.37511],[-6.23798,37.38027],[-6.24424,37.38254],[-6.2415,37.37977],[-6.24419,37.37644],[-6.24324,37.36338],[-6.24619,37.34952],[-6.22568,37.33986],[-6.22556,37.33768],[-6.23029,37.33467],[-6.22567,37.33524],[-6.22585,37.33343],[-6.22899,37.33069],[-6.23385,37.33379],[-6.23641,37.3309],[-6.23593,37.33396],[-6.24872,37.33682],[-6.25592,37.3312],[-6.25231,37.32774],[-6.24544,37.32698],[-6.24565,37.32436],[-6.24272,37.32364],[-6.24058,37.31937],[-6.23612,37.32095],[-6.22979,37.31819],[-6.22552,37.32056],[-6.22048,37.32043],[-6.22039,37.31848],[-6.2223,37.31759],[-6.21637,37.31393],[-6.21581,37.31117],[-6.21113,37.31054],[-6.21455,37.30672],[-6.20499,37.29255]]]}},{"type":"Feature","properties":{"shapeISO":"","shapeID":"28895703B10546812032304","shapeGroup":"ESP","shapeType":"ADM3","name":"Bollullos de la Mitación"},"geometry":{"type":"Polygon","coordinates":[[[-6.13215,37.31986],[-6.13114,37.32584],[-6.1183,37.32768],[-6.11578,37.32767],[-6.11468,37.32559],[-6.11204,37.32759],[-6.09841,37.3261],[-6.09352,37.3277],[-6.0924,37.34434],[-6.09483,37.3497],[-6.09458,37.35613],[-6.10501,37.35734],[-6.11905,37.35496],[-6.11956,37.35663],[-6.11716,37.35929],[-6.11846,37.3626],[-6.12199,37.36282],[-6.12153,37.36751],[-6.1252,37.36852],[-6.12517,37.37514],[-6.12918,37.37667],[-6.13423,37.3691],[-6.13813,37.36801],[-6.13982,37.36536],[-6.14261,37.37085],[-6.14608,37.36821],[-6.14804,37.36939],[-6.15184,37.36899],[-6.14895,37.37086],[-6.1493,37.37164],[-6.14787,37.37158],[-6.14736,37.3746],[-6.15381,37.37271],[-6.15405,37.37098],[-6.15271,37.37131],[-6.15262,37.36978],[-6.15232,37.36967],[-6.1519,37.36896],[-6.15139,37.36862],[-6.15311,37.3663],[-6.15155,37.36358],[-6.15435,37.36176],[-6.15466,37.36373],[-6.15648,37.36368],[-6.15708,37.36526],[-6.1584,37.3644],[-6.1534,37.35887],[-6.15666,37.35337],[-6.16675,37.35201],[-6.17747,37.34651],[-6.18051,37.34725],[-6.18223,37.35066],[-6.18055,37.35307],[-6.18232,37.35438],[-6.18594,37.35349],[-6.1861,37.35114],[-6.18191,37.3483],[-6.17625,37.33808],[-6.18508,37.33412],[-6.18463,37.32675],[-6.18746,37.3246],[-6.18327,37.32129],[-6.18489,37.31124],[-6.19385,37.30511],[-6.19368,37.30188],[-6.1992,37.30183],[-6.20052,37.29551],[-6.19902,37.29357],[-6.19594,37.29371],[-6.19106,37.29086],[-6.18926,37.28411],[-6.19264,37.27605],[-6.1976,37.27298],[-6.18143,37.25577],[-6.17273,37.25451],[-6.16438,37.26008],[-6.15292,37.25638],[-6.14152,37.25907],[-6.13854,37.27562],[-6.14244,37.28617],[-6.14123,37.2917],[-6.14793,37.29143],[-6.13643,37.30385],[-6.13574,37.31566],[-6.13215,37.31986]],[[-6.13982,37.36536],[-6.13194,37.36545],[-6.12911,37.36306],[-6.12994,37.36076],[-6.13928,37.36311],[-6.13982,37.36536]],[[-6.10616,37.32806],[-6.10957,37.32891],[-6.11323,37.32796],[-6.11541,37.32997],[-6.11806,37.32956],[-6.1176,37.3339],[-6.11915,37.33461],[-6.12007,37.3404],[-6.11408,37.34209],[-6.10602,37.34213],[-6.10421,37.33343],[-6.11051,37.33344],[-6.10262,37.33055],[-6.10616,37.32806]]]}},{"type":"Feature","properties":{"shapeISO":"","shapeID":"28895703B43199648294502","shapeGroup":"ESP","shapeType":"ADM3","name":"Bormujos"},"geometry":{"type":"Polygon","coordinates":[[[-6.0924,37.34434],[-6.08399,37.34893],[-6.08001,37.34815],[-6.07397,37.34942],[-6.06789,37.35367],[-6.06406,37.35358],[-6.05587,37.35796],[-6.05732,37.36009],[-6.06055,37.3595],[-6.0586,37.36292],[-6.06249,37.3702],[-6.06278,37.37668],[-6.06476,37.38473],[-6.07403,37.3805],[-6.07817,37.37683],[-6.08317,37.37624],[-6.09207,37.37821],[-6.09742,37.37677],[-6.10042,37.37528],[-6.09628,37.36715],[-6.1161,37.36445],[-6.11606,37.36291],[-6.11846,37.3626],[-6.11716,37.35929],[-6.11956,37.35663],[-6.11905,37.35496],[-6.10501,37.35734],[-6.09458,37.35613],[-6.09483,37.3497],[-6.0924,37.34434]]]}},{"type":"Feature","properties":{"shapeISO":"","shapeID":"28895703B77932498400732","shapeGroup":"ESP","shapeType":"ADM3","name":"Brenes"},"geometry":{"type":"Polygon","coordinates":[[[-5.90702,37.53654],[-5.90643,37.53851],[-5.89448,37.54058],[-5.88969,37.54347],[-5.88646,37.54372],[-5.88511,37.53789],[-5.88225,37.53557],[-5.87493,37.53489],[-5.8735,37.5335],[-5.87504,37.53122],[-5.87409,37.52946],[-5.86939,37.52721],[-5.85148,37.54811],[-5.83433,37.55771],[-5.85647,37.57943],[-5.86774,37.57376],[-5.8683,37.56896],[-5.87147,37.56639],[-5.88844,37.56145],[-5.89101,37.56243],[-5.89197,37.56796],[-5.89521,37.57165],[-5.90105,37.57115],[-5.90618,37.56508],[-5.90403,37.55538],[-5.90051,37.54903],[-5.90444,37.54843],[-5.91039,37.55522],[-5.91529,37.55272],[-5.92308,37.55257],[-5.92428,37.55109],[-5.92346,37.54557],[-5.91981,37.54117],[-5.90702,37.53654]]]}},{"type":"Feature","properties":{"shapeISO":"","shapeID":"28895703B459639097804","shapeGroup":"ESP","shapeType":"ADM3","name":"Burguillos"},"geometry":{"type":"Polygon","coordinates":[[[-5.91871,37.57815],[-5.92602,37.5919],[-5.9312,37.61072],[-5.9265,37.63596],[-5.93345,37.63876],[-5.94014,37.63639],[-5.95268,37.63575],[-5.95991,37.63331],[-5.98474,37.6295],[-6.00221,37.61979],[-5.99721,37.6125],[-5.9927,37.58826],[-5.98822,37.58459],[-5.97961,37.56907],[-5.97184,37.56971],[-5.96385,37.55651],[-5.95569,37.56125],[-5.95192,37.56115],[-5.95135,37.56548],[-5.94925,37.56227],[-5.94366,37.56077],[-5.93984,37.57],[-5.92944,37.57275],[-5.91871,37.57815]]]}},{"type":"Feature","properties":{"shapeISO":"","shapeID":"28895703B60516385897073","shapeGroup":"ESP","shapeType":"ADM3","name":"Las Cabezas de San Juan"},"geometry":{"type":"Polygon","coordinates":[[[-5.83179,36.91565],[-5.8322,36.91891],[-5.83691,36.92421],[-5.83959,36.92497],[-5.83474,36.93109],[-5.83487,36.93757],[-5.80902,36.94888],[-5.80777,36.95196],[-5.81255,36.95672],[-5.81583,36.96355],[-5.8155,36.96748],[-5.82626,36.97818],[-5.82736,36.98559],[-5.83639,36.98746],[-5.84529,36.99222],[-5.87029,37.02644],[-5.8844,37.03346],[-5.89002,37.03294],[-5.89469,37.03487],[-5.90538,37.04271],[-5.91205,37.04428],[-5.92076,37.04322],[-5.92195,37.04834],[-5.94673,37.05689],[-5.97761,37.06312],[-6.01164,37.072],[-6.0298,37.07445],[-6.03494,37.07867],[-6.03778,37.07865],[-6.04408,37.05744],[-6.04734,37.05456],[-6.05339,37.05414],[-6.05351,37.04492],[-5.99691,36.97565],[-5.98907,36.9625],[-5.97595,36.94874],[-5.97543,36.94606],[-5.95341,36.93748],[-5.94562,36.93117],[-5.93936,36.93144],[-5.92731,36.92335],[-5.92372,36.923],[-5.92304,36.91532],[-5.92162,36.91426],[-5.91783,36.91574],[-5.91571,36.9141],[-5.91194,36.90652],[-5.91328,36.90594],[-5.8921,36.90389],[-5.88256,36.89776],[-5.8696,36.8937],[-5.85991,36.89997],[-5.84551,36.91521],[-5.83726,36.91438],[-5.83179,36.91565]]]}},{"type":"Feature","properties":{"shapeISO":"","shapeID":"28895703B94923763298469","shapeGroup":"ESP","shapeType":"ADM3","name":"Camas"},"geometry":{"type":"Polygon","coordinates":[[[-6.06227,37.39997],[-6.06307,37.3971],[-6.06087,37.39317],[-6.04419,37.38947],[-6.04398,37.38819],[-6.04598,37.38765],[-6.04546,37.38151],[-6.03989,37.38014],[-6.03502,37.38068],[-6.03382,37.37786],[-6.03122,37.37683],[-6.02239,37.38109],[-6.02464,37.38568],[-6.02481,37.3919],[-6.01568,37.40079],[-6.01259,37.41339],[-6.01439,37.41295],[-6.03025,37.42384],[-6.0348,37.42288],[-6.03422,37.42115],[-6.04368,37.41541],[-6.04319,37.41202],[-6.04602,37.40935],[-6.04555,37.40665],[-6.04883,37.40076],[-6.06227,37.39997]]]}},{"type":"Feature","properties":{"shapeISO":"","shapeID":"28895703B73793452737844","shapeGroup":"ESP","shapeType":"ADM3","name":"La Campana"},"geometry":{"type":"Polygon","coordinates":[[[-5.39177,37.62386],[-5.41188,37.61317],[-5.42707,37.59865],[-5.4552,37.59177],[-5.46013,37.58924],[-5.48869,37.58291],[-5.49622,37.58273],[-5.48534,37.56477],[-5.48231,37.55372],[-5.47677,37.55119],[-5.46816,37.52567],[-5.45698,37.49988],[-5.43555,37.50705],[-5.39892,37.50986],[-5.37987,37.50543],[-5.33505,37.51331],[-5.33383,37.53087],[-5.33925,37.54483],[-5.34102,37.56642],[-5.34612,37.57396],[-5.34757,37.58518],[-5.35399,37.58423],[-5.35815,37.58514],[-5.35703,37.59658],[-5.35993,37.60545],[-5.36853,37.60682],[-5.37227,37.60963],[-5.3812,37.61091],[-5.38203,37.61455],[-5.38439,37.61437],[-5.38934,37.61997],[-5.39186,37.62064],[-5.39177,37.62386]]]}},{"type":"Feature","properties":{"shapeISO":"","shapeID":"28895703B11676404240450","shapeGroup":"ESP","shapeType":"ADM3","name":"Cantillana"},"geometry":{"type":"Polygon","coordinates":[[[-5.83433,37.55771],[-5.81904,37.56505],[-5.81142,37.5672],[-5.80166,37.56703],[-5.77954,37.57402],[-5.75053,37.58495],[-5.75164,37.58999],[-5.74992,37.59029],[-5.75579,37.60533],[-5.75123,37.61635],[-5.76741,37.62187],[-5.77785,37.62023],[-5.78625,37.64692],[-5.7848,37.65281],[-5.77753,37.65895],[-5.77968,37.66404],[-5.77745,37.66986],[-5.79208,37.68732],[-5.81422,37.68733],[-5.83643,37.6849],[-5.83316,37.68149],[-5.8422,37.67444],[-5.85433,37.67337],[-5.85857,37.66903],[-5.87117,37.6643],[-5.88297,37.65632],[-5.88128,37.65141],[-5.88206,37.6447],[-5.87191,37.63094],[-5.86851,37.62051],[-5.85178,37.59228],[-5.85578,37.58739],[-5.86593,37.57989],[-5.86774,37.57376],[-5.85647,37.57943],[-5.83433,37.55771]]]}},{"type":"Feature","properties":{"shapeISO":"","shapeID":"28895703B53199457250042","shapeGroup":"ESP","shapeType":"ADM3","name":"Carmona"},"geometry":{"type":"Polygon","coordinates":[[[-5.81013,37.38619],[-5.80175,37.38853],[-5.79388,37.38818],[-5.77554,37.39614],[-5.75599,37.39642],[-5.72093,37.41054],[-5.7157,37.40897],[-5.7073,37.40249],[-5.70242,37.40114],[-5.70129,37.40216],[-5.66892,37.37631],[-5.6784,37.36931],[-5.67988,37.36996],[-5.68307,37.36781],[-5.68816,37.36075],[-5.69065,37.35831],[-5.67353,37.34589],[-5.68785,37.33409],[-5.68934,37.33237],[-5.68827,37.32972],[-5.6948,37.32696],[-5.69898,37.32081],[-5.70298,37.30539],[-5.71503,37.3059],[-5.72186,37.30398],[-5.73332,37.29719],[-5.71395,37.27933],[-5.70461,37.27497],[-5.69329,37.27244],[-5.68745,37.26685],[-5.67028,37.2623],[-5.66363,37.25833],[-5.65818,37.25183],[-5.65069,37.24739],[-5.64212,37.25727],[-5.6271,37.261],[-5.62134,37.26551],[-5.61058,37.27029],[-5.60212,37.27122],[-5.58481,37.27612],[-5.57939,37.28105],[-5.56386,37.30543],[-5.56571,37.32178],[-5.52231,37.35113],[-5.52015,37.35709],[-5.51714,37.37201],[-5.50804,37.3893],[-5.50177,37.39271],[-5.47607,37.40051],[-5.47001,37.39923],[-5.46413,37.39379],[-5.45252,37.39328],[-5.42191,37.40243],[-5.39787,37.4134],[-5.39991,37.42295],[-5.41215,37.43698],[-5.41014,37.45549],[-5.4192,37.48258],[-5.42837,37.48741],[-5.44055,37.48766],[-5.46588,37.48368],[-5.46247,37.49729],[-5.45698,37.49988],[-5.46816,37.52567],[-5.47677,37.55119],[-5.48231,37.55372],[-5.48534,37.56477],[-5.49622,37.58273],[-5.4984,37.58185],[-5.50211,37.58321],[-5.50303,37.58199],[-5.50886,37.58169],[-5.51029,37.58448],[-5.51279,37.58573],[-5.51463,37.58505],[-5.516,37.58736],[-5.5213,37.58852],[-5.53534,37.59569],[-5.54197,37.59582],[-5.55585,37.60004],[-5.56541,37.59957],[-5.57981,37.60587],[-5.59213,37.60666],[-5.60202,37.62101],[-5.61031,37.61907],[-5.61725,37.60985],[-5.62334,37.60711],[-5.63324,37.6081],[-5.64487,37.61362],[-5.65371,37.61092],[-5.65761,37.60738],[-5.65909,37.60195],[-5.65656,37.59668],[-5.65108,37.59355],[-5.64925,37.58997],[-5.64973,37.58628],[-5.66466,37.58213],[-5.67108,37.58507],[-5.67432,37.58511],[-5.67633,37.57995],[-5.67923,37.58017],[-5.68573,37.57524],[-5.69472,37.57762],[-5.7164,37.57729],[-5.72327,37.57579],[-5.73107,37.57189],[-5.75375,37.56817],[-5.76699,37.56777],[-5.77164,37.56406],[-5.77954,37.57402],[-5.80166,37.56703],[-5.81142,37.5672],[-5.81904,37.56505],[-5.83433,37.55771],[-5.85148,37.54811],[-5.86939,37.52721],[-5.8599,37.52062],[-5.85723,37.51238],[-5.84012,37.49894],[-5.83812,37.4871],[-5.82813,37.46487],[-5.81756,37.42478],[-5.81841,37.39871],[-5.81904,37.39009],[-5.81921,37.38549],[-5.81013,37.38619]]]}},{"type":"Feature","properties":{"shapeISO":"","shapeID":"28895703B58902134321248","shapeGroup":"ESP","shapeType":"ADM3","name":"Carrión de los Céspedes"},"geometry":{"type":"Polygon","coordinates":[[[-6.34604,37.36573],[-6.34088,37.35793],[-6.33056,37.35542],[-6.32386,37.34766],[-6.321,37.35263],[-6.31302,37.35775],[-6.31145,37.36039],[-6.31248,37.36286],[-6.31126,37.36486],[-6.3143,37.36924],[-6.31317,37.36997],[-6.31885,37.37524],[-6.3393,37.3746],[-6.34076,37.37195],[-6.34944,37.36809],[-6.34604,37.36573]]]}},{"type":"Feature","properties":{"shapeISO":"","shapeID":"28895703B69716081784061","shapeGroup":"ESP","shapeType":"ADM3","name":"Castilblanco de los Arroyos"},"geometry":{"type":"Polygon","coordinates":[[[-6.00221,37.61979],[-5.98474,37.6295],[-5.95991,37.63331],[-5.95268,37.63575],[-5.94014,37.63639],[-5.93345,37.63876],[-5.9265,37.63596],[-5.90432,37.63872],[-5.88206,37.6447],[-5.88128,37.65141],[-5.88297,37.65632],[-5.87117,37.6643],[-5.85857,37.66903],[-5.85433,37.67337],[-5.8422,37.67444],[-5.83316,37.68149],[-5.83643,37.6849],[-5.84321,37.68997],[-5.86362,37.6974],[-5.86469,37.70624],[-5.87612,37.71193],[-5.88479,37.71947],[-5.88413,37.72413],[-5.87846,37.72774],[-5.87768,37.74519],[-5.88053,37.74887],[-5.88608,37.75054],[-5.88705,37.75482],[-5.88327,37.76121],[-5.88694,37.7615],[-5.8903,37.76442],[-5.8963,37.78217],[-5.90675,37.78394],[-5.91124,37.79103],[-5.91892,37.78821],[-5.92072,37.78503],[-5.93081,37.78229],[-5.93265,37.78304],[-5.93209,37.78779],[-5.93621,37.78835],[-5.93899,37.79228],[-5.94566,37.79518],[-5.9505,37.79485],[-5.95345,37.79679],[-5.95652,37.79485],[-5.96659,37.7983],[-5.96791,37.79609],[-5.97363,37.7935],[-5.97585,37.79515],[-5.98171,37.79434],[-5.98658,37.79566],[-5.9906,37.79261],[-5.99108,37.79508],[-5.99745,37.79704],[-5.99893,37.80104],[-6.00186,37.8018],[-6.00079,37.79978],[-6.00248,37.79897],[-6.00591,37.79945],[-6.01028,37.79726],[-6.01407,37.79835],[-6.01681,37.79691],[-6.02048,37.79825],[-6.02196,37.79608],[-6.02449,37.79588],[-6.02585,37.79239],[-6.02335,37.78781],[-6.0252,37.77961],[-6.03125,37.77906],[-6.03251,37.78167],[-6.04055,37.78276],[-6.03739,37.78405],[-6.04045,37.78508],[-6.04229,37.78411],[-6.04843,37.78643],[-6.0603,37.78591],[-6.06322,37.78779],[-6.06536,37.78708],[-6.06691,37.78331],[-6.07085,37.78541],[-6.07375,37.78489],[-6.07534,37.78228],[-6.08496,37.77771],[-6.10231,37.77265],[-6.11088,37.77411],[-6.1238,37.77189],[-6.12618,37.77024],[-6.13293,37.77009],[-6.13576,37.7652],[-6.13487,37.76272],[-6.12942,37.76076],[-6.13128,37.75415],[-6.13841,37.75246],[-6.14067,37.74925],[-6.13788,37.74705],[-6.13618,37.73323],[-6.13212,37.72827],[-6.12935,37.72853],[-6.12802,37.73255],[-6.12357,37.73123],[-6.12442,37.72685],[-6.12113,37.72269],[-6.12673,37.71741],[-6.12326,37.71658],[-6.11453,37.71666],[-6.10645,37.7129],[-6.10164,37.71589],[-6.09723,37.72276],[-6.09484,37.72209],[-6.09249,37.71808],[-6.08417,37.72231],[-6.08336,37.72004],[-6.08571,37.71731],[-6.07863,37.71021],[-6.07225,37.70931],[-6.06394,37.71021],[-6.06129,37.70874],[-6.06062,37.70113],[-6.05686,37.70061],[-6.05486,37.69653],[-6.05049,37.69711],[-6.04498,37.69001],[-6.04765,37.68626],[-6.04808,37.67507],[-6.04496,37.67426],[-6.03885,37.67727],[-6.03671,37.67414],[-6.03933,37.67035],[-6.03811,37.66127],[-6.04111,37.66053],[-6.04303,37.65512],[-6.04498,37.65566],[-6.05256,37.65193],[-6.05769,37.64673],[-6.05823,37.64351],[-6.05356,37.63684],[-6.04109,37.6336],[-6.03599,37.62927],[-6.03061,37.61848],[-6.01577,37.6156],[-6.00754,37.61694],[-6.00221,37.61979]]]}},{"type":"Feature","properties":{"shapeISO":"","shapeID":"28895703B46590330218482","shapeGroup":"ESP","shapeType":"ADM3","name":"Castilleja de Guzmán"},"geometry":{"type":"Polygon","coordinates":[[[-6.04368,37.41541],[-6.05709,37.41308],[-6.06201,37.40709],[-6.06227,37.39997],[-6.04883,37.40076],[-6.04555,37.40665],[-6.04602,37.40935],[-6.04319,37.41202],[-6.04368,37.41541]]]}},{"type":"Feature","properties":{"shapeISO":"","shapeID":"28895703B73038160495170","shapeGroup":"ESP","shapeType":"ADM3","name":"Castilleja de la Cuesta"},"geometry":{"type":"Polygon","coordinates":[[[-6.06278,37.37668],[-6.05321,37.3817],[-6.04546,37.38151],[-6.04598,37.38765],[-6.04398,37.38819],[-6.04419,37.38947],[-6.06087,37.39317],[-6.06229,37.39325],[-6.06449,37.38979],[-6.06476,37.38473],[-6.06278,37.37668]]]}},{"type":"Feature","properties":{"shapeISO":"","shapeID":"28895703B80213815028481","shapeGroup":"ESP","shapeType":"ADM3","name":"Castilleja del Campo"},"geometry":{"type":"Polygon","coordinates":[[[-6.34944,37.36809],[-6.34076,37.37195],[-6.3393,37.3746],[-6.31885,37.37524],[-6.31937,37.3769],[-6.31412,37.38044],[-6.31447,37.38362],[-6.30989,37.39126],[-6.31134,37.39448],[-6.32469,37.40636],[-6.33073,37.41543],[-6.35645,37.41205],[-6.36209,37.40147],[-6.35434,37.39713],[-6.35452,37.3945],[-6.35585,37.3864],[-6.36196,37.37574],[-6.35594,37.37375],[-6.35556,37.37078],[-6.35254,37.36878],[-6.35089,37.36979],[-6.34944,37.36809]]]}},{"type":"Feature","properties":{"shapeISO":"","shapeID":"28895703B53703547270694","shapeGroup":"ESP","shapeType":"ADM3","name":"El Castillo de las Guardas"},"geometry":{"type":"Polygon","coordinates":[[[-6.48492,37.69769],[-6.46694,37.69521],[-6.45975,37.69858],[-6.45509,37.69607],[-6.4481,37.6977],[-6.43689,37.69549],[-6.43155,37.68705],[-6.41593,37.67884],[-6.41065,37.67784],[-6.4073,37.67145],[-6.40026,37.67014],[-6.39646,37.67155],[-6.39005,37.66864],[-6.37801,37.66631],[-6.37665,37.66175],[-6.37326,37.66013],[-6.37548,37.65959],[-6.37576,37.65743],[-6.37252,37.65643],[-6.37026,37.65128],[-6.37208,37.64619],[-6.36266,37.64256],[-6.35981,37.63548],[-6.35568,37.63538],[-6.35674,37.63203],[-6.35407,37.62694],[-6.35117,37.62735],[-6.34989,37.62594],[-6.34614,37.62871],[-6.34677,37.6253],[-6.34475,37.62308],[-6.34492,37.62597],[-6.34259,37.62684],[-6.34008,37.62195],[-6.34267,37.61761],[-6.32487,37.61827],[-6.31483,37.61588],[-6.28795,37.6165],[-6.27185,37.61869],[-6.25732,37.62855],[-6.24909,37.62982],[-6.23273,37.63634],[-6.22509,37.63912],[-6.20923,37.64848],[-6.21541,37.65],[-6.20154,37.65765],[-6.19554,37.66256],[-6.19132,37.66934],[-6.18767,37.67078],[-6.19027,37.67249],[-6.19547,37.67199],[-6.19754,37.67313],[-6.19678,37.67538],[-6.18932,37.67895],[-6.19251,37.68268],[-6.19209,37.68864],[-6.1949,37.68914],[-6.20004,37.68573],[-6.20352,37.68672],[-6.20277,37.69284],[-6.21567,37.72151],[-6.22563,37.72755],[-6.23481,37.73856],[-6.23384,37.74399],[-6.23632,37.7443],[-6.2466,37.74077],[-6.255,37.74518],[-6.25389,37.74754],[-6.24548,37.74674],[-6.24467,37.74775],[-6.24745,37.7575],[-6.25232,37.76314],[-6.25784,37.76063],[-6.26618,37.7614],[-6.27121,37.75877],[-6.27849,37.75841],[-6.30321,37.76166],[-6.31102,37.76487],[-6.31989,37.76395],[-6.32925,37.75981],[-6.3488,37.75744],[-6.353,37.75533],[-6.3602,37.75491],[-6.37608,37.75009],[-6.39003,37.74769],[-6.42348,37.73407],[-6.43088,37.72747],[-6.44999,37.7189],[-6.45429,37.72134],[-6.46208,37.72105],[-6.47378,37.72533],[-6.48105,37.72251],[-6.48059,37.72075],[-6.48304,37.72082],[-6.48077,37.71581],[-6.47567,37.71449],[-6.47336,37.70936],[-6.47498,37.70896],[-6.47651,37.71201],[-6.47867,37.71178],[-6.4795,37.70534],[-6.48484,37.70114],[-6.48492,37.69769]]]}},{"type":"Feature","properties":{"shapeISO":"","shapeID":"28895703B97684546720832","shapeGroup":"ESP","shapeType":"ADM3","name":"Cazalla de la Sierra"},"geometry":{"type":"Polygon","coordinates":[[[-5.76662,37.99864],[-5.77404,37.99942],[-5.77695,37.99802],[-5.78193,37.99949],[-5.78396,38.00342],[-5.78792,38.00389],[-5.78866,38.00846],[-5.79668,38.01042],[-5.80363,38.01484],[-5.80892,38.02225],[-5.81992,38.02428],[-5.83429,38.03084],[-5.84249,38.03197],[-5.85676,38.03692],[-5.862,38.03455],[-5.87358,38.0365],[-5.87685,38.03872],[-5.88188,38.03457],[-5.88482,38.03502],[-5.88701,38.03142],[-5.89438,38.03451],[-5.8984,38.03165],[-5.89731,38.03047],[-5.90013,38.02579],[-5.89769,38.02471],[-5.89977,38.02377],[-5.90178,38.02429],[-5.90209,38.02724],[-5.90457,38.02793],[-5.90409,38.03166],[-5.90621,38.03388],[-5.91282,38.03488],[-5.91477,38.03331],[-5.91785,38.03543],[-5.92485,38.02758],[-5.93646,38.02442],[-5.94057,38.01489],[-5.9446,38.01131],[-5.94674,38.00376],[-5.95369,37.99535],[-5.95478,37.98614],[-5.96065,37.97854],[-5.95897,37.97377],[-5.96009,37.96946],[-5.95686,37.96653],[-5.93882,37.96163],[-5.94517,37.95577],[-5.94064,37.9465],[-5.94247,37.92812],[-5.93405,37.9234],[-5.93249,37.91661],[-5.93487,37.91452],[-5.93909,37.91688],[-5.94229,37.91692],[-5.94265,37.91225],[-5.94961,37.91106],[-5.95435,37.90702],[-5.9566,37.90182],[-5.95437,37.89237],[-5.96009,37.89156],[-5.96235,37.88983],[-5.96035,37.88562],[-5.96288,37.87893],[-5.9586,37.87779],[-5.95363,37.87364],[-5.94045,37.87037],[-5.93854,37.86914],[-5.93894,37.86643],[-5.9334,37.86514],[-5.92833,37.86157],[-5.94296,37.84858],[-5.93578,37.84582],[-5.93324,37.84051],[-5.92494,37.83921],[-5.92264,37.82897],[-5.91858,37.82394],[-5.91182,37.82573],[-5.90936,37.82459],[-5.90879,37.82104],[-5.9054,37.82034],[-5.90544,37.82396],[-5.90092,37.82428],[-5.90083,37.828],[-5.88761,37.83421],[-5.88766,37.84172],[-5.88312,37.84337],[-5.88023,37.83991],[-5.87626,37.84164],[-5.87881,37.84415],[-5.87533,37.84897],[-5.87763,37.85259],[-5.87496,37.85279],[-5.86852,37.85782],[-5.8691,37.86595],[-5.86324,37.86857],[-5.86121,37.86662],[-5.86272,37.87071],[-5.8581,37.87097],[-5.85616,37.87579],[-5.85201,37.87423],[-5.84894,37.87507],[-5.84499,37.8705],[-5.83719,37.86568],[-5.83091,37.86702],[-5.81742,37.88288],[-5.81049,37.87979],[-5.803,37.87952],[-5.79619,37.88294],[-5.79087,37.88003],[-5.78801,37.88229],[-5.78006,37.88312],[-5.77848,37.88184],[-5.77943,37.87868],[-5.77131,37.87538],[-5.76848,37.87185],[-5.75565,37.86529],[-5.74465,37.86638],[-5.74192,37.8649],[-5.74177,37.86171],[-5.73762,37.85965],[-5.73019,37.86298],[-5.72723,37.86525],[-5.73078,37.87235],[-5.72733,37.88559],[-5.72901,37.88748],[-5.73448,37.88842],[-5.73797,37.89206],[-5.73601,37.89673],[-5.72977,37.90082],[-5.72435,37.90126],[-5.72282,37.909],[-5.71562,37.9161],[-5.71566,37.92502],[-5.70845,37.93129],[-5.69836,37.93463],[-5.69551,37.93421],[-5.6854,37.93891],[-5.67618,37.93777],[-5.6776,37.94788],[-5.67999,37.95126],[-5.6831,37.95063],[-5.70299,37.96634],[-5.72298,37.97695],[-5.72998,37.9779],[-5.75593,37.99265],[-5.76035,37.99655],[-5.76662,37.99864]]]}},{"type":"Feature","properties":{"shapeISO":"","shapeID":"28895703B86223348986243","shapeGroup":"ESP","shapeType":"ADM3","name":"Constantina"},"geometry":{"type":"Polygon","coordinates":[[[-5.57638,37.98121],[-5.60397,37.9618],[-5.61584,37.95076],[-5.62991,37.94555],[-5.6527,37.94309],[-5.6586,37.94718],[-5.67436,37.95408],[-5.6831,37.95063],[-5.67999,37.95126],[-5.6776,37.94788],[-5.67618,37.93777],[-5.6854,37.93891],[-5.69551,37.93421],[-5.69836,37.93463],[-5.70845,37.93129],[-5.71566,37.92502],[-5.71562,37.9161],[-5.72282,37.909],[-5.72435,37.90126],[-5.72977,37.90082],[-5.73601,37.89673],[-5.73797,37.89206],[-5.73448,37.88842],[-5.72901,37.88748],[-5.72733,37.88559],[-5.73078,37.87235],[-5.72723,37.86525],[-5.73019,37.86298],[-5.724,37.86203],[-5.71932,37.85769],[-5.71128,37.85416],[-5.71063,37.84991],[-5.69932,37.84153],[-5.69677,37.83246],[-5.69247,37.83063],[-5.68766,37.83065],[-5.68524,37.82729],[-5.6857,37.82427],[-5.67749,37.82771],[-5.6722,37.82456],[-5.67717,37.81124],[-5.68271,37.80898],[-5.68566,37.80362],[-5.68573,37.79886],[-5.67997,37.79572],[-5.67898,37.7929],[-5.68135,37.78577],[-5.68514,37.78478],[-5.68652,37.78292],[-5.68434,37.77981],[-5.68649,37.77658],[-5.6832,37.77185],[-5.68572,37.7667],[-5.67915,37.7623],[-5.68021,37.75661],[-5.67844,37.75223],[-5.68156,37.75025],[-5.68675,37.74982],[-5.68666,37.74433],[-5.69164,37.73838],[-5.69441,37.73752],[-5.70245,37.73861],[-5.70388,37.73649],[-5.6998,37.73257],[-5.70213,37.72644],[-5.6975,37.72291],[-5.70011,37.72084],[-5.7011,37.71391],[-5.69638,37.71557],[-5.69252,37.7117],[-5.69305,37.70873],[-5.69727,37.70399],[-5.67614,37.70405],[-5.66994,37.70692],[-5.66759,37.7098],[-5.65665,37.71268],[-5.64845,37.71754],[-5.6378,37.72133],[-5.6158,37.71967],[-5.59643,37.73363],[-5.58963,37.73313],[-5.57409,37.73574],[-5.56148,37.7385],[-5.54402,37.74629],[-5.51166,37.75124],[-5.51138,37.76001],[-5.51389,37.76404],[-5.51134,37.76687],[-5.51089,37.77948],[-5.51471,37.78824],[-5.51272,37.8002],[-5.50346,37.81789],[-5.49781,37.82464],[-5.49529,37.83515],[-5.49061,37.83642],[-5.48859,37.84536],[-5.48515,37.84891],[-5.48614,37.85229],[-5.44292,37.86481],[-5.43345,37.86929],[-5.42824,37.8685],[-5.42926,37.87552],[-5.43474,37.87859],[-5.43302,37.87976],[-5.43145,37.87879],[-5.42976,37.88111],[-5.4306,37.88254],[-5.43497,37.88517],[-5.43624,37.88391],[-5.43858,37.88602],[-5.44111,37.88529],[-5.44699,37.89057],[-5.44634,37.89545],[-5.44787,37.89633],[-5.451,37.89503],[-5.4528,37.89712],[-5.45533,37.89569],[-5.45918,37.89953],[-5.46313,37.90918],[-5.46837,37.90956],[-5.47267,37.91299],[-5.47733,37.91187],[-5.47976,37.91865],[-5.4893,37.92181],[-5.49123,37.92821],[-5.49902,37.933],[-5.50401,37.9337],[-5.50372,37.94044],[-5.50819,37.9482],[-5.51712,37.95178],[-5.51846,37.95312],[-5.51675,37.9578],[-5.5223,37.9603],[-5.51551,37.96748],[-5.51711,37.9749],[-5.51329,37.98101],[-5.54632,37.98002],[-5.54939,37.97893],[-5.55797,37.98126],[-5.57638,37.98121]]]}},{"type":"Feature","properties":{"shapeISO":"","shapeID":"28895703B22087537806899","shapeGroup":"ESP","shapeType":"ADM3","name":"Coria del Río"},"geometry":{"type":"Polygon","coordinates":[[[-6.08601,37.28562],[-6.07993,37.28019],[-6.05443,37.27259],[-6.05971,37.26187],[-6.06123,37.2465],[-6.05374,37.22897],[-6.07425,37.21504],[-6.07695,37.21179],[-6.07632,37.20644],[-6.07,37.20537],[-6.06404,37.20617],[-6.05782,37.21571],[-6.05268,37.21637],[-6.05093,37.21194],[-6.05601,37.19672],[-6.05219,37.19505],[-6.04353,37.19718],[-6.03995,37.19656],[-6.03395,37.18162],[-6.01151,37.20313],[-6.00933,37.20987],[-6.00052,37.21812],[-5.98784,37.24324],[-5.99004,37.25322],[-6.00255,37.26738],[-6.0053,37.26945],[-6.011,37.27023],[-6.02024,37.28085],[-6.04089,37.29588],[-6.04043,37.29758],[-6.04204,37.30029],[-6.05153,37.30438],[-6.05396,37.30367],[-6.07148,37.30732],[-6.07418,37.3001],[-6.07844,37.29686],[-6.08601,37.28562]]]}},{"type":"Feature","properties":{"shapeISO":"","shapeID":"28895703B89771066521463","shapeGroup":"ESP","shapeType":"ADM3","name":"Coripe"},"geometry":{"type":"Polygon","coordinates":[[[-5.41285,36.94066],[-5.4168,36.94535],[-5.41317,36.9512],[-5.41336,36.95402],[-5.40097,36.96273],[-5.39239,36.97328],[-5.38272,36.97908],[-5.37593,36.98],[-5.37409,36.98233],[-5.3653,36.98566],[-5.36098,36.98501],[-5.35968,36.99249],[-5.35596,36.99432],[-5.3522,36.99409],[-5.34951,36.99699],[-5.34535,36.99739],[-5.33965,37.00456],[-5.34265,37.00618],[-5.34641,37.00607],[-5.34956,37.00848],[-5.3524,37.00695],[-5.36331,37.01441],[-5.36414,37.01787],[-5.36135,37.02373],[-5.3634,37.02711],[-5.37419,37.02207],[-5.37627,37.02263],[-5.38096,37.02486],[-5.38544,37.02959],[-5.38537,37.03151],[-5.39471,37.03463],[-5.39674,37.04014],[-5.3989,37.04154],[-5.40485,37.03635],[-5.40233,37.02703],[-5.40496,37.02461],[-5.40035,37.02286],[-5.39631,37.01879],[-5.39797,37.01293],[-5.40103,37.01158],[-5.40746,37.01708],[-5.41301,37.01402],[-5.41609,37.01492],[-5.42108,37.01115],[-5.42599,37.0057],[-5.427,36.99963],[-5.43524,36.99112],[-5.44247,36.98986],[-5.44489,36.98559],[-5.45294,36.98241],[-5.45646,36.97792],[-5.46004,36.97798],[-5.46028,36.97514],[-5.45717,36.97414],[-5.45456,36.9612],[-5.44592,36.95667],[-5.44795,36.95419],[-5.44543,36.94968],[-5.44627,36.94644],[-5.44126,36.94396],[-5.43895,36.93529],[-5.41285,36.94066]]]}},{"type":"Feature","properties":{"shapeISO":"","shapeID":"28895703B45000427082627","shapeGroup":"ESP","shapeType":"ADM3","name":"El Coronil"},"geometry":{"type":"Polygon","coordinates":[[[-5.55085,36.92312],[-5.56043,36.94033],[-5.5802,36.96861],[-5.58244,36.97967],[-5.59247,36.99754],[-5.60239,37.0101],[-5.60545,37.01723],[-5.60511,37.02903],[-5.60844,37.0344],[-5.60973,37.04448],[-5.6043,37.06812],[-5.60418,37.09682],[-5.61233,37.1086],[-5.65365,37.11273],[-5.65834,37.1036],[-5.66368,37.10446],[-5.67157,37.09164],[-5.67168,37.0855],[-5.67852,37.07962],[-5.67925,37.06371],[-5.67729,37.05549],[-5.67892,37.04754],[-5.67392,37.04082],[-5.66806,37.03914],[-5.66547,37.0356],[-5.64919,37.0232],[-5.62012,36.99208],[-5.60852,36.98431],[-5.61242,36.9815],[-5.61357,36.97487],[-5.60177,36.96566],[-5.59695,36.96461],[-5.58815,36.94689],[-5.58687,36.9456],[-5.58585,36.92146],[-5.5834,36.91509],[-5.53382,36.89345],[-5.53936,36.90699],[-5.55085,36.92312]]]}},{"type":"Feature","properties":{"shapeISO":"","shapeID":"28895703B64270809522629","shapeGroup":"ESP","shapeType":"ADM3","name":"Los Corrales"},"geometry":{"type":"Polygon","coordinates":[[[-4.98829,37.06458],[-4.97971,37.06947],[-4.97842,37.07301],[-4.97229,37.07535],[-4.95472,37.09187],[-4.96676,37.09013],[-4.96407,37.09092],[-4.96719,37.09691],[-4.97174,37.09793],[-4.9738,37.10164],[-4.97175,37.10194],[-4.97902,37.10528],[-4.98301,37.10961],[-4.97895,37.12763],[-4.98898,37.13269],[-4.98607,37.13453],[-4.99031,37.13563],[-4.98765,37.1391],[-4.98982,37.14054],[-5.00124,37.14122],[-5.00342,37.14626],[-5.00669,37.14868],[-4.99975,37.14951],[-5.00233,37.15614],[-4.99609,37.15788],[-4.99521,37.16185],[-4.98977,37.16028],[-4.99064,37.16322],[-4.99367,37.16424],[-4.997,37.16816],[-5.00108,37.16712],[-5.00272,37.16932],[-5.00577,37.169],[-5.00993,37.17173],[-5.01097,37.17517],[-5.01533,37.17508],[-5.01756,37.17214],[-5.01247,37.16607],[-5.01671,37.16384],[-5.01849,37.16056],[-5.02627,37.15995],[-5.02984,37.16238],[-5.03241,37.15953],[-5.03021,37.15708],[-5.03277,37.15308],[-5.03937,37.14909],[-5.0429,37.15085],[-5.04459,37.15],[-5.0451,37.14801],[-5.04286,37.14655],[-5.04503,37.14428],[-5.04907,37.14531],[-5.05337,37.14308],[-5.05315,37.14849],[-5.06027,37.14899],[-5.0585,37.14396],[-5.06065,37.14299],[-5.06115,37.13997],[-5.05855,37.13842],[-5.06917,37.13321],[-5.0716,37.1229],[-5.06802,37.12107],[-5.06832,37.11751],[-5.06178,37.11914],[-5.05766,37.11158],[-5.05516,37.11331],[-5.04377,37.11342],[-5.04042,37.11588],[-5.03988,37.11249],[-5.03701,37.11209],[-5.04419,37.10626],[-5.05222,37.10303],[-5.05023,37.10237],[-5.04281,37.10462],[-5.04214,37.10626],[-5.04014,37.10582],[-5.04374,37.09938],[-5.04954,37.09625],[-5.0497,37.0848],[-5.05279,37.08308],[-5.03649,37.08491],[-5.03301,37.08418],[-5.02038,37.08813],[-5.02589,37.08227],[-5.02732,37.06753],[-5.03465,37.06184],[-5.02591,37.05184],[-5.01219,37.05524],[-5.00959,37.05474],[-4.98829,37.06458]]]}},{"type":"Feature","properties":{"shapeISO":"","shapeID":"28895703B36051254595737","shapeGroup":"ESP","shapeType":"ADM3","name":"Dos Hermanas"},"geometry":{"type":"Polygon","coordinates":[[[-5.93859,37.36208],[-5.94163,37.35514],[-5.95717,37.33487],[-5.95869,37.32882],[-5.9642,37.32321],[-5.96903,37.313],[-6.00126,37.31973],[-6.00241,37.31802],[-6.01512,37.3144],[-6.02687,37.30294],[-6.03276,37.30045],[-6.04043,37.29758],[-6.04089,37.29588],[-6.02024,37.28085],[-6.011,37.27023],[-6.0053,37.26945],[-6.00255,37.26738],[-5.99004,37.25322],[-5.98784,37.24324],[-6.00052,37.21812],[-6.00933,37.20987],[-6.01151,37.20313],[-6.03395,37.18162],[-6.02721,37.17534],[-6.02835,37.16826],[-6.03059,37.16687],[-6.03971,37.16675],[-6.04828,37.16482],[-6.06116,37.15936],[-6.06315,37.15581],[-6.06005,37.15194],[-6.05622,37.15051],[-6.04292,37.15142],[-6.0397,37.1504],[-6.03451,37.15373],[-6.02053,37.15633],[-5.99647,37.16386],[-5.97713,37.17713],[-5.96448,37.19003],[-5.95382,37.19501],[-5.95239,37.1978],[-5.94898,37.19683],[-5.93827,37.20353],[-5.92409,37.20864],[-5.92237,37.21249],[-5.92114,37.21751],[-5.91808,37.22022],[-5.91171,37.22282],[-5.90806,37.22635],[-5.90404,37.2258],[-5.90138,37.22839],[-5.8956,37.24966],[-5.89782,37.25592],[-5.89259,37.26065],[-5.8947,37.26318],[-5.89361,37.26685],[-5.88324,37.2768],[-5.89452,37.28477],[-5.89665,37.28972],[-5.90593,37.29882],[-5.91619,37.30139],[-5.91913,37.30734],[-5.91578,37.3086],[-5.90378,37.32872],[-5.92233,37.34697],[-5.92665,37.3539],[-5.93859,37.36208]]]}},{"type":"Feature","properties":{"shapeISO":"","shapeID":"28895703B60645557567907","shapeGroup":"ESP","shapeType":"ADM3","name":"Écija"},"geometry":{"type":"MultiPolygon","coordinates":[[[[-5.01577,37.71068],[-5.04775,37.71819],[-5.05641,37.71321],[-5.072,37.70805],[-5.07439,37.70094],[-5.07993,37.70101],[-5.08615,37.69816],[-5.08674,37.69572],[-5.08905,37.69466],[-5.08583,37.68857],[-5.09125,37.68178],[-5.09076,37.67728],[-5.08663,37.67209],[-5.08411,37.67181],[-5.08315,37.6701],[-5.07984,37.67115],[-5.07643,37.6689],[-5.0768,37.66466],[-5.074,37.66249],[-5.07218,37.66347],[-5.06944,37.65941],[-5.07052,37.6607],[-5.08166,37.66061],[-5.09116,37.66792],[-5.09788,37.67029],[-5.09345,37.67499],[-5.09997,37.68369],[-5.10122,37.69003],[-5.10818,37.70036],[-5.11273,37.70258],[-5.11484,37.70199],[-5.12971,37.69875],[-5.11701,37.69249],[-5.11349,37.68873],[-5.11266,37.67767],[-5.11006,37.6741],[-5.11117,37.67076],[-5.10792,37.66258],[-5.11926,37.66766],[-5.12582,37.66586],[-5.13575,37.66857],[-5.15005,37.66092],[-5.16012,37.67177],[-5.17677,37.68058],[-5.21194,37.66347],[-5.22511,37.65454],[-5.23536,37.65014],[-5.24648,37.64152],[-5.24003,37.62954],[-5.2417,37.62702],[-5.23745,37.62195],[-5.23341,37.61239],[-5.22993,37.60977],[-5.21924,37.60766],[-5.20957,37.60187],[-5.19774,37.6065],[-5.19101,37.61286],[-5.1853,37.61174],[-5.18193,37.61325],[-5.18006,37.60852],[-5.18148,37.60617],[-5.17346,37.59489],[-5.17462,37.57749],[-5.17696,37.54923],[-5.19142,37.54581],[-5.18982,37.54082],[-5.18405,37.53302],[-5.18612,37.5327],[-5.1865,37.52259],[-5.23326,37.526],[-5.24538,37.52323],[-5.24505,37.51812],[-5.25459,37.51798],[-5.25395,37.52215],[-5.26286,37.52679],[-5.2876,37.52761],[-5.29157,37.52164],[-5.29009,37.51898],[-5.28745,37.51814],[-5.2858,37.50956],[-5.28999,37.50564],[-5.28985,37.50207],[-5.29294,37.49841],[-5.29313,37.49514],[-5.29057,37.49092],[-5.2971,37.47133],[-5.29388,37.45857],[-5.2961,37.45559],[-5.29648,37.45186],[-5.29459,37.44885],[-5.29633,37.44238],[-5.28663,37.42523],[-5.24794,37.37461],[-5.24188,37.37514],[-5.21533,37.38315],[-5.2088,37.38666],[-5.1742,37.39276],[-5.16793,37.38771],[-5.15335,37.38478],[-5.15073,37.38306],[-5.1359,37.3824],[-5.11555,37.38414],[-5.097,37.38155],[-5.05757,37.37166],[-5.02841,37.37056],[-5.02174,37.36897],[-5.00175,37.36814],[-4.99213,37.36827],[-4.98898,37.36964],[-4.96992,37.37566],[-4.97081,37.37672],[-4.967,37.37784],[-4.96599,37.37682],[-4.93597,37.38679],[-4.91237,37.40843],[-4.90209,37.4139],[-4.89133,37.42368],[-4.8869,37.42587],[-4.88474,37.43798],[-4.88249,37.44008],[-4.88266,37.44525],[-4.87872,37.4464],[-4.87534,37.45045],[-4.88221,37.4528],[-4.88849,37.46084],[-4.89431,37.45947],[-4.90409,37.46741],[-4.91018,37.47978],[-4.90363,37.4873],[-4.90447,37.48949],[-4.90849,37.4881],[-4.91017,37.48893],[-4.91344,37.48349],[-4.9152,37.48416],[-4.91436,37.48754],[-4.91615,37.49268],[-4.91338,37.49524],[-4.90777,37.49497],[-4.90602,37.49984],[-4.9082,37.50199],[-4.91131,37.49922],[-4.92461,37.50038],[-4.93127,37.50601],[-4.93046,37.51038],[-4.92758,37.51245],[-4.9307,37.51356],[-4.93324,37.51103],[-4.93501,37.51201],[-4.93394,37.51985],[-4.94704,37.52054],[-4.94893,37.52195],[-4.94632,37.52237],[-4.94007,37.52769],[-4.94088,37.53654],[-4.9343,37.54099],[-4.93203,37.54591],[-4.93604,37.5506],[-4.93246,37.55364],[-4.9334,37.55615],[-4.93086,37.55955],[-4.93236,37.56102],[-4.9315,37.56304],[-4.93693,37.56711],[-4.93554,37.56828],[-4.93765,37.57184],[-4.93243,37.57294],[-4.93022,37.57585],[-4.93499,37.58302],[-4.93519,37.58675],[-4.93033,37.58983],[-4.93489,37.59984],[-4.9346,37.60857],[-4.93173,37.61659],[-4.94015,37.62124],[-4.94376,37.61693],[-4.95674,37.61371],[-4.95697,37.61139],[-4.95976,37.60934],[-4.96566,37.6107],[-4.97428,37.60016],[-4.9747,37.60344],[-4.96819,37.61237],[-4.96523,37.61167],[-4.95816,37.62164],[-4.95377,37.65244],[-4.9649,37.66329],[-4.97154,37.67238],[-4.97742,37.67379],[-4.98129,37.67679],[-4.98269,37.67629],[-4.98695,37.68932],[-4.99063,37.69209],[-4.98879,37.69351],[-4.99698,37.69954],[-4.99982,37.70659],[-5.01603,37.70959],[-5.01577,37.71068]],[[-5.01815,37.59211],[-5.0266,37.59542],[-5.03023,37.60384],[-5.03101,37.6106],[-5.04791,37.60814],[-5.04041,37.62619],[-5.04739,37.63076],[-5.08497,37.64379],[-5.08432,37.64808],[-5.08114,37.64655],[-5.05379,37.64237],[-5.0488,37.6372],[-5.04679,37.63194],[-5.03425,37.63852],[-5.03352,37.642],[-5.03119,37.64152],[-5.0265,37.63516],[-5.03003,37.63221],[-5.02972,37.62728],[-5.03344,37.6248],[-5.03386,37.62164],[-5.02974,37.61364],[-5.02491,37.59529],[-5.01726,37.59358],[-5.01815,37.59211]]],[[[-5.32292,37.61149],[-5.31565,37.61156],[-5.31496,37.60987],[-5.31072,37.60838],[-5.31079,37.60166],[-5.30718,37.59751],[-5.30063,37.59345],[-5.29681,37.59349],[-5.29161,37.58621],[-5.2878,37.58438],[-5.28837,37.57497],[-5.28219,37.57144],[-5.28167,37.56361],[-5.27996,37.56242],[-5.28219,37.55802],[-5.27902,37.55225],[-5.2841,37.55015],[-5.28521,37.54456],[-5.28806,37.54351],[-5.28844,37.54028],[-5.28511,37.5371],[-5.24866,37.53747],[-5.24805,37.56491],[-5.25544,37.57392],[-5.26307,37.59385],[-5.24399,37.59366],[-5.2434,37.60546],[-5.24826,37.60536],[-5.25323,37.62542],[-5.26349,37.62367],[-5.27379,37.62549],[-5.30633,37.62131],[-5.3233,37.61425],[-5.32292,37.61149]]]]}},{"type":"Feature","properties":{"shapeISO":"","shapeID":"28895703B34140750078483","shapeGroup":"ESP","shapeType":"ADM3","name":"Espartinas"},"geometry":{"type":"MultiPolygon","coordinates":[[[[-6.13982,37.36536],[-6.13928,37.36311],[-6.12994,37.36076],[-6.12911,37.36306],[-6.13194,37.36545],[-6.13982,37.36536]]],[[[-6.11846,37.3626],[-6.11606,37.36291],[-6.1161,37.36445],[-6.09628,37.36715],[-6.10042,37.37528],[-6.09742,37.37677],[-6.09207,37.37821],[-6.08317,37.37624],[-6.08277,37.37942],[-6.08804,37.38055],[-6.08683,37.39229],[-6.08521,37.39379],[-6.08838,37.39448],[-6.08906,37.39973],[-6.10685,37.40161],[-6.10941,37.40132],[-6.11907,37.39461],[-6.12357,37.398],[-6.12866,37.39787],[-6.12526,37.405],[-6.12015,37.40626],[-6.12108,37.41144],[-6.12399,37.41544],[-6.13206,37.41539],[-6.13678,37.41081],[-6.14491,37.41021],[-6.14538,37.40893],[-6.13276,37.4047],[-6.132,37.39918],[-6.13621,37.39663],[-6.13419,37.39299],[-6.14628,37.39154],[-6.1471,37.39032],[-6.16153,37.39354],[-6.17049,37.39339],[-6.1731,37.38435],[-6.17095,37.38053],[-6.16497,37.38094],[-6.15777,37.37906],[-6.15381,37.37271],[-6.14736,37.3746],[-6.14787,37.37158],[-6.1493,37.37164],[-6.14895,37.37086],[-6.15184,37.36899],[-6.14804,37.36939],[-6.14608,37.36821],[-6.14261,37.37085],[-6.13982,37.36536],[-6.13813,37.36801],[-6.13423,37.3691],[-6.12918,37.37667],[-6.12517,37.37514],[-6.1252,37.36852],[-6.12153,37.36751],[-6.12199,37.36282],[-6.11846,37.3626]]]]}},{"type":"Feature","properties":{"shapeISO":"","shapeID":"28895703B92984245121737","shapeGroup":"ESP","shapeType":"ADM3","name":"Estepa"},"geometry":{"type":"MultiPolygon","coordinates":[[[[-4.81727,37.35468],[-4.82028,37.3522],[-4.81829,37.34942],[-4.82404,37.35221],[-4.83637,37.33679],[-4.84421,37.33053],[-4.85874,37.33476],[-4.87603,37.34258],[-4.89022,37.35152],[-4.88816,37.35177],[-4.88943,37.3628],[-4.90054,37.36295],[-4.90543,37.36871],[-4.92439,37.37073],[-4.93097,37.36722],[-4.93299,37.3675],[-4.93774,37.36269],[-4.93267,37.35649],[-4.93802,37.3547],[-4.93888,37.34891],[-4.94284,37.34754],[-4.95883,37.34454],[-4.97944,37.34878],[-4.9842,37.34734],[-4.98692,37.34459],[-4.98762,37.33821],[-4.99041,37.33446],[-4.98983,37.32664],[-4.99019,37.323],[-4.992,37.32299],[-4.99565,37.31894],[-4.99493,37.31237],[-5.00105,37.30319],[-4.99771,37.30064],[-4.99888,37.29946],[-4.99586,37.2949],[-4.99959,37.28528],[-5.00206,37.28501],[-5.00324,37.2814],[-5.00536,37.28143],[-5.00166,37.27699],[-5.00411,37.27014],[-5.00259,37.26782],[-5.00636,37.26451],[-5.00551,37.26257],[-4.99898,37.26075],[-5.00118,37.26531],[-4.98605,37.26578],[-4.98647,37.25736],[-4.96446,37.26299],[-4.95438,37.26783],[-4.94964,37.27094],[-4.93807,37.26431],[-4.93369,37.26466],[-4.92427,37.26122],[-4.92084,37.26694],[-4.9169,37.26794],[-4.9121,37.27264],[-4.9104,37.27547],[-4.91277,37.27617],[-4.8983,37.27963],[-4.87869,37.27068],[-4.87686,37.26428],[-4.87776,37.25949],[-4.87294,37.25505],[-4.85892,37.25148],[-4.85822,37.24896],[-4.86026,37.24713],[-4.85416,37.23412],[-4.84872,37.23409],[-4.84643,37.23001],[-4.84739,37.2293],[-4.84151,37.22802],[-4.83935,37.22544],[-4.85078,37.22337],[-4.85878,37.224],[-4.85549,37.2185],[-4.85335,37.20894],[-4.84249,37.2091],[-4.83942,37.21282],[-4.82779,37.20985],[-4.82972,37.21722],[-4.82602,37.21818],[-4.82357,37.22155],[-4.82932,37.22832],[-4.82462,37.22935],[-4.80991,37.22787],[-4.80006,37.22915],[-4.78634,37.22745],[-4.78821,37.23516],[-4.7878,37.24566],[-4.78128,37.26911],[-4.79532,37.27312],[-4.79186,37.27881],[-4.79218,37.28169],[-4.80321,37.2769],[-4.79875,37.26912],[-4.80073,37.26904],[-4.80114,37.2563],[-4.8121,37.24956],[-4.81697,37.24199],[-4.82871,37.23644],[-4.83263,37.2331],[-4.83419,37.23346],[-4.83204,37.23918],[-4.83113,37.25635],[-4.83401,37.25889],[-4.83182,37.26058],[-4.83245,37.26459],[-4.83702,37.26496],[-4.84004,37.26904],[-4.83976,37.27298],[-4.8375,37.27553],[-4.83994,37.27625],[-4.83579,37.28339],[-4.83889,37.28602],[-4.84082,37.29112],[-4.84013,37.29757],[-4.8386,37.2985],[-4.83659,37.29756],[-4.83558,37.29146],[-4.8308,37.29139],[-4.83069,37.29394],[-4.8258,37.29442],[-4.82469,37.29655],[-4.82208,37.29677],[-4.81555,37.29574],[-4.8059,37.29145],[-4.80233,37.29155],[-4.7989,37.29975],[-4.80164,37.31358],[-4.79798,37.3156],[-4.79385,37.31511],[-4.79175,37.32197],[-4.78573,37.32036],[-4.78298,37.321],[-4.78123,37.32692],[-4.78222,37.3285],[-4.79993,37.34449],[-4.81727,37.35468]]],[[[-4.83764,37.42324],[-4.84011,37.42761],[-4.8404,37.4356],[-4.84233,37.4369],[-4.85433,37.43939],[-4.85978,37.43785],[-4.88474,37.43798],[-4.8869,37.42587],[-4.88097,37.42715],[-4.87964,37.42444],[-4.88283,37.42298],[-4.88241,37.42082],[-4.87688,37.4184],[-4.87882,37.42097],[-4.87684,37.42218],[-4.87062,37.41848],[-4.86758,37.41428],[-4.87046,37.40926],[-4.86946,37.40789],[-4.8559,37.41002],[-4.85456,37.41481],[-4.85115,37.41595],[-4.8514,37.41064],[-4.84981,37.41066],[-4.84207,37.41504],[-4.83764,37.42324]]]]}},{"type":"Feature","properties":{"shapeISO":"","shapeID":"28895703B39908794409396","shapeGroup":"ESP","shapeType":"ADM3","name":"Fuentes de Andalucía"},"geometry":{"type":"Polygon","coordinates":[[[-5.34757,37.58518],[-5.34612,37.57396],[-5.34102,37.56642],[-5.33925,37.54483],[-5.33383,37.53087],[-5.33505,37.51331],[-5.37987,37.50543],[-5.39892,37.50986],[-5.43555,37.50705],[-5.45698,37.49988],[-5.46247,37.49729],[-5.46588,37.48368],[-5.44055,37.48766],[-5.42837,37.48741],[-5.4192,37.48258],[-5.41014,37.45549],[-5.41215,37.43698],[-5.39991,37.42295],[-5.39787,37.4134],[-5.38787,37.41865],[-5.33284,37.43587],[-5.30019,37.44273],[-5.29633,37.44238],[-5.29459,37.44885],[-5.29648,37.45186],[-5.2961,37.45559],[-5.29388,37.45857],[-5.2971,37.47133],[-5.29057,37.49092],[-5.29313,37.49514],[-5.29294,37.49841],[-5.28985,37.50207],[-5.28999,37.50564],[-5.2858,37.50956],[-5.28745,37.51814],[-5.29009,37.51898],[-5.29157,37.52164],[-5.2876,37.52761],[-5.28363,37.53379],[-5.28511,37.5371],[-5.28844,37.54028],[-5.28806,37.54351],[-5.28521,37.54456],[-5.2841,37.55015],[-5.27902,37.55225],[-5.28219,37.55802],[-5.27996,37.56242],[-5.28167,37.56361],[-5.28219,37.57144],[-5.28837,37.57497],[-5.2878,37.58438],[-5.29161,37.58621],[-5.29681,37.59349],[-5.30063,37.59345],[-5.30718,37.59751],[-5.31079,37.60166],[-5.31072,37.60838],[-5.31496,37.60987],[-5.31565,37.61156],[-5.32292,37.61149],[-5.33665,37.59776],[-5.3435,37.59369],[-5.34377,37.58741],[-5.34757,37.58518]]]}},{"type":"Feature","properties":{"shapeISO":"","shapeID":"28895703B80544214657150","shapeGroup":"ESP","shapeType":"ADM3","name":"El Garrobo"},"geometry":{"type":"Polygon","coordinates":[[[-6.23273,37.63634],[-6.22875,37.63172],[-6.22602,37.62261],[-6.21679,37.61334],[-6.20639,37.61027],[-6.2055,37.61168],[-6.2025,37.60807],[-6.18214,37.60195],[-6.17955,37.60197],[-6.1758,37.60653],[-6.17064,37.60914],[-6.16599,37.60951],[-6.15344,37.60371],[-6.14701,37.59615],[-6.14337,37.59515],[-6.13727,37.59601],[-6.13337,37.59188],[-6.1317,37.58672],[-6.13166,37.59173],[-6.13001,37.5927],[-6.13071,37.60142],[-6.12747,37.60961],[-6.13492,37.62685],[-6.14067,37.62951],[-6.14463,37.63463],[-6.14695,37.63528],[-6.15766,37.65085],[-6.16159,37.65231],[-6.16321,37.65615],[-6.16231,37.65952],[-6.16896,37.66849],[-6.17349,37.67093],[-6.17897,37.67088],[-6.1805,37.67284],[-6.18767,37.67078],[-6.19132,37.66934],[-6.19554,37.66256],[-6.20154,37.65765],[-6.21541,37.65],[-6.20923,37.64848],[-6.22509,37.63912],[-6.23273,37.63634]]]}},{"type":"Feature","properties":{"shapeISO":"","shapeID":"28895703B8782424548822","shapeGroup":"ESP","shapeType":"ADM3","name":"Gelves"},"geometry":{"type":"MultiPolygon","coordinates":[[[[-6.00126,37.31973],[-6.00549,37.32509],[-6.02142,37.33716],[-6.02242,37.35035],[-6.03306,37.34852],[-6.03293,37.34374],[-6.03072,37.34259],[-6.03477,37.34059],[-6.0334,37.33534],[-6.03528,37.32745],[-6.03707,37.32254],[-6.02719,37.31357],[-6.02746,37.31198],[-6.02196,37.31672],[-6.01824,37.31753],[-6.01512,37.3144],[-6.00241,37.31802],[-6.00126,37.31973]]],[[[-6.10616,37.32806],[-6.10262,37.33055],[-6.11051,37.33344],[-6.10421,37.33343],[-6.10602,37.34213],[-6.11408,37.34209],[-6.12007,37.3404],[-6.11915,37.33461],[-6.1176,37.3339],[-6.11806,37.32956],[-6.11541,37.32997],[-6.11323,37.32796],[-6.10957,37.32891],[-6.10616,37.32806]]]]}},{"type":"Feature","properties":{"shapeISO":"","shapeID":"28895703B74575725173415","shapeGroup":"ESP","shapeType":"ADM3","name":"Gerena"},"geometry":{"type":"Polygon","coordinates":[[[-6.25732,37.62855],[-6.2471,37.62241],[-6.2433,37.61748],[-6.24161,37.61129],[-6.23218,37.60173],[-6.23239,37.59418],[-6.22839,37.58716],[-6.22997,37.58145],[-6.22856,37.57338],[-6.23203,37.5692],[-6.23224,37.56278],[-6.23499,37.55969],[-6.2336,37.55635],[-6.22835,37.55291],[-6.2215,37.5404],[-6.21728,37.532],[-6.21704,37.52512],[-6.21475,37.52539],[-6.2076,37.5187],[-6.19786,37.49688],[-6.19436,37.50098],[-6.17458,37.50065],[-6.17515,37.49602],[-6.16496,37.49128],[-6.15881,37.48601],[-6.14537,37.48185],[-6.13708,37.48171],[-6.1224,37.47847],[-6.1133,37.47741],[-6.11329,37.47473],[-6.11179,37.47452],[-6.10812,37.47709],[-6.11003,37.48397],[-6.10563,37.49045],[-6.09896,37.4968],[-6.08701,37.50294],[-6.08637,37.50602],[-6.09115,37.50889],[-6.08969,37.51184],[-6.09271,37.51239],[-6.0939,37.51559],[-6.09165,37.51891],[-6.09931,37.52503],[-6.10882,37.54415],[-6.11442,37.54856],[-6.11321,37.55348],[-6.11631,37.55288],[-6.11935,37.55564],[-6.11946,37.5607],[-6.1219,37.56236],[-6.11906,37.567],[-6.12315,37.5712],[-6.12571,37.57012],[-6.12944,37.5723],[-6.1317,37.58672],[-6.13337,37.59188],[-6.13727,37.59601],[-6.14337,37.59515],[-6.14701,37.59615],[-6.15344,37.60371],[-6.16599,37.60951],[-6.17064,37.60914],[-6.1758,37.60653],[-6.17955,37.60197],[-6.18214,37.60195],[-6.2025,37.60807],[-6.2055,37.61168],[-6.20639,37.61027],[-6.21679,37.61334],[-6.22602,37.62261],[-6.22875,37.63172],[-6.23273,37.63634],[-6.24909,37.62982],[-6.25732,37.62855]]]}},{"type":"Feature","properties":{"shapeISO":"","shapeID":"28895703B33633704325317","shapeGroup":"ESP","shapeType":"ADM3","name":"Gilena"},"geometry":{"type":"Polygon","coordinates":[[[-4.98964,37.22955],[-4.96924,37.19051],[-4.96645,37.18047],[-4.96173,37.17369],[-4.95731,37.17417],[-4.95985,37.18113],[-4.95636,37.18362],[-4.94996,37.17797],[-4.94178,37.17705],[-4.93701,37.18402],[-4.94095,37.18968],[-4.93509,37.19343],[-4.93757,37.19463],[-4.93582,37.19643],[-4.93041,37.19205],[-4.92399,37.19339],[-4.92622,37.20219],[-4.92319,37.20527],[-4.924,37.20716],[-4.9304,37.20646],[-4.93249,37.21096],[-4.93168,37.21739],[-4.93298,37.22032],[-4.93077,37.22651],[-4.92585,37.23195],[-4.92201,37.23088],[-4.9222,37.23307],[-4.91586,37.23239],[-4.90588,37.23456],[-4.90115,37.23906],[-4.89814,37.23973],[-4.89959,37.24369],[-4.89849,37.24586],[-4.89689,37.24586],[-4.89847,37.24768],[-4.89631,37.24773],[-4.89689,37.24913],[-4.88905,37.24599],[-4.8848,37.24606],[-4.88659,37.24912],[-4.86815,37.24944],[-4.86711,37.24633],[-4.86326,37.24712],[-4.86392,37.25089],[-4.85892,37.25148],[-4.87294,37.25505],[-4.87776,37.25949],[-4.87686,37.26428],[-4.87869,37.27068],[-4.8983,37.27963],[-4.91277,37.27617],[-4.9104,37.27547],[-4.9121,37.27264],[-4.9169,37.26794],[-4.92084,37.26694],[-4.92427,37.26122],[-4.93369,37.26466],[-4.93807,37.26431],[-4.94964,37.27094],[-4.95438,37.26783],[-4.95085,37.25922],[-4.95049,37.2407],[-4.96504,37.24301],[-4.98067,37.22788],[-4.98178,37.2309],[-4.98417,37.22936],[-4.98964,37.22955]]]}},{"type":"Feature","properties":{"shapeISO":"","shapeID":"28895703B23715067581670","shapeGroup":"ESP","shapeType":"ADM3","name":"Gines"},"geometry":{"type":"Polygon","coordinates":[[[-6.06476,37.38473],[-6.06449,37.38979],[-6.07519,37.39517],[-6.0778,37.39344],[-6.08521,37.39379],[-6.08683,37.39229],[-6.08804,37.38055],[-6.08277,37.37942],[-6.08317,37.37624],[-6.07817,37.37683],[-6.07403,37.3805],[-6.06476,37.38473]]]}},{"type":"Feature","properties":{"shapeISO":"","shapeID":"28895703B93947601964362","shapeGroup":"ESP","shapeType":"ADM3","name":"Guadalcanal"},"geometry":{"type":"Polygon","coordinates":[[[-5.7349,38.08626],[-5.73605,38.09452],[-5.73407,38.0982],[-5.7341,38.10948],[-5.74074,38.12654],[-5.73882,38.13282],[-5.7308,38.13711],[-5.71978,38.1366],[-5.71541,38.13383],[-5.70897,38.14224],[-5.70441,38.14336],[-5.69526,38.14971],[-5.69494,38.15139],[-5.70556,38.16362],[-5.70579,38.16938],[-5.702,38.16723],[-5.69501,38.17109],[-5.69388,38.1682],[-5.68614,38.16157],[-5.68424,38.15706],[-5.68435,38.16157],[-5.68884,38.17122],[-5.68749,38.17962],[-5.68861,38.18188],[-5.69787,38.17967],[-5.69895,38.18092],[-5.69879,38.18271],[-5.69456,38.18351],[-5.69473,38.18652],[-5.69802,38.185],[-5.70102,38.18638],[-5.70593,38.18514],[-5.70788,38.1883],[-5.7135,38.18585],[-5.71512,38.18929],[-5.72323,38.19244],[-5.72508,38.19578],[-5.72816,38.19742],[-5.73148,38.19518],[-5.74201,38.19384],[-5.74585,38.18946],[-5.74947,38.19002],[-5.74961,38.18783],[-5.75396,38.18428],[-5.75673,38.18526],[-5.75752,38.18388],[-5.75534,38.1819],[-5.75728,38.18056],[-5.76113,38.18281],[-5.77212,38.18336],[-5.77527,38.18521],[-5.7817,38.18588],[-5.79116,38.17786],[-5.79943,38.17458],[-5.80314,38.17829],[-5.81063,38.17361],[-5.81193,38.17481],[-5.81075,38.17795],[-5.81539,38.17628],[-5.81756,38.17763],[-5.81979,38.17464],[-5.82277,38.17548],[-5.82424,38.17223],[-5.82248,38.17113],[-5.82309,38.16986],[-5.83786,38.17443],[-5.84435,38.17318],[-5.84655,38.17136],[-5.85152,38.17191],[-5.85558,38.16883],[-5.85624,38.16166],[-5.87429,38.15857],[-5.87738,38.15572],[-5.87684,38.14835],[-5.87868,38.14632],[-5.87696,38.13787],[-5.88066,38.13228],[-5.8953,38.13053],[-5.90733,38.12397],[-5.91252,38.12297],[-5.9141,38.11773],[-5.92638,38.10501],[-5.92759,38.0976],[-5.92919,38.09638],[-5.92787,38.09115],[-5.9293,38.08921],[-5.91081,38.0782],[-5.90804,38.06825],[-5.90917,38.06246],[-5.91168,38.06276],[-5.91313,38.05963],[-5.91791,38.05643],[-5.91928,38.0498],[-5.92751,38.05042],[-5.93422,38.04687],[-5.93698,38.04048],[-5.93269,38.0315],[-5.93692,38.02794],[-5.93646,38.02442],[-5.92485,38.02758],[-5.91785,38.03543],[-5.91477,38.03331],[-5.91282,38.03488],[-5.90621,38.03388],[-5.90409,38.03166],[-5.90457,38.02793],[-5.90209,38.02724],[-5.90178,38.02429],[-5.89977,38.02377],[-5.89769,38.02471],[-5.90013,38.02579],[-5.89731,38.03047],[-5.8984,38.03165],[-5.89438,38.03451],[-5.88701,38.03142],[-5.88482,38.03502],[-5.88188,38.03457],[-5.87685,38.03872],[-5.87358,38.0365],[-5.862,38.03455],[-5.85676,38.03692],[-5.84249,38.03197],[-5.83429,38.03084],[-5.81992,38.02428],[-5.80892,38.02225],[-5.80363,38.01484],[-5.79668,38.01042],[-5.78866,38.00846],[-5.78792,38.00389],[-5.78396,38.00342],[-5.78193,37.99949],[-5.77695,37.99802],[-5.77404,37.99942],[-5.76662,37.99864],[-5.76568,38.00129],[-5.76025,37.99883],[-5.7594,38.00354],[-5.75287,38.00491],[-5.75239,38.00748],[-5.75629,38.00838],[-5.75807,38.01312],[-5.756,38.01605],[-5.74929,38.01881],[-5.74846,38.02163],[-5.75079,38.02299],[-5.75042,38.02472],[-5.74637,38.02738],[-5.74212,38.02751],[-5.74379,38.03731],[-5.74162,38.04133],[-5.74114,38.05056],[-5.73061,38.07582],[-5.7349,38.08626]]]}},{"type":"Feature","properties":{"shapeISO":"","shapeID":"28895703B12478605273277","shapeGroup":"ESP","shapeType":"ADM3","name":"Guillena"},"geometry":{"type":"Polygon","coordinates":[[[-6.03061,37.61848],[-6.03599,37.62927],[-6.04109,37.6336],[-6.05356,37.63684],[-6.05823,37.64351],[-6.05769,37.64673],[-6.05256,37.65193],[-6.04498,37.65566],[-6.04303,37.65512],[-6.04111,37.66053],[-6.03811,37.66127],[-6.03933,37.67035],[-6.03671,37.67414],[-6.03885,37.67727],[-6.04496,37.67426],[-6.04808,37.67507],[-6.04765,37.68626],[-6.04498,37.69001],[-6.05049,37.69711],[-6.05486,37.69653],[-6.05686,37.70061],[-6.06062,37.70113],[-6.06129,37.70874],[-6.06394,37.71021],[-6.07225,37.70931],[-6.07863,37.71021],[-6.08571,37.71731],[-6.08336,37.72004],[-6.08417,37.72231],[-6.09249,37.71808],[-6.09484,37.72209],[-6.09723,37.72276],[-6.10164,37.71589],[-6.10645,37.7129],[-6.11453,37.71666],[-6.12326,37.71658],[-6.12241,37.71424],[-6.12375,37.71375],[-6.13444,37.71819],[-6.15019,37.71975],[-6.16628,37.71059],[-6.1761,37.70872],[-6.18597,37.7093],[-6.18735,37.70803],[-6.18539,37.69973],[-6.18098,37.69689],[-6.18224,37.68773],[-6.17897,37.67088],[-6.17349,37.67093],[-6.16896,37.66849],[-6.16231,37.65952],[-6.16321,37.65615],[-6.16159,37.65231],[-6.15766,37.65085],[-6.14695,37.63528],[-6.14463,37.63463],[-6.14067,37.62951],[-6.13492,37.62685],[-6.12747,37.60961],[-6.13071,37.60142],[-6.13001,37.5927],[-6.13166,37.59173],[-6.1317,37.58672],[-6.12944,37.5723],[-6.12571,37.57012],[-6.12315,37.5712],[-6.11906,37.567],[-6.1219,37.56236],[-6.11946,37.5607],[-6.11935,37.55564],[-6.11631,37.55288],[-6.11321,37.55348],[-6.11442,37.54856],[-6.10882,37.54415],[-6.09931,37.52503],[-6.09165,37.51891],[-6.0939,37.51559],[-6.09271,37.51239],[-6.08969,37.51184],[-6.09115,37.50889],[-6.08637,37.50602],[-6.08701,37.50294],[-6.08205,37.50059],[-6.08149,37.4973],[-6.07776,37.49549],[-6.07624,37.49262],[-6.07433,37.49303],[-6.07165,37.49103],[-6.05895,37.4991],[-6.05457,37.49578],[-6.04962,37.49491],[-6.04239,37.4908],[-6.03573,37.49075],[-6.03028,37.49282],[-6.03227,37.49636],[-6.02472,37.49898],[-6.02648,37.50784],[-6.02247,37.50988],[-6.02142,37.51992],[-6.02155,37.5229],[-6.016,37.5246],[-6.01801,37.54628],[-6.0104,37.55778],[-6.01247,37.56201],[-6.00761,37.57125],[-6.01536,37.58177],[-6.01763,37.5897],[-6.02566,37.60059],[-6.03061,37.61848]]]}},{"type":"Feature","properties":{"shapeISO":"","shapeID":"28895703B58898128950009","shapeGroup":"ESP","shapeType":"ADM3","name":"Herrera"},"geometry":{"type":"Polygon","coordinates":[[[-4.84981,37.41066],[-4.8514,37.41064],[-4.85115,37.41595],[-4.85456,37.41481],[-4.8559,37.41002],[-4.86946,37.40789],[-4.87046,37.40926],[-4.86758,37.41428],[-4.87062,37.41848],[-4.87684,37.42218],[-4.87882,37.42097],[-4.87688,37.4184],[-4.88241,37.42082],[-4.88283,37.42298],[-4.87964,37.42444],[-4.88097,37.42715],[-4.8869,37.42587],[-4.89133,37.42368],[-4.90209,37.4139],[-4.91237,37.40843],[-4.90192,37.39233],[-4.90471,37.38791],[-4.9005,37.38395],[-4.90282,37.37895],[-4.90148,37.3733],[-4.90543,37.36871],[-4.90054,37.36295],[-4.88943,37.3628],[-4.88816,37.35177],[-4.89022,37.35152],[-4.87603,37.34258],[-4.85874,37.33476],[-4.84421,37.33053],[-4.83637,37.33679],[-4.82404,37.35221],[-4.81829,37.34942],[-4.82028,37.3522],[-4.81727,37.35468],[-4.82213,37.35819],[-4.82361,37.36876],[-4.81473,37.37261],[-4.81469,37.37753],[-4.82602,37.37908],[-4.8252,37.38335],[-4.82805,37.38231],[-4.83015,37.3841],[-4.83097,37.3904],[-4.8378,37.39835],[-4.84382,37.39959],[-4.84101,37.40424],[-4.84224,37.40497],[-4.84521,37.40358],[-4.84719,37.40874],[-4.84981,37.41066]]]}},{"type":"Feature","properties":{"shapeISO":"","shapeID":"28895703B39478514928314","shapeGroup":"ESP","shapeType":"ADM3","name":"Huévar del Aljarafe"},"geometry":{"type":"Polygon","coordinates":[[[-6.36843,37.34949],[-6.36199,37.34242],[-6.35631,37.33129],[-6.34421,37.3261],[-6.34156,37.32915],[-6.34149,37.32551],[-6.33669,37.32209],[-6.32659,37.32484],[-6.31955,37.32874],[-6.31089,37.32866],[-6.31128,37.33461],[-6.30724,37.33186],[-6.30743,37.33046],[-6.30533,37.3302],[-6.30671,37.32885],[-6.30358,37.32475],[-6.30142,37.32478],[-6.30152,37.32122],[-6.29702,37.32072],[-6.29804,37.3276],[-6.29616,37.33685],[-6.29345,37.33921],[-6.27883,37.34156],[-6.27349,37.34165],[-6.27061,37.33525],[-6.26337,37.33573],[-6.26454,37.33981],[-6.2605,37.34011],[-6.26013,37.33477],[-6.25696,37.33348],[-6.25592,37.3312],[-6.24872,37.33682],[-6.23593,37.33396],[-6.23641,37.3309],[-6.23385,37.33379],[-6.22899,37.33069],[-6.22585,37.33343],[-6.22567,37.33524],[-6.23029,37.33467],[-6.22556,37.33768],[-6.22568,37.33986],[-6.24619,37.34952],[-6.24324,37.36338],[-6.24419,37.37644],[-6.2415,37.37977],[-6.24424,37.38254],[-6.24806,37.38402],[-6.24966,37.39273],[-6.25281,37.39482],[-6.27876,37.39949],[-6.28602,37.39949],[-6.31134,37.39448],[-6.30989,37.39126],[-6.31447,37.38362],[-6.31412,37.38044],[-6.31937,37.3769],[-6.31885,37.37524],[-6.31317,37.36997],[-6.3143,37.36924],[-6.31126,37.36486],[-6.31248,37.36286],[-6.31145,37.36039],[-6.31302,37.35775],[-6.321,37.35263],[-6.32386,37.34766],[-6.33056,37.35542],[-6.34088,37.35793],[-6.34604,37.36573],[-6.3491,37.36246],[-6.36194,37.35575],[-6.36843,37.34949]]]}},{"type":"Feature","properties":{"shapeISO":"","shapeID":"28895703B32689735396772","shapeGroup":"ESP","shapeType":"ADM3","name":"Lantejuela"},"geometry":{"type":"Polygon","coordinates":[[[-5.24794,37.37461],[-5.25625,37.35593],[-5.24255,37.35635],[-5.24229,37.3542],[-5.23466,37.34722],[-5.23326,37.34403],[-5.23248,37.34612],[-5.22963,37.3464],[-5.22217,37.34372],[-5.21444,37.34507],[-5.21108,37.33949],[-5.20422,37.34352],[-5.20148,37.34064],[-5.18691,37.3456],[-5.19773,37.36011],[-5.1947,37.36247],[-5.19629,37.3637],[-5.19636,37.36808],[-5.20761,37.37548],[-5.2088,37.38666],[-5.21533,37.38315],[-5.24188,37.37514],[-5.24794,37.37461]]]}},{"type":"Feature","properties":{"shapeISO":"","shapeID":"28895703B8149455847103","shapeGroup":"ESP","shapeType":"ADM3","name":"Lebrija"},"geometry":{"type":"Polygon","coordinates":[[[-5.88883,36.84677],[-5.89358,36.85158],[-5.87652,36.89471],[-5.8696,36.8937],[-5.88256,36.89776],[-5.8921,36.90389],[-5.91328,36.90594],[-5.91194,36.90652],[-5.91571,36.9141],[-5.91783,36.91574],[-5.92162,36.91426],[-5.92304,36.91532],[-5.92372,36.923],[-5.92731,36.92335],[-5.93936,36.93144],[-5.94562,36.93117],[-5.95341,36.93748],[-5.97543,36.94606],[-5.97595,36.94874],[-5.98907,36.9625],[-5.99691,36.97565],[-6.05351,37.04492],[-6.05339,37.05414],[-6.07428,37.0601],[-6.07446,37.0722],[-6.07854,37.07579],[-6.08357,37.07582],[-6.09512,37.05859],[-6.10792,37.04459],[-6.12183,37.03613],[-6.14211,37.03014],[-6.153,37.02403],[-6.16176,37.00839],[-6.18847,36.93951],[-6.19821,36.92157],[-6.2017,36.91658],[-6.21151,36.90864],[-6.23099,36.89811],[-6.22919,36.89595],[-6.20869,36.89343],[-6.18716,36.89359],[-6.18368,36.89153],[-6.15615,36.88565],[-6.12199,36.86379],[-6.10445,36.85726],[-6.0857,36.85449],[-6.08054,36.85523],[-6.07639,36.86182],[-6.06616,36.86435],[-6.05752,36.87148],[-6.05293,36.87277],[-6.05217,36.8711],[-6.04278,36.87647],[-6.03034,36.87642],[-6.03357,36.88391],[-6.02522,36.8907],[-6.02136,36.88831],[-6.01019,36.88574],[-5.98089,36.86779],[-5.97126,36.86625],[-5.96511,36.86007],[-5.95245,36.86089],[-5.94838,36.85935],[-5.94538,36.85724],[-5.94541,36.85369],[-5.94134,36.85192],[-5.92535,36.85307],[-5.89105,36.84219],[-5.88879,36.8433],[-5.89035,36.84437],[-5.88883,36.84677]]]}},{"type":"Feature","properties":{"shapeISO":"","shapeID":"28895703B43215488383349","shapeGroup":"ESP","shapeType":"ADM3","name":"Lora de Estepa"},"geometry":{"type":"Polygon","coordinates":[[[-4.80233,37.29155],[-4.8059,37.29145],[-4.81555,37.29574],[-4.82208,37.29677],[-4.82469,37.29655],[-4.8258,37.29442],[-4.83069,37.29394],[-4.8308,37.29139],[-4.83558,37.29146],[-4.83659,37.29756],[-4.8386,37.2985],[-4.84013,37.29757],[-4.84082,37.29112],[-4.83889,37.28602],[-4.83579,37.28339],[-4.83994,37.27625],[-4.8375,37.27553],[-4.83976,37.27298],[-4.84004,37.26904],[-4.83702,37.26496],[-4.83245,37.26459],[-4.83182,37.26058],[-4.83401,37.25889],[-4.83113,37.25635],[-4.83204,37.23918],[-4.83419,37.23346],[-4.83263,37.2331],[-4.82871,37.23644],[-4.81697,37.24199],[-4.8121,37.24956],[-4.80114,37.2563],[-4.80073,37.26904],[-4.79875,37.26912],[-4.80321,37.2769],[-4.79218,37.28169],[-4.79004,37.28932],[-4.79734,37.28772],[-4.80304,37.29049],[-4.80233,37.29155]]]}},{"type":"Feature","properties":{"shapeISO":"","shapeID":"28895703B31617518334942","shapeGroup":"ESP","shapeType":"ADM3","name":"Lora del Río"},"geometry":{"type":"Polygon","coordinates":[[[-5.41191,37.68351],[-5.42163,37.68858],[-5.41849,37.69307],[-5.41988,37.69793],[-5.42283,37.70041],[-5.42312,37.70445],[-5.41973,37.7168],[-5.42968,37.74025],[-5.42402,37.74696],[-5.42436,37.7521],[-5.43568,37.75187],[-5.45763,37.75719],[-5.47255,37.75543],[-5.47832,37.7519],[-5.49213,37.75421],[-5.51166,37.75124],[-5.54402,37.74629],[-5.56148,37.7385],[-5.57409,37.73574],[-5.58963,37.73313],[-5.59643,37.73363],[-5.6158,37.71967],[-5.61437,37.71424],[-5.61683,37.70476],[-5.61495,37.70045],[-5.61688,37.69953],[-5.62239,37.68327],[-5.61827,37.67623],[-5.61779,37.67116],[-5.61253,37.66451],[-5.61051,37.65866],[-5.61028,37.65058],[-5.61331,37.63616],[-5.60202,37.62101],[-5.59213,37.60666],[-5.57981,37.60587],[-5.56541,37.59957],[-5.55585,37.60004],[-5.54197,37.59582],[-5.53534,37.59569],[-5.5213,37.58852],[-5.516,37.58736],[-5.51463,37.58505],[-5.51279,37.58573],[-5.51029,37.58448],[-5.50886,37.58169],[-5.50303,37.58199],[-5.50211,37.58321],[-5.4984,37.58185],[-5.49622,37.58273],[-5.48869,37.58291],[-5.46013,37.58924],[-5.4552,37.59177],[-5.42707,37.59865],[-5.41188,37.61317],[-5.39177,37.62386],[-5.39812,37.62742],[-5.40116,37.63108],[-5.40166,37.6365],[-5.40794,37.63859],[-5.40877,37.63991],[-5.40696,37.64121],[-5.41132,37.64103],[-5.40987,37.6451],[-5.41302,37.6442],[-5.41439,37.64607],[-5.4136,37.6476],[-5.40555,37.64745],[-5.39954,37.64945],[-5.39663,37.65098],[-5.3936,37.65602],[-5.39722,37.6624],[-5.39953,37.66253],[-5.40632,37.65862],[-5.41101,37.66155],[-5.41301,37.66566],[-5.41152,37.66901],[-5.41419,37.67391],[-5.41191,37.68351]]]}},{"type":"Feature","properties":{"shapeISO":"","shapeID":"28895703B59718785693988","shapeGroup":"ESP","shapeType":"ADM3","name":"La Luisiana"},"geometry":{"type":"Polygon","coordinates":[[[-5.17462,37.57749],[-5.18163,37.58187],[-5.18293,37.58041],[-5.19351,37.58184],[-5.20235,37.58592],[-5.21845,37.58737],[-5.22377,37.58608],[-5.23148,37.58661],[-5.23239,37.5713],[-5.24144,37.57129],[-5.2415,37.57281],[-5.24615,37.57377],[-5.25544,37.57392],[-5.24805,37.56491],[-5.24866,37.53747],[-5.28511,37.5371],[-5.28363,37.53379],[-5.2876,37.52761],[-5.26286,37.52679],[-5.25395,37.52215],[-5.25459,37.51798],[-5.24505,37.51812],[-5.24538,37.52323],[-5.23326,37.526],[-5.1865,37.52259],[-5.18612,37.5327],[-5.18405,37.53302],[-5.18982,37.54082],[-5.19142,37.54581],[-5.17696,37.54923],[-5.17462,37.57749]]]}},{"type":"Feature","properties":{"shapeISO":"","shapeID":"28895703B33992360402788","shapeGroup":"ESP","shapeType":"ADM3","name":"El Madroño"},"geometry":{"type":"Polygon","coordinates":[[[-6.42782,37.62123],[-6.42406,37.62185],[-6.41737,37.61928],[-6.41376,37.61965],[-6.40931,37.61439],[-6.39933,37.61273],[-6.3975,37.6105],[-6.39512,37.61101],[-6.3788,37.61585],[-6.35886,37.61862],[-6.34267,37.61761],[-6.34008,37.62195],[-6.34259,37.62684],[-6.34492,37.62597],[-6.34475,37.62308],[-6.34677,37.6253],[-6.34614,37.62871],[-6.34989,37.62594],[-6.35117,37.62735],[-6.35407,37.62694],[-6.35674,37.63203],[-6.35568,37.63538],[-6.35981,37.63548],[-6.36266,37.64256],[-6.37208,37.64619],[-6.37026,37.65128],[-6.37252,37.65643],[-6.37576,37.65743],[-6.37548,37.65959],[-6.37326,37.66013],[-6.37665,37.66175],[-6.37801,37.66631],[-6.39005,37.66864],[-6.39646,37.67155],[-6.40026,37.67014],[-6.4073,37.67145],[-6.41065,37.67784],[-6.41593,37.67884],[-6.43155,37.68705],[-6.43689,37.69549],[-6.4481,37.6977],[-6.45509,37.69607],[-6.45975,37.69858],[-6.46694,37.69521],[-6.48492,37.69769],[-6.48547,37.69682],[-6.48831,37.6983],[-6.49119,37.69653],[-6.49078,37.69484],[-6.49406,37.69129],[-6.49357,37.68846],[-6.50142,37.6887],[-6.49813,37.68233],[-6.50092,37.67715],[-6.50053,37.67036],[-6.50234,37.66675],[-6.50444,37.66609],[-6.50887,37.66819],[-6.51183,37.66466],[-6.51596,37.66535],[-6.51931,37.66214],[-6.52192,37.66453],[-6.52536,37.66423],[-6.52944,37.65807],[-6.53325,37.65703],[-6.53609,37.65098],[-6.53356,37.64594],[-6.5366,37.64053],[-6.53242,37.63927],[-6.5296,37.6365],[-6.53051,37.63422],[-6.53342,37.63319],[-6.53396,37.62922],[-6.53851,37.62666],[-6.53636,37.62345],[-6.53698,37.62096],[-6.53256,37.62026],[-6.53231,37.61855],[-6.53032,37.61914],[-6.52828,37.61576],[-6.52641,37.61814],[-6.52239,37.61888],[-6.52262,37.62186],[-6.52051,37.62083],[-6.51885,37.623],[-6.51647,37.6225],[-6.51499,37.62526],[-6.51125,37.62252],[-6.50859,37.62467],[-6.50821,37.62105],[-6.50401,37.62442],[-6.50108,37.6216],[-6.49864,37.62271],[-6.49796,37.62101],[-6.50101,37.6197],[-6.49988,37.61832],[-6.49748,37.61947],[-6.49655,37.61708],[-6.49004,37.62102],[-6.4891,37.61786],[-6.48489,37.61598],[-6.48422,37.62031],[-6.48141,37.62106],[-6.48122,37.61974],[-6.47657,37.61934],[-6.47387,37.62245],[-6.47198,37.62014],[-6.46734,37.62121],[-6.46625,37.61979],[-6.46497,37.62148],[-6.4613,37.62104],[-6.45643,37.62311],[-6.45427,37.62069],[-6.44644,37.62089],[-6.44383,37.62335],[-6.43868,37.62134],[-6.43533,37.62259],[-6.43119,37.62029],[-6.42782,37.62123]]]}},{"type":"Feature","properties":{"shapeISO":"","shapeID":"28895703B3372205251434","shapeGroup":"ESP","shapeType":"ADM3","name":"Mairena del Alcor"},"geometry":{"type":"Polygon","coordinates":[[[-5.73332,37.29719],[-5.72186,37.30398],[-5.71503,37.3059],[-5.70298,37.30539],[-5.69898,37.32081],[-5.6948,37.32696],[-5.68827,37.32972],[-5.68934,37.33237],[-5.68785,37.33409],[-5.67353,37.34589],[-5.69065,37.35831],[-5.68816,37.36075],[-5.6956,37.36065],[-5.70265,37.36337],[-5.72136,37.37575],[-5.73378,37.38621],[-5.75599,37.39642],[-5.77554,37.39614],[-5.79388,37.38818],[-5.80175,37.38853],[-5.81013,37.38619],[-5.79593,37.36957],[-5.78557,37.36124],[-5.76675,37.33717],[-5.76682,37.32981],[-5.76444,37.32776],[-5.7664,37.32241],[-5.77077,37.3194],[-5.77438,37.3142],[-5.77495,37.30814],[-5.75828,37.30476],[-5.74592,37.304],[-5.73332,37.29719]]]}},{"type":"Feature","properties":{"shapeISO":"","shapeID":"28895703B37972001905965","shapeGroup":"ESP","shapeType":"ADM3","name":"Mairena del Aljarafe"},"geometry":{"type":"Polygon","coordinates":[[[-6.09136,37.31763],[-6.08682,37.31683],[-6.08452,37.31938],[-6.08606,37.32078],[-6.08283,37.32225],[-6.08103,37.32069],[-6.08039,37.32246],[-6.07145,37.32463],[-6.06726,37.32732],[-6.05946,37.3291],[-6.05656,37.32851],[-6.055,37.32603],[-6.04983,37.33215],[-6.04716,37.33201],[-6.04592,37.32979],[-6.0418,37.33184],[-6.03528,37.32745],[-6.0334,37.33534],[-6.03477,37.34059],[-6.03072,37.34259],[-6.03293,37.34374],[-6.03306,37.34852],[-6.03324,37.3546],[-6.0369,37.35721],[-6.04423,37.35889],[-6.05497,37.35859],[-6.05587,37.35796],[-6.06406,37.35358],[-6.06789,37.35367],[-6.07397,37.34942],[-6.08001,37.34815],[-6.08399,37.34893],[-6.0924,37.34434],[-6.09352,37.3277],[-6.09841,37.3261],[-6.11204,37.32759],[-6.11468,37.32559],[-6.11578,37.32767],[-6.1183,37.32768],[-6.13114,37.32584],[-6.13215,37.31986],[-6.1246,37.32325],[-6.11871,37.32305],[-6.11564,37.3248],[-6.10481,37.32091],[-6.09003,37.32161],[-6.08976,37.31859],[-6.09136,37.31763]]]}},{"type":"Feature","properties":{"shapeISO":"","shapeID":"28895703B2006746934057","shapeGroup":"ESP","shapeType":"ADM3","name":"Marchena"},"geometry":{"type":"Polygon","coordinates":[[[-5.52015,37.35709],[-5.50816,37.35312],[-5.50177,37.35416],[-5.49873,37.35234],[-5.50406,37.34643],[-5.48881,37.34466],[-5.48639,37.34353],[-5.4859,37.33956],[-5.47805,37.33929],[-5.48667,37.33312],[-5.48423,37.32763],[-5.4694,37.32641],[-5.46428,37.31245],[-5.46143,37.31298],[-5.46058,37.31127],[-5.45278,37.30944],[-5.44507,37.30174],[-5.43744,37.29078],[-5.42943,37.28657],[-5.42855,37.28263],[-5.42219,37.27773],[-5.42148,37.26569],[-5.42341,37.25014],[-5.42684,37.24413],[-5.43552,37.23951],[-5.43858,37.23993],[-5.43874,37.24267],[-5.44658,37.24158],[-5.44791,37.23919],[-5.44669,37.23718],[-5.43636,37.23761],[-5.43043,37.23631],[-5.42974,37.23475],[-5.41752,37.23213],[-5.40776,37.23523],[-5.40241,37.23421],[-5.39865,37.23038],[-5.38753,37.2268],[-5.3783,37.21959],[-5.35218,37.20955],[-5.34716,37.2101],[-5.3415,37.21544],[-5.32994,37.22262],[-5.3028,37.23281],[-5.28812,37.2401],[-5.27736,37.25279],[-5.26169,37.265],[-5.26033,37.26909],[-5.26222,37.27621],[-5.26753,37.2849],[-5.27506,37.29282],[-5.2752,37.30001],[-5.26031,37.32672],[-5.25625,37.35593],[-5.24794,37.37461],[-5.28663,37.42523],[-5.29633,37.44238],[-5.30019,37.44273],[-5.33284,37.43587],[-5.38787,37.41865],[-5.39787,37.4134],[-5.42191,37.40243],[-5.45252,37.39328],[-5.46413,37.39379],[-5.47001,37.39923],[-5.47607,37.40051],[-5.50177,37.39271],[-5.50804,37.3893],[-5.51714,37.37201],[-5.52015,37.35709]]]}},{"type":"Feature","properties":{"shapeISO":"","shapeID":"28895703B17586168328172","shapeGroup":"ESP","shapeType":"ADM3","name":"Marinaleda"},"geometry":{"type":"Polygon","coordinates":[[[-4.98898,37.36964],[-4.98593,37.36773],[-4.97974,37.35487],[-4.98296,37.3526],[-4.98173,37.35065],[-4.9842,37.34734],[-4.97944,37.34878],[-4.95883,37.34454],[-4.94284,37.34754],[-4.93888,37.34891],[-4.93802,37.3547],[-4.93267,37.35649],[-4.93774,37.36269],[-4.93299,37.3675],[-4.93097,37.36722],[-4.92439,37.37073],[-4.90543,37.36871],[-4.90148,37.3733],[-4.90282,37.37895],[-4.9005,37.38395],[-4.90471,37.38791],[-4.90192,37.39233],[-4.91237,37.40843],[-4.93597,37.38679],[-4.96599,37.37682],[-4.967,37.37784],[-4.97081,37.37672],[-4.96992,37.37566],[-4.98898,37.36964]]]}},{"type":"Feature","properties":{"shapeISO":"","shapeID":"28895703B68424057338860","shapeGroup":"ESP","shapeType":"ADM3","name":"Martín de la Jara"},"geometry":{"type":"Polygon","coordinates":[[[-4.90837,37.11465],[-4.90331,37.13879],[-4.91202,37.14408],[-4.92468,37.14856],[-4.93656,37.15657],[-4.94266,37.15759],[-4.94666,37.1576],[-4.95492,37.1618],[-4.96039,37.17058],[-4.97132,37.17408],[-4.97463,37.17876],[-4.97855,37.17663],[-4.98483,37.17682],[-4.98602,37.16987],[-4.997,37.16816],[-4.99367,37.16424],[-4.99064,37.16322],[-4.98977,37.16028],[-4.99521,37.16185],[-4.99609,37.15788],[-5.00233,37.15614],[-4.99975,37.14951],[-5.00669,37.14868],[-5.00342,37.14626],[-5.00124,37.14122],[-4.98982,37.14054],[-4.98765,37.1391],[-4.99031,37.13563],[-4.98607,37.13453],[-4.98898,37.13269],[-4.97895,37.12763],[-4.98301,37.10961],[-4.97902,37.10528],[-4.97175,37.10194],[-4.9738,37.10164],[-4.97174,37.09793],[-4.96719,37.09691],[-4.96407,37.09092],[-4.96676,37.09013],[-4.95472,37.09187],[-4.93698,37.10028],[-4.93074,37.09992],[-4.92701,37.1035],[-4.92262,37.10323],[-4.92196,37.10688],[-4.91715,37.10796],[-4.91696,37.11101],[-4.90837,37.11465]]]}},{"type":"Feature","properties":{"shapeISO":"","shapeID":"28895703B33440761796177","shapeGroup":"ESP","shapeType":"ADM3","name":"Los Molares"},"geometry":{"type":"Polygon","coordinates":[[[-5.69265,37.18786],[-5.69207,37.18668],[-5.69421,37.18564],[-5.72141,37.17403],[-5.72584,37.17413],[-5.72615,37.17137],[-5.73116,37.17091],[-5.73622,37.16755],[-5.74137,37.16932],[-5.74613,37.16738],[-5.7455,37.16616],[-5.7499,37.16042],[-5.75452,37.16013],[-5.7214,37.13824],[-5.71199,37.14076],[-5.70896,37.14364],[-5.70504,37.14477],[-5.69361,37.14421],[-5.68793,37.14682],[-5.67914,37.14638],[-5.67382,37.14863],[-5.65783,37.1393],[-5.6547,37.13558],[-5.63732,37.13334],[-5.61852,37.12747],[-5.63606,37.15568],[-5.64949,37.1873],[-5.68505,37.18928],[-5.69265,37.18786]]]}},{"type":"Feature","properties":{"shapeISO":"","shapeID":"28895703B16864128518199","shapeGroup":"ESP","shapeType":"ADM3","name":"Montellano"},"geometry":{"type":"Polygon","coordinates":[[[-5.51099,37.0336],[-5.51742,37.04671],[-5.53202,37.05552],[-5.56109,37.06343],[-5.5599,37.06615],[-5.56222,37.06686],[-5.56666,37.07456],[-5.59132,37.0726],[-5.59649,37.07008],[-5.59499,37.06783],[-5.59684,37.06709],[-5.59952,37.06866],[-5.6043,37.06812],[-5.60973,37.04448],[-5.60844,37.0344],[-5.60511,37.02903],[-5.60545,37.01723],[-5.60239,37.0101],[-5.59247,36.99754],[-5.58244,36.97967],[-5.5802,36.96861],[-5.56043,36.94033],[-5.55085,36.92312],[-5.54699,36.92588],[-5.54612,36.93018],[-5.53577,36.92998],[-5.53319,36.93247],[-5.53275,36.93585],[-5.52479,36.93733],[-5.5204,36.94483],[-5.52061,36.94805],[-5.51528,36.95022],[-5.51389,36.95654],[-5.50898,36.95853],[-5.50234,36.95832],[-5.49888,36.96587],[-5.49343,36.97092],[-5.48981,36.97289],[-5.48143,36.97237],[-5.46973,36.98395],[-5.46917,36.98802],[-5.47304,36.99523],[-5.48364,37.00256],[-5.48723,37.00732],[-5.4953,37.01147],[-5.51099,37.0336]]]}}]}