{"type":"FeatureCollection","features":[{"type":"Feature","properties":{"unit_id":"25017322300","name":"Census Tract 3223 — Middlesex","native_id":"25017322300","source":"census_tract_2025","adm3_name":"Middlesex County","adm3_id":"25017","area_sqm":5034373,"split":false},"geometry":{"type":"Polygon","coordinates":[[[-71.60263,42.3985],[-71.58526,42.4071],[-71.57909,42.40824],[-71.56458,42.41093],[-71.56494,42.4],[-71.56677,42.39638],[-71.56521,42.39564],[-71.56497,42.39339],[-71.56988,42.3937],[-71.57137,42.3941],[-71.57116,42.39294],[-71.57003,42.391],[-71.57023,42.39044],[-71.57274,42.39073],[-71.57477,42.38891],[-71.57616,42.38566],[-71.57724,42.38523],[-71.57779,42.38534],[-71.57993,42.38714],[-71.58019,42.38698],[-71.60254,42.39694],[-71.60425,42.3977],[-71.60263,42.3985]]]}},{"type":"Feature","properties":{"unit_id":"25025170200","name":"Census Tract 1702 — Suffolk","native_id":"25025170200","source":"census_tract_2025","adm3_name":"Suffolk County","adm3_id":"25025","area_sqm":998543,"split":false},"geometry":{"type":"Polygon","coordinates":[[[-71.03109,42.41878],[-71.02932,42.42188],[-71.02013,42.41911],[-71.01897,42.41861],[-71.01866,42.41909],[-71.01233,42.4173],[-71.01119,42.41839],[-71.00934,42.41722],[-71.00838,42.41611],[-71.00987,42.41394],[-71.01123,42.41178],[-71.01766,42.41354],[-71.02274,42.41495],[-71.02754,42.41626],[-71.03173,42.41739],[-71.03109,42.41878]]]}},{"type":"Feature","properties":{"unit_id":"25025082100","name":"Census Tract 821 — Suffolk","native_id":"25025082100","source":"census_tract_2025","adm3_name":"Suffolk County","adm3_id":"25025","area_sqm":370577,"split":false},"geometry":{"type":"Polygon","coordinates":[[[-71.08993,42.31263],[-71.0894,42.31326],[-71.08832,42.31289],[-71.08586,42.31169],[-71.08392,42.31058],[-71.08325,42.3106],[-71.08267,42.30953],[-71.0828,42.30933],[-71.08308,42.30877],[-71.08325,42.30847],[-71.0839,42.30759],[-71.0843,42.30701],[-71.08492,42.30443],[-71.08501,42.30517],[-71.08908,42.30753],[-71.09217,42.30986],[-71.08993,42.31263]]]}},{"type":"Feature","properties":{"unit_id":"25025050101","name":"Census Tract 501.01 — Suffolk","native_id":"25025050101","source":"census_tract_2025","adm3_name":"Suffolk County","adm3_id":"25025","area_sqm":299770,"split":false},"geometry":{"type":"Polygon","coordinates":[[[-71.0443,42.38321],[-71.04326,42.38359],[-71.03926,42.38683],[-71.03931,42.38662],[-71.03932,42.38261],[-71.03339,42.38261],[-71.03342,42.38052],[-71.03278,42.37949],[-71.03492,42.37868],[-71.03576,42.37994],[-71.03921,42.37863],[-71.04003,42.37865],[-71.04498,42.37854],[-71.0443,42.38321]]]}},{"type":"Feature","properties":{"unit_id":"25025180301","name":"Census Tract 1803.01 — Suffolk","native_id":"25025180301","source":"census_tract_2025","adm3_name":"Suffolk County","adm3_id":"25025","area_sqm":721123,"split":false},"geometry":{"type":"Polygon","coordinates":[[[-70.99785,42.37263],[-70.99619,42.3762],[-70.99381,42.37712],[-70.99216,42.37704],[-70.9898,42.37676],[-70.98752,42.37592],[-70.98572,42.37279],[-70.98453,42.37265],[-70.98106,42.37162],[-70.98089,42.3703],[-70.981,42.3701],[-70.98813,42.36851],[-70.98932,42.36906],[-70.99459,42.37148],[-70.99723,42.37269],[-70.99785,42.37263]]]}},{"type":"Feature","properties":{"unit_id":"25025030302","name":"Census Tract 303.02 — Suffolk","native_id":"25025030302","source":"census_tract_2025","adm3_name":"Suffolk County","adm3_id":"25025","area_sqm":477388,"split":false},"geometry":{"type":"Polygon","coordinates":[[[-71.06291,42.36123],[-71.0622,42.36226],[-71.05896,42.36339],[-71.05843,42.36464],[-71.05697,42.36321],[-71.05638,42.36288],[-71.05492,42.36205],[-71.05297,42.36103],[-71.05281,42.36091],[-71.05182,42.35961],[-71.05158,42.35876],[-71.05576,42.35691],[-71.05771,42.35678],[-71.05874,42.35699],[-71.05829,42.35741],[-71.06264,42.35798],[-71.06282,42.35867],[-71.06291,42.36123]]]}},{"type":"Feature","properties":{"unit_id":"25025051200","name":"Census Tract 512 — Suffolk","native_id":"25025051200","source":"census_tract_2025","adm3_name":"Suffolk County","adm3_id":"25025","area_sqm":429617,"split":false},"geometry":{"type":"Polygon","coordinates":[[[-71.03997,42.36712],[-71.03892,42.3685],[-71.03869,42.36841],[-71.03933,42.36682],[-71.03683,42.36572],[-71.03573,42.36713],[-71.03475,42.36831],[-71.03339,42.36773],[-71.0326,42.36867],[-71.03279,42.36821],[-71.0281,42.36543],[-71.02629,42.36384],[-71.02646,42.36221],[-71.02692,42.36377],[-71.02964,42.36335],[-71.038,42.36375],[-71.04168,42.36649],[-71.03997,42.36712]]]}},{"type":"Feature","properties":{"unit_id":"25017341101","name":"Census Tract 3411.01 — Middlesex","native_id":"25017341101","source":"census_tract_2025","adm3_name":"Middlesex County","adm3_id":"25017","area_sqm":1130194,"split":false},"geometry":{"type":"Polygon","coordinates":[[[-71.08634,42.4401],[-71.08564,42.44469],[-71.08212,42.44394],[-71.08292,42.43884],[-71.07401,42.43976],[-71.07162,42.44],[-71.07055,42.44012],[-71.07115,42.43534],[-71.07137,42.43413],[-71.07211,42.43201],[-71.07231,42.43206],[-71.07483,42.43196],[-71.08177,42.43123],[-71.08227,42.43302],[-71.08318,42.4339],[-71.08685,42.43677],[-71.08634,42.4401]]]}},{"type":"Feature","properties":{"unit_id":"25017350300","name":"Census Tract 3503 — Middlesex","native_id":"25017350300","source":"census_tract_2025","adm3_name":"Middlesex County","adm3_id":"25017","area_sqm":398297,"split":false},"geometry":{"type":"Polygon","coordinates":[[[-71.11109,42.39401],[-71.11074,42.3945],[-71.10886,42.39719],[-71.11045,42.39932],[-71.11075,42.3997],[-71.10446,42.39758],[-71.10176,42.39668],[-71.10398,42.39236],[-71.10151,42.39115],[-71.10204,42.3904],[-71.10432,42.39169],[-71.10591,42.39314],[-71.10666,42.39207],[-71.11124,42.39377],[-71.11109,42.39401]]]}},{"type":"Feature","properties":{"unit_id":"25025140300","name":"Census Tract 1403 — Suffolk","native_id":"25025140300","source":"census_tract_2025","adm3_name":"Suffolk County","adm3_id":"25025","area_sqm":1548879,"split":false},"geometry":{"type":"Polygon","coordinates":[[[-71.13012,42.25117],[-71.12822,42.25234],[-71.12716,42.25383],[-71.12602,42.25467],[-71.12559,42.25561],[-71.12531,42.25565],[-71.12471,42.25723],[-71.12356,42.26221],[-71.12331,42.26351],[-71.12204,42.26292],[-71.11896,42.26192],[-71.11788,42.26402],[-71.118,42.26458],[-71.11827,42.2666],[-71.11643,42.26711],[-71.111,42.26904],[-71.11162,42.26736],[-71.11083,42.26606],[-71.10842,42.26259],[-71.10774,42.26297],[-71.1069,42.26193],[-71.10841,42.26112],[-71.11146,42.26077],[-71.11326,42.25893],[-71.11425,42.25816],[-71.11547,42.25687],[-71.1184,42.25392],[-71.11889,42.25316],[-71.12063,42.25211],[-71.12288,42.25185],[-71.12551,42.24795],[-71.12843,42.24917],[-71.12899,42.24799],[-71.12897,42.24964],[-71.13012,42.25117]]]}},{"type":"Feature","properties":{"unit_id":"25017312200","name":"Census Tract 3122 — Middlesex","native_id":"25017312200","source":"census_tract_2025","adm3_name":"Middlesex County","adm3_id":"25017","area_sqm":2936401,"split":false},"geometry":{"type":"Polygon","coordinates":[[[-71.31868,42.61831],[-71.31953,42.62177],[-71.31914,42.62496],[-71.31877,42.62732],[-71.318,42.62828],[-71.31448,42.63193],[-71.31268,42.63273],[-71.31253,42.63252],[-71.31158,42.6313],[-71.3081,42.62835],[-71.30469,42.62669],[-71.30313,42.62631],[-71.30164,42.62595],[-71.29973,42.62599],[-71.29778,42.62615],[-71.29631,42.62597],[-71.29536,42.61959],[-71.29587,42.61636],[-71.29637,42.61468],[-71.30323,42.61435],[-71.30737,42.61415],[-71.31685,42.61369],[-71.31839,42.61395],[-71.31995,42.61597],[-71.31868,42.61831]]]}},{"type":"Feature","properties":{"unit_id":"25025020200","name":"Census Tract 202 — Suffolk","native_id":"25025020200","source":"census_tract_2025","adm3_name":"Suffolk County","adm3_id":"25025","area_sqm":108297,"split":false},"geometry":{"type":"Polygon","coordinates":[[[-71.07236,42.36121],[-71.07081,42.3609],[-71.06875,42.36108],[-71.06691,42.36114],[-71.06516,42.3612],[-71.06505,42.35937],[-71.06682,42.35935],[-71.06863,42.35957],[-71.07079,42.35947],[-71.07212,42.35947],[-71.07236,42.36121]]]}},{"type":"Feature","properties":{"unit_id":"25025092300","name":"Census Tract 923 — Suffolk","native_id":"25025092300","source":"census_tract_2025","adm3_name":"Suffolk County","adm3_id":"25025","area_sqm":342974,"split":false},"geometry":{"type":"Polygon","coordinates":[[[-71.07885,42.29671],[-71.07629,42.29731],[-71.07429,42.29656],[-71.07227,42.29668],[-71.07212,42.29551],[-71.07191,42.29393],[-71.07177,42.2923],[-71.0716,42.29022],[-71.072,42.29022],[-71.07415,42.29084],[-71.0761,42.29142],[-71.07815,42.29202],[-71.07848,42.29435],[-71.07885,42.29671]]]}},{"type":"Feature","properties":{"unit_id":"25017351300","name":"Census Tract 3513 — Middlesex","native_id":"25017351300","source":"census_tract_2025","adm3_name":"Middlesex County","adm3_id":"25017","area_sqm":515813,"split":false},"geometry":{"type":"Polygon","coordinates":[[[-71.09965,42.38552],[-71.09763,42.38843],[-71.09542,42.38743],[-71.09353,42.38638],[-71.09125,42.38417],[-71.09147,42.38328],[-71.09014,42.38143],[-71.08979,42.38027],[-71.08992,42.38006],[-71.09143,42.37961],[-71.09592,42.37966],[-71.09717,42.38102],[-71.09751,42.38148],[-71.1004,42.38436],[-71.09965,42.38552]]]}},{"type":"Feature","properties":{"unit_id":"25017300100","name":"Census Tract 3001 — Middlesex","native_id":"25017300100","source":"census_tract_2025","adm3_name":"Middlesex County","adm3_id":"25017","area_sqm":61290671,"split":false},"geometry":{"type":"Polygon","coordinates":[[[-71.89877,42.71142],[-71.8238,42.7094],[-71.80539,42.7089],[-71.77256,42.70801],[-71.77436,42.67223],[-71.77576,42.64423],[-71.77532,42.63666],[-71.79419,42.63703],[-71.84484,42.63799],[-71.85848,42.63381],[-71.85681,42.66084],[-71.85639,42.66764],[-71.85776,42.67498],[-71.86375,42.67955],[-71.86575,42.68411],[-71.86978,42.68365],[-71.87745,42.68929],[-71.8971,42.70373],[-71.89877,42.71142]]]}},{"type":"Feature","properties":{"unit_id":"25025000701","name":"Census Tract 7.01 — Suffolk","native_id":"25025000701","source":"census_tract_2025","adm3_name":"Suffolk County","adm3_id":"25025","area_sqm":230440,"split":false},"geometry":{"type":"Polygon","coordinates":[[[-71.14152,42.34629],[-71.14037,42.34869],[-71.13973,42.34898],[-71.13758,42.34865],[-71.13638,42.35039],[-71.13572,42.34904],[-71.13504,42.34817],[-71.13576,42.34797],[-71.13467,42.34685],[-71.13425,42.34658],[-71.13515,42.34602],[-71.13599,42.34537],[-71.13782,42.34388],[-71.13825,42.34413],[-71.1398,42.34509],[-71.1417,42.34602],[-71.14152,42.34629]]]}},{"type":"Feature","properties":{"unit_id":"25025060700","name":"Census Tract 607 — Suffolk","native_id":"25025060700","source":"census_tract_2025","adm3_name":"Suffolk County","adm3_id":"25025","area_sqm":128227,"split":false},"geometry":{"type":"Polygon","coordinates":[[[-71.05624,42.33887],[-71.05393,42.34079],[-71.05238,42.3398],[-71.05084,42.33879],[-71.0524,42.33749],[-71.05389,42.33624],[-71.05711,42.33833],[-71.05624,42.33887]]]}},{"type":"Feature","properties":{"unit_id":"25025070301","name":"Census Tract 703.01 — Suffolk","native_id":"25025070301","source":"census_tract_2025","adm3_name":"Suffolk County","adm3_id":"25025","area_sqm":143331,"split":false},"geometry":{"type":"Polygon","coordinates":[[[-71.07525,42.34588],[-71.07269,42.34793],[-71.06911,42.34795],[-71.06819,42.34787],[-71.0685,42.3476],[-71.06986,42.34527],[-71.07021,42.34486],[-71.07158,42.34398],[-71.07186,42.34383],[-71.07275,42.34566],[-71.07487,42.3451],[-71.07525,42.34588]]]}},{"type":"Feature","properties":{"unit_id":"25017374700","name":"Census Tract 3747 — Middlesex","native_id":"25017374700","source":"census_tract_2025","adm3_name":"Middlesex County","adm3_id":"25017","area_sqm":2372489,"split":false},"geometry":{"type":"Polygon","coordinates":[[[-71.26188,42.34215],[-71.25976,42.34611],[-71.26019,42.34838],[-71.25863,42.35005],[-71.26038,42.35363],[-71.25647,42.35491],[-71.25611,42.35382],[-71.25476,42.35423],[-71.25374,42.35504],[-71.25293,42.35596],[-71.25244,42.3561],[-71.24308,42.35887],[-71.23753,42.35668],[-71.23357,42.35397],[-71.23194,42.35289],[-71.23624,42.35266],[-71.23807,42.35186],[-71.23824,42.34996],[-71.23494,42.34864],[-71.23533,42.34755],[-71.23213,42.34757],[-71.23521,42.34698],[-71.23761,42.34691],[-71.24667,42.3461],[-71.24982,42.34569],[-71.25193,42.34484],[-71.25435,42.34329],[-71.26092,42.34098],[-71.26188,42.34215]]]}},{"type":"Feature","properties":{"unit_id":"25017352400","name":"Census Tract 3524 — Middlesex","native_id":"25017352400","source":"census_tract_2025","adm3_name":"Middlesex County","adm3_id":"25017","area_sqm":225079,"split":false},"geometry":{"type":"Polygon","coordinates":[[[-71.09628,42.36488],[-71.09542,42.36711],[-71.09479,42.36877],[-71.0938,42.36796],[-71.0899,42.36496],[-71.0897,42.36489],[-71.09035,42.36317],[-71.09078,42.36275],[-71.09674,42.3632],[-71.09628,42.36488]]]}},{"type":"Feature","properties":{"unit_id":"25017352300","name":"Census Tract 3523 — Middlesex","native_id":"25017352300","source":"census_tract_2025","adm3_name":"Middlesex County","adm3_id":"25017","area_sqm":694885,"split":false},"geometry":{"type":"Polygon","coordinates":[[[-71.0899,42.36496],[-71.08918,42.36706],[-71.08826,42.37065],[-71.08346,42.37007],[-71.08362,42.36938],[-71.08031,42.36897],[-71.07906,42.36879],[-71.07739,42.36858],[-71.07824,42.36522],[-71.07882,42.36263],[-71.07824,42.36182],[-71.08346,42.36223],[-71.08439,42.36271],[-71.08733,42.36395],[-71.08943,42.36479],[-71.0897,42.36489],[-71.0899,42.36496]]]}},{"type":"Feature","properties":{"unit_id":"25017358100","name":"Census Tract 3581 — Middlesex","native_id":"25017358100","source":"census_tract_2025","adm3_name":"Middlesex County","adm3_id":"25017","area_sqm":5458427,"split":false},"geometry":{"type":"Polygon","coordinates":[[[-71.22313,42.43217],[-71.22225,42.43422],[-71.21814,42.43451],[-71.21457,42.43595],[-71.21021,42.43483],[-71.20908,42.43557],[-71.20303,42.44011],[-71.19755,42.43773],[-71.19628,42.43618],[-71.19137,42.43369],[-71.1894,42.42831],[-71.19155,42.42606],[-71.19264,42.42496],[-71.19283,42.42478],[-71.19568,42.42206],[-71.19991,42.4177],[-71.20261,42.41483],[-71.20318,42.41428],[-71.2076,42.40978],[-71.21591,42.41476],[-71.21893,42.41556],[-71.21768,42.41726],[-71.21484,42.4184],[-71.215,42.41867],[-71.21685,42.41992],[-71.2198,42.42223],[-71.21977,42.42491],[-71.22066,42.4272],[-71.2256,42.42905],[-71.22313,42.43217]]]}},{"type":"Feature","properties":{"unit_id":"25017356602","name":"Census Tract 3566.02 — Middlesex","native_id":"25017356602","source":"census_tract_2025","adm3_name":"Middlesex County","adm3_id":"25017","area_sqm":1250306,"split":false},"geometry":{"type":"Polygon","coordinates":[[[-71.19,42.4188],[-71.18886,42.42007],[-71.18828,42.42174],[-71.18351,42.42343],[-71.18344,42.42361],[-71.18219,42.42544],[-71.17632,42.42596],[-71.1757,42.4259],[-71.17461,42.42331],[-71.17252,42.42177],[-71.17419,42.42119],[-71.17588,42.41882],[-71.1788,42.41635],[-71.17898,42.41539],[-71.1796,42.41445],[-71.1814,42.41297],[-71.18195,42.41266],[-71.18371,42.41137],[-71.18455,42.41165],[-71.18722,42.41495],[-71.18877,42.41683],[-71.18917,42.41757],[-71.19,42.4188]]]}},{"type":"Feature","properties":{"unit_id":"25017350400","name":"Census Tract 3504 — Middlesex","native_id":"25017350400","source":"census_tract_2025","adm3_name":"Middlesex County","adm3_id":"25017","area_sqm":600702,"split":false},"geometry":{"type":"Polygon","coordinates":[[[-71.1209,42.39853],[-71.11892,42.39943],[-71.11662,42.40096],[-71.11696,42.40091],[-71.11706,42.40118],[-71.11691,42.4013],[-71.1172,42.40402],[-71.11742,42.40583],[-71.11554,42.40514],[-71.11492,42.40217],[-71.11387,42.40098],[-71.11075,42.3997],[-71.11045,42.39932],[-71.10886,42.39719],[-71.11074,42.3945],[-71.11109,42.39401],[-71.11368,42.39483],[-71.11603,42.39523],[-71.12015,42.39624],[-71.12217,42.39667],[-71.1209,42.39853]]]}},{"type":"Feature","properties":{"unit_id":"25017354602","name":"Census Tract 3546.02 — Middlesex","native_id":"25017354602","source":"census_tract_2025","adm3_name":"Middlesex County","adm3_id":"25017","area_sqm":726877,"split":false},"geometry":{"type":"Polygon","coordinates":[[[-71.14164,42.38719],[-71.13868,42.39066],[-71.13544,42.39112],[-71.13273,42.39069],[-71.13034,42.3903],[-71.12901,42.39007],[-71.1287,42.38937],[-71.12756,42.3874],[-71.12694,42.38635],[-71.12851,42.38569],[-71.12978,42.38346],[-71.13022,42.38307],[-71.13041,42.38292],[-71.13102,42.38241],[-71.13286,42.38328],[-71.13409,42.38384],[-71.13579,42.3846],[-71.14102,42.38691],[-71.14164,42.38719]]]}},{"type":"Feature","properties":{"unit_id":"25025981700","name":"Census Tract 9817 — Suffolk","native_id":"25025981700","source":"census_tract_2025","adm3_name":"Suffolk County","adm3_id":"25025","area_sqm":313765,"split":false},"geometry":{"type":"Polygon","coordinates":[[[-71.07256,42.35544],[-71.0713,42.35577],[-71.06764,42.3566],[-71.06499,42.35719],[-71.06317,42.35775],[-71.06196,42.35653],[-71.06331,42.35521],[-71.06423,42.35339],[-71.06456,42.35238],[-71.06753,42.35251],[-71.07066,42.35185],[-71.07108,42.35267],[-71.07206,42.35466],[-71.07256,42.35544]]]}},{"type":"Feature","properties":{"unit_id":"25017333200","name":"Census Tract 3332 — Middlesex","native_id":"25017333200","source":"census_tract_2025","adm3_name":"Middlesex County","adm3_id":"25017","area_sqm":3884685,"split":false},"geometry":{"type":"Polygon","coordinates":[[[-71.18294,42.48212],[-71.1815,42.48362],[-71.17484,42.48546],[-71.16892,42.48709],[-71.17019,42.48898],[-71.15985,42.48483],[-71.1561,42.48308],[-71.15525,42.48237],[-71.15449,42.48174],[-71.15217,42.47994],[-71.15173,42.47895],[-71.15131,42.47821],[-71.15054,42.47664],[-71.15271,42.47539],[-71.15229,42.47502],[-71.15566,42.47401],[-71.16016,42.47358],[-71.16139,42.47026],[-71.15856,42.46427],[-71.15473,42.46301],[-71.15229,42.46372],[-71.15303,42.46249],[-71.15524,42.46248],[-71.15689,42.4624],[-71.17438,42.4699],[-71.17555,42.47132],[-71.18106,42.47954],[-71.18183,42.48033],[-71.18294,42.48212]]]}},{"type":"Feature","properties":{"unit_id":"25017353900","name":"Census Tract 3539 — Middlesex","native_id":"25017353900","source":"census_tract_2025","adm3_name":"Middlesex County","adm3_id":"25017","area_sqm":323192,"split":false},"geometry":{"type":"Polygon","coordinates":[[[-71.12245,42.36982],[-71.12096,42.37163],[-71.12015,42.37258],[-71.11912,42.37217],[-71.11861,42.37197],[-71.11595,42.37138],[-71.11391,42.37084],[-71.11261,42.36984],[-71.11345,42.36928],[-71.11351,42.36856],[-71.11351,42.36774],[-71.11358,42.36588],[-71.1139,42.36448],[-71.11692,42.36425],[-71.11723,42.36737],[-71.11896,42.36876],[-71.1232,42.36894],[-71.12245,42.36982]]]}},{"type":"Feature","properties":{"unit_id":"25025080900","name":"Census Tract 809 — Suffolk","native_id":"25025080900","source":"census_tract_2025","adm3_name":"Suffolk County","adm3_id":"25025","area_sqm":256492,"split":false},"geometry":{"type":"Polygon","coordinates":[[[-71.1056,42.33241],[-71.10491,42.33419],[-71.10243,42.33515],[-71.10031,42.33594],[-71.09979,42.3354],[-71.10132,42.33296],[-71.09932,42.33228],[-71.09718,42.33178],[-71.0976,42.33077],[-71.09849,42.33007],[-71.09894,42.32913],[-71.10086,42.33],[-71.10229,42.33035],[-71.10308,42.33053],[-71.10517,42.33101],[-71.1056,42.33241]]]}},{"type":"Feature","properties":{"unit_id":"25025110502","name":"Census Tract 1105.02 — Suffolk","native_id":"25025110502","source":"census_tract_2025","adm3_name":"Suffolk County","adm3_id":"25025","area_sqm":684300,"split":false},"geometry":{"type":"Polygon","coordinates":[[[-71.13742,42.28625],[-71.12766,42.28706],[-71.12704,42.28746],[-71.12813,42.28645],[-71.1261,42.28518],[-71.12513,42.28449],[-71.12794,42.28267],[-71.12908,42.28097],[-71.12975,42.28146],[-71.13276,42.2786],[-71.13478,42.2769],[-71.137,42.27832],[-71.13723,42.2807],[-71.13761,42.28585],[-71.13742,42.28625]]]}},{"type":"Feature","properties":{"unit_id":"25017311200","name":"Census Tract 3112 — Middlesex","native_id":"25017311200","source":"census_tract_2025","adm3_name":"Middlesex County","adm3_id":"25017","area_sqm":448407,"split":false},"geometry":{"type":"Polygon","coordinates":[[[-71.33061,42.64091],[-71.3285,42.64081],[-71.32506,42.64026],[-71.32006,42.63917],[-71.31784,42.64001],[-71.31652,42.63921],[-71.31581,42.63838],[-71.31608,42.63791],[-71.3194,42.63703],[-71.32514,42.63541],[-71.32723,42.63497],[-71.32898,42.63477],[-71.32929,42.63793],[-71.33061,42.64091]]]}},{"type":"Feature","properties":{"unit_id":"25017333601","name":"Census Tract 3336.01 — Middlesex","native_id":"25017333601","source":"census_tract_2025","adm3_name":"Middlesex County","adm3_id":"25017","area_sqm":6254620,"split":false},"geometry":{"type":"Polygon","coordinates":[[[-71.15066,42.51055],[-71.14719,42.51198],[-71.1477,42.51405],[-71.14539,42.51682],[-71.14918,42.52426],[-71.13545,42.53],[-71.12993,42.51938],[-71.12419,42.50832],[-71.12239,42.50415],[-71.11976,42.50029],[-71.1215,42.49854],[-71.12405,42.49553],[-71.12445,42.49514],[-71.1293,42.49119],[-71.13247,42.48904],[-71.13522,42.48792],[-71.13662,42.49068],[-71.13714,42.49405],[-71.13851,42.49526],[-71.14204,42.49449],[-71.14345,42.49639],[-71.14224,42.50128],[-71.14108,42.50318],[-71.14675,42.50557],[-71.14605,42.50684],[-71.14857,42.50645],[-71.15191,42.50793],[-71.15066,42.51055]]]}},{"type":"Feature","properties":{"unit_id":"25017330201","name":"Census Tract 3302.01 — Middlesex","native_id":"25017330201","source":"census_tract_2025","adm3_name":"Middlesex County","adm3_id":"25017","area_sqm":5742269,"split":false},"geometry":{"type":"Polygon","coordinates":[[[-71.12136,42.60028],[-71.111,42.60116],[-71.10826,42.59593],[-71.1051,42.59309],[-71.10195,42.59021],[-71.10052,42.58761],[-71.09683,42.58386],[-71.0931,42.57723],[-71.09015,42.57356],[-71.08953,42.56876],[-71.08709,42.56679],[-71.08698,42.56535],[-71.09282,42.55927],[-71.10384,42.56517],[-71.10488,42.56644],[-71.10778,42.56457],[-71.11061,42.57462],[-71.11275,42.58229],[-71.11632,42.58906],[-71.11966,42.59531],[-71.12136,42.60028]]]}},{"type":"Feature","properties":{"unit_id":"25017351203","name":"Census Tract 3512.03 — Middlesex","native_id":"25017351203","source":"census_tract_2025","adm3_name":"Middlesex County","adm3_id":"25017","area_sqm":406606,"split":false},"geometry":{"type":"Polygon","coordinates":[[[-71.10727,42.37809],[-71.1028,42.37915],[-71.10143,42.3794],[-71.09948,42.37932],[-71.09639,42.37964],[-71.09587,42.37787],[-71.09521,42.37751],[-71.09559,42.37697],[-71.09742,42.37443],[-71.10161,42.37437],[-71.1032,42.37433],[-71.10543,42.37633],[-71.10594,42.37682],[-71.10727,42.37809]]]}},{"type":"Feature","properties":{"unit_id":"25025081400","name":"Census Tract 814 — Suffolk","native_id":"25025081400","source":"census_tract_2025","adm3_name":"Suffolk County","adm3_id":"25025","area_sqm":620480,"split":false},"geometry":{"type":"Polygon","coordinates":[[[-71.09937,42.328],[-71.09894,42.32913],[-71.09849,42.33007],[-71.0976,42.33077],[-71.09718,42.33178],[-71.09535,42.33155],[-71.0944,42.33141],[-71.09381,42.33133],[-71.09053,42.33117],[-71.08819,42.33061],[-71.09144,42.33004],[-71.09124,42.32994],[-71.08767,42.32791],[-71.087,42.32778],[-71.08789,42.32571],[-71.08879,42.32422],[-71.09096,42.32502],[-71.09291,42.32688],[-71.09347,42.32329],[-71.0954,42.32325],[-71.09652,42.3262],[-71.0984,42.32493],[-71.09892,42.32502],[-71.09928,42.32636],[-71.10011,42.32642],[-71.09937,42.328]]]}},{"type":"Feature","properties":{"unit_id":"25025050300","name":"Census Tract 503 — Suffolk","native_id":"25025050300","source":"census_tract_2025","adm3_name":"Suffolk County","adm3_id":"25025","area_sqm":355332,"split":false},"geometry":{"type":"Polygon","coordinates":[[[-71.0452,42.3771],[-71.04498,42.37854],[-71.04003,42.37865],[-71.0399,42.37712],[-71.03998,42.3746],[-71.03907,42.37417],[-71.03903,42.37237],[-71.04029,42.37074],[-71.04126,42.36953],[-71.03892,42.3685],[-71.03997,42.36712],[-71.04168,42.36649],[-71.04263,42.36719],[-71.04373,42.36991],[-71.04466,42.37219],[-71.04682,42.37304],[-71.0452,42.3771]]]}},{"type":"Feature","properties":{"unit_id":"25025160103","name":"Census Tract 1601.03 — Suffolk","native_id":"25025160103","source":"census_tract_2025","adm3_name":"Suffolk County","adm3_id":"25025","area_sqm":477240,"split":false},"geometry":{"type":"Polygon","coordinates":[[[-71.03393,42.38865],[-71.03373,42.38927],[-71.03354,42.38988],[-71.03263,42.39159],[-71.02934,42.39066],[-71.02309,42.38947],[-71.02363,42.38772],[-71.02267,42.38627],[-71.02771,42.38404],[-71.03199,42.3846],[-71.0313,42.38623],[-71.03456,42.38672],[-71.03393,42.38865]]]}},{"type":"Feature","properties":{"unit_id":"25017357800","name":"Census Tract 3578 — Middlesex","native_id":"25017357800","source":"census_tract_2025","adm3_name":"Middlesex County","adm3_id":"25017","area_sqm":3494971,"split":false},"geometry":{"type":"Polygon","coordinates":[[[-71.20261,42.41483],[-71.19426,42.41339],[-71.1953,42.41517],[-71.19452,42.41494],[-71.19449,42.41499],[-71.19429,42.41532],[-71.18455,42.41165],[-71.18371,42.41137],[-71.18163,42.41088],[-71.17771,42.41021],[-71.17474,42.40914],[-71.17531,42.40809],[-71.17598,42.40409],[-71.17634,42.40366],[-71.1745,42.39985],[-71.17417,42.39886],[-71.17549,42.39604],[-71.17549,42.39577],[-71.17656,42.39514],[-71.17456,42.39279],[-71.17414,42.39239],[-71.17376,42.39011],[-71.17493,42.38625],[-71.17525,42.38506],[-71.17827,42.38715],[-71.17878,42.38769],[-71.18067,42.38893],[-71.18217,42.38833],[-71.18239,42.38941],[-71.18366,42.39077],[-71.17981,42.39431],[-71.1802,42.39449],[-71.17806,42.39648],[-71.18142,42.3965],[-71.18251,42.39827],[-71.18406,42.39838],[-71.19315,42.40124],[-71.19648,42.40342],[-71.19805,42.40613],[-71.20134,42.41022],[-71.20318,42.41428],[-71.20261,42.41483]]]}},{"type":"Feature","properties":{"unit_id":"25017335100","name":"Census Tract 3351 — Middlesex","native_id":"25017335100","source":"census_tract_2025","adm3_name":"Middlesex County","adm3_id":"25017","area_sqm":4142485,"split":false},"geometry":{"type":"Polygon","coordinates":[[[-71.09306,42.51553],[-71.08373,42.52526],[-71.08109,42.52547],[-71.0801,42.52639],[-71.07975,42.52672],[-71.07515,42.53104],[-71.06757,42.52468],[-71.06734,42.52502],[-71.06635,42.52481],[-71.06585,42.52483],[-71.06196,42.5243],[-71.06067,42.52523],[-71.05838,42.52362],[-71.05751,42.52417],[-71.06231,42.51698],[-71.06352,42.51484],[-71.06408,42.51247],[-71.0656,42.505],[-71.06669,42.50356],[-71.06729,42.5028],[-71.06932,42.4997],[-71.06974,42.49797],[-71.07031,42.49555],[-71.07156,42.49753],[-71.07519,42.5017],[-71.07625,42.50291],[-71.07874,42.50576],[-71.08064,42.50781],[-71.08639,42.5122],[-71.08907,42.51377],[-71.09306,42.51553]]]}},{"type":"Feature","properties":{"unit_id":"25025080500","name":"Census Tract 805 — Suffolk","native_id":"25025080500","source":"census_tract_2025","adm3_name":"Suffolk County","adm3_id":"25025","area_sqm":244076,"split":false},"geometry":{"type":"Polygon","coordinates":[[[-71.08849,42.3349],[-71.08398,42.33734],[-71.08197,42.33842],[-71.07927,42.33654],[-71.07762,42.336],[-71.0803,42.3338],[-71.08062,42.33337],[-71.08094,42.33293],[-71.08535,42.33507],[-71.08746,42.33413],[-71.08849,42.3349]]]}},{"type":"Feature","properties":{"unit_id":"25025060501","name":"Census Tract 605.01 — Suffolk","native_id":"25025060501","source":"census_tract_2025","adm3_name":"Suffolk County","adm3_id":"25025","area_sqm":411742,"split":false},"geometry":{"type":"Polygon","coordinates":[[[-71.04776,42.33681],[-71.04556,42.33872],[-71.04398,42.33799],[-71.04247,42.33801],[-71.03752,42.3381],[-71.03549,42.33814],[-71.02932,42.33824],[-71.02923,42.33573],[-71.03335,42.33566],[-71.03743,42.33559],[-71.04155,42.33552],[-71.04427,42.33547],[-71.04544,42.33545],[-71.04569,42.33545],[-71.04776,42.33681]]]}},{"type":"Feature","properties":{"unit_id":"25025120500","name":"Census Tract 1205 — Suffolk","native_id":"25025120500","source":"census_tract_2025","adm3_name":"Suffolk County","adm3_id":"25025","area_sqm":213706,"split":false},"geometry":{"type":"Polygon","coordinates":[[[-71.10845,42.32239],[-71.10487,42.32272],[-71.10402,42.32282],[-71.10246,42.32292],[-71.10174,42.32289],[-71.10002,42.32277],[-71.10294,42.3193],[-71.10447,42.31702],[-71.10667,42.31727],[-71.1058,42.3184],[-71.10513,42.31928],[-71.10679,42.32116],[-71.10845,42.32239]]]}},{"type":"Feature","properties":{"unit_id":"25025010405","name":"Census Tract 104.05 — Suffolk","native_id":"25025010405","source":"census_tract_2025","adm3_name":"Suffolk County","adm3_id":"25025","area_sqm":364894,"split":false},"geometry":{"type":"Polygon","coordinates":[[[-71.09219,42.33914],[-71.09254,42.33951],[-71.09322,42.34089],[-71.09221,42.34134],[-71.09084,42.34408],[-71.0909,42.34654],[-71.08926,42.34689],[-71.08955,42.34541],[-71.08997,42.34392],[-71.0902,42.34319],[-71.09033,42.3426],[-71.09119,42.34095],[-71.09181,42.33987],[-71.09103,42.33961],[-71.09066,42.33977],[-71.08661,42.34147],[-71.08496,42.34277],[-71.0849,42.34273],[-71.0841,42.34219],[-71.08315,42.34162],[-71.08468,42.34029],[-71.09052,42.33566],[-71.09065,42.33574],[-71.09574,42.33773],[-71.09219,42.33914]]]}},{"type":"Feature","properties":{"unit_id":"25017365201","name":"Census Tract 3652.01 — Middlesex","native_id":"25017365201","source":"census_tract_2025","adm3_name":"Middlesex County","adm3_id":"25017","area_sqm":14841627,"split":false},"geometry":{"type":"Polygon","coordinates":[[[-71.47268,42.39003],[-71.47134,42.39518],[-71.46841,42.39471],[-71.4628,42.39204],[-71.46042,42.39196],[-71.45692,42.3926],[-71.45219,42.39258],[-71.44555,42.39184],[-71.44209,42.39167],[-71.43556,42.38917],[-71.4315,42.38811],[-71.42849,42.38797],[-71.42386,42.38639],[-71.41831,42.3849],[-71.41532,42.38302],[-71.41132,42.38238],[-71.40833,42.38003],[-71.40366,42.37807],[-71.39872,42.37653],[-71.39381,42.37685],[-71.38781,42.37528],[-71.3867,42.37305],[-71.38878,42.37148],[-71.38742,42.36995],[-71.39012,42.36786],[-71.39003,42.36523],[-71.3918,42.36184],[-71.39167,42.36098],[-71.4033,42.36027],[-71.40645,42.36026],[-71.41089,42.35934],[-71.41348,42.35962],[-71.42201,42.36321],[-71.43776,42.36833],[-71.45674,42.37448],[-71.4755,42.38065],[-71.47268,42.39003]]]}},{"type":"Feature","properties":{"unit_id":"25025980900","name":"Census Tract 9809 — Suffolk","native_id":"25025980900","source":"census_tract_2025","adm3_name":"Suffolk County","adm3_id":"25025","area_sqm":1677227,"split":false},"geometry":{"type":"Polygon","coordinates":[[[-71.1909,42.28325],[-71.17864,42.2946],[-71.17623,42.29326],[-71.17157,42.28797],[-71.17242,42.28583],[-71.1711,42.28174],[-71.17122,42.27978],[-71.17555,42.28032],[-71.17702,42.2804],[-71.17765,42.28041],[-71.18531,42.2795],[-71.18551,42.27968],[-71.18821,42.28044],[-71.19051,42.28165],[-71.19125,42.28299],[-71.1909,42.28325]]]}},{"type":"Feature","properties":{"unit_id":"25025100601","name":"Census Tract 1006.01 — Suffolk","native_id":"25025100601","source":"census_tract_2025","adm3_name":"Suffolk County","adm3_id":"25025","area_sqm":552586,"split":false},"geometry":{"type":"Polygon","coordinates":[[[-71.06261,42.29181],[-71.06036,42.29235],[-71.0573,42.29313],[-71.05465,42.2937],[-71.05243,42.29448],[-71.05063,42.29278],[-71.04842,42.29006],[-71.05147,42.28931],[-71.05216,42.28914],[-71.05535,42.28824],[-71.0557,42.28916],[-71.05862,42.28844],[-71.06049,42.28829],[-71.0638,42.28749],[-71.06261,42.29181]]]}},{"type":"Feature","properties":{"unit_id":"25025180200","name":"Census Tract 1802 — Suffolk","native_id":"25025180200","source":"census_tract_2025","adm3_name":"Suffolk County","adm3_id":"25025","area_sqm":1067654,"split":false},"geometry":{"type":"Polygon","coordinates":[[[-70.99465,42.38115],[-70.99463,42.38271],[-70.99424,42.38465],[-70.98828,42.38711],[-70.98695,42.38539],[-70.98427,42.38538],[-70.98314,42.38459],[-70.98138,42.38099],[-70.9791,42.37948],[-70.98031,42.37786],[-70.9799,42.37578],[-70.98108,42.37525],[-70.98419,42.37379],[-70.98453,42.37265],[-70.98572,42.37279],[-70.98752,42.37592],[-70.9898,42.37676],[-70.99216,42.37704],[-70.99381,42.37712],[-70.99799,42.3782],[-70.99465,42.38115]]]}},{"type":"Feature","properties":{"unit_id":"25025040200","name":"Census Tract 402 — Suffolk","native_id":"25025040200","source":"census_tract_2025","adm3_name":"Suffolk County","adm3_id":"25025","area_sqm":141291,"split":false},"geometry":{"type":"Polygon","coordinates":[[[-71.06049,42.37692],[-71.05989,42.37806],[-71.05712,42.37709],[-71.05646,42.37692],[-71.05629,42.37741],[-71.05591,42.37911],[-71.05415,42.37904],[-71.05294,42.37843],[-71.05523,42.37622],[-71.05584,42.37563],[-71.0578,42.3742],[-71.05933,42.37583],[-71.06001,42.37607],[-71.06049,42.37692]]]}},{"type":"Feature","properties":{"unit_id":"25025070102","name":"Census Tract 701.02 — Suffolk","native_id":"25025070102","source":"census_tract_2025","adm3_name":"Suffolk County","adm3_id":"25025","area_sqm":138976,"split":false},"geometry":{"type":"Polygon","coordinates":[[[-71.06423,42.35339],[-71.06331,42.35521],[-71.06196,42.35653],[-71.06317,42.35775],[-71.06264,42.35798],[-71.05829,42.35741],[-71.05874,42.35699],[-71.0617,42.35436],[-71.06252,42.35328],[-71.06257,42.3524],[-71.06456,42.35238],[-71.06423,42.35339]]]}},{"type":"Feature","properties":{"unit_id":"25025100500","name":"Census Tract 1005 — Suffolk","native_id":"25025100500","source":"census_tract_2025","adm3_name":"Suffolk County","adm3_id":"25025","area_sqm":857716,"split":false},"geometry":{"type":"Polygon","coordinates":[[[-71.0782,42.29077],[-71.07815,42.29202],[-71.0761,42.29142],[-71.07415,42.29084],[-71.072,42.29022],[-71.0716,42.29022],[-71.07078,42.29015],[-71.06758,42.29143],[-71.06554,42.29204],[-71.06459,42.29235],[-71.06226,42.29301],[-71.06261,42.29181],[-71.0638,42.28749],[-71.0643,42.2857],[-71.0667,42.28513],[-71.07118,42.28535],[-71.07154,42.2845],[-71.07227,42.28463],[-71.07663,42.28377],[-71.07708,42.28442],[-71.07781,42.28799],[-71.07854,42.28934],[-71.0782,42.29077]]]}},{"type":"Feature","properties":{"unit_id":"25025000506","name":"Census Tract 5.06 — Suffolk","native_id":"25025000506","source":"census_tract_2025","adm3_name":"Suffolk County","adm3_id":"25025","area_sqm":188773,"split":false},"geometry":{"type":"Polygon","coordinates":[[[-71.14984,42.33767],[-71.14885,42.33936],[-71.14757,42.34061],[-71.14631,42.34142],[-71.14592,42.3419],[-71.14436,42.34253],[-71.14311,42.34388],[-71.14192,42.34319],[-71.14152,42.34295],[-71.14462,42.34064],[-71.14181,42.34041],[-71.14421,42.34002],[-71.14478,42.33966],[-71.14621,42.33863],[-71.14616,42.33744],[-71.14727,42.3372],[-71.1487,42.33727],[-71.15031,42.33684],[-71.14984,42.33767]]]}},{"type":"Feature","properties":{"unit_id":"25025120600","name":"Census Tract 1206 — Suffolk","native_id":"25025120600","source":"census_tract_2025","adm3_name":"Suffolk County","adm3_id":"25025","area_sqm":257295,"split":false},"geometry":{"type":"Polygon","coordinates":[[[-71.11167,42.31954],[-71.11069,42.32075],[-71.10994,42.32202],[-71.10845,42.32239],[-71.10679,42.32116],[-71.10513,42.31928],[-71.1058,42.3184],[-71.10667,42.31727],[-71.10724,42.31638],[-71.11012,42.31658],[-71.11276,42.31792],[-71.11167,42.31954]]]}},{"type":"Feature","properties":{"unit_id":"25017342102","name":"Census Tract 3421.02 — Middlesex","native_id":"25017342102","source":"census_tract_2025","adm3_name":"Middlesex County","adm3_id":"25017","area_sqm":1268059,"split":false},"geometry":{"type":"Polygon","coordinates":[[[-71.04667,42.41698],[-71.04492,42.41901],[-71.04272,42.42146],[-71.04093,42.42345],[-71.02823,42.4242],[-71.02932,42.42188],[-71.03109,42.41878],[-71.03173,42.41739],[-71.03257,42.41553],[-71.0334,42.41563],[-71.03582,42.41466],[-71.03712,42.41393],[-71.03867,42.41366],[-71.04217,42.4133],[-71.04316,42.41346],[-71.04567,42.41242],[-71.04623,42.41342],[-71.0482,42.41515],[-71.04667,42.41698]]]}},{"type":"Feature","properties":{"unit_id":"25017351500","name":"Census Tract 3515 — Middlesex","native_id":"25017351500","source":"census_tract_2025","adm3_name":"Middlesex County","adm3_id":"25017","area_sqm":1388287,"split":false},"geometry":{"type":"Polygon","coordinates":[[[-71.09559,42.37697],[-71.09521,42.37751],[-71.09587,42.37787],[-71.09639,42.37964],[-71.09592,42.37966],[-71.09143,42.37961],[-71.08992,42.38006],[-71.08979,42.38027],[-71.08812,42.38082],[-71.08756,42.38099],[-71.08623,42.38132],[-71.08093,42.38213],[-71.0807,42.38104],[-71.07566,42.3802],[-71.07269,42.37322],[-71.07435,42.37255],[-71.07495,42.37292],[-71.07621,42.37398],[-71.08098,42.37404],[-71.08196,42.37362],[-71.08544,42.37405],[-71.08698,42.37327],[-71.08751,42.3734],[-71.08978,42.37395],[-71.09283,42.37418],[-71.09475,42.37429],[-71.09742,42.37443],[-71.09559,42.37697]]]}},{"type":"Feature","properties":{"unit_id":"25025070103","name":"Census Tract 701.03 — Suffolk","native_id":"25025070103","source":"census_tract_2025","adm3_name":"Suffolk County","adm3_id":"25025","area_sqm":107596,"split":false},"geometry":{"type":"Polygon","coordinates":[[[-71.06245,42.34698],[-71.06119,42.34793],[-71.05951,42.35115],[-71.05939,42.34868],[-71.05748,42.34766],[-71.05879,42.34616],[-71.0607,42.34625],[-71.06304,42.34685],[-71.06245,42.34698]]]}},{"type":"Feature","properties":{"unit_id":"25017342302","name":"Census Tract 3423.02 — Middlesex","native_id":"25017342302","source":"census_tract_2025","adm3_name":"Middlesex County","adm3_id":"25017","area_sqm":395320,"split":false},"geometry":{"type":"Polygon","coordinates":[[[-71.06813,42.41507],[-71.06813,42.41512],[-71.06454,42.41528],[-71.06227,42.41551],[-71.06078,42.41182],[-71.06033,42.41106],[-71.05959,42.40981],[-71.0593,42.4089],[-71.06083,42.40862],[-71.06224,42.40849],[-71.06221,42.40834],[-71.06421,42.40822],[-71.06496,42.40962],[-71.06652,42.41042],[-71.06861,42.41327],[-71.06813,42.41507]]]}},{"type":"Feature","properties":{"unit_id":"25017356100","name":"Census Tract 3561 — Middlesex","native_id":"25017356100","source":"census_tract_2025","adm3_name":"Middlesex County","adm3_id":"25017","area_sqm":721717,"split":false},"geometry":{"type":"Polygon","coordinates":[[[-71.15647,42.40257],[-71.15004,42.40377],[-71.14858,42.40406],[-71.14684,42.40433],[-71.14612,42.40453],[-71.14226,42.40576],[-71.14173,42.40535],[-71.14024,42.40417],[-71.13697,42.40149],[-71.13625,42.40107],[-71.14037,42.39983],[-71.14144,42.39896],[-71.1428,42.39788],[-71.14356,42.39743],[-71.14359,42.39741],[-71.15224,42.40082],[-71.15554,42.4021],[-71.15639,42.40253],[-71.15647,42.40257]]]}},{"type":"Feature","properties":{"unit_id":"25017370402","name":"Census Tract 3704.02 — Middlesex","native_id":"25017370402","source":"census_tract_2025","adm3_name":"Middlesex County","adm3_id":"25017","area_sqm":589581,"split":false},"geometry":{"type":"Polygon","coordinates":[[[-71.18528,42.365],[-71.18434,42.36523],[-71.17137,42.36424],[-71.17145,42.36295],[-71.1672,42.36222],[-71.16151,42.35897],[-71.16389,42.35852],[-71.16763,42.36007],[-71.16865,42.36021],[-71.17275,42.35933],[-71.17527,42.35927],[-71.18213,42.36068],[-71.18487,42.36465],[-71.18555,42.36484],[-71.18528,42.365]]]}},{"type":"Feature","properties":{"unit_id":"25025101001","name":"Census Tract 1010.01 — Suffolk","native_id":"25025101001","source":"census_tract_2025","adm3_name":"Suffolk County","adm3_id":"25025","area_sqm":1302132,"split":false},"geometry":{"type":"Polygon","coordinates":[[[-71.10858,42.2754],[-71.10753,42.2783],[-71.1037,42.27675],[-71.10054,42.27961],[-71.09845,42.2817],[-71.09793,42.28126],[-71.09833,42.27958],[-71.09812,42.27764],[-71.09691,42.27603],[-71.09368,42.27435],[-71.09369,42.27288],[-71.09388,42.26763],[-71.09391,42.26714],[-71.09675,42.26434],[-71.0979,42.26288],[-71.09968,42.26484],[-71.09962,42.2655],[-71.10124,42.26683],[-71.10437,42.26953],[-71.10336,42.271],[-71.10656,42.27177],[-71.10841,42.27351],[-71.10919,42.27436],[-71.10858,42.2754]]]}},{"type":"Feature","properties":{"unit_id":"25025000302","name":"Census Tract 3.02 — Suffolk","native_id":"25025000302","source":"census_tract_2025","adm3_name":"Suffolk County","adm3_id":"25025","area_sqm":589979,"split":false},"geometry":{"type":"Polygon","coordinates":[[[-71.1748,42.35027],[-71.1697,42.34941],[-71.16811,42.35066],[-71.1676,42.3506],[-71.16539,42.35027],[-71.16333,42.34911],[-71.16309,42.34904],[-71.16214,42.34899],[-71.16044,42.34892],[-71.16131,42.34758],[-71.16212,42.34637],[-71.166,42.34159],[-71.16613,42.34009],[-71.1667,42.34001],[-71.17427,42.34958],[-71.1748,42.35027]]]}},{"type":"Feature","properties":{"unit_id":"25017310601","name":"Census Tract 3106.01 — Middlesex","native_id":"25017310601","source":"census_tract_2025","adm3_name":"Middlesex County","adm3_id":"25017","area_sqm":5040317,"split":false},"geometry":{"type":"Polygon","coordinates":[[[-71.38136,42.65484],[-71.3782,42.66069],[-71.36888,42.66175],[-71.35752,42.65445],[-71.3418,42.65773],[-71.34091,42.65631],[-71.34278,42.65438],[-71.34614,42.65312],[-71.3484,42.6508],[-71.34945,42.64744],[-71.34869,42.64486],[-71.35097,42.64486],[-71.35236,42.64653],[-71.35287,42.64528],[-71.35532,42.64573],[-71.35471,42.63899],[-71.35685,42.63864],[-71.36255,42.63777],[-71.36474,42.6376],[-71.3695,42.63758],[-71.37425,42.63942],[-71.37712,42.6427],[-71.37975,42.64823],[-71.38092,42.64901],[-71.38053,42.65086],[-71.38247,42.65254],[-71.38136,42.65484]]]}},{"type":"Feature","properties":{"unit_id":"25017370103","name":"Census Tract 3701.03 — Middlesex","native_id":"25017370103","source":"census_tract_2025","adm3_name":"Middlesex County","adm3_id":"25017","area_sqm":643987,"split":false},"geometry":{"type":"Polygon","coordinates":[[[-71.19521,42.36773],[-71.19311,42.36707],[-71.19139,42.36987],[-71.19089,42.3716],[-71.1906,42.37266],[-71.18973,42.37369],[-71.18938,42.37429],[-71.18748,42.37311],[-71.18466,42.37104],[-71.18329,42.37003],[-71.18256,42.3695],[-71.18126,42.36857],[-71.17983,42.36747],[-71.18112,42.36667],[-71.18434,42.36523],[-71.18528,42.365],[-71.18555,42.36484],[-71.1914,42.36513],[-71.19222,42.36542],[-71.1945,42.36672],[-71.19521,42.36773]]]}},{"type":"Feature","properties":{"unit_id":"25025060800","name":"Census Tract 608 — Suffolk","native_id":"25025060800","source":"census_tract_2025","adm3_name":"Suffolk County","adm3_id":"25025","area_sqm":343013,"split":false},"geometry":{"type":"Polygon","coordinates":[[[-71.05711,42.33833],[-71.05389,42.33624],[-71.0524,42.33749],[-71.05084,42.33879],[-71.04776,42.33681],[-71.04569,42.33545],[-71.04751,42.3346],[-71.04969,42.33355],[-71.05106,42.33279],[-71.0523,42.33205],[-71.05315,42.33152],[-71.05673,42.33738],[-71.05711,42.33833]]]}},{"type":"Feature","properties":{"unit_id":"25025051000","name":"Census Tract 510 — Suffolk","native_id":"25025051000","source":"census_tract_2025","adm3_name":"Suffolk County","adm3_id":"25025","area_sqm":1043220,"split":false},"geometry":{"type":"Polygon","coordinates":[[[-71.02267,42.38627],[-71.02051,42.38764],[-71.01779,42.3907],[-71.01609,42.3959],[-71.0134,42.3974],[-71.01127,42.39659],[-71.01193,42.39575],[-71.01,42.39549],[-71.01161,42.39349],[-71.01305,42.39147],[-71.01266,42.39098],[-71.01183,42.39009],[-71.00805,42.38712],[-71.01084,42.38613],[-71.01015,42.3851],[-71.0134,42.3829],[-71.01127,42.38065],[-71.01345,42.38087],[-71.01347,42.37955],[-71.01601,42.38092],[-71.02156,42.38014],[-71.02264,42.38174],[-71.02179,42.38302],[-71.0217,42.38354],[-71.02266,42.38392],[-71.02218,42.38495],[-71.02267,42.38627]]]}},{"type":"Feature","properties":{"unit_id":"25025061203","name":"Census Tract 612.03 — Suffolk","native_id":"25025061203","source":"census_tract_2025","adm3_name":"Suffolk County","adm3_id":"25025","area_sqm":352712,"split":false},"geometry":{"type":"Polygon","coordinates":[[[-71.05964,42.34486],[-71.05814,42.34565],[-71.05647,42.34611],[-71.05723,42.34354],[-71.05236,42.34212],[-71.05192,42.34253],[-71.05016,42.34169],[-71.05238,42.3398],[-71.05393,42.34079],[-71.05624,42.33887],[-71.05711,42.33833],[-71.05723,42.3388],[-71.0597,42.33686],[-71.05995,42.34232],[-71.05949,42.34358],[-71.06061,42.34372],[-71.05964,42.34486]]]}},{"type":"Feature","properties":{"unit_id":"25025090700","name":"Census Tract 907 — Suffolk","native_id":"25025090700","source":"census_tract_2025","adm3_name":"Suffolk County","adm3_id":"25025","area_sqm":1073066,"split":false},"geometry":{"type":"Polygon","coordinates":[[[-71.06665,42.32585],[-71.06355,42.33079],[-71.05929,42.32997],[-71.05824,42.32973],[-71.05775,42.32838],[-71.05785,42.32814],[-71.05692,42.32803],[-71.05687,42.32687],[-71.05685,42.32629],[-71.0529,42.32287],[-71.05246,42.32147],[-71.05212,42.31984],[-71.05217,42.31882],[-71.05257,42.31936],[-71.05672,42.31866],[-71.05673,42.31849],[-71.05872,42.31874],[-71.05883,42.3186],[-71.0596,42.31887],[-71.06085,42.31991],[-71.06148,42.3205],[-71.06213,42.32056],[-71.06538,42.32123],[-71.06594,42.3215],[-71.06751,42.3233],[-71.06665,42.32585]]]}},{"type":"Feature","properties":{"unit_id":"25017321301","name":"Census Tract 3213.01 — Middlesex","native_id":"25017321301","source":"census_tract_2025","adm3_name":"Middlesex County","adm3_id":"25017","area_sqm":1640534,"split":false},"geometry":{"type":"Polygon","coordinates":[[[-71.55951,42.3459],[-71.55272,42.34886],[-71.55201,42.349],[-71.54958,42.34961],[-71.54615,42.35019],[-71.54216,42.35113],[-71.54085,42.35107],[-71.54175,42.3492],[-71.54338,42.34716],[-71.54279,42.34693],[-71.54348,42.34521],[-71.54261,42.34273],[-71.54147,42.33451],[-71.54455,42.33486],[-71.5467,42.33457],[-71.54738,42.33475],[-71.55204,42.33899],[-71.55354,42.34],[-71.5577,42.34394],[-71.55951,42.3459]]]}},{"type":"Feature","properties":{"unit_id":"25017317302","name":"Census Tract 3173.02 — Middlesex","native_id":"25017317302","source":"census_tract_2025","adm3_name":"Middlesex County","adm3_id":"25017","area_sqm":7057846,"split":false},"geometry":{"type":"Polygon","coordinates":[[[-71.41764,42.65377],[-71.41231,42.64941],[-71.41198,42.64797],[-71.40976,42.64878],[-71.40403,42.64841],[-71.40278,42.64677],[-71.39889,42.64495],[-71.39832,42.64549],[-71.39901,42.64628],[-71.4011,42.64912],[-71.40203,42.6511],[-71.40211,42.6516],[-71.40063,42.65202],[-71.39899,42.65247],[-71.39697,42.64964],[-71.39434,42.64847],[-71.38921,42.649],[-71.38522,42.6496],[-71.38092,42.64901],[-71.37975,42.64823],[-71.37712,42.6427],[-71.37425,42.63942],[-71.3749,42.63851],[-71.37895,42.63557],[-71.38215,42.63258],[-71.38985,42.62721],[-71.39656,42.62254],[-71.39807,42.6217],[-71.40046,42.62023],[-71.40202,42.61772],[-71.40343,42.61888],[-71.40377,42.61838],[-71.40709,42.61643],[-71.4109,42.62992],[-71.41439,42.64228],[-71.41764,42.65377]]]}},{"type":"Feature","properties":{"unit_id":"25017370403","name":"Census Tract 3704.03 — Middlesex","native_id":"25017370403","source":"census_tract_2025","adm3_name":"Middlesex County","adm3_id":"25017","area_sqm":490412,"split":false},"geometry":{"type":"Polygon","coordinates":[[[-71.1963,42.3618],[-71.19222,42.36542],[-71.1914,42.36513],[-71.18555,42.36484],[-71.18487,42.36465],[-71.18213,42.36068],[-71.18237,42.36041],[-71.18368,42.35883],[-71.18523,42.3592],[-71.19023,42.36038],[-71.19309,42.36105],[-71.1963,42.3618]]]}},{"type":"Feature","properties":{"unit_id":"25025981201","name":"Census Tract 9812.01 — Suffolk","native_id":"25025981201","source":"census_tract_2025","adm3_name":"Suffolk County","adm3_id":"25025","area_sqm":799562,"split":false},"geometry":{"type":"Polygon","coordinates":[[[-71.05266,42.32936],[-71.05223,42.32906],[-71.05042,42.33021],[-71.04738,42.33042],[-71.04405,42.33019],[-71.04153,42.33023],[-71.03954,42.33005],[-71.03725,42.32952],[-71.03521,42.32935],[-71.03431,42.32949],[-71.03114,42.33065],[-71.02807,42.33206],[-71.02501,42.33328],[-71.02503,42.33409],[-71.02507,42.3358],[-71.02513,42.33831],[-71.02195,42.33785],[-71.01801,42.33882],[-71.01337,42.33889],[-71.01095,42.33967],[-71.01093,42.33966],[-71.01018,42.33756],[-71.01566,42.33052],[-71.02415,42.33316],[-71.0347,42.32876],[-71.04233,42.33014],[-71.04765,42.32809],[-71.04743,42.32343],[-71.04673,42.32307],[-71.04784,42.32259],[-71.04896,42.32343],[-71.05024,42.32202],[-71.05028,42.32186],[-71.0506,42.32076],[-71.05093,42.32088],[-71.05137,42.32141],[-71.05209,42.32147],[-71.05239,42.32298],[-71.05257,42.32711],[-71.05262,42.3286],[-71.05266,42.32936]]]}},{"type":"Feature","properties":{"unit_id":"25017339804","name":"Census Tract 3398.04 — Middlesex","native_id":"25017339804","source":"census_tract_2025","adm3_name":"Middlesex County","adm3_id":"25017","area_sqm":523764,"split":false},"geometry":{"type":"Polygon","coordinates":[[[-71.08483,42.41244],[-71.08437,42.41412],[-71.08422,42.41547],[-71.08428,42.41656],[-71.08172,42.41516],[-71.07931,42.41494],[-71.0768,42.4132],[-71.0769,42.41074],[-71.07696,42.40745],[-71.08043,42.40805],[-71.08147,42.40508],[-71.08163,42.40555],[-71.0848,42.411],[-71.08483,42.41244]]]}},{"type":"Feature","properties":{"unit_id":"25025000101","name":"Census Tract 1.01 — Suffolk","native_id":"25025000101","source":"census_tract_2025","adm3_name":"Suffolk County","adm3_id":"25025","area_sqm":249924,"split":false},"geometry":{"type":"Polygon","coordinates":[[[-71.1366,42.36016],[-71.13627,42.3609],[-71.13533,42.36317],[-71.13309,42.36338],[-71.13022,42.36269],[-71.13042,42.36196],[-71.12977,42.36107],[-71.12888,42.36037],[-71.13083,42.35902],[-71.13149,42.3586],[-71.13308,42.35856],[-71.1333,42.35858],[-71.13696,42.35932],[-71.1366,42.36016]]]}},{"type":"Feature","properties":{"unit_id":"25017980000","name":"Census Tract 9800 — Middlesex","native_id":"25017980000","source":"census_tract_2025","adm3_name":"Middlesex County","adm3_id":"25017","area_sqm":3847832,"split":false},"geometry":{"type":"Polygon","coordinates":[[[-71.49661,42.41467],[-71.48626,42.41631],[-71.47705,42.42003],[-71.47438,42.42162],[-71.46944,42.40259],[-71.47107,42.39624],[-71.48203,42.40042],[-71.48488,42.39948],[-71.49671,42.40744],[-71.49661,42.41467]]]}},{"type":"Feature","properties":{"unit_id":"25025020301","name":"Census Tract 203.01 — Suffolk","native_id":"25025020301","source":"census_tract_2025","adm3_name":"Suffolk County","adm3_id":"25025","area_sqm":262787,"split":false},"geometry":{"type":"Polygon","coordinates":[[[-71.07236,42.36121],[-71.0685,42.36651],[-71.07022,42.36615],[-71.07154,42.36711],[-71.07064,42.36795],[-71.07058,42.36801],[-71.06761,42.36643],[-71.0687,42.36549],[-71.06537,42.36483],[-71.06513,42.3624],[-71.06372,42.3622],[-71.06372,42.36124],[-71.06516,42.3612],[-71.06691,42.36114],[-71.06875,42.36108],[-71.07081,42.3609],[-71.07236,42.36121]]]}},{"type":"Feature","properties":{"unit_id":"25017350702","name":"Census Tract 3507.02 — Middlesex","native_id":"25017350702","source":"census_tract_2025","adm3_name":"Middlesex County","adm3_id":"25017","area_sqm":445785,"split":false},"geometry":{"type":"Polygon","coordinates":[[[-71.13453,42.40581],[-71.13387,42.40704],[-71.1324,42.40897],[-71.13289,42.41197],[-71.13252,42.41457],[-71.13244,42.41522],[-71.13158,42.41579],[-71.13163,42.41662],[-71.12744,42.41813],[-71.12684,42.4168],[-71.12699,42.41663],[-71.12992,42.41333],[-71.12704,42.41233],[-71.12787,42.41058],[-71.1281,42.41072],[-71.12842,42.41022],[-71.13026,42.40736],[-71.13132,42.40582],[-71.13094,42.40562],[-71.13363,42.40348],[-71.13464,42.40426],[-71.13453,42.40581]]]}},{"type":"Feature","properties":{"unit_id":"25025110301","name":"Census Tract 1103.01 — Suffolk","native_id":"25025110301","source":"census_tract_2025","adm3_name":"Suffolk County","adm3_id":"25025","area_sqm":817931,"split":false},"geometry":{"type":"Polygon","coordinates":[[[-71.11928,42.29024],[-71.11726,42.28986],[-71.11659,42.28911],[-71.1144,42.29065],[-71.11443,42.29157],[-71.1139,42.29248],[-71.1134,42.29312],[-71.11263,42.29219],[-71.10795,42.28862],[-71.1054,42.28672],[-71.10943,42.28465],[-71.11218,42.28194],[-71.11223,42.28021],[-71.11891,42.28496],[-71.11882,42.2855],[-71.11955,42.28551],[-71.11928,42.29024]]]}},{"type":"Feature","properties":{"unit_id":"25017373200","name":"Census Tract 3732 — Middlesex","native_id":"25017373200","source":"census_tract_2025","adm3_name":"Middlesex County","adm3_id":"25017","area_sqm":1277471,"split":false},"geometry":{"type":"Polygon","coordinates":[[[-71.20954,42.3615],[-71.20601,42.3637],[-71.20438,42.36512],[-71.20449,42.36579],[-71.20203,42.36582],[-71.19836,42.36739],[-71.19633,42.36718],[-71.19521,42.36773],[-71.1945,42.36672],[-71.19222,42.36542],[-71.1963,42.3618],[-71.19309,42.36105],[-71.19522,42.35882],[-71.19535,42.35726],[-71.19511,42.3559],[-71.19527,42.35495],[-71.19568,42.35486],[-71.19883,42.35401],[-71.20319,42.35588],[-71.20694,42.35671],[-71.20607,42.35735],[-71.20881,42.35928],[-71.20773,42.36024],[-71.20954,42.3615]]]}},{"type":"Feature","properties":{"unit_id":"25017330101","name":"Census Tract 3301.01 — Middlesex","native_id":"25017330101","source":"census_tract_2025","adm3_name":"Middlesex County","adm3_id":"25017","area_sqm":11274881,"split":false},"geometry":{"type":"Polygon","coordinates":[[[-71.08937,42.60301],[-71.07617,42.60414],[-71.05877,42.60908],[-71.05935,42.60633],[-71.05742,42.60474],[-71.034,42.58549],[-71.02831,42.57408],[-71.03098,42.57265],[-71.03448,42.57477],[-71.03898,42.57562],[-71.04203,42.57489],[-71.0446,42.57399],[-71.04608,42.57305],[-71.04851,42.57246],[-71.05078,42.5727],[-71.05319,42.57339],[-71.05734,42.57573],[-71.05943,42.57767],[-71.0649,42.57726],[-71.06949,42.57692],[-71.07603,42.57799],[-71.07829,42.57715],[-71.07901,42.5805],[-71.08176,42.58649],[-71.08235,42.5892],[-71.0837,42.59064],[-71.0855,42.59477],[-71.08885,42.59955],[-71.08937,42.60301]]]}},{"type":"Feature","properties":{"unit_id":"25025160602","name":"Census Tract 1606.02 — Suffolk","native_id":"25025160602","source":"census_tract_2025","adm3_name":"Suffolk County","adm3_id":"25025","area_sqm":730924,"split":false},"geometry":{"type":"Polygon","coordinates":[[[-71.04057,42.40198],[-71.03949,42.40363],[-71.03907,42.40426],[-71.03774,42.40632],[-71.0371,42.40731],[-71.03563,42.40964],[-71.03491,42.41088],[-71.03344,42.41338],[-71.03318,42.41421],[-71.03136,42.41251],[-71.02901,42.41032],[-71.02689,42.40655],[-71.02647,42.40612],[-71.02874,42.40433],[-71.02945,42.40411],[-71.0352,42.40322],[-71.03623,42.40246],[-71.03931,42.40286],[-71.04089,42.40175],[-71.04057,42.40198]]]}},{"type":"Feature","properties":{"unit_id":"25025000505","name":"Census Tract 5.05 — Suffolk","native_id":"25025000505","source":"census_tract_2025","adm3_name":"Suffolk County","adm3_id":"25025","area_sqm":144077,"split":false},"geometry":{"type":"Polygon","coordinates":[[[-71.14462,42.34064],[-71.14152,42.34295],[-71.14192,42.34319],[-71.14311,42.34388],[-71.1417,42.34602],[-71.1398,42.34509],[-71.13825,42.34413],[-71.13782,42.34388],[-71.13881,42.34309],[-71.13998,42.34214],[-71.1413,42.34107],[-71.14181,42.34041],[-71.14462,42.34064]]]}},{"type":"Feature","properties":{"unit_id":"25025000503","name":"Census Tract 5.03 — Suffolk","native_id":"25025000503","source":"census_tract_2025","adm3_name":"Suffolk County","adm3_id":"25025","area_sqm":139947,"split":false},"geometry":{"type":"Polygon","coordinates":[[[-71.15274,42.33865],[-71.15259,42.3389],[-71.15138,42.34042],[-71.14997,42.34147],[-71.14863,42.34181],[-71.14701,42.34178],[-71.14592,42.3419],[-71.14631,42.34142],[-71.14757,42.34061],[-71.14885,42.33936],[-71.14984,42.33767],[-71.15066,42.33749],[-71.15226,42.33718],[-71.15336,42.33819],[-71.15274,42.33865]]]}},{"type":"Feature","properties":{"unit_id":"25017337202","name":"Census Tract 3372.02 — Middlesex","native_id":"25017337202","source":"census_tract_2025","adm3_name":"Middlesex County","adm3_id":"25017","area_sqm":2955380,"split":false},"geometry":{"type":"Polygon","coordinates":[[[-71.11976,42.50029],[-71.10179,42.50213],[-71.10091,42.50048],[-71.1007,42.49807],[-71.10049,42.49419],[-71.10012,42.48617],[-71.10112,42.48582],[-71.1039,42.48312],[-71.10974,42.47898],[-71.11063,42.47877],[-71.11317,42.4787],[-71.11564,42.48959],[-71.11678,42.49455],[-71.1215,42.49854],[-71.11976,42.50029]]]}},{"type":"Feature","properties":{"unit_id":"25025160501","name":"Census Tract 1605.01 — Suffolk","native_id":"25025160501","source":"census_tract_2025","adm3_name":"Suffolk County","adm3_id":"25025","area_sqm":385601,"split":false},"geometry":{"type":"Polygon","coordinates":[[[-71.03781,42.40067],[-71.03623,42.40246],[-71.03536,42.40212],[-71.03219,42.3994],[-71.031,42.40022],[-71.02994,42.3997],[-71.02917,42.39906],[-71.02843,42.39947],[-71.02675,42.39783],[-71.03071,42.39552],[-71.02964,42.3953],[-71.03038,42.39488],[-71.03296,42.39541],[-71.03538,42.39592],[-71.03652,42.39692],[-71.03558,42.39747],[-71.03806,42.39991],[-71.03781,42.40067]]]}},{"type":"Feature","properties":{"unit_id":"25025090300","name":"Census Tract 903 — Suffolk","native_id":"25025090300","source":"census_tract_2025","adm3_name":"Suffolk County","adm3_id":"25025","area_sqm":380394,"split":false},"geometry":{"type":"Polygon","coordinates":[[[-71.08031,42.31242],[-71.08009,42.31269],[-71.07968,42.31322],[-71.07882,42.31461],[-71.077,42.31371],[-71.07465,42.31284],[-71.07317,42.31222],[-71.07162,42.31188],[-71.07022,42.31133],[-71.07233,42.31021],[-71.07256,42.31007],[-71.07282,42.30947],[-71.07335,42.30847],[-71.07391,42.30768],[-71.07523,42.30827],[-71.07608,42.30757],[-71.07958,42.30988],[-71.08201,42.31026],[-71.08031,42.31242]]]}},{"type":"Feature","properties":{"unit_id":"25025050200","name":"Census Tract 502 — Suffolk","native_id":"25025050200","source":"census_tract_2025","adm3_name":"Suffolk County","adm3_id":"25025","area_sqm":243271,"split":false},"geometry":{"type":"Polygon","coordinates":[[[-71.04003,42.37865],[-71.03921,42.37863],[-71.03576,42.37994],[-71.03492,42.37868],[-71.03451,42.37807],[-71.03024,42.37966],[-71.02982,42.37905],[-71.02919,42.37813],[-71.03054,42.37701],[-71.03104,42.37732],[-71.03368,42.37683],[-71.0341,42.37745],[-71.03626,42.37665],[-71.03583,42.37603],[-71.03878,42.37493],[-71.03907,42.37417],[-71.03998,42.3746],[-71.0399,42.37712],[-71.04003,42.37865]]]}},{"type":"Feature","properties":{"unit_id":"25017354200","name":"Census Tract 3542 — Middlesex","native_id":"25017354200","source":"census_tract_2025","adm3_name":"Middlesex County","adm3_id":"25017","area_sqm":1572744,"split":false},"geometry":{"type":"Polygon","coordinates":[[[-71.14707,42.37839],[-71.14404,42.38014],[-71.14001,42.38094],[-71.13878,42.38117],[-71.13732,42.38131],[-71.13217,42.38151],[-71.13102,42.38241],[-71.12977,42.38168],[-71.12886,42.38113],[-71.12964,42.38084],[-71.12986,42.37781],[-71.13014,42.37784],[-71.13058,42.3747],[-71.131,42.37389],[-71.13318,42.37234],[-71.13176,42.36986],[-71.13237,42.36889],[-71.13666,42.36675],[-71.13989,42.36444],[-71.14367,42.36508],[-71.1439,42.36563],[-71.14246,42.36702],[-71.1406,42.37002],[-71.13999,42.37357],[-71.14392,42.37407],[-71.14383,42.37528],[-71.1457,42.37522],[-71.14707,42.37839]]]}},{"type":"Feature","properties":{"unit_id":"25017385203","name":"Census Tract 3852.03 — Middlesex","native_id":"25017385203","source":"census_tract_2025","adm3_name":"Middlesex County","adm3_id":"25017","area_sqm":5194602,"split":false},"geometry":{"type":"Polygon","coordinates":[[[-71.45097,42.24469],[-71.44664,42.24365],[-71.44379,42.24762],[-71.43994,42.2487],[-71.44145,42.25074],[-71.44092,42.25198],[-71.43824,42.25396],[-71.43455,42.25872],[-71.43242,42.26025],[-71.43001,42.26077],[-71.42927,42.26253],[-71.42373,42.25962],[-71.42148,42.25843],[-71.4193,42.25728],[-71.4183,42.2465],[-71.42007,42.23812],[-71.43149,42.23636],[-71.44606,42.23407],[-71.44902,42.2369],[-71.44956,42.24273],[-71.45097,42.24469]]]}},{"type":"Feature","properties":{"unit_id":"25025030301","name":"Census Tract 303.01 — Suffolk","native_id":"25025030301","source":"census_tract_2025","adm3_name":"Suffolk County","adm3_id":"25025","area_sqm":154190,"split":false},"geometry":{"type":"Polygon","coordinates":[[[-71.05281,42.36091],[-71.051,42.36258],[-71.05107,42.3637],[-71.05108,42.364],[-71.05021,42.36424],[-71.0502,42.3641],[-71.0499,42.35976],[-71.04967,42.3566],[-71.04828,42.35602],[-71.04959,42.3545],[-71.05106,42.35513],[-71.05093,42.35739],[-71.05158,42.35876],[-71.05182,42.35961],[-71.05281,42.36091]]]}},{"type":"Feature","properties":{"unit_id":"25025070302","name":"Census Tract 703.02 — Suffolk","native_id":"25025070302","source":"census_tract_2025","adm3_name":"Suffolk County","adm3_id":"25025","area_sqm":193304,"split":false},"geometry":{"type":"Polygon","coordinates":[[[-71.07282,42.35075],[-71.07045,42.35142],[-71.07066,42.35185],[-71.06753,42.35251],[-71.06687,42.35096],[-71.06661,42.34876],[-71.06819,42.34787],[-71.06911,42.34795],[-71.07269,42.34793],[-71.072,42.34902],[-71.07266,42.35041],[-71.07282,42.35075]]]}},{"type":"Feature","properties":{"unit_id":"25025060602","name":"Census Tract 606.02 — Suffolk","native_id":"25025060602","source":"census_tract_2025","adm3_name":"Suffolk County","adm3_id":"25025","area_sqm":432113,"split":false},"geometry":{"type":"Polygon","coordinates":[[[-71.05134,42.3438],[-71.04608,42.34826],[-71.04208,42.34617],[-71.03949,42.34449],[-71.04141,42.34453],[-71.04707,42.3397],[-71.05016,42.34169],[-71.05134,42.3438]]]}},{"type":"Feature","properties":{"unit_id":"25017364102","name":"Census Tract 3641.02 — Middlesex","native_id":"25017364102","source":"census_tract_2025","adm3_name":"Middlesex County","adm3_id":"25017","area_sqm":8449435,"split":false},"geometry":{"type":"Polygon","coordinates":[[[-71.4745,42.42208],[-71.4683,42.42544],[-71.46641,42.42702],[-71.4645,42.42761],[-71.45842,42.42571],[-71.45981,42.42952],[-71.46046,42.43033],[-71.45886,42.43087],[-71.45001,42.43292],[-71.44864,42.4322],[-71.44518,42.43601],[-71.44475,42.43633],[-71.44286,42.43712],[-71.43522,42.43883],[-71.43039,42.43694],[-71.43449,42.42686],[-71.43581,42.42366],[-71.43659,42.42174],[-71.44268,42.40695],[-71.46944,42.40259],[-71.47438,42.42162],[-71.4745,42.42208]]]}},{"type":"Feature","properties":{"unit_id":"25017338100","name":"Census Tract 3381 — Middlesex","native_id":"25017338100","source":"census_tract_2025","adm3_name":"Middlesex County","adm3_id":"25017","area_sqm":1698252,"split":false},"geometry":{"type":"Polygon","coordinates":[[[-71.13268,42.46444],[-71.13144,42.46752],[-71.12912,42.46623],[-71.12654,42.46534],[-71.12578,42.46657],[-71.12377,42.47339],[-71.11206,42.47382],[-71.10952,42.47389],[-71.11462,42.46334],[-71.11546,42.46496],[-71.11428,42.46804],[-71.11663,42.46872],[-71.11834,42.46741],[-71.12076,42.46789],[-71.12234,42.46416],[-71.12031,42.4638],[-71.12074,42.46152],[-71.11979,42.45863],[-71.12552,42.45953],[-71.12622,42.4585],[-71.12895,42.45937],[-71.12996,42.45777],[-71.13469,42.45927],[-71.13268,42.46444]]]}},{"type":"Feature","properties":{"unit_id":"25025070801","name":"Census Tract 708.01 — Suffolk","native_id":"25025070801","source":"census_tract_2025","adm3_name":"Suffolk County","adm3_id":"25025","area_sqm":61235,"split":false},"geometry":{"type":"Polygon","coordinates":[[[-71.08468,42.34029],[-71.08315,42.34162],[-71.08174,42.34067],[-71.08035,42.33936],[-71.08197,42.33842],[-71.08446,42.34007],[-71.08468,42.34029]]]}},{"type":"Feature","properties":{"unit_id":"25017311300","name":"Census Tract 3113 — Middlesex","native_id":"25017311300","source":"census_tract_2025","adm3_name":"Middlesex County","adm3_id":"25017","area_sqm":650036,"split":false},"geometry":{"type":"Polygon","coordinates":[[[-71.34367,42.63884],[-71.33289,42.64053],[-71.33061,42.64091],[-71.32929,42.63793],[-71.32898,42.63477],[-71.33099,42.63452],[-71.3338,42.63416],[-71.33594,42.63389],[-71.33647,42.63383],[-71.34011,42.63337],[-71.34125,42.6383],[-71.34367,42.63884]]]}},{"type":"Feature","properties":{"unit_id":"25017351001","name":"Census Tract 3510.01 — Middlesex","native_id":"25017351001","source":"census_tract_2025","adm3_name":"Middlesex County","adm3_id":"25017","area_sqm":394407,"split":false},"geometry":{"type":"Polygon","coordinates":[[[-71.11816,42.38802],[-71.11745,42.38839],[-71.11709,42.38958],[-71.11574,42.39184],[-71.11498,42.39141],[-71.11362,42.39047],[-71.11167,42.38912],[-71.10962,42.38779],[-71.10895,42.38746],[-71.11064,42.38483],[-71.11177,42.38455],[-71.11266,42.38338],[-71.11064,42.38164],[-71.11166,42.38175],[-71.11558,42.38516],[-71.11616,42.38584],[-71.11686,42.38668],[-71.11774,42.38756],[-71.11816,42.38802]]]}},{"type":"Feature","properties":{"unit_id":"25017382602","name":"Census Tract 3826.02 — Middlesex","native_id":"25017382602","source":"census_tract_2025","adm3_name":"Middlesex County","adm3_id":"25017","area_sqm":4156328,"split":false},"geometry":{"type":"Polygon","coordinates":[[[-71.40253,42.29333],[-71.39318,42.29877],[-71.38752,42.30207],[-71.38315,42.30767],[-71.38165,42.30399],[-71.37792,42.29753],[-71.37684,42.29621],[-71.37662,42.29262],[-71.3752,42.28787],[-71.37538,42.28381],[-71.37586,42.28257],[-71.38059,42.2825],[-71.38798,42.28208],[-71.39061,42.28191],[-71.39234,42.28178],[-71.39497,42.28155],[-71.39939,42.28061],[-71.39959,42.28116],[-71.40212,42.29166],[-71.40253,42.29333]]]}},{"type":"Feature","properties":{"unit_id":"25025070802","name":"Census Tract 708.02 — Suffolk","native_id":"25025070802","source":"census_tract_2025","adm3_name":"Suffolk County","adm3_id":"25025","area_sqm":131995,"split":false},"geometry":{"type":"Polygon","coordinates":[[[-71.08265,42.34207],[-71.08078,42.34374],[-71.08008,42.34422],[-71.07856,42.34321],[-71.07921,42.3427],[-71.07734,42.34095],[-71.07883,42.34011],[-71.07964,42.33975],[-71.08035,42.33936],[-71.08174,42.34067],[-71.08315,42.34162],[-71.08265,42.34207]]]}},{"type":"Feature","properties":{"unit_id":"25017353000","name":"Census Tract 3530 — Middlesex","native_id":"25017353000","source":"census_tract_2025","adm3_name":"Middlesex County","adm3_id":"25017","area_sqm":268135,"split":false},"geometry":{"type":"Polygon","coordinates":[[[-71.10586,42.36975],[-71.10479,42.37082],[-71.10372,42.37039],[-71.10101,42.36932],[-71.099,42.36852],[-71.10072,42.36603],[-71.10144,42.36503],[-71.10203,42.36443],[-71.10395,42.36556],[-71.10771,42.36785],[-71.10586,42.36975]]]}},{"type":"Feature","properties":{"unit_id":"25025060101","name":"Census Tract 601.01 — Suffolk","native_id":"25025060101","source":"census_tract_2025","adm3_name":"Suffolk County","adm3_id":"25025","area_sqm":295623,"split":false},"geometry":{"type":"Polygon","coordinates":[[[-71.03128,42.33483],[-71.02923,42.33573],[-71.02932,42.33824],[-71.02513,42.33831],[-71.02507,42.3358],[-71.02503,42.33409],[-71.02501,42.33328],[-71.02807,42.33206],[-71.03114,42.33065],[-71.03119,42.33236],[-71.03123,42.33319],[-71.03125,42.334],[-71.03128,42.33483]]]}},{"type":"Feature","properties":{"unit_id":"25017373300","name":"Census Tract 3733 — Middlesex","native_id":"25017373300","source":"census_tract_2025","adm3_name":"Middlesex County","adm3_id":"25017","area_sqm":1253168,"split":false},"geometry":{"type":"Polygon","coordinates":[[[-71.21697,42.35987],[-71.21652,42.36097],[-71.21406,42.36341],[-71.21359,42.36457],[-71.21328,42.36496],[-71.20722,42.36414],[-71.20449,42.36579],[-71.20438,42.36512],[-71.20601,42.3637],[-71.20954,42.3615],[-71.20773,42.36024],[-71.20881,42.35928],[-71.20607,42.35735],[-71.20694,42.35671],[-71.20319,42.35588],[-71.19883,42.35401],[-71.19568,42.35486],[-71.19681,42.35381],[-71.20204,42.35228],[-71.20648,42.35122],[-71.2108,42.35056],[-71.21075,42.3507],[-71.21439,42.35021],[-71.21361,42.35415],[-71.21694,42.35922],[-71.21673,42.35986],[-71.21697,42.35987]]]}},{"type":"Feature","properties":{"unit_id":"25025010204","name":"Census Tract 102.04 — Suffolk","native_id":"25025010204","source":"census_tract_2025","adm3_name":"Suffolk County","adm3_id":"25025","area_sqm":253410,"split":false},"geometry":{"type":"Polygon","coordinates":[[[-71.10689,42.34859],[-71.10685,42.34876],[-71.10114,42.34776],[-71.0998,42.34765],[-71.09812,42.34764],[-71.09896,42.34681],[-71.10098,42.34488],[-71.10252,42.34338],[-71.10431,42.34408],[-71.10434,42.34417],[-71.10552,42.34381],[-71.10674,42.34604],[-71.10721,42.34705],[-71.10689,42.34859]]]}},{"type":"Feature","properties":{"unit_id":"25025981502","name":"Census Tract 9815.02 — Suffolk","native_id":"25025981502","source":"census_tract_2025","adm3_name":"Suffolk County","adm3_id":"25025","area_sqm":1252194,"split":false},"geometry":{"type":"Polygon","coordinates":[[[-71.01127,42.39659],[-71.00428,42.40493],[-71.00273,42.40441],[-71.00482,42.40173],[-71.00188,42.40081],[-70.99867,42.40059],[-70.99822,42.39923],[-70.99681,42.40046],[-70.99274,42.39793],[-70.99389,42.39615],[-70.99419,42.39475],[-70.99505,42.39357],[-70.99823,42.39027],[-71.00401,42.39259],[-71.00597,42.39282],[-71.00858,42.39339],[-71.01161,42.39349],[-71.01,42.39549],[-71.01193,42.39575],[-71.01127,42.39659]]]}},{"type":"Feature","properties":{"unit_id":"25025101101","name":"Census Tract 1011.01 — Suffolk","native_id":"25025101101","source":"census_tract_2025","adm3_name":"Suffolk County","adm3_id":"25025","area_sqm":587566,"split":false},"geometry":{"type":"Polygon","coordinates":[[[-71.10011,42.29029],[-71.09576,42.29197],[-71.09389,42.28767],[-71.09286,42.28513],[-71.09157,42.28421],[-71.09181,42.28352],[-71.09211,42.2826],[-71.09297,42.28002],[-71.09318,42.27939],[-71.09349,42.27842],[-71.09358,42.27725],[-71.09498,42.27824],[-71.09793,42.28126],[-71.09845,42.2817],[-71.09963,42.28234],[-71.09632,42.28582],[-71.09503,42.28714],[-71.09971,42.28644],[-71.10065,42.28791],[-71.10011,42.29029]]]}},{"type":"Feature","properties":{"unit_id":"25025000604","name":"Census Tract 6.04 — Suffolk","native_id":"25025000604","source":"census_tract_2025","adm3_name":"Suffolk County","adm3_id":"25025","area_sqm":287064,"split":false},"geometry":{"type":"Polygon","coordinates":[[[-71.14561,42.35079],[-71.14398,42.35143],[-71.14027,42.35254],[-71.13734,42.35359],[-71.1358,42.3535],[-71.13456,42.35335],[-71.13564,42.35169],[-71.13638,42.35039],[-71.13758,42.34865],[-71.13973,42.34898],[-71.14037,42.34869],[-71.14165,42.34927],[-71.14708,42.35016],[-71.14561,42.35079]]]}},{"type":"Feature","properties":{"unit_id":"25025061204","name":"Census Tract 612.04 — Suffolk","native_id":"25025061204","source":"census_tract_2025","adm3_name":"Suffolk County","adm3_id":"25025","area_sqm":412236,"split":false},"geometry":{"type":"Polygon","coordinates":[[[-71.05647,42.34611],[-71.05479,42.34687],[-71.05219,42.35112],[-71.04764,42.34896],[-71.04608,42.34826],[-71.05134,42.3438],[-71.05016,42.34169],[-71.05192,42.34253],[-71.05236,42.34212],[-71.05723,42.34354],[-71.05647,42.34611]]]}},{"type":"Feature","properties":{"unit_id":"25017341400","name":"Census Tract 3414 — Middlesex","native_id":"25017341400","source":"census_tract_2025","adm3_name":"Middlesex County","adm3_id":"25017","area_sqm":796944,"split":false},"geometry":{"type":"Polygon","coordinates":[[[-71.07192,42.41806],[-71.06943,42.41817],[-71.06973,42.42182],[-71.06728,42.4233],[-71.06633,42.42368],[-71.06466,42.42446],[-71.06297,42.42324],[-71.06185,42.42233],[-71.05998,42.42085],[-71.05685,42.41867],[-71.05681,42.41864],[-71.05985,42.41637],[-71.06013,42.41614],[-71.06048,42.41594],[-71.06154,42.4156],[-71.06227,42.41551],[-71.06454,42.41528],[-71.06813,42.41512],[-71.07112,42.41497],[-71.07181,42.41669],[-71.07192,42.41806]]]}},{"type":"Feature","properties":{"unit_id":"25017350800","name":"Census Tract 3508 — Middlesex","native_id":"25017350800","source":"census_tract_2025","adm3_name":"Middlesex County","adm3_id":"25017","area_sqm":211937,"split":false},"geometry":{"type":"Polygon","coordinates":[[[-71.13072,42.40092],[-71.12848,42.40275],[-71.12866,42.404],[-71.12725,42.40329],[-71.12691,42.40315],[-71.12615,42.40104],[-71.12457,42.39903],[-71.12416,42.39852],[-71.12367,42.39792],[-71.1229,42.39699],[-71.12542,42.39756],[-71.12772,42.3975],[-71.12879,42.39872],[-71.13072,42.40092]]]}},{"type":"Feature","properties":{"unit_id":"25017320102","name":"Census Tract 3201.02 — Middlesex","native_id":"25017320102","source":"census_tract_2025","adm3_name":"Middlesex County","adm3_id":"25017","area_sqm":25024670,"split":false},"geometry":{"type":"Polygon","coordinates":[[[-71.59932,42.22596],[-71.59287,42.24321],[-71.58986,42.25126],[-71.58676,42.25955],[-71.56456,42.26687],[-71.56338,42.26254],[-71.5574,42.24905],[-71.55512,42.24204],[-71.55254,42.2368],[-71.55159,42.23388],[-71.5511,42.23001],[-71.54996,42.221],[-71.54647,42.21392],[-71.54416,42.20961],[-71.54196,42.2039],[-71.53891,42.19797],[-71.53589,42.18965],[-71.53928,42.18973],[-71.55574,42.1825],[-71.55507,42.18448],[-71.55645,42.18661],[-71.55582,42.18984],[-71.55678,42.19245],[-71.57227,42.19273],[-71.57154,42.19467],[-71.57823,42.1952],[-71.58291,42.19556],[-71.58922,42.20291],[-71.60222,42.2181],[-71.59932,42.22596]]]}},{"type":"Feature","properties":{"unit_id":"25025040401","name":"Census Tract 404.01 — Suffolk","native_id":"25025040401","source":"census_tract_2025","adm3_name":"Suffolk County","adm3_id":"25025","area_sqm":433403,"split":false},"geometry":{"type":"Polygon","coordinates":[[[-71.06999,42.38031],[-71.06911,42.37941],[-71.06783,42.37821],[-71.0655,42.37779],[-71.06497,42.3773],[-71.06426,42.37684],[-71.06309,42.37469],[-71.06187,42.37595],[-71.06406,42.3724],[-71.06189,42.37111],[-71.06108,42.37058],[-71.05979,42.36877],[-71.06299,42.36839],[-71.06406,42.369],[-71.06712,42.37182],[-71.07054,42.37236],[-71.06791,42.37463],[-71.06822,42.37512],[-71.0709,42.37987],[-71.06999,42.38031]]]}},{"type":"Feature","properties":{"unit_id":"25025100700","name":"Census Tract 1007 — Suffolk","native_id":"25025100700","source":"census_tract_2025","adm3_name":"Suffolk County","adm3_id":"25025","area_sqm":1211115,"split":false},"geometry":{"type":"Polygon","coordinates":[[[-71.05893,42.28199],[-71.05728,42.28245],[-71.05654,42.28258],[-71.056,42.28292],[-71.05496,42.28558],[-71.05455,42.28661],[-71.05535,42.28824],[-71.05216,42.28914],[-71.05147,42.28931],[-71.04937,42.28801],[-71.04851,42.28614],[-71.04415,42.28645],[-71.04303,42.28592],[-71.04166,42.28542],[-71.03908,42.28397],[-71.03929,42.2838],[-71.04049,42.2819],[-71.04159,42.2781],[-71.04278,42.2771],[-71.04488,42.27627],[-71.0498,42.2781],[-71.05328,42.2775],[-71.05375,42.278],[-71.05469,42.28034],[-71.05853,42.28006],[-71.05893,42.28199]]]}},{"type":"Feature","properties":{"unit_id":"25025170502","name":"Census Tract 1705.02 — Suffolk","native_id":"25025170502","source":"census_tract_2025","adm3_name":"Suffolk County","adm3_id":"25025","area_sqm":924365,"split":false},"geometry":{"type":"Polygon","coordinates":[[[-70.98794,42.42604],[-70.98371,42.43166],[-70.98229,42.4313],[-70.97945,42.43281],[-70.97519,42.4369],[-70.97159,42.4427],[-70.96859,42.4444],[-70.96614,42.44349],[-70.96631,42.44305],[-70.96654,42.44245],[-70.95993,42.44122],[-70.9597,42.44067],[-70.96864,42.43553],[-70.97551,42.43158],[-70.97664,42.43044],[-70.98299,42.424],[-70.9837,42.42289],[-70.98601,42.42536],[-70.98794,42.42604]]]}},{"type":"Feature","properties":{"unit_id":"25025110501","name":"Census Tract 1105.01 — Suffolk","native_id":"25025110501","source":"census_tract_2025","adm3_name":"Suffolk County","adm3_id":"25025","area_sqm":647837,"split":false},"geometry":{"type":"Polygon","coordinates":[[[-71.14777,42.28599],[-71.14055,42.28614],[-71.13742,42.28625],[-71.13761,42.28585],[-71.13723,42.2807],[-71.137,42.27832],[-71.13865,42.2769],[-71.14027,42.27547],[-71.14065,42.27518],[-71.14093,42.27692],[-71.14396,42.2805],[-71.14552,42.2818],[-71.14702,42.28328],[-71.1475,42.28418],[-71.14777,42.28599]]]}},{"type":"Feature","properties":{"unit_id":"25017352900","name":"Census Tract 3529 — Middlesex","native_id":"25017352900","source":"census_tract_2025","adm3_name":"Middlesex County","adm3_id":"25017","area_sqm":279478,"split":false},"geometry":{"type":"Polygon","coordinates":[[[-71.10795,42.37206],[-71.10612,42.37441],[-71.10543,42.37633],[-71.1032,42.37433],[-71.10161,42.37437],[-71.10083,42.37375],[-71.09898,42.37219],[-71.10101,42.36932],[-71.10372,42.37039],[-71.10479,42.37082],[-71.10574,42.37119],[-71.10683,42.37161],[-71.10795,42.37206]]]}},{"type":"Feature","properties":{"unit_id":"25017388300","name":"Census Tract 3883 — Middlesex","native_id":"25017388300","source":"census_tract_2025","adm3_name":"Middlesex County","adm3_id":"25017","area_sqm":692876,"split":false},"geometry":{"type":"Polygon","coordinates":[[[-71.32555,42.64965],[-71.32331,42.65109],[-71.3244,42.65189],[-71.32245,42.65393],[-71.31954,42.65585],[-71.31545,42.65468],[-71.31539,42.65473],[-71.31239,42.65237],[-71.31569,42.64899],[-71.31597,42.6486],[-71.31663,42.64789],[-71.31477,42.64696],[-71.31493,42.64552],[-71.31436,42.64524],[-71.31556,42.64389],[-71.31724,42.64438],[-71.31743,42.64513],[-71.321,42.64459],[-71.32185,42.64553],[-71.32401,42.64791],[-71.32555,42.64965]]]}},{"type":"Feature","properties":{"unit_id":"25025050500","name":"Census Tract 505 — Suffolk","native_id":"25025050500","source":"census_tract_2025","adm3_name":"Suffolk County","adm3_id":"25025","area_sqm":272242,"split":false},"geometry":{"type":"Polygon","coordinates":[[[-71.03699,42.36929],[-71.03392,42.37193],[-71.03474,42.37246],[-71.03445,42.37271],[-71.03354,42.37262],[-71.0321,42.37349],[-71.03028,42.37394],[-71.02809,42.36912],[-71.03036,42.37017],[-71.0312,42.37018],[-71.0326,42.36867],[-71.03339,42.36773],[-71.03475,42.36831],[-71.03699,42.36929]]]}},{"type":"Feature","properties":{"unit_id":"25017341500","name":"Census Tract 3415 — Middlesex","native_id":"25017341500","source":"census_tract_2025","adm3_name":"Middlesex County","adm3_id":"25017","area_sqm":641047,"split":false},"geometry":{"type":"Polygon","coordinates":[[[-71.06466,42.42446],[-71.06115,42.42617],[-71.0604,42.42651],[-71.06126,42.42639],[-71.06329,42.42617],[-71.06377,42.42609],[-71.064,42.42804],[-71.06343,42.42832],[-71.05959,42.43022],[-71.05801,42.43091],[-71.0578,42.43098],[-71.05646,42.42836],[-71.05607,42.42765],[-71.05581,42.42722],[-71.05543,42.42659],[-71.05775,42.42535],[-71.05719,42.42436],[-71.05555,42.42313],[-71.05482,42.42261],[-71.05283,42.42116],[-71.05458,42.42003],[-71.05605,42.41916],[-71.05657,42.41881],[-71.05681,42.41864],[-71.05685,42.41867],[-71.05998,42.42085],[-71.06185,42.42233],[-71.06297,42.42324],[-71.06466,42.42446]]]}},{"type":"Feature","properties":{"unit_id":"25017383200","name":"Census Tract 3832 — Middlesex","native_id":"25017383200","source":"census_tract_2025","adm3_name":"Middlesex County","adm3_id":"25017","area_sqm":2409101,"split":false},"geometry":{"type":"Polygon","coordinates":[[[-71.44315,42.27207],[-71.43971,42.27393],[-71.43712,42.27451],[-71.42683,42.27503],[-71.42343,42.27519],[-71.42071,42.27563],[-71.41679,42.27672],[-71.41736,42.27513],[-71.41851,42.27293],[-71.41707,42.25772],[-71.4193,42.25728],[-71.42148,42.25843],[-71.42373,42.25962],[-71.42927,42.26253],[-71.43113,42.2635],[-71.44462,42.27059],[-71.44315,42.27207]]]}},{"type":"Feature","properties":{"unit_id":"25017359302","name":"Census Tract 3593.02 — Middlesex","native_id":"25017359302","source":"census_tract_2025","adm3_name":"Middlesex County","adm3_id":"25017","area_sqm":812940,"split":false},"geometry":{"type":"Polygon","coordinates":[[[-71.29885,42.46267],[-71.2893,42.46456],[-71.28968,42.46618],[-71.28747,42.46454],[-71.28294,42.46117],[-71.28184,42.45964],[-71.28058,42.45999],[-71.28035,42.46005],[-71.2804,42.46002],[-71.28384,42.4584],[-71.2873,42.45732],[-71.28771,42.4574],[-71.28958,42.4574],[-71.29523,42.45805],[-71.2965,42.4579],[-71.29885,42.46267]]]}},{"type":"Feature","properties":{"unit_id":"25017359400","name":"Census Tract 3594 — Middlesex","native_id":"25017359400","source":"census_tract_2025","adm3_name":"Middlesex County","adm3_id":"25017","area_sqm":576837,"split":false},"geometry":{"type":"Polygon","coordinates":[[[-71.11692,42.36425],[-71.1139,42.36448],[-71.11358,42.36588],[-71.11351,42.36774],[-71.11351,42.36856],[-71.11345,42.36928],[-71.11261,42.36984],[-71.11073,42.36918],[-71.10771,42.36785],[-71.10395,42.36556],[-71.1042,42.36536],[-71.10486,42.36518],[-71.10573,42.3649],[-71.10668,42.36456],[-71.10824,42.36405],[-71.10975,42.36272],[-71.11033,42.36221],[-71.11093,42.36174],[-71.11278,42.36013],[-71.11382,42.3592],[-71.11668,42.35874],[-71.1166,42.35918],[-71.1167,42.36125],[-71.11694,42.36368],[-71.11692,42.36425]]]}},{"type":"Feature","properties":{"unit_id":"25025030100","name":"Census Tract 301 — Suffolk","native_id":"25025030100","source":"census_tract_2025","adm3_name":"Suffolk County","adm3_id":"25025","area_sqm":77344,"split":false},"geometry":{"type":"Polygon","coordinates":[[[-71.05853,42.36695],[-71.05737,42.36777],[-71.05637,42.36829],[-71.0534,42.36753],[-71.05397,42.36691],[-71.055,42.36596],[-71.05549,42.36619],[-71.05595,42.36551],[-71.05675,42.3654],[-71.0574,42.36531],[-71.05853,42.36695]]]}},{"type":"Feature","properties":{"unit_id":"25017312400","name":"Census Tract 3124 — Middlesex","native_id":"25017312400","source":"census_tract_2025","adm3_name":"Middlesex County","adm3_id":"25017","area_sqm":402850,"split":false},"geometry":{"type":"Polygon","coordinates":[[[-71.30577,42.64438],[-71.30242,42.64652],[-71.30213,42.64709],[-71.29942,42.6468],[-71.29929,42.64677],[-71.29943,42.64573],[-71.2992,42.64447],[-71.29838,42.64321],[-71.2976,42.64216],[-71.30033,42.64193],[-71.29882,42.639],[-71.29758,42.63642],[-71.30121,42.63605],[-71.30149,42.63602],[-71.30225,42.63697],[-71.30285,42.6382],[-71.30311,42.63978],[-71.30293,42.64175],[-71.30577,42.64438]]]}},{"type":"Feature","properties":{"unit_id":"25017341600","name":"Census Tract 3416 — Middlesex","native_id":"25017341600","source":"census_tract_2025","adm3_name":"Middlesex County","adm3_id":"25017","area_sqm":1523337,"split":false},"geometry":{"type":"Polygon","coordinates":[[[-71.06777,42.43484],[-71.06775,42.43521],[-71.06708,42.43898],[-71.06766,42.44041],[-71.05543,42.44167],[-71.05027,42.4422],[-71.0492,42.4417],[-71.04818,42.43945],[-71.04972,42.43943],[-71.0503,42.4371],[-71.0502,42.43608],[-71.05233,42.43597],[-71.05327,42.43516],[-71.05425,42.43502],[-71.05664,42.43477],[-71.05779,42.43469],[-71.0595,42.43425],[-71.05832,42.43196],[-71.05801,42.43091],[-71.05959,42.43022],[-71.06343,42.42832],[-71.064,42.42804],[-71.06671,42.42703],[-71.06714,42.42849],[-71.06761,42.43081],[-71.06789,42.43168],[-71.06777,42.43484]]]}},{"type":"Feature","properties":{"unit_id":"25017339400","name":"Census Tract 3394 — Middlesex","native_id":"25017339400","source":"census_tract_2025","adm3_name":"Middlesex County","adm3_id":"25017","area_sqm":635622,"split":false},"geometry":{"type":"Polygon","coordinates":[[[-71.12992,42.41333],[-71.12699,42.41663],[-71.12684,42.4168],[-71.12744,42.41813],[-71.12582,42.41889],[-71.12499,42.41911],[-71.11794,42.4191],[-71.11792,42.41739],[-71.11826,42.41685],[-71.1186,42.41633],[-71.11996,42.41428],[-71.12008,42.41412],[-71.12178,42.41155],[-71.12309,42.40961],[-71.1254,42.4104],[-71.12569,42.40998],[-71.12615,42.40927],[-71.12787,42.41058],[-71.12704,42.41233],[-71.12992,42.41333]]]}},{"type":"Feature","properties":{"unit_id":"25017357100","name":"Census Tract 3571 — Middlesex","native_id":"25017357100","source":"census_tract_2025","adm3_name":"Middlesex County","adm3_id":"25017","area_sqm":1810617,"split":false},"geometry":{"type":"Polygon","coordinates":[[[-71.17771,42.41021],[-71.17442,42.40937],[-71.16393,42.40572],[-71.16405,42.40546],[-71.15747,42.40243],[-71.15639,42.40253],[-71.15554,42.4021],[-71.15224,42.40082],[-71.15494,42.39756],[-71.15636,42.39585],[-71.15878,42.39587],[-71.16842,42.39596],[-71.17549,42.39604],[-71.17417,42.39886],[-71.1745,42.39985],[-71.17634,42.40366],[-71.17598,42.40409],[-71.17531,42.40809],[-71.17474,42.40914],[-71.17771,42.41021]]]}},{"type":"Feature","properties":{"unit_id":"25025070201","name":"Census Tract 702.01 — Suffolk","native_id":"25025070201","source":"census_tract_2025","adm3_name":"Suffolk County","adm3_id":"25025","area_sqm":144031,"split":false},"geometry":{"type":"Polygon","coordinates":[[[-71.06661,42.34876],[-71.06687,42.35096],[-71.06753,42.35251],[-71.06456,42.35238],[-71.06276,42.35151],[-71.06415,42.3484],[-71.06443,42.34719],[-71.06616,42.34759],[-71.06819,42.34787],[-71.06661,42.34876]]]}},{"type":"Feature","properties":{"unit_id":"25025090400","name":"Census Tract 904 — Suffolk","native_id":"25025090400","source":"census_tract_2025","adm3_name":"Suffolk County","adm3_id":"25025","area_sqm":425139,"split":false},"geometry":{"type":"Polygon","coordinates":[[[-71.07822,42.31587],[-71.07781,42.3183],[-71.07775,42.31928],[-71.07775,42.32043],[-71.07552,42.32057],[-71.07395,42.32077],[-71.0722,42.32136],[-71.07128,42.32016],[-71.0697,42.31895],[-71.07039,42.31744],[-71.07301,42.31703],[-71.07282,42.31654],[-71.07314,42.31422],[-71.07214,42.31366],[-71.07317,42.31222],[-71.07465,42.31284],[-71.077,42.31371],[-71.07882,42.31461],[-71.07822,42.31587]]]}},{"type":"Feature","properties":{"unit_id":"25017383402","name":"Census Tract 3834.02 — Middlesex","native_id":"25017383402","source":"census_tract_2025","adm3_name":"Middlesex County","adm3_id":"25017","area_sqm":998946,"split":false},"geometry":{"type":"Polygon","coordinates":[[[-71.41275,42.28378],[-71.41074,42.28663],[-71.41015,42.28748],[-71.40939,42.28873],[-71.40212,42.29166],[-71.39959,42.28116],[-71.39971,42.28112],[-71.40623,42.27924],[-71.41481,42.2825],[-71.41275,42.28378]]]}},{"type":"Feature","properties":{"unit_id":"25025010404","name":"Census Tract 104.04 — Suffolk","native_id":"25025010404","source":"census_tract_2025","adm3_name":"Suffolk County","adm3_id":"25025","area_sqm":136909,"split":false},"geometry":{"type":"Polygon","coordinates":[[[-71.09119,42.34095],[-71.09033,42.3426],[-71.0902,42.34319],[-71.08997,42.34392],[-71.0868,42.34344],[-71.0858,42.34333],[-71.08496,42.34277],[-71.08661,42.34147],[-71.09066,42.33977],[-71.09103,42.33961],[-71.09181,42.33987],[-71.09119,42.34095]]]}},{"type":"Feature","properties":{"unit_id":"25025040100","name":"Census Tract 401 — Suffolk","native_id":"25025040100","source":"census_tract_2025","adm3_name":"Suffolk County","adm3_id":"25025","area_sqm":264111,"split":false},"geometry":{"type":"Polygon","coordinates":[[[-71.06406,42.3724],[-71.06187,42.37595],[-71.06123,42.37715],[-71.06049,42.37692],[-71.06001,42.37607],[-71.05933,42.37583],[-71.0578,42.3742],[-71.05844,42.37212],[-71.055,42.3707],[-71.05714,42.36998],[-71.05979,42.36877],[-71.06108,42.37058],[-71.06189,42.37111],[-71.06406,42.3724]]]}},{"type":"Feature","properties":{"unit_id":"25025000804","name":"Census Tract 8.04 — Suffolk","native_id":"25025000804","source":"census_tract_2025","adm3_name":"Suffolk County","adm3_id":"25025","area_sqm":607596,"split":false},"geometry":{"type":"Polygon","coordinates":[[[-71.13798,42.35761],[-71.13696,42.35932],[-71.1333,42.35858],[-71.13308,42.35856],[-71.13149,42.3586],[-71.13083,42.35902],[-71.12888,42.36037],[-71.12977,42.36107],[-71.13042,42.36196],[-71.13022,42.36269],[-71.12976,42.3632],[-71.12304,42.36375],[-71.12467,42.36247],[-71.12318,42.359],[-71.12803,42.35726],[-71.12972,42.35665],[-71.1314,42.3561],[-71.13734,42.35359],[-71.13907,42.35379],[-71.13798,42.35761]]]}},{"type":"Feature","properties":{"unit_id":"25017363103","name":"Census Tract 3631.03 — Middlesex","native_id":"25017363103","source":"census_tract_2025","adm3_name":"Middlesex County","adm3_id":"25017","area_sqm":9598061,"split":false},"geometry":{"type":"Polygon","coordinates":[[[-71.47353,42.50018],[-71.44394,42.50906],[-71.43472,42.52249],[-71.43255,42.52054],[-71.43209,42.51953],[-71.42933,42.51592],[-71.42305,42.51223],[-71.42096,42.5096],[-71.42054,42.50438],[-71.41949,42.50193],[-71.42032,42.50038],[-71.42163,42.49705],[-71.42665,42.49081],[-71.43128,42.48738],[-71.43443,42.48496],[-71.43875,42.48256],[-71.44355,42.48143],[-71.4463,42.47989],[-71.44847,42.47797],[-71.45082,42.48128],[-71.45448,42.4863],[-71.45982,42.49103],[-71.46188,42.49277],[-71.463,42.49362],[-71.47381,42.49976],[-71.47353,42.50018]]]}},{"type":"Feature","properties":{"unit_id":"25017342600","name":"Census Tract 3426 — Middlesex","native_id":"25017342600","source":"census_tract_2025","adm3_name":"Middlesex County","adm3_id":"25017","area_sqm":452527,"split":false},"geometry":{"type":"Polygon","coordinates":[[[-71.04758,42.40538],[-71.04648,42.40775],[-71.04619,42.40841],[-71.0438,42.40828],[-71.04309,42.40823],[-71.04167,42.40779],[-71.04003,42.40719],[-71.03774,42.40632],[-71.03907,42.40426],[-71.03949,42.40363],[-71.04057,42.40198],[-71.04089,42.40175],[-71.04151,42.40166],[-71.04763,42.40239],[-71.04759,42.40254],[-71.04745,42.40334],[-71.0482,42.40409],[-71.04758,42.40538]]]}},{"type":"Feature","properties":{"unit_id":"25025091900","name":"Census Tract 919 — Suffolk","native_id":"25025091900","source":"census_tract_2025","adm3_name":"Suffolk County","adm3_id":"25025","area_sqm":481983,"split":false},"geometry":{"type":"Polygon","coordinates":[[[-71.07922,42.30119],[-71.07842,42.30323],[-71.07726,42.30474],[-71.07678,42.30519],[-71.07618,42.30505],[-71.07416,42.30491],[-71.07312,42.30467],[-71.07143,42.30341],[-71.07157,42.30243],[-71.07201,42.30146],[-71.0723,42.29994],[-71.07293,42.29958],[-71.07364,42.29937],[-71.07307,42.29859],[-71.07227,42.29668],[-71.07429,42.29656],[-71.07629,42.29731],[-71.07885,42.29671],[-71.07922,42.30119]]]}},{"type":"Feature","properties":{"unit_id":"25017355000","name":"Census Tract 3550 — Middlesex","native_id":"25017355000","source":"census_tract_2025","adm3_name":"Middlesex County","adm3_id":"25017","area_sqm":464483,"split":false},"geometry":{"type":"Polygon","coordinates":[[[-71.14037,42.39983],[-71.13625,42.40107],[-71.13509,42.40249],[-71.13464,42.40426],[-71.13363,42.40348],[-71.1313,42.40158],[-71.13072,42.40092],[-71.12879,42.39872],[-71.12772,42.3975],[-71.12736,42.3971],[-71.12437,42.39365],[-71.12299,42.39238],[-71.12393,42.39172],[-71.12502,42.39265],[-71.12874,42.39601],[-71.12946,42.39663],[-71.13032,42.3974],[-71.1309,42.3979],[-71.1309,42.39774],[-71.13214,42.39773],[-71.14022,42.3982],[-71.14144,42.39896],[-71.14037,42.39983]]]}},{"type":"Feature","properties":{"unit_id":"25025090200","name":"Census Tract 902 — Suffolk","native_id":"25025090200","source":"census_tract_2025","adm3_name":"Suffolk County","adm3_id":"25025","area_sqm":273671,"split":false},"geometry":{"type":"Polygon","coordinates":[[[-71.08308,42.30877],[-71.0828,42.30933],[-71.08267,42.30953],[-71.08201,42.31026],[-71.07958,42.30988],[-71.07608,42.30757],[-71.07523,42.30827],[-71.07391,42.30768],[-71.07678,42.30519],[-71.07726,42.30474],[-71.07842,42.30323],[-71.07853,42.30339],[-71.07894,42.30394],[-71.07956,42.30462],[-71.08056,42.30544],[-71.08163,42.30634],[-71.08325,42.30847],[-71.08308,42.30877]]]}},{"type":"Feature","properties":{"unit_id":"25017339101","name":"Census Tract 3391.01 — Middlesex","native_id":"25017339101","source":"census_tract_2025","adm3_name":"Middlesex County","adm3_id":"25017","area_sqm":875342,"split":false},"geometry":{"type":"Polygon","coordinates":[[[-71.11812,42.42404],[-71.11741,42.42491],[-71.11483,42.42523],[-71.11017,42.4249],[-71.11024,42.42388],[-71.10741,42.4226],[-71.10371,42.4226],[-71.1042,42.41875],[-71.10416,42.41737],[-71.1041,42.41636],[-71.10402,42.4149],[-71.10402,42.41477],[-71.10396,42.41371],[-71.1105,42.41708],[-71.11515,42.41899],[-71.11794,42.4191],[-71.1179,42.42134],[-71.11767,42.42125],[-71.11812,42.42404]]]}},{"type":"Feature","properties":{"unit_id":"25017384004","name":"Census Tract 3840.04 — Middlesex","native_id":"25017384004","source":"census_tract_2025","adm3_name":"Middlesex County","adm3_id":"25017","area_sqm":1455964,"split":false},"geometry":{"type":"Polygon","coordinates":[[[-71.47156,42.30389],[-71.46926,42.30662],[-71.46845,42.30675],[-71.46489,42.30516],[-71.46124,42.30403],[-71.45148,42.3047],[-71.44609,42.3039],[-71.44548,42.30157],[-71.4422,42.29965],[-71.44279,42.29921],[-71.4497,42.29804],[-71.45015,42.29789],[-71.45762,42.29435],[-71.46086,42.29451],[-71.46443,42.29579],[-71.46998,42.29949],[-71.4706,42.30245],[-71.47156,42.30389]]]}},{"type":"Feature","properties":{"unit_id":"25017311800","name":"Census Tract 3118 — Middlesex","native_id":"25017311800","source":"census_tract_2025","adm3_name":"Middlesex County","adm3_id":"25017","area_sqm":589543,"split":false},"geometry":{"type":"Polygon","coordinates":[[[-71.32514,42.63541],[-71.3194,42.63703],[-71.31608,42.63791],[-71.31581,42.63838],[-71.31577,42.6383],[-71.31424,42.63524],[-71.31371,42.63449],[-71.31268,42.63273],[-71.31448,42.63193],[-71.318,42.62828],[-71.31892,42.63017],[-71.32124,42.63018],[-71.31994,42.6319],[-71.32225,42.63225],[-71.3244,42.6329],[-71.32515,42.63329],[-71.32514,42.63541]]]}},{"type":"Feature","properties":{"unit_id":"25017313102","name":"Census Tract 3131.02 — Middlesex","native_id":"25017313102","source":"census_tract_2025","adm3_name":"Middlesex County","adm3_id":"25017","area_sqm":14698155,"split":false},"geometry":{"type":"Polygon","coordinates":[[[-71.43234,42.70006],[-71.38819,42.69901],[-71.38694,42.69899],[-71.36973,42.69858],[-71.37437,42.69326],[-71.37401,42.68937],[-71.37876,42.68301],[-71.37673,42.67806],[-71.37337,42.66612],[-71.37158,42.66414],[-71.36963,42.66933],[-71.36643,42.66668],[-71.36888,42.66175],[-71.3782,42.66069],[-71.38136,42.65484],[-71.38247,42.65254],[-71.38053,42.65086],[-71.38092,42.64901],[-71.38522,42.6496],[-71.38921,42.649],[-71.39418,42.65375],[-71.39675,42.65739],[-71.39966,42.65797],[-71.40177,42.66172],[-71.40487,42.66565],[-71.40652,42.66683],[-71.41826,42.67149],[-71.41963,42.67224],[-71.42077,42.67411],[-71.42091,42.67676],[-71.41868,42.6821],[-71.41802,42.68262],[-71.41378,42.68272],[-71.41259,42.68391],[-71.41266,42.68641],[-71.41406,42.689],[-71.41569,42.69087],[-71.42274,42.69425],[-71.42767,42.69564],[-71.42954,42.69676],[-71.43118,42.69803],[-71.43234,42.70006]]]}},{"type":"Feature","properties":{"unit_id":"25025070600","name":"Census Tract 706 — Suffolk","native_id":"25025070600","source":"census_tract_2025","adm3_name":"Suffolk County","adm3_id":"25025","area_sqm":130995,"split":false},"geometry":{"type":"Polygon","coordinates":[[[-71.07856,42.34321],[-71.0782,42.34327],[-71.07594,42.34392],[-71.07449,42.3443],[-71.07487,42.3451],[-71.07275,42.34566],[-71.07186,42.34383],[-71.07376,42.34283],[-71.07459,42.34241],[-71.07734,42.34095],[-71.07921,42.3427],[-71.07856,42.34321]]]}},{"type":"Feature","properties":{"unit_id":"25017301102","name":"Census Tract 3011.02 — Middlesex","native_id":"25017301102","source":"census_tract_2025","adm3_name":"Middlesex County","adm3_id":"25017","area_sqm":40437309,"split":false},"geometry":{"type":"Polygon","coordinates":[[[-71.77436,42.67223],[-71.77149,42.67399],[-71.76835,42.67414],[-71.76438,42.67381],[-71.76119,42.67509],[-71.75462,42.67712],[-71.75143,42.67736],[-71.74027,42.67723],[-71.73355,42.67625],[-71.73063,42.67535],[-71.72481,42.67269],[-71.72512,42.67229],[-71.70947,42.66661],[-71.70933,42.66655],[-71.7066,42.66558],[-71.70141,42.6635],[-71.69638,42.65971],[-71.69312,42.65796],[-71.68823,42.65756],[-71.68685,42.65655],[-71.67677,42.65441],[-71.67193,42.65291],[-71.66611,42.65113],[-71.65798,42.64966],[-71.66047,42.63509],[-71.6646,42.6116],[-71.69416,42.62027],[-71.70134,42.62238],[-71.73226,42.63145],[-71.77576,42.64423],[-71.77436,42.67223]]]}},{"type":"Feature","properties":{"unit_id":"25025170302","name":"Census Tract 1703.02 — Suffolk","native_id":"25025170302","source":"census_tract_2025","adm3_name":"Suffolk County","adm3_id":"25025","area_sqm":2389609,"split":false},"geometry":{"type":"Polygon","coordinates":[[[-71.02584,42.44471],[-71.01876,42.45012],[-71.01461,42.44529],[-71.01324,42.44371],[-71.01192,42.44216],[-71.00967,42.44105],[-71.01227,42.43972],[-71.0101,42.43819],[-71.01142,42.43599],[-71.01078,42.43457],[-71.00697,42.43384],[-71.00592,42.43304],[-71.00215,42.43261],[-70.99986,42.4313],[-70.99735,42.43107],[-70.99723,42.43105],[-71.00373,42.42231],[-71.00893,42.42591],[-71.01081,42.42451],[-71.01512,42.42806],[-71.01624,42.4288],[-71.01848,42.42876],[-71.01976,42.43033],[-71.02409,42.43158],[-71.02304,42.43346],[-71.023,42.43352],[-71.02135,42.4365],[-71.02101,42.43712],[-71.02038,42.43825],[-71.025,42.44371],[-71.02584,42.44471]]]}},{"type":"Feature","properties":{"unit_id":"25017321400","name":"Census Tract 3214 — Middlesex","native_id":"25017321400","source":"census_tract_2025","adm3_name":"Middlesex County","adm3_id":"25017","area_sqm":14173652,"split":false},"geometry":{"type":"Polygon","coordinates":[[[-71.6247,42.35046],[-71.61001,42.3574],[-71.60307,42.36727],[-71.59429,42.3682],[-71.59096,42.36392],[-71.5787,42.35257],[-71.57682,42.35047],[-71.57526,42.34736],[-71.57487,42.34538],[-71.57501,42.34123],[-71.57531,42.33582],[-71.57499,42.33288],[-71.5743,42.33045],[-71.57031,42.31966],[-71.57825,42.31502],[-71.58521,42.31095],[-71.5925,42.3179],[-71.59736,42.32102],[-71.60188,42.32697],[-71.60527,42.33016],[-71.60359,42.33168],[-71.60396,42.33534],[-71.6041,42.33677],[-71.61153,42.33899],[-71.61826,42.34259],[-71.62066,42.34525],[-71.62583,42.34972],[-71.6247,42.35046]]]}},{"type":"Feature","properties":{"unit_id":"25025091600","name":"Census Tract 916 — Suffolk","native_id":"25025091600","source":"census_tract_2025","adm3_name":"Suffolk County","adm3_id":"25025","area_sqm":313158,"split":false},"geometry":{"type":"Polygon","coordinates":[[[-71.06649,42.30671],[-71.06503,42.30808],[-71.06391,42.30835],[-71.06139,42.30874],[-71.0606,42.30879],[-71.05842,42.30758],[-71.0584,42.30768],[-71.05739,42.30548],[-71.05597,42.30452],[-71.05943,42.30313],[-71.0598,42.30154],[-71.06015,42.30215],[-71.06058,42.30315],[-71.06116,42.30456],[-71.0615,42.30537],[-71.06312,42.305],[-71.06455,42.30539],[-71.06458,42.30402],[-71.06608,42.30642],[-71.06649,42.30671]]]}},{"type":"Feature","properties":{"unit_id":"25017333300","name":"Census Tract 3333 — Middlesex","native_id":"25017333300","source":"census_tract_2025","adm3_name":"Middlesex County","adm3_id":"25017","area_sqm":1627185,"split":false},"geometry":{"type":"Polygon","coordinates":[[[-71.16016,42.47358],[-71.15566,42.47401],[-71.15229,42.47502],[-71.15271,42.47539],[-71.15054,42.47664],[-71.15131,42.47821],[-71.15173,42.47895],[-71.15217,42.47994],[-71.15079,42.4815],[-71.14662,42.48095],[-71.14432,42.47843],[-71.1438,42.4756],[-71.14338,42.4743],[-71.14146,42.47052],[-71.1379,42.46858],[-71.14601,42.4658],[-71.15054,42.46429],[-71.15229,42.46372],[-71.15473,42.46301],[-71.15856,42.46427],[-71.16139,42.47026],[-71.16016,42.47358]]]}},{"type":"Feature","properties":{"unit_id":"25025010104","name":"Census Tract 101.04 — Suffolk","native_id":"25025010104","source":"census_tract_2025","adm3_name":"Suffolk County","adm3_id":"25025","area_sqm":281681,"split":false},"geometry":{"type":"Polygon","coordinates":[[[-71.10056,42.34792],[-71.09717,42.34898],[-71.09761,42.3499],[-71.09818,42.35074],[-71.09499,42.35057],[-71.08986,42.35158],[-71.08976,42.35136],[-71.0895,42.35085],[-71.08871,42.34925],[-71.08792,42.34746],[-71.08964,42.34764],[-71.09194,42.34763],[-71.09287,42.34764],[-71.09812,42.34764],[-71.0998,42.34765],[-71.10114,42.34776],[-71.10056,42.34792]]]}},{"type":"Feature","properties":{"unit_id":"25025080801","name":"Census Tract 808.01 — Suffolk","native_id":"25025080801","source":"census_tract_2025","adm3_name":"Suffolk County","adm3_id":"25025","area_sqm":364890,"split":false},"geometry":{"type":"Polygon","coordinates":[[[-71.09979,42.3354],[-71.10031,42.33594],[-71.09574,42.33773],[-71.09065,42.33574],[-71.09052,42.33566],[-71.09445,42.33239],[-71.09535,42.33155],[-71.09718,42.33178],[-71.09932,42.33228],[-71.10132,42.33296],[-71.09979,42.3354]]]}},{"type":"Feature","properties":{"unit_id":"25025980300","name":"Census Tract 9803 — Suffolk","native_id":"25025980300","source":"census_tract_2025","adm3_name":"Suffolk County","adm3_id":"25025","area_sqm":2081297,"split":false},"geometry":{"type":"Polygon","coordinates":[[[-71.1057,42.30166],[-71.10485,42.30232],[-71.10434,42.30276],[-71.10271,42.30527],[-71.10269,42.30597],[-71.10072,42.30657],[-71.09785,42.31107],[-71.09683,42.31225],[-71.09625,42.31249],[-71.09515,42.31328],[-71.0936,42.31215],[-71.09313,42.31072],[-71.09217,42.30986],[-71.08908,42.30753],[-71.08501,42.30517],[-71.08492,42.30443],[-71.08525,42.30345],[-71.0859,42.30138],[-71.08699,42.29814],[-71.08964,42.2975],[-71.09135,42.29692],[-71.09317,42.29461],[-71.09454,42.29302],[-71.09576,42.29197],[-71.09618,42.29289],[-71.0964,42.29324],[-71.10329,42.29981],[-71.10466,42.30027],[-71.10666,42.30088],[-71.1057,42.30166]]]}},{"type":"Feature","properties":{"unit_id":"25017324101","name":"Census Tract 3241.01 — Middlesex","native_id":"25017324101","source":"census_tract_2025","adm3_name":"Middlesex County","adm3_id":"25017","area_sqm":22675014,"split":false},"geometry":{"type":"Polygon","coordinates":[[[-71.51622,42.51344],[-71.50798,42.52074],[-71.5049,42.52444],[-71.49932,42.53142],[-71.49321,42.53982],[-71.48995,42.54329],[-71.48398,42.54727],[-71.47808,42.54958],[-71.46884,42.55175],[-71.44477,42.53804],[-71.42853,42.5288],[-71.43472,42.52249],[-71.44394,42.50906],[-71.47353,42.50018],[-71.50005,42.50927],[-71.50281,42.50687],[-71.50908,42.51004],[-71.51161,42.50899],[-71.51482,42.51152],[-71.51622,42.51344]]]}},{"type":"Feature","properties":{"unit_id":"25017310602","name":"Census Tract 3106.02 — Middlesex","native_id":"25017310602","source":"census_tract_2025","adm3_name":"Middlesex County","adm3_id":"25017","area_sqm":2265967,"split":false},"geometry":{"type":"Polygon","coordinates":[[[-71.35532,42.64573],[-71.35287,42.64528],[-71.35236,42.64653],[-71.35097,42.64486],[-71.34869,42.64486],[-71.34945,42.64744],[-71.3484,42.6508],[-71.34614,42.65312],[-71.34278,42.65438],[-71.34091,42.65631],[-71.3418,42.65773],[-71.32936,42.66032],[-71.32789,42.66063],[-71.32898,42.6593],[-71.33031,42.656],[-71.33177,42.65463],[-71.33468,42.65193],[-71.33161,42.65022],[-71.33054,42.64961],[-71.32996,42.64923],[-71.33028,42.64888],[-71.33333,42.64748],[-71.33395,42.64746],[-71.3346,42.64713],[-71.33606,42.64608],[-71.33711,42.64494],[-71.33806,42.64338],[-71.3397,42.64209],[-71.34354,42.64029],[-71.35281,42.63905],[-71.35471,42.63899],[-71.35532,42.64573]]]}},{"type":"Feature","properties":{"unit_id":"25025140202","name":"Census Tract 1402.02 — Suffolk","native_id":"25025140202","source":"census_tract_2025","adm3_name":"Suffolk County","adm3_id":"25025","area_sqm":1538599,"split":false},"geometry":{"type":"Polygon","coordinates":[[[-71.12623,42.24267],[-71.12607,42.24548],[-71.12541,42.24687],[-71.12484,42.24761],[-71.12244,42.25006],[-71.12284,42.25048],[-71.12288,42.25185],[-71.12063,42.25211],[-71.11889,42.25316],[-71.1184,42.25392],[-71.11547,42.25687],[-71.11425,42.25816],[-71.11326,42.25893],[-71.11301,42.25869],[-71.11239,42.25812],[-71.10954,42.25541],[-71.10947,42.25241],[-71.10935,42.24799],[-71.11206,42.24659],[-71.11456,42.24528],[-71.11653,42.24427],[-71.12567,42.23953],[-71.12618,42.24162],[-71.12623,42.24267]]]}},{"type":"Feature","properties":{"unit_id":"25025120105","name":"Census Tract 1201.05 — Suffolk","native_id":"25025120105","source":"census_tract_2025","adm3_name":"Suffolk County","adm3_id":"25025","area_sqm":1839766,"split":false},"geometry":{"type":"Polygon","coordinates":[[[-71.14014,42.30215],[-71.1365,42.3062],[-71.13436,42.30925],[-71.13186,42.31318],[-71.13064,42.31453],[-71.12371,42.32272],[-71.12153,42.32388],[-71.12011,42.32283],[-71.11954,42.32274],[-71.11952,42.32205],[-71.11982,42.32158],[-71.12572,42.31843],[-71.12443,42.3173],[-71.1219,42.31291],[-71.12161,42.3098],[-71.12073,42.30901],[-71.12146,42.30868],[-71.12167,42.30866],[-71.12078,42.30836],[-71.12208,42.30653],[-71.12308,42.30516],[-71.12467,42.30519],[-71.12499,42.30349],[-71.1254,42.30288],[-71.12582,42.30232],[-71.12616,42.3019],[-71.12793,42.30016],[-71.1309,42.30127],[-71.13487,42.30172],[-71.13692,42.30119],[-71.14014,42.30215]]]}},{"type":"Feature","properties":{"unit_id":"25025981600","name":"Census Tract 9816 — Suffolk","native_id":"25025981600","source":"census_tract_2025","adm3_name":"Suffolk County","adm3_id":"25025","area_sqm":586982,"split":false},"geometry":{"type":"Polygon","coordinates":[[[-70.99939,42.38833],[-70.99535,42.38936],[-70.99673,42.39029],[-70.99445,42.39332],[-70.98977,42.39324],[-70.98797,42.39282],[-70.98729,42.38873],[-70.98605,42.38812],[-70.98662,42.38714],[-70.98828,42.38711],[-70.99424,42.38465],[-70.99463,42.38271],[-71.00076,42.38451],[-71.00002,42.38563],[-70.99642,42.38435],[-70.99564,42.38509],[-71.00113,42.3871],[-70.99939,42.38833]]]}},{"type":"Feature","properties":{"unit_id":"25025010600","name":"Census Tract 106 — Suffolk","native_id":"25025010600","source":"census_tract_2025","adm3_name":"Suffolk County","adm3_id":"25025","area_sqm":339678,"split":false},"geometry":{"type":"Polygon","coordinates":[[[-71.0856,42.34788],[-71.08375,42.34838],[-71.07951,42.34951],[-71.07737,42.35007],[-71.07668,42.3494],[-71.07266,42.35041],[-71.072,42.34902],[-71.0751,42.34816],[-71.0762,42.34791],[-71.07603,42.34731],[-71.07809,42.34582],[-71.08008,42.34422],[-71.08091,42.34479],[-71.08171,42.34534],[-71.08182,42.34541],[-71.08474,42.3462],[-71.0856,42.34788]]]}},{"type":"Feature","properties":{"unit_id":"25017312000","name":"Census Tract 3120 — Middlesex","native_id":"25017312000","source":"census_tract_2025","adm3_name":"Middlesex County","adm3_id":"25017","area_sqm":356368,"split":false},"geometry":{"type":"Polygon","coordinates":[[[-71.31371,42.63449],[-71.309,42.63509],[-71.30891,42.63699],[-71.30673,42.63746],[-71.30594,42.6358],[-71.30537,42.63732],[-71.30285,42.6382],[-71.30225,42.63697],[-71.30149,42.63602],[-71.30339,42.63613],[-71.30264,42.63424],[-71.30409,42.63381],[-71.30492,42.63259],[-71.30552,42.63174],[-71.30895,42.63162],[-71.31253,42.63252],[-71.31268,42.63273],[-71.31371,42.63449]]]}},{"type":"Feature","properties":{"unit_id":"25025020302","name":"Census Tract 203.02 — Suffolk","native_id":"25025020302","source":"census_tract_2025","adm3_name":"Suffolk County","adm3_id":"25025","area_sqm":76786,"split":false},"geometry":{"type":"Polygon","coordinates":[[[-71.06516,42.3612],[-71.06372,42.36124],[-71.06291,42.36123],[-71.06282,42.35867],[-71.06264,42.35798],[-71.06317,42.35775],[-71.06499,42.35719],[-71.06507,42.35886],[-71.06505,42.35937],[-71.06516,42.3612]]]}},{"type":"Feature","properties":{"unit_id":"25017311100","name":"Census Tract 3111 — Middlesex","native_id":"25017311100","source":"census_tract_2025","adm3_name":"Middlesex County","adm3_id":"25017","area_sqm":430361,"split":false},"geometry":{"type":"Polygon","coordinates":[[[-71.32623,42.64429],[-71.3254,42.64446],[-71.32185,42.64553],[-71.321,42.64459],[-71.31743,42.64513],[-71.31724,42.64438],[-71.31556,42.64389],[-71.3148,42.64352],[-71.31677,42.64121],[-71.31678,42.64063],[-71.31784,42.64001],[-71.32006,42.63917],[-71.32506,42.64026],[-71.32587,42.6431],[-71.32623,42.64429]]]}},{"type":"Feature","properties":{"unit_id":"25025110104","name":"Census Tract 1101.04 — Suffolk","native_id":"25025110104","source":"census_tract_2025","adm3_name":"Suffolk County","adm3_id":"25025","area_sqm":301939,"split":false},"geometry":{"type":"Polygon","coordinates":[[[-71.12618,42.29009],[-71.12422,42.29258],[-71.12129,42.2952],[-71.12016,42.29595],[-71.11543,42.2989],[-71.11544,42.29821],[-71.11674,42.29624],[-71.11841,42.29341],[-71.11882,42.29253],[-71.11917,42.2912],[-71.11926,42.29049],[-71.12246,42.29175],[-71.12596,42.28848],[-71.12714,42.28916],[-71.12618,42.29009]]]}},{"type":"Feature","properties":{"unit_id":"25017337101","name":"Census Tract 3371.01 — Middlesex","native_id":"25017337101","source":"census_tract_2025","adm3_name":"Middlesex County","adm3_id":"25017","area_sqm":1505378,"split":false},"geometry":{"type":"Polygon","coordinates":[[[-71.0993,42.48631],[-71.09851,42.48701],[-71.09654,42.48727],[-71.08885,42.48976],[-71.08725,42.49077],[-71.08555,42.49234],[-71.08536,42.4922],[-71.07524,42.48801],[-71.07581,42.48357],[-71.08031,42.48271],[-71.09104,42.48155],[-71.09387,42.48122],[-71.09461,42.48133],[-71.09966,42.48506],[-71.0993,42.48631]]]}},{"type":"Feature","properties":{"unit_id":"25017363104","name":"Census Tract 3631.04 — Middlesex","native_id":"25017363104","source":"census_tract_2025","adm3_name":"Middlesex County","adm3_id":"25017","area_sqm":15236628,"split":false},"geometry":{"type":"Polygon","coordinates":[[[-71.4565,42.46393],[-71.45597,42.46989],[-71.45376,42.47487],[-71.45294,42.47561],[-71.44847,42.47797],[-71.4463,42.47989],[-71.44355,42.48143],[-71.43875,42.48256],[-71.43443,42.48496],[-71.43128,42.48738],[-71.42665,42.49081],[-71.42163,42.49705],[-71.42032,42.50038],[-71.41949,42.50193],[-71.41816,42.49875],[-71.41863,42.49617],[-71.41869,42.49283],[-71.41801,42.4898],[-71.41762,42.48587],[-71.41492,42.47916],[-71.41148,42.47576],[-71.40813,42.47004],[-71.40846,42.46955],[-71.41495,42.4599],[-71.41737,42.4563],[-71.41762,42.45593],[-71.43039,42.43694],[-71.43522,42.43883],[-71.45261,42.44568],[-71.45384,42.44616],[-71.45461,42.45353],[-71.45406,42.45908],[-71.45447,42.46003],[-71.45629,42.46311],[-71.4565,42.46393]]]}},{"type":"Feature","properties":{"unit_id":"25017340000","name":"Census Tract 3400 — Middlesex","native_id":"25017340000","source":"census_tract_2025","adm3_name":"Middlesex County","adm3_id":"25017","area_sqm":504975,"split":false},"geometry":{"type":"Polygon","coordinates":[[[-71.10371,42.4226],[-71.10271,42.42798],[-71.10193,42.42627],[-71.09604,42.42525],[-71.09028,42.42432],[-71.08974,42.42409],[-71.09167,42.4228],[-71.09257,42.4224],[-71.09601,42.42177],[-71.0967,42.42163],[-71.09858,42.42089],[-71.10337,42.41892],[-71.1042,42.41875],[-71.10371,42.4226]]]}},{"type":"Feature","properties":{"unit_id":"25025020304","name":"Census Tract 203.04 — Suffolk","native_id":"25025020304","source":"census_tract_2025","adm3_name":"Suffolk County","adm3_id":"25025","area_sqm":145054,"split":false},"geometry":{"type":"Polygon","coordinates":[[[-71.06372,42.3622],[-71.06339,42.36419],[-71.06294,42.36455],[-71.06067,42.36578],[-71.05853,42.36695],[-71.05838,42.36527],[-71.05843,42.36464],[-71.05896,42.36339],[-71.0622,42.36226],[-71.06291,42.36123],[-71.06372,42.36124],[-71.06372,42.3622]]]}},{"type":"Feature","properties":{"unit_id":"25017336402","name":"Census Tract 3364.02 — Middlesex","native_id":"25017336402","source":"census_tract_2025","adm3_name":"Middlesex County","adm3_id":"25017","area_sqm":1125503,"split":false},"geometry":{"type":"Polygon","coordinates":[[[-71.0806,42.45314],[-71.0798,42.45798],[-71.0787,42.4578],[-71.07612,42.45848],[-71.07455,42.45959],[-71.06989,42.45915],[-71.06312,42.45877],[-71.06467,42.45615],[-71.06646,42.45314],[-71.06901,42.45296],[-71.06914,42.45199],[-71.0693,42.45204],[-71.06956,42.45211],[-71.07002,42.45223],[-71.07072,42.44901],[-71.07156,42.44808],[-71.07506,42.4478],[-71.07603,42.45055],[-71.08047,42.45303],[-71.0806,42.45314]]]}},{"type":"Feature","properties":{"unit_id":"25025060601","name":"Census Tract 606.01 — Suffolk","native_id":"25025060601","source":"census_tract_2025","adm3_name":"Suffolk County","adm3_id":"25025","area_sqm":140332,"split":false},"geometry":{"type":"Polygon","coordinates":[[[-71.05238,42.3398],[-71.05016,42.34169],[-71.04707,42.3397],[-71.04556,42.33872],[-71.04776,42.33681],[-71.05084,42.33879],[-71.05238,42.3398]]]}},{"type":"Feature","properties":{"unit_id":"25025110201","name":"Census Tract 1102.01 — Suffolk","native_id":"25025110201","source":"census_tract_2025","adm3_name":"Suffolk County","adm3_id":"25025","area_sqm":348208,"split":false},"geometry":{"type":"Polygon","coordinates":[[[-71.11971,42.28029],[-71.11955,42.28551],[-71.11882,42.2855],[-71.11891,42.28496],[-71.11223,42.28021],[-71.11343,42.27994],[-71.11534,42.27804],[-71.11663,42.279],[-71.11573,42.2773],[-71.11721,42.27587],[-71.11953,42.27687],[-71.11999,42.27882],[-71.11971,42.28029]]]}},{"type":"Feature","properties":{"unit_id":"25017341904","name":"Census Tract 3419.04 — Middlesex","native_id":"25017341904","source":"census_tract_2025","adm3_name":"Middlesex County","adm3_id":"25017","area_sqm":605977,"split":false},"geometry":{"type":"Polygon","coordinates":[[[-71.03973,42.43158],[-71.03875,42.43421],[-71.03772,42.43655],[-71.03713,42.43686],[-71.03693,42.43693],[-71.03612,42.43464],[-71.03235,42.43463],[-71.03132,42.43472],[-71.02943,42.43518],[-71.02803,42.43579],[-71.02512,42.43763],[-71.02135,42.4365],[-71.023,42.43352],[-71.02404,42.43308],[-71.026,42.43239],[-71.02715,42.43207],[-71.03189,42.43153],[-71.03996,42.43097],[-71.03973,42.43158]]]}},{"type":"Feature","properties":{"unit_id":"25017361200","name":"Census Tract 3612 — Middlesex","native_id":"25017361200","source":"census_tract_2025","adm3_name":"Middlesex County","adm3_id":"25017","area_sqm":9770688,"split":false},"geometry":{"type":"Polygon","coordinates":[[[-71.43039,42.43694],[-71.41762,42.45593],[-71.41737,42.4563],[-71.41495,42.4599],[-71.40846,42.46955],[-71.39774,42.46749],[-71.39779,42.46646],[-71.39669,42.46695],[-71.39139,42.46576],[-71.39216,42.46357],[-71.39325,42.4619],[-71.39314,42.45965],[-71.38979,42.45633],[-71.39086,42.45462],[-71.38924,42.45127],[-71.38913,42.44986],[-71.39169,42.44405],[-71.39411,42.43581],[-71.39448,42.43138],[-71.39419,42.42716],[-71.39626,42.42402],[-71.40543,42.42751],[-71.41458,42.43096],[-71.42278,42.43406],[-71.43039,42.43694]]]}},{"type":"Feature","properties":{"unit_id":"25025160400","name":"Census Tract 1604 — Suffolk","native_id":"25025160400","source":"census_tract_2025","adm3_name":"Suffolk County","adm3_id":"25025","area_sqm":1299118,"split":false},"geometry":{"type":"Polygon","coordinates":[[[-71.05195,42.39762],[-71.04815,42.39663],[-71.04616,42.39804],[-71.04615,42.39804],[-71.04089,42.40175],[-71.03931,42.40286],[-71.03623,42.40246],[-71.03781,42.40067],[-71.03806,42.39991],[-71.03558,42.39747],[-71.03652,42.39692],[-71.03538,42.39592],[-71.03296,42.39541],[-71.03038,42.39488],[-71.03215,42.39388],[-71.03272,42.39355],[-71.03597,42.39172],[-71.03759,42.3908],[-71.03923,42.38991],[-71.04191,42.38844],[-71.04273,42.38943],[-71.04448,42.39243],[-71.04653,42.39203],[-71.05,42.39347],[-71.0533,42.39618],[-71.05195,42.39762]]]}},{"type":"Feature","properties":{"unit_id":"25017331102","name":"Census Tract 3311.02 — Middlesex","native_id":"25017331102","source":"census_tract_2025","adm3_name":"Middlesex County","adm3_id":"25017","area_sqm":13540498,"split":false},"geometry":{"type":"Polygon","coordinates":[[[-71.17538,42.54914],[-71.17321,42.55015],[-71.1679,42.55583],[-71.1648,42.55735],[-71.1627,42.55971],[-71.15929,42.5622],[-71.15987,42.5678],[-71.15939,42.56922],[-71.15725,42.5707],[-71.15521,42.57458],[-71.15226,42.577],[-71.14803,42.57927],[-71.13712,42.58005],[-71.13305,42.58118],[-71.13054,42.58312],[-71.13164,42.57789],[-71.13674,42.55346],[-71.13648,42.55237],[-71.13492,42.5462],[-71.13248,42.53652],[-71.13129,42.53182],[-71.13252,42.53129],[-71.13545,42.53],[-71.14918,42.52426],[-71.15195,42.52802],[-71.15643,42.5321],[-71.17073,42.54364],[-71.17392,42.54625],[-71.17435,42.54664],[-71.17639,42.54905],[-71.17538,42.54914]]]}},{"type":"Feature","properties":{"unit_id":"25017315401","name":"Census Tract 3154.01 — Middlesex","native_id":"25017315401","source":"census_tract_2025","adm3_name":"Middlesex County","adm3_id":"25017","area_sqm":5029482,"split":false},"geometry":{"type":"Polygon","coordinates":[[[-71.22577,42.60762],[-71.22128,42.61173],[-71.21568,42.61271],[-71.21517,42.61272],[-71.20919,42.61227],[-71.20234,42.61252],[-71.20191,42.61246],[-71.19595,42.60995],[-71.19571,42.6097],[-71.19355,42.60726],[-71.19154,42.60309],[-71.19394,42.6008],[-71.19356,42.60001],[-71.19306,42.59974],[-71.19497,42.59685],[-71.19508,42.59423],[-71.19234,42.59307],[-71.19492,42.5915],[-71.19521,42.58903],[-71.19785,42.58758],[-71.2005,42.58777],[-71.20113,42.58844],[-71.20253,42.5894],[-71.20344,42.59],[-71.20619,42.59123],[-71.21188,42.5948],[-71.21557,42.59608],[-71.21839,42.59825],[-71.22154,42.59965],[-71.22208,42.60035],[-71.22298,42.60263],[-71.22461,42.60443],[-71.22617,42.6065],[-71.22577,42.60762]]]}},{"type":"Feature","properties":{"unit_id":"25025110105","name":"Census Tract 1101.05 — Suffolk","native_id":"25025110105","source":"census_tract_2025","adm3_name":"Suffolk County","adm3_id":"25025","area_sqm":348074,"split":false},"geometry":{"type":"Polygon","coordinates":[[[-71.11674,42.29624],[-71.11544,42.29821],[-71.11338,42.30149],[-71.1093,42.30151],[-71.10666,42.30088],[-71.10466,42.30027],[-71.10552,42.29883],[-71.1096,42.2991],[-71.11208,42.29618],[-71.11537,42.29457],[-71.11596,42.29584],[-71.11674,42.29624]]]}},{"type":"Feature","properties":{"unit_id":"25025070502","name":"Census Tract 705.02 — Suffolk","native_id":"25025070502","source":"census_tract_2025","adm3_name":"Suffolk County","adm3_id":"25025","area_sqm":174334,"split":false},"geometry":{"type":"Polygon","coordinates":[[[-71.07734,42.34095],[-71.07459,42.34241],[-71.07376,42.34283],[-71.07186,42.34383],[-71.07158,42.34398],[-71.0699,42.34255],[-71.07207,42.34129],[-71.07183,42.34006],[-71.0725,42.33962],[-71.075,42.33793],[-71.07527,42.33921],[-71.07734,42.34095]]]}},{"type":"Feature","properties":{"unit_id":"25025120400","name":"Census Tract 1204 — Suffolk","native_id":"25025120400","source":"census_tract_2025","adm3_name":"Suffolk County","adm3_id":"25025","area_sqm":999846,"split":false},"geometry":{"type":"Polygon","coordinates":[[[-71.11657,42.32102],[-71.11632,42.32101],[-71.11209,42.3216],[-71.10994,42.32202],[-71.11069,42.32075],[-71.11167,42.31954],[-71.11276,42.31792],[-71.11012,42.31658],[-71.10724,42.31638],[-71.10667,42.31727],[-71.10447,42.31702],[-71.10629,42.31233],[-71.10734,42.31062],[-71.1103,42.30607],[-71.11041,42.30708],[-71.11525,42.30663],[-71.11534,42.30684],[-71.11551,42.30765],[-71.11556,42.30847],[-71.11547,42.30967],[-71.11513,42.31011],[-71.1144,42.31162],[-71.1141,42.31323],[-71.11629,42.31407],[-71.11567,42.31513],[-71.117,42.31558],[-71.11674,42.31764],[-71.11647,42.31858],[-71.11711,42.31998],[-71.11657,42.32102]]]}},{"type":"Feature","properties":{"unit_id":"25017354901","name":"Census Tract 3549.01 — Middlesex","native_id":"25017354901","source":"census_tract_2025","adm3_name":"Middlesex County","adm3_id":"25017","area_sqm":618285,"split":false},"geometry":{"type":"Polygon","coordinates":[[[-71.15494,42.39756],[-71.15224,42.40082],[-71.14359,42.39741],[-71.14356,42.39743],[-71.1428,42.39788],[-71.1413,42.3972],[-71.14074,42.39589],[-71.14061,42.39468],[-71.14059,42.39408],[-71.14112,42.39209],[-71.14428,42.39264],[-71.15231,42.39547],[-71.15636,42.39585],[-71.15494,42.39756]]]}},{"type":"Feature","properties":{"unit_id":"25017341301","name":"Census Tract 3413.01 — Middlesex","native_id":"25017341301","source":"census_tract_2025","adm3_name":"Middlesex County","adm3_id":"25017","area_sqm":1088478,"split":false},"geometry":{"type":"Polygon","coordinates":[[[-71.07678,42.41954],[-71.07663,42.42049],[-71.07452,42.42598],[-71.07397,42.42732],[-71.07299,42.42987],[-71.06761,42.43081],[-71.06714,42.42849],[-71.06671,42.42703],[-71.064,42.42804],[-71.06377,42.42609],[-71.06329,42.42617],[-71.06126,42.42639],[-71.0604,42.42651],[-71.06115,42.42617],[-71.06466,42.42446],[-71.06633,42.42368],[-71.06728,42.4233],[-71.06973,42.42182],[-71.06943,42.41817],[-71.07192,42.41806],[-71.07181,42.41669],[-71.07112,42.41497],[-71.07282,42.41488],[-71.0732,42.413],[-71.07586,42.41327],[-71.0768,42.4132],[-71.07678,42.41954]]]}},{"type":"Feature","properties":{"unit_id":"25017383101","name":"Census Tract 3831.01 — Middlesex","native_id":"25017383101","source":"census_tract_2025","adm3_name":"Middlesex County","adm3_id":"25017","area_sqm":2815540,"split":false},"geometry":{"type":"Polygon","coordinates":[[[-71.41736,42.27513],[-71.41679,42.27672],[-71.4168,42.27697],[-71.41497,42.27735],[-71.41198,42.27683],[-71.39799,42.26923],[-71.39362,42.26736],[-71.39777,42.26153],[-71.40859,42.25939],[-71.41707,42.25772],[-71.41851,42.27293],[-71.41736,42.27513]]]}},{"type":"Feature","properties":{"unit_id":"25017322200","name":"Census Tract 3222 — Middlesex","native_id":"25017322200","source":"census_tract_2025","adm3_name":"Middlesex County","adm3_id":"25017","area_sqm":6990698,"split":false},"geometry":{"type":"Polygon","coordinates":[[[-71.60776,42.37002],[-71.58794,42.38219],[-71.58019,42.38698],[-71.57993,42.38714],[-71.57779,42.38534],[-71.57724,42.38523],[-71.57616,42.38566],[-71.57477,42.38891],[-71.57274,42.39073],[-71.57023,42.39044],[-71.56537,42.38835],[-71.56153,42.3873],[-71.55952,42.38836],[-71.55978,42.38923],[-71.5493,42.38777],[-71.54893,42.38635],[-71.54899,42.38041],[-71.55343,42.3771],[-71.55408,42.37242],[-71.56205,42.37158],[-71.56861,42.37089],[-71.57014,42.37072],[-71.59429,42.3682],[-71.60307,42.36727],[-71.60776,42.37002]]]}},{"type":"Feature","properties":{"unit_id":"25025180400","name":"Census Tract 1804 — Suffolk","native_id":"25025180400","source":"census_tract_2025","adm3_name":"Suffolk County","adm3_id":"25025","area_sqm":590337,"split":false},"geometry":{"type":"Polygon","coordinates":[[[-70.98419,42.37379],[-70.98108,42.37525],[-70.9799,42.37578],[-70.98031,42.37786],[-70.9791,42.37948],[-70.97745,42.38083],[-70.97665,42.38195],[-70.97494,42.38088],[-70.97482,42.37807],[-70.97242,42.37452],[-70.97115,42.37272],[-70.97297,42.3719],[-70.981,42.3701],[-70.98089,42.3703],[-70.98106,42.37162],[-70.98453,42.37265],[-70.98419,42.37379]]]}},{"type":"Feature","properties":{"unit_id":"25017354700","name":"Census Tract 3547 — Middlesex","native_id":"25017354700","source":"census_tract_2025","adm3_name":"Middlesex County","adm3_id":"25017","area_sqm":355374,"split":false},"geometry":{"type":"Polygon","coordinates":[[[-71.12901,42.39007],[-71.12768,42.38985],[-71.1247,42.38938],[-71.12332,42.39133],[-71.12393,42.39172],[-71.12299,42.39238],[-71.12097,42.39371],[-71.12021,42.39264],[-71.11709,42.38958],[-71.11745,42.38839],[-71.11816,42.38802],[-71.11774,42.38756],[-71.11956,42.38846],[-71.11946,42.38816],[-71.12166,42.38791],[-71.12421,42.38721],[-71.12694,42.38635],[-71.12756,42.3874],[-71.1287,42.38937],[-71.12901,42.39007]]]}},{"type":"Feature","properties":{"unit_id":"25025160502","name":"Census Tract 1605.02 — Suffolk","native_id":"25025160502","source":"census_tract_2025","adm3_name":"Suffolk County","adm3_id":"25025","area_sqm":1159996,"split":false},"geometry":{"type":"Polygon","coordinates":[[[-71.03071,42.39552],[-71.02675,42.39783],[-71.02416,42.39932],[-71.02309,42.40013],[-71.02046,42.40243],[-71.01973,42.40197],[-71.01813,42.40338],[-71.01783,42.40288],[-71.01301,42.40286],[-71.01089,42.40179],[-71.01086,42.40169],[-71.0094,42.40118],[-71.00938,42.40085],[-71.00963,42.40017],[-71.01243,42.39811],[-71.0134,42.3974],[-71.01609,42.3959],[-71.01779,42.3907],[-71.02051,42.38764],[-71.02267,42.38627],[-71.02363,42.38772],[-71.02309,42.38947],[-71.02288,42.39014],[-71.025,42.39053],[-71.02549,42.39134],[-71.02618,42.39238],[-71.02892,42.39437],[-71.03038,42.39488],[-71.02964,42.3953],[-71.03071,42.39552]]]}},{"type":"Feature","properties":{"unit_id":"25017321302","name":"Census Tract 3213.02 — Middlesex","native_id":"25017321302","source":"census_tract_2025","adm3_name":"Middlesex County","adm3_id":"25017","area_sqm":4647322,"split":false},"geometry":{"type":"Polygon","coordinates":[[[-71.57501,42.34123],[-71.57017,42.34141],[-71.56625,42.34309],[-71.5654,42.34314],[-71.55951,42.3459],[-71.5577,42.34394],[-71.55354,42.34],[-71.55204,42.33899],[-71.54738,42.33475],[-71.5467,42.33457],[-71.54455,42.33486],[-71.54147,42.33451],[-71.54104,42.33223],[-71.53732,42.32797],[-71.55113,42.32639],[-71.56909,42.32037],[-71.57031,42.31966],[-71.5743,42.33045],[-71.57499,42.33288],[-71.57531,42.33582],[-71.57501,42.34123]]]}},{"type":"Feature","properties":{"unit_id":"25017312502","name":"Census Tract 3125.02 — Middlesex","native_id":"25017312502","source":"census_tract_2025","adm3_name":"Middlesex County","adm3_id":"25017","area_sqm":2014902,"split":false},"geometry":{"type":"Polygon","coordinates":[[[-71.29882,42.639],[-71.29622,42.64029],[-71.28757,42.64049],[-71.28871,42.64319],[-71.28252,42.64448],[-71.28152,42.64469],[-71.28089,42.643],[-71.27804,42.63997],[-71.27583,42.64124],[-71.27445,42.64049],[-71.2742,42.64025],[-71.27277,42.63734],[-71.27471,42.62886],[-71.27619,42.62949],[-71.2829,42.63125],[-71.28832,42.63247],[-71.29368,42.63607],[-71.29758,42.63642],[-71.29882,42.639]]]}},{"type":"Feature","properties":{"unit_id":"25025101102","name":"Census Tract 1011.02 — Suffolk","native_id":"25025101102","source":"census_tract_2025","adm3_name":"Suffolk County","adm3_id":"25025","area_sqm":561192,"split":false},"geometry":{"type":"Polygon","coordinates":[[[-71.09833,42.27958],[-71.09793,42.28126],[-71.09498,42.27824],[-71.09358,42.27725],[-71.09349,42.27842],[-71.09318,42.27939],[-71.09297,42.28002],[-71.09211,42.2826],[-71.09181,42.28352],[-71.09157,42.28421],[-71.08979,42.28394],[-71.0893,42.28357],[-71.08911,42.28313],[-71.08705,42.28157],[-71.0855,42.28099],[-71.08609,42.28022],[-71.08693,42.27934],[-71.09369,42.27288],[-71.09368,42.27435],[-71.09691,42.27603],[-71.09812,42.27764],[-71.09833,42.27958]]]}},{"type":"Feature","properties":{"unit_id":"25017350500","name":"Census Tract 3505 — Middlesex","native_id":"25017350500","source":"census_tract_2025","adm3_name":"Middlesex County","adm3_id":"25017","area_sqm":225003,"split":false},"geometry":{"type":"Polygon","coordinates":[[[-71.12691,42.40315],[-71.12496,42.40229],[-71.12433,42.40203],[-71.12223,42.40146],[-71.12175,42.40133],[-71.12073,42.4011],[-71.11909,42.4008],[-71.11696,42.40091],[-71.11662,42.40096],[-71.11892,42.39943],[-71.1209,42.39853],[-71.12217,42.39667],[-71.1229,42.39699],[-71.12367,42.39792],[-71.12416,42.39852],[-71.12457,42.39903],[-71.12615,42.40104],[-71.12691,42.40315]]]}},{"type":"Feature","properties":{"unit_id":"25017341102","name":"Census Tract 3411.02 — Middlesex","native_id":"25017341102","source":"census_tract_2025","adm3_name":"Middlesex County","adm3_id":"25017","area_sqm":884681,"split":false},"geometry":{"type":"Polygon","coordinates":[[[-71.08906,42.42912],[-71.08785,42.4302],[-71.08725,42.43414],[-71.08685,42.43677],[-71.08318,42.4339],[-71.08227,42.43302],[-71.08177,42.43123],[-71.07483,42.43196],[-71.07231,42.43206],[-71.07211,42.43201],[-71.07299,42.42987],[-71.07397,42.42732],[-71.07682,42.42712],[-71.08106,42.42656],[-71.08829,42.42495],[-71.08864,42.4248],[-71.08943,42.42672],[-71.08906,42.42912]]]}},{"type":"Feature","properties":{"unit_id":"25025070901","name":"Census Tract 709.01 — Suffolk","native_id":"25025070901","source":"census_tract_2025","adm3_name":"Suffolk County","adm3_id":"25025","area_sqm":57691,"split":false},"geometry":{"type":"Polygon","coordinates":[[[-71.08035,42.33936],[-71.07694,42.33653],[-71.07762,42.336],[-71.07927,42.33654],[-71.08197,42.33842],[-71.08035,42.33936]]]}},{"type":"Feature","properties":{"unit_id":"25025000704","name":"Census Tract 7.04 — Suffolk","native_id":"25025000704","source":"census_tract_2025","adm3_name":"Suffolk County","adm3_id":"25025","area_sqm":239779,"split":false},"geometry":{"type":"Polygon","coordinates":[[[-71.13638,42.35039],[-71.13564,42.35169],[-71.13456,42.35335],[-71.13211,42.35306],[-71.13145,42.35115],[-71.13107,42.3505],[-71.13087,42.35014],[-71.13003,42.34922],[-71.12975,42.34885],[-71.13338,42.34712],[-71.13425,42.34658],[-71.13467,42.34685],[-71.13576,42.34797],[-71.13504,42.34817],[-71.13572,42.34904],[-71.13638,42.35039]]]}},{"type":"Feature","properties":{"unit_id":"25025061101","name":"Census Tract 611.01 — Suffolk","native_id":"25025061101","source":"census_tract_2025","adm3_name":"Suffolk County","adm3_id":"25025","area_sqm":165282,"split":false},"geometry":{"type":"Polygon","coordinates":[[[-71.05693,42.32855],[-71.05262,42.3286],[-71.05257,42.32711],[-71.05239,42.32298],[-71.05209,42.32147],[-71.05246,42.32147],[-71.0529,42.32287],[-71.05685,42.32629],[-71.05687,42.32687],[-71.05692,42.32803],[-71.05693,42.32855]]]}},{"type":"Feature","properties":{"unit_id":"25025030500","name":"Census Tract 305 — Suffolk","native_id":"25025030500","source":"census_tract_2025","adm3_name":"Suffolk County","adm3_id":"25025","area_sqm":191230,"split":false},"geometry":{"type":"Polygon","coordinates":[[[-71.05979,42.36877],[-71.05714,42.36998],[-71.055,42.3707],[-71.05262,42.3707],[-71.05225,42.3692],[-71.05048,42.36807],[-71.05035,42.36625],[-71.05021,42.36424],[-71.05108,42.364],[-71.05123,42.36402],[-71.05346,42.36478],[-71.05288,42.36577],[-71.05397,42.36691],[-71.0534,42.36753],[-71.05637,42.36829],[-71.05737,42.36777],[-71.05853,42.36695],[-71.05979,42.36877]]]}},{"type":"Feature","properties":{"unit_id":"25025092400","name":"Census Tract 924 — Suffolk","native_id":"25025092400","source":"census_tract_2025","adm3_name":"Suffolk County","adm3_id":"25025","area_sqm":594486,"split":false},"geometry":{"type":"Polygon","coordinates":[[[-71.09135,42.29692],[-71.08964,42.2975],[-71.08699,42.29814],[-71.0859,42.30138],[-71.0847,42.30042],[-71.08391,42.29971],[-71.08141,42.299],[-71.08046,42.29639],[-71.07954,42.29656],[-71.07885,42.29671],[-71.07848,42.29435],[-71.07815,42.29202],[-71.08088,42.29282],[-71.08249,42.29329],[-71.08784,42.29491],[-71.088,42.29494],[-71.08815,42.29442],[-71.08978,42.29287],[-71.09317,42.29461],[-71.09135,42.29692]]]}},{"type":"Feature","properties":{"unit_id":"25017342201","name":"Census Tract 3422.01 — Middlesex","native_id":"25017342201","source":"census_tract_2025","adm3_name":"Middlesex County","adm3_id":"25017","area_sqm":518326,"split":false},"geometry":{"type":"Polygon","coordinates":[[[-71.05681,42.41864],[-71.05657,42.41881],[-71.05605,42.41916],[-71.05458,42.42003],[-71.0503,42.4179],[-71.04999,42.41772],[-71.04952,42.41734],[-71.0482,42.41515],[-71.05009,42.41292],[-71.05048,42.41252],[-71.05203,42.41081],[-71.0536,42.41192],[-71.05574,42.41347],[-71.05624,42.41381],[-71.05985,42.41637],[-71.05681,42.41864]]]}},{"type":"Feature","properties":{"unit_id":"25025170504","name":"Census Tract 1705.04 — Suffolk","native_id":"25025170504","source":"census_tract_2025","adm3_name":"Suffolk County","adm3_id":"25025","area_sqm":586072,"split":false},"geometry":{"type":"Polygon","coordinates":[[[-71.00017,42.40962],[-70.99565,42.41582],[-70.99349,42.41862],[-70.99115,42.41869],[-70.98726,42.41865],[-70.98682,42.41806],[-70.98769,42.4167],[-70.99056,42.40721],[-70.99241,42.40724],[-70.99378,42.40755],[-70.99354,42.40858],[-70.99295,42.4123],[-70.99361,42.4127],[-70.99435,42.41224],[-70.99868,42.41068],[-71.00017,42.40962]]]}},{"type":"Feature","properties":{"unit_id":"25025010206","name":"Census Tract 102.06 — Suffolk","native_id":"25025010206","source":"census_tract_2025","adm3_name":"Suffolk County","adm3_id":"25025","area_sqm":182280,"split":false},"geometry":{"type":"Polygon","coordinates":[[[-71.09812,42.34764],[-71.09287,42.34764],[-71.09194,42.34763],[-71.08964,42.34764],[-71.08792,42.34746],[-71.08776,42.3473],[-71.08926,42.34689],[-71.0909,42.34654],[-71.09204,42.34685],[-71.0943,42.34558],[-71.09445,42.34519],[-71.09464,42.34455],[-71.09741,42.34369],[-71.09896,42.34681],[-71.09812,42.34764]]]}},{"type":"Feature","properties":{"unit_id":"25017388100","name":"Census Tract 3881 — Middlesex","native_id":"25017388100","source":"census_tract_2025","adm3_name":"Middlesex County","adm3_id":"25017","area_sqm":26636068,"split":false},"geometry":{"type":"Polygon","coordinates":[[[-71.55069,42.48914],[-71.53485,42.51333],[-71.53272,42.51465],[-71.52984,42.51984],[-71.51781,42.51562],[-71.51622,42.51344],[-71.51482,42.51152],[-71.51161,42.50899],[-71.50908,42.51004],[-71.50281,42.50687],[-71.50005,42.50927],[-71.47353,42.50018],[-71.47381,42.49976],[-71.482,42.48785],[-71.49201,42.4733],[-71.49855,42.46377],[-71.51878,42.46498],[-71.52298,42.46523],[-71.54339,42.46645],[-71.56037,42.47435],[-71.55069,42.48914]]]}},{"type":"Feature","properties":{"unit_id":"25025140105","name":"Census Tract 1401.05 — Suffolk","native_id":"25025140105","source":"census_tract_2025","adm3_name":"Suffolk County","adm3_id":"25025","area_sqm":1009264,"split":false},"geometry":{"type":"Polygon","coordinates":[[[-71.13112,42.27305],[-71.12867,42.2739],[-71.12825,42.27425],[-71.12579,42.27347],[-71.12491,42.2727],[-71.12359,42.27142],[-71.12178,42.27068],[-71.12061,42.27028],[-71.11827,42.2666],[-71.118,42.26458],[-71.11788,42.26402],[-71.11896,42.26192],[-71.12204,42.26292],[-71.12331,42.26351],[-71.12356,42.26221],[-71.12613,42.26353],[-71.12733,42.2645],[-71.13015,42.26615],[-71.13005,42.26675],[-71.13255,42.2699],[-71.13112,42.27305]]]}},{"type":"Feature","properties":{"unit_id":"25017350701","name":"Census Tract 3507.01 — Middlesex","native_id":"25017350701","source":"census_tract_2025","adm3_name":"Middlesex County","adm3_id":"25017","area_sqm":331535,"split":false},"geometry":{"type":"Polygon","coordinates":[[[-71.13363,42.40348],[-71.13094,42.40562],[-71.13132,42.40582],[-71.13026,42.40736],[-71.12842,42.41022],[-71.1281,42.41072],[-71.12787,42.41058],[-71.12615,42.40927],[-71.1272,42.40768],[-71.12494,42.40684],[-71.12584,42.40544],[-71.12725,42.40329],[-71.12866,42.404],[-71.12848,42.40275],[-71.13072,42.40092],[-71.1313,42.40158],[-71.13363,42.40348]]]}},{"type":"Feature","properties":{"unit_id":"25025080601","name":"Census Tract 806.01 — Suffolk","native_id":"25025080601","source":"census_tract_2025","adm3_name":"Suffolk County","adm3_id":"25025","area_sqm":561665,"split":false},"geometry":{"type":"Polygon","coordinates":[[[-71.09445,42.33239],[-71.09052,42.33566],[-71.08468,42.34029],[-71.08446,42.34007],[-71.08197,42.33842],[-71.08398,42.33734],[-71.08849,42.3349],[-71.08746,42.33413],[-71.08504,42.33272],[-71.08522,42.3306],[-71.08503,42.33083],[-71.08299,42.33083],[-71.08345,42.32865],[-71.0851,42.3289],[-71.087,42.32778],[-71.08767,42.32791],[-71.09124,42.32994],[-71.09144,42.33004],[-71.08819,42.33061],[-71.09053,42.33117],[-71.09381,42.33133],[-71.0944,42.33141],[-71.09535,42.33155],[-71.09445,42.33239]]]}},{"type":"Feature","properties":{"unit_id":"25017327102","name":"Census Tract 3271.02 — Middlesex","native_id":"25017327102","source":"census_tract_2025","adm3_name":"Middlesex County","adm3_id":"25017","area_sqm":9062280,"split":false},"geometry":{"type":"Polygon","coordinates":[[[-71.61078,42.67252],[-71.60917,42.67571],[-71.59984,42.67426],[-71.60102,42.68048],[-71.59747,42.68275],[-71.5964,42.68442],[-71.59408,42.684],[-71.59131,42.68243],[-71.58679,42.68056],[-71.58451,42.67729],[-71.58271,42.67689],[-71.58251,42.67559],[-71.57828,42.67236],[-71.57364,42.67128],[-71.56992,42.67274],[-71.56929,42.67187],[-71.56467,42.67309],[-71.56471,42.67199],[-71.5616,42.67574],[-71.5574,42.67632],[-71.55007,42.67547],[-71.53886,42.67417],[-71.53241,42.66898],[-71.53714,42.66349],[-71.55242,42.66012],[-71.55551,42.65875],[-71.55511,42.65957],[-71.57889,42.65441],[-71.57924,42.65667],[-71.57753,42.66355],[-71.5757,42.66533],[-71.5776,42.66484],[-71.59817,42.66784],[-71.60251,42.66671],[-71.60576,42.66769],[-71.60653,42.66849],[-71.60998,42.6693],[-71.61078,42.67252]]]}},{"type":"Feature","properties":{"unit_id":"25025160300","name":"Census Tract 1603 — Suffolk","native_id":"25025160300","source":"census_tract_2025","adm3_name":"Suffolk County","adm3_id":"25025","area_sqm":572063,"split":false},"geometry":{"type":"Polygon","coordinates":[[[-71.0507,42.392],[-71.05,42.39347],[-71.04653,42.39203],[-71.04448,42.39243],[-71.04273,42.38943],[-71.04191,42.38844],[-71.03923,42.38991],[-71.03982,42.38827],[-71.03748,42.38783],[-71.03519,42.38682],[-71.03456,42.38672],[-71.0313,42.38623],[-71.03199,42.3846],[-71.03836,42.38653],[-71.03926,42.38683],[-71.04326,42.38359],[-71.0443,42.38321],[-71.04728,42.38528],[-71.04819,42.38569],[-71.0553,42.3871],[-71.0507,42.392]]]}},{"type":"Feature","properties":{"unit_id":"25025040801","name":"Census Tract 408.01 — Suffolk","native_id":"25025040801","source":"census_tract_2025","adm3_name":"Suffolk County","adm3_id":"25025","area_sqm":950453,"split":false},"geometry":{"type":"Polygon","coordinates":[[[-71.0616,42.38079],[-71.0585,42.3845],[-71.05552,42.38712],[-71.0553,42.3871],[-71.04819,42.38569],[-71.04728,42.38528],[-71.0443,42.38321],[-71.04498,42.37854],[-71.0452,42.3771],[-71.04682,42.37304],[-71.04702,42.37312],[-71.0506,42.37287],[-71.05264,42.37079],[-71.05262,42.3707],[-71.055,42.3707],[-71.05844,42.37212],[-71.0578,42.3742],[-71.05584,42.37563],[-71.05523,42.37622],[-71.05294,42.37843],[-71.05415,42.37904],[-71.05591,42.37911],[-71.05629,42.37741],[-71.05646,42.37692],[-71.05712,42.37709],[-71.05989,42.37806],[-71.05896,42.37967],[-71.06139,42.3807],[-71.0616,42.38079]]]}},{"type":"Feature","properties":{"unit_id":"25017341302","name":"Census Tract 3413.02 — Middlesex","native_id":"25017341302","source":"census_tract_2025","adm3_name":"Middlesex County","adm3_id":"25017","area_sqm":331243,"split":false},"geometry":{"type":"Polygon","coordinates":[[[-71.07211,42.43201],[-71.07137,42.43413],[-71.07115,42.43534],[-71.07055,42.44012],[-71.06766,42.44041],[-71.06708,42.43898],[-71.06775,42.43521],[-71.06777,42.43484],[-71.06789,42.43168],[-71.06761,42.43081],[-71.07299,42.42987],[-71.07211,42.43201]]]}},{"type":"Feature","properties":{"unit_id":"25017342301","name":"Census Tract 3423.01 — Middlesex","native_id":"25017342301","source":"census_tract_2025","adm3_name":"Middlesex County","adm3_id":"25017","area_sqm":314257,"split":false},"geometry":{"type":"Polygon","coordinates":[[[-71.06154,42.4156],[-71.06048,42.41594],[-71.06013,42.41614],[-71.05985,42.41637],[-71.05624,42.41381],[-71.05574,42.41347],[-71.0536,42.41192],[-71.05611,42.40953],[-71.0593,42.4089],[-71.05959,42.40981],[-71.06033,42.41106],[-71.06078,42.41182],[-71.06227,42.41551],[-71.06154,42.4156]]]}},{"type":"Feature","properties":{"unit_id":"25025010702","name":"Census Tract 107.02 — Suffolk","native_id":"25025010702","source":"census_tract_2025","adm3_name":"Suffolk County","adm3_id":"25025","area_sqm":300176,"split":false},"geometry":{"type":"Polygon","coordinates":[[[-71.08086,42.35227],[-71.07658,42.35343],[-71.0744,42.35402],[-71.07206,42.35466],[-71.07108,42.35267],[-71.07066,42.35185],[-71.07045,42.35142],[-71.07282,42.35075],[-71.07266,42.35041],[-71.07668,42.3494],[-71.07737,42.35007],[-71.07951,42.34951],[-71.07986,42.3503],[-71.0803,42.35112],[-71.08086,42.35227]]]}},{"type":"Feature","properties":{"unit_id":"25025110401","name":"Census Tract 1104.01 — Suffolk","native_id":"25025110401","source":"census_tract_2025","adm3_name":"Suffolk County","adm3_id":"25025","area_sqm":522960,"split":false},"geometry":{"type":"Polygon","coordinates":[[[-71.12704,42.28746],[-71.12631,42.28815],[-71.12596,42.28848],[-71.12246,42.29175],[-71.11926,42.29049],[-71.11928,42.29024],[-71.11955,42.28551],[-71.11971,42.28029],[-71.12068,42.2807],[-71.12243,42.28183],[-71.12404,42.283],[-71.12513,42.28449],[-71.1261,42.28518],[-71.12813,42.28645],[-71.12704,42.28746]]]}},{"type":"Feature","properties":{"unit_id":"25025030200","name":"Census Tract 302 — Suffolk","native_id":"25025030200","source":"census_tract_2025","adm3_name":"Suffolk County","adm3_id":"25025","area_sqm":58261,"split":false},"geometry":{"type":"Polygon","coordinates":[[[-71.05853,42.36695],[-71.0574,42.36531],[-71.05675,42.3654],[-71.05595,42.36551],[-71.05544,42.36518],[-71.05584,42.36361],[-71.05638,42.36288],[-71.05697,42.36321],[-71.05843,42.36464],[-71.05838,42.36527],[-71.05853,42.36695]]]}},{"type":"Feature","properties":{"unit_id":"25017373500","name":"Census Tract 3735 — Middlesex","native_id":"25017373500","source":"census_tract_2025","adm3_name":"Middlesex County","adm3_id":"25017","area_sqm":3383236,"split":false},"geometry":{"type":"Polygon","coordinates":[[[-71.19945,42.34244],[-71.1987,42.3432],[-71.19627,42.34344],[-71.19385,42.34504],[-71.19528,42.34704],[-71.19286,42.35131],[-71.19215,42.35303],[-71.18929,42.35299],[-71.18605,42.35151],[-71.18417,42.35308],[-71.18189,42.35125],[-71.18194,42.35288],[-71.18008,42.35279],[-71.1748,42.35027],[-71.17427,42.34958],[-71.1667,42.34001],[-71.16674,42.33985],[-71.16995,42.33893],[-71.1721,42.33704],[-71.17326,42.33707],[-71.17536,42.33723],[-71.17836,42.33611],[-71.18565,42.33649],[-71.1923,42.3362],[-71.19333,42.33601],[-71.19258,42.34079],[-71.19748,42.34038],[-71.19888,42.34085],[-71.19945,42.34244]]]}},{"type":"Feature","properties":{"unit_id":"25017383903","name":"Census Tract 3839.03 — Middlesex","native_id":"25017383903","source":"census_tract_2025","adm3_name":"Middlesex County","adm3_id":"25017","area_sqm":3184289,"split":false},"geometry":{"type":"Polygon","coordinates":[[[-71.44468,42.31141],[-71.43536,42.32337],[-71.43206,42.3281],[-71.43146,42.32961],[-71.43004,42.33037],[-71.42772,42.33076],[-71.42641,42.33066],[-71.42347,42.32876],[-71.41786,42.32671],[-71.4147,42.32582],[-71.41686,42.32367],[-71.4228,42.32065],[-71.42038,42.31723],[-71.42001,42.31432],[-71.41831,42.31285],[-71.41688,42.31264],[-71.424,42.31186],[-71.43049,42.31035],[-71.43171,42.3085],[-71.43126,42.30598],[-71.43295,42.30492],[-71.43277,42.30613],[-71.43882,42.31177],[-71.44358,42.31112],[-71.44468,42.31141]]]}},{"type":"Feature","properties":{"unit_id":"25025010205","name":"Census Tract 102.05 — Suffolk","native_id":"25025010205","source":"census_tract_2025","adm3_name":"Suffolk County","adm3_id":"25025","area_sqm":182773,"split":false},"geometry":{"type":"Polygon","coordinates":[[[-71.10252,42.34338],[-71.10098,42.34488],[-71.09896,42.34681],[-71.09741,42.34369],[-71.09649,42.34184],[-71.09841,42.34079],[-71.09906,42.34061],[-71.10182,42.3425],[-71.10252,42.34338]]]}},{"type":"Feature","properties":{"unit_id":"25017382300","name":"Census Tract 3823 — Middlesex","native_id":"25017382300","source":"census_tract_2025","adm3_name":"Middlesex County","adm3_id":"25017","area_sqm":13033397,"split":false},"geometry":{"type":"Polygon","coordinates":[[[-71.35553,42.25975],[-71.34964,42.25906],[-71.34535,42.25938],[-71.34232,42.25874],[-71.34307,42.26535],[-71.34508,42.26857],[-71.34542,42.27405],[-71.34653,42.27684],[-71.34698,42.27912],[-71.34729,42.28074],[-71.34724,42.28341],[-71.34728,42.28378],[-71.34195,42.2848],[-71.34081,42.28502],[-71.34009,42.2852],[-71.33124,42.2887],[-71.32154,42.29369],[-71.30846,42.27071],[-71.30583,42.26008],[-71.30292,42.24827],[-71.3325,42.24907],[-71.33243,42.24773],[-71.34246,42.25046],[-71.34178,42.25354],[-71.34493,42.25384],[-71.35178,42.25582],[-71.35394,42.25706],[-71.35427,42.25836],[-71.35641,42.25956],[-71.35553,42.25975]]]}},{"type":"Feature","properties":{"unit_id":"25017353800","name":"Census Tract 3538 — Middlesex","native_id":"25017353800","source":"census_tract_2025","adm3_name":"Middlesex County","adm3_id":"25017","area_sqm":252962,"split":false},"geometry":{"type":"Polygon","coordinates":[[[-71.11307,42.37173],[-71.11245,42.37384],[-71.10972,42.37277],[-71.10862,42.37232],[-71.10795,42.37206],[-71.10683,42.37161],[-71.10574,42.37119],[-71.10479,42.37082],[-71.10586,42.36975],[-71.10771,42.36785],[-71.11073,42.36918],[-71.11261,42.36984],[-71.11391,42.37084],[-71.11307,42.37173]]]}},{"type":"Feature","properties":{"unit_id":"25025060604","name":"Census Tract 606.04 — Suffolk","native_id":"25025060604","source":"census_tract_2025","adm3_name":"Suffolk County","adm3_id":"25025","area_sqm":416318,"split":false},"geometry":{"type":"Polygon","coordinates":[[[-71.05004,42.35386],[-71.04959,42.3545],[-71.04828,42.35602],[-71.03397,42.35005],[-71.03599,42.3477],[-71.04557,42.35171],[-71.04764,42.34896],[-71.05219,42.35112],[-71.05004,42.35386]]]}},{"type":"Feature","properties":{"unit_id":"25025981900","name":"Census Tract 9819 — Suffolk","native_id":"25025981900","source":"census_tract_2025","adm3_name":"Suffolk County","adm3_id":"25025","area_sqm":233864,"split":false},"geometry":{"type":"Polygon","coordinates":[[[-71.18531,42.2795],[-71.17765,42.28041],[-71.17702,42.2804],[-71.17494,42.27809],[-71.17238,42.27687],[-71.17322,42.27535],[-71.17457,42.27558],[-71.17678,42.2768],[-71.1829,42.27585],[-71.18316,42.27591],[-71.18531,42.2795]]]}},{"type":"Feature","properties":{"unit_id":"25017373700","name":"Census Tract 3737 — Middlesex","native_id":"25017373700","source":"census_tract_2025","adm3_name":"Middlesex County","adm3_id":"25017","area_sqm":2375954,"split":false},"geometry":{"type":"Polygon","coordinates":[[[-71.21759,42.33389],[-71.21708,42.33704],[-71.21547,42.33693],[-71.21157,42.33802],[-71.21155,42.34241],[-71.21124,42.34419],[-71.20592,42.34376],[-71.20576,42.34421],[-71.19942,42.34495],[-71.1987,42.3432],[-71.19945,42.34244],[-71.19888,42.34085],[-71.19748,42.34038],[-71.19258,42.34079],[-71.19333,42.33601],[-71.19342,42.33448],[-71.19347,42.33344],[-71.19484,42.33006],[-71.20701,42.33082],[-71.21323,42.33117],[-71.21408,42.33106],[-71.2147,42.33206],[-71.21711,42.33199],[-71.21805,42.33306],[-71.21759,42.33389]]]}},{"type":"Feature","properties":{"unit_id":"25025010408","name":"Census Tract 104.08 — Suffolk","native_id":"25025010408","source":"census_tract_2025","adm3_name":"Suffolk County","adm3_id":"25025","area_sqm":43381,"split":false},"geometry":{"type":"Polygon","coordinates":[[[-71.09741,42.34369],[-71.09464,42.34455],[-71.09461,42.34294],[-71.09649,42.34184],[-71.09741,42.34369]]]}},{"type":"Feature","properties":{"unit_id":"25025170301","name":"Census Tract 1703.01 — Suffolk","native_id":"25025170301","source":"census_tract_2025","adm3_name":"Suffolk County","adm3_id":"25025","area_sqm":1576130,"split":false},"geometry":{"type":"Polygon","coordinates":[[[-71.02823,42.4242],[-71.02409,42.43158],[-71.01976,42.43033],[-71.01848,42.42876],[-71.01624,42.4288],[-71.01512,42.42806],[-71.01081,42.42451],[-71.01387,42.42238],[-71.01055,42.42142],[-71.00587,42.41952],[-71.00791,42.41676],[-71.00838,42.41611],[-71.00934,42.41722],[-71.01119,42.41839],[-71.01233,42.4173],[-71.01866,42.41909],[-71.01897,42.41861],[-71.02013,42.41911],[-71.02932,42.42188],[-71.02823,42.4242]]]}},{"type":"Feature","properties":{"unit_id":"25017358300","name":"Census Tract 3583 — Middlesex","native_id":"25017358300","source":"census_tract_2025","adm3_name":"Middlesex County","adm3_id":"25017","area_sqm":7552603,"split":false},"geometry":{"type":"Polygon","coordinates":[[[-71.25957,42.43562],[-71.2578,42.43563],[-71.25521,42.43657],[-71.24612,42.43543],[-71.24159,42.43429],[-71.23743,42.43544],[-71.2372,42.43551],[-71.23464,42.43588],[-71.23391,42.43574],[-71.23121,42.43468],[-71.22907,42.4339],[-71.22225,42.43422],[-71.22313,42.43217],[-71.2256,42.42905],[-71.22066,42.4272],[-71.21977,42.42491],[-71.2198,42.42223],[-71.21685,42.41992],[-71.215,42.41867],[-71.21484,42.4184],[-71.21768,42.41726],[-71.21893,42.41556],[-71.21591,42.41476],[-71.2076,42.40978],[-71.21126,42.40607],[-71.21591,42.4076],[-71.23292,42.41318],[-71.25699,42.42108],[-71.25853,42.42821],[-71.25962,42.43394],[-71.25957,42.43562]]]}},{"type":"Feature","properties":{"unit_id":"25017356400","name":"Census Tract 3564 — Middlesex","native_id":"25017356400","source":"census_tract_2025","adm3_name":"Middlesex County","adm3_id":"25017","area_sqm":3253282,"split":false},"geometry":{"type":"Polygon","coordinates":[[[-71.17551,42.43407],[-71.17371,42.43614],[-71.16485,42.43599],[-71.15568,42.43583],[-71.14989,42.43584],[-71.14678,42.42526],[-71.146,42.42374],[-71.14276,42.42193],[-71.14292,42.42058],[-71.14471,42.4201],[-71.14844,42.41643],[-71.14908,42.41621],[-71.15141,42.41665],[-71.15087,42.4176],[-71.15199,42.41947],[-71.15306,42.41929],[-71.1572,42.41902],[-71.16043,42.4199],[-71.16216,42.42145],[-71.16276,42.42178],[-71.1646,42.42278],[-71.16599,42.42301],[-71.16676,42.42307],[-71.16907,42.42408],[-71.16904,42.42584],[-71.17023,42.42897],[-71.17175,42.42738],[-71.17434,42.42827],[-71.17492,42.43018],[-71.176,42.43155],[-71.17551,42.43407]]]}},{"type":"Feature","properties":{"unit_id":"25017310500","name":"Census Tract 3105 — Middlesex","native_id":"25017310500","source":"census_tract_2025","adm3_name":"Middlesex County","adm3_id":"25017","area_sqm":851840,"split":false},"geometry":{"type":"Polygon","coordinates":[[[-71.33177,42.65463],[-71.33031,42.656],[-71.32898,42.6593],[-71.32789,42.66063],[-71.32531,42.66116],[-71.32219,42.66181],[-71.32105,42.66139],[-71.31874,42.66],[-71.31828,42.6564],[-71.31539,42.65473],[-71.31545,42.65468],[-71.31954,42.65585],[-71.32245,42.65393],[-71.3244,42.65189],[-71.32968,42.65075],[-71.33054,42.64961],[-71.33161,42.65022],[-71.33468,42.65193],[-71.33177,42.65463]]]}},{"type":"Feature","properties":{"unit_id":"25025160200","name":"Census Tract 1602 — Suffolk","native_id":"25025160200","source":"census_tract_2025","adm3_name":"Suffolk County","adm3_id":"25025","area_sqm":222150,"split":false},"geometry":{"type":"Polygon","coordinates":[[[-71.03923,42.38991],[-71.03759,42.3908],[-71.03597,42.39172],[-71.03272,42.39355],[-71.03295,42.3931],[-71.0323,42.39222],[-71.03263,42.39159],[-71.03354,42.38988],[-71.03373,42.38927],[-71.03393,42.38865],[-71.03456,42.38672],[-71.03519,42.38682],[-71.03748,42.38783],[-71.03982,42.38827],[-71.03923,42.38991]]]}},{"type":"Feature","properties":{"unit_id":"25017356704","name":"Census Tract 3567.04 — Middlesex","native_id":"25017356704","source":"census_tract_2025","adm3_name":"Middlesex County","adm3_id":"25017","area_sqm":1234257,"split":false},"geometry":{"type":"Polygon","coordinates":[[[-71.1731,42.41134],[-71.172,42.41227],[-71.17329,42.41299],[-71.17003,42.41583],[-71.17216,42.4169],[-71.16849,42.41966],[-71.16629,42.41853],[-71.16584,42.41832],[-71.16276,42.42178],[-71.16216,42.42145],[-71.16043,42.4199],[-71.1572,42.41902],[-71.15769,42.41781],[-71.1579,42.41643],[-71.15941,42.41443],[-71.16103,42.41298],[-71.16157,42.41201],[-71.16705,42.40834],[-71.16711,42.40785],[-71.1633,42.40602],[-71.16393,42.40572],[-71.17442,42.40937],[-71.1731,42.41134]]]}},{"type":"Feature","properties":{"unit_id":"25017373901","name":"Census Tract 3739.01 — Middlesex","native_id":"25017373901","source":"census_tract_2025","adm3_name":"Middlesex County","adm3_id":"25017","area_sqm":2000192,"split":false},"geometry":{"type":"Polygon","coordinates":[[[-71.1921,42.30356],[-71.18415,42.31011],[-71.18349,42.31029],[-71.18142,42.31013],[-71.18135,42.30851],[-71.17781,42.30726],[-71.175,42.30529],[-71.17388,42.30649],[-71.1698,42.30761],[-71.16642,42.30475],[-71.1647,42.30383],[-71.16981,42.30044],[-71.17864,42.2946],[-71.17897,42.29486],[-71.17999,42.29572],[-71.18103,42.2964],[-71.18356,42.29778],[-71.18495,42.29814],[-71.18749,42.29954],[-71.1921,42.30356]]]}},{"type":"Feature","properties":{"unit_id":"25025140106","name":"Census Tract 1401.06 — Suffolk","native_id":"25025140106","source":"census_tract_2025","adm3_name":"Suffolk County","adm3_id":"25025","area_sqm":278837,"split":false},"geometry":{"type":"Polygon","coordinates":[[[-71.14065,42.27518],[-71.14027,42.27547],[-71.13865,42.2769],[-71.137,42.27832],[-71.13478,42.2769],[-71.13463,42.27678],[-71.13164,42.27491],[-71.1327,42.27404],[-71.13659,42.27151],[-71.14061,42.27426],[-71.14065,42.27518]]]}},{"type":"Feature","properties":{"unit_id":"25017315100","name":"Census Tract 3151 — Middlesex","native_id":"25017315100","source":"census_tract_2025","adm3_name":"Middlesex County","adm3_id":"25017","area_sqm":14825810,"split":false},"geometry":{"type":"Polygon","coordinates":[[[-71.28343,42.6153],[-71.27779,42.62085],[-71.27642,42.6244],[-71.27608,42.62527],[-71.27585,42.62587],[-71.27471,42.62886],[-71.27277,42.63734],[-71.27119,42.64424],[-71.27156,42.64619],[-71.27171,42.64802],[-71.27515,42.65622],[-71.26435,42.65767],[-71.25848,42.65692],[-71.25714,42.65693],[-71.25619,42.65714],[-71.23906,42.64892],[-71.23829,42.64256],[-71.2404,42.63874],[-71.24666,42.62202],[-71.24816,42.61845],[-71.24834,42.61741],[-71.25067,42.61283],[-71.25278,42.61173],[-71.25799,42.60829],[-71.26078,42.60562],[-71.26547,42.60384],[-71.27288,42.60185],[-71.28023,42.60524],[-71.29632,42.61267],[-71.28343,42.6153]]]}},{"type":"Feature","properties":{"unit_id":"25017357200","name":"Census Tract 3572 — Middlesex","native_id":"25017357200","source":"census_tract_2025","adm3_name":"Middlesex County","adm3_id":"25017","area_sqm":1436158,"split":false},"geometry":{"type":"Polygon","coordinates":[[[-71.17549,42.39577],[-71.17549,42.39604],[-71.16842,42.39596],[-71.15878,42.39587],[-71.15636,42.39585],[-71.15639,42.39582],[-71.15839,42.39459],[-71.15732,42.39095],[-71.15823,42.38691],[-71.1604,42.38654],[-71.16033,42.38644],[-71.16083,42.3865],[-71.16526,42.386],[-71.16754,42.3864],[-71.1694,42.38644],[-71.17164,42.38654],[-71.17493,42.38625],[-71.17376,42.39011],[-71.17414,42.39239],[-71.17456,42.39279],[-71.17656,42.39514],[-71.17549,42.39577]]]}},{"type":"Feature","properties":{"unit_id":"25017358500","name":"Census Tract 3585 — Middlesex","native_id":"25017358500","source":"census_tract_2025","adm3_name":"Middlesex County","adm3_id":"25017","area_sqm":6777977,"split":false},"geometry":{"type":"Polygon","coordinates":[[[-71.22001,42.44858],[-71.2204,42.45063],[-71.21877,42.45151],[-71.2181,42.45297],[-71.21778,42.45415],[-71.21739,42.45602],[-71.21687,42.45692],[-71.21654,42.45729],[-71.21547,42.45796],[-71.21487,42.45864],[-71.21444,42.46012],[-71.21344,42.46005],[-71.21501,42.46182],[-71.21468,42.46444],[-71.21224,42.46635],[-71.21186,42.46652],[-71.21056,42.4677],[-71.21022,42.47073],[-71.20432,42.46585],[-71.20697,42.46362],[-71.20614,42.46299],[-71.20213,42.45985],[-71.19845,42.45698],[-71.19601,42.45428],[-71.19541,42.45359],[-71.19324,42.45264],[-71.19057,42.45045],[-71.18963,42.44983],[-71.18571,42.445],[-71.18395,42.44429],[-71.18346,42.44419],[-71.18349,42.44412],[-71.18238,42.4435],[-71.17789,42.4402],[-71.18228,42.43628],[-71.18477,42.43328],[-71.1894,42.42831],[-71.19137,42.43369],[-71.19628,42.43618],[-71.19755,42.43773],[-71.20303,42.44011],[-71.20908,42.43557],[-71.21638,42.44457],[-71.21866,42.44597],[-71.22,42.44637],[-71.22062,42.44632],[-71.22001,42.44858]]]}},{"type":"Feature","properties":{"unit_id":"25017353101","name":"Census Tract 3531.01 — Middlesex","native_id":"25017353101","source":"census_tract_2025","adm3_name":"Middlesex County","adm3_id":"25017","area_sqm":456358,"split":false},"geometry":{"type":"Polygon","coordinates":[[[-71.10573,42.3649],[-71.10486,42.36518],[-71.1042,42.36536],[-71.10395,42.36556],[-71.10203,42.36443],[-71.10144,42.36503],[-71.10072,42.36603],[-71.0988,42.36541],[-71.09628,42.36488],[-71.09674,42.3632],[-71.09078,42.36275],[-71.09541,42.3605],[-71.09934,42.35856],[-71.10013,42.35898],[-71.101,42.35949],[-71.10248,42.36035],[-71.10078,42.36187],[-71.10243,42.36286],[-71.10295,42.36231],[-71.10431,42.36314],[-71.1057,42.36398],[-71.10668,42.36456],[-71.10573,42.3649]]]}},{"type":"Feature","properties":{"unit_id":"25025000502","name":"Census Tract 5.02 — Suffolk","native_id":"25025000502","source":"census_tract_2025","adm3_name":"Suffolk County","adm3_id":"25025","area_sqm":847705,"split":false},"geometry":{"type":"Polygon","coordinates":[[[-71.16894,42.33845],[-71.16674,42.33985],[-71.1667,42.34001],[-71.16613,42.34009],[-71.16458,42.34022],[-71.15976,42.34006],[-71.15788,42.33973],[-71.15753,42.33978],[-71.15529,42.34034],[-71.15473,42.34121],[-71.15378,42.34085],[-71.15138,42.34042],[-71.15259,42.3389],[-71.15274,42.33865],[-71.15336,42.33819],[-71.15226,42.33718],[-71.15066,42.33749],[-71.14984,42.33767],[-71.15031,42.33684],[-71.1487,42.33727],[-71.14727,42.3372],[-71.14848,42.33625],[-71.1483,42.33581],[-71.1501,42.33528],[-71.14985,42.33463],[-71.15626,42.33085],[-71.15704,42.33039],[-71.16092,42.33364],[-71.16273,42.33396],[-71.16756,42.33344],[-71.16889,42.33583],[-71.16894,42.33845]]]}},{"type":"Feature","properties":{"unit_id":"25017370104","name":"Census Tract 3701.04 — Middlesex","native_id":"25017370104","source":"census_tract_2025","adm3_name":"Middlesex County","adm3_id":"25017","area_sqm":1314673,"split":false},"geometry":{"type":"Polygon","coordinates":[[[-71.21706,42.36657],[-71.21148,42.37131],[-71.20852,42.37385],[-71.20313,42.37332],[-71.20113,42.3728],[-71.19941,42.37199],[-71.19533,42.37101],[-71.19437,42.37273],[-71.19089,42.3716],[-71.19139,42.36987],[-71.19311,42.36707],[-71.19521,42.36773],[-71.19633,42.36718],[-71.19836,42.36739],[-71.20203,42.36582],[-71.20449,42.36579],[-71.20722,42.36414],[-71.21328,42.36496],[-71.21634,42.36585],[-71.21706,42.36657]]]}},{"type":"Feature","properties":{"unit_id":"25017373100","name":"Census Tract 3731 — Middlesex","native_id":"25017373100","source":"census_tract_2025","adm3_name":"Middlesex County","adm3_id":"25017","area_sqm":1648775,"split":false},"geometry":{"type":"Polygon","coordinates":[[[-71.19568,42.35486],[-71.19527,42.35495],[-71.19511,42.3559],[-71.19535,42.35726],[-71.19522,42.35882],[-71.19309,42.36105],[-71.19023,42.36038],[-71.18523,42.3592],[-71.18368,42.35883],[-71.18237,42.36041],[-71.18213,42.36068],[-71.17527,42.35927],[-71.17275,42.35933],[-71.16865,42.36021],[-71.16763,42.36007],[-71.16947,42.35805],[-71.17139,42.35609],[-71.17394,42.3534],[-71.1748,42.35027],[-71.18008,42.35279],[-71.18194,42.35288],[-71.18189,42.35125],[-71.18417,42.35308],[-71.18605,42.35151],[-71.18929,42.35299],[-71.19215,42.35303],[-71.19286,42.35131],[-71.19549,42.35167],[-71.19681,42.35381],[-71.19568,42.35486]]]}},{"type":"Feature","properties":{"unit_id":"25025100300","name":"Census Tract 1003 — Suffolk","native_id":"25025100300","source":"census_tract_2025","adm3_name":"Suffolk County","adm3_id":"25025","area_sqm":491877,"split":false},"geometry":{"type":"Polygon","coordinates":[[[-71.08382,42.28324],[-71.0828,42.28453],[-71.08205,42.28527],[-71.07986,42.28726],[-71.07919,42.28814],[-71.07854,42.28934],[-71.07781,42.28799],[-71.07708,42.28442],[-71.07663,42.28377],[-71.07626,42.28316],[-71.07603,42.28181],[-71.07525,42.27968],[-71.07796,42.27905],[-71.07889,42.27857],[-71.08044,42.27896],[-71.0811,42.27939],[-71.08263,42.28037],[-71.08273,42.28041],[-71.0855,42.28099],[-71.08382,42.28324]]]}},{"type":"Feature","properties":{"unit_id":"25017338200","name":"Census Tract 3382 — Middlesex","native_id":"25017338200","source":"census_tract_2025","adm3_name":"Middlesex County","adm3_id":"25017","area_sqm":1693141,"split":false},"geometry":{"type":"Polygon","coordinates":[[[-71.15054,42.46429],[-71.14601,42.4658],[-71.1379,42.46858],[-71.13393,42.46994],[-71.12377,42.47339],[-71.12578,42.46657],[-71.12654,42.46534],[-71.12912,42.46623],[-71.13144,42.46752],[-71.13268,42.46444],[-71.13469,42.45927],[-71.13569,42.45598],[-71.13701,42.45302],[-71.13731,42.45331],[-71.13838,42.45696],[-71.1389,42.45687],[-71.14478,42.45945],[-71.14627,42.46077],[-71.14718,42.46057],[-71.14858,42.46068],[-71.15054,42.46429]]]}},{"type":"Feature","properties":{"unit_id":"25017354800","name":"Census Tract 3548 — Middlesex","native_id":"25017354800","source":"census_tract_2025","adm3_name":"Middlesex County","adm3_id":"25017","area_sqm":310508,"split":false},"geometry":{"type":"Polygon","coordinates":[[[-71.13081,42.3936],[-71.13085,42.39578],[-71.1309,42.39774],[-71.1309,42.3979],[-71.13032,42.3974],[-71.12946,42.39663],[-71.12874,42.39601],[-71.12502,42.39265],[-71.12393,42.39172],[-71.12332,42.39133],[-71.1247,42.38938],[-71.12768,42.38985],[-71.12901,42.39007],[-71.13034,42.3903],[-71.13104,42.39338],[-71.13081,42.3936]]]}},{"type":"Feature","properties":{"unit_id":"25017354400","name":"Census Tract 3544 — Middlesex","native_id":"25017354400","source":"census_tract_2025","adm3_name":"Middlesex County","adm3_id":"25017","area_sqm":295800,"split":false},"geometry":{"type":"Polygon","coordinates":[[[-71.14164,42.38719],[-71.14102,42.38691],[-71.13579,42.3846],[-71.13409,42.38384],[-71.13286,42.38328],[-71.13102,42.38241],[-71.13217,42.38151],[-71.13732,42.38131],[-71.13878,42.38117],[-71.14001,42.38094],[-71.14127,42.38453],[-71.1411,42.38627],[-71.14164,42.38705],[-71.14164,42.38719]]]}},{"type":"Feature","properties":{"unit_id":"25017317203","name":"Census Tract 3172.03 — Middlesex","native_id":"25017317203","source":"census_tract_2025","adm3_name":"Middlesex County","adm3_id":"25017","area_sqm":4467845,"split":false},"geometry":{"type":"Polygon","coordinates":[[[-71.36573,42.62158],[-71.36522,42.62224],[-71.36451,42.62315],[-71.35994,42.62597],[-71.3518,42.62278],[-71.32883,42.61377],[-71.32838,42.61346],[-71.32794,42.61315],[-71.32565,42.61316],[-71.32782,42.61226],[-71.33887,42.60656],[-71.34199,42.60484],[-71.34791,42.60067],[-71.35307,42.59947],[-71.35375,42.6018],[-71.35395,42.60315],[-71.35497,42.60531],[-71.35709,42.60757],[-71.35789,42.61085],[-71.35991,42.61293],[-71.3621,42.61498],[-71.36356,42.61603],[-71.36606,42.61997],[-71.36573,42.62158]]]}},{"type":"Feature","properties":{"unit_id":"25025130406","name":"Census Tract 1304.06 — Suffolk","native_id":"25025130406","source":"census_tract_2025","adm3_name":"Suffolk County","adm3_id":"25025","area_sqm":1052305,"split":false},"geometry":{"type":"Polygon","coordinates":[[[-71.16157,42.25755],[-71.15752,42.26074],[-71.15705,42.2612],[-71.15112,42.26667],[-71.15009,42.26758],[-71.14643,42.26458],[-71.147,42.26142],[-71.14553,42.25923],[-71.14412,42.25932],[-71.14283,42.25594],[-71.1438,42.25444],[-71.14613,42.25296],[-71.14631,42.25393],[-71.14664,42.25576],[-71.15039,42.25746],[-71.15212,42.25825],[-71.15596,42.25648],[-71.15858,42.25516],[-71.16157,42.25755]]]}},{"type":"Feature","properties":{"unit_id":"25017370301","name":"Census Tract 3703.01 — Middlesex","native_id":"25017370301","source":"census_tract_2025","adm3_name":"Middlesex County","adm3_id":"25017","area_sqm":1694426,"split":false},"geometry":{"type":"Polygon","coordinates":[[[-71.16666,42.36444],[-71.16585,42.36613],[-71.16594,42.36686],[-71.16502,42.37061],[-71.16027,42.37033],[-71.15893,42.37061],[-71.16102,42.37337],[-71.15966,42.3742],[-71.16094,42.37665],[-71.16019,42.3765],[-71.15834,42.37606],[-71.15541,42.37516],[-71.15437,42.3751],[-71.1503,42.37448],[-71.14986,42.37445],[-71.14594,42.37519],[-71.1457,42.37522],[-71.14383,42.37528],[-71.14392,42.37407],[-71.13999,42.37357],[-71.1406,42.37002],[-71.14246,42.36702],[-71.1439,42.36563],[-71.14703,42.36543],[-71.14999,42.36893],[-71.15399,42.37045],[-71.15584,42.36782],[-71.15758,42.36582],[-71.1592,42.36496],[-71.16106,42.36439],[-71.16686,42.36411],[-71.16666,42.36444]]]}},{"type":"Feature","properties":{"unit_id":"25017356701","name":"Census Tract 3567.01 — Middlesex","native_id":"25017356701","source":"census_tract_2025","adm3_name":"Middlesex County","adm3_id":"25017","area_sqm":1136104,"split":false},"geometry":{"type":"Polygon","coordinates":[[[-71.15329,42.41544],[-71.15139,42.41466],[-71.14719,42.41305],[-71.14434,42.41188],[-71.14327,42.41143],[-71.14248,42.4111],[-71.14153,42.41069],[-71.13745,42.40872],[-71.13706,42.40854],[-71.13387,42.40704],[-71.13453,42.40581],[-71.13464,42.40426],[-71.13509,42.40249],[-71.13625,42.40107],[-71.13697,42.40149],[-71.14024,42.40417],[-71.14173,42.40535],[-71.14226,42.40576],[-71.14612,42.40453],[-71.14684,42.40433],[-71.14858,42.40406],[-71.15004,42.40377],[-71.15134,42.40735],[-71.14881,42.40597],[-71.14983,42.4104],[-71.1515,42.41151],[-71.1532,42.41128],[-71.1557,42.41349],[-71.15329,42.41544]]]}},{"type":"Feature","properties":{"unit_id":"25017386100","name":"Census Tract 3861 — Middlesex","native_id":"25017386100","source":"census_tract_2025","adm3_name":"Middlesex County","adm3_id":"25017","area_sqm":40890895,"split":false},"geometry":{"type":"Polygon","coordinates":[[[-71.4183,42.2465],[-71.4193,42.25728],[-71.41707,42.25772],[-71.40859,42.25939],[-71.39777,42.26153],[-71.39362,42.26736],[-71.39359,42.26739],[-71.39037,42.27192],[-71.3869,42.2713],[-71.38173,42.27038],[-71.37683,42.26949],[-71.36124,42.26481],[-71.35661,42.26304],[-71.35711,42.26159],[-71.35641,42.25956],[-71.35427,42.25836],[-71.35394,42.25706],[-71.35178,42.25582],[-71.34493,42.25384],[-71.34178,42.25354],[-71.34246,42.25046],[-71.33243,42.24773],[-71.32944,42.2453],[-71.32977,42.24259],[-71.33078,42.24105],[-71.33119,42.23759],[-71.3297,42.23333],[-71.33173,42.23144],[-71.33358,42.2304],[-71.33675,42.22749],[-71.34101,42.22447],[-71.34166,42.22192],[-71.34317,42.22061],[-71.34097,42.21811],[-71.33862,42.21689],[-71.3385,42.21523],[-71.33995,42.21387],[-71.34681,42.21559],[-71.34832,42.21489],[-71.34998,42.21395],[-71.35148,42.21155],[-71.35216,42.20737],[-71.3507,42.20578],[-71.34654,42.20464],[-71.34682,42.20356],[-71.34417,42.2007],[-71.36199,42.19576],[-71.37839,42.19347],[-71.38477,42.19201],[-71.38018,42.20176],[-71.38821,42.2043],[-71.38961,42.20861],[-71.39171,42.20974],[-71.39392,42.20709],[-71.39704,42.20786],[-71.39753,42.2103],[-71.40223,42.21313],[-71.40371,42.21486],[-71.40195,42.21542],[-71.40733,42.21816],[-71.40928,42.21861],[-71.41002,42.21875],[-71.41009,42.21982],[-71.40863,42.22172],[-71.40968,42.22401],[-71.41006,42.2264],[-71.41234,42.22789],[-71.41304,42.22964],[-71.41273,42.23075],[-71.41355,42.23481],[-71.41649,42.23668],[-71.41744,42.23796],[-71.42007,42.23812],[-71.4183,42.2465]]]}},{"type":"Feature","properties":{"unit_id":"25017366201","name":"Census Tract 3662.01 — Middlesex","native_id":"25017366201","source":"census_tract_2025","adm3_name":"Middlesex County","adm3_id":"25017","area_sqm":13986626,"split":false},"geometry":{"type":"Polygon","coordinates":[[[-71.38348,42.37661],[-71.38297,42.37821],[-71.38404,42.37998],[-71.38136,42.38342],[-71.37883,42.38443],[-71.37854,42.3858],[-71.37726,42.3867],[-71.37719,42.38782],[-71.37547,42.38868],[-71.37282,42.38721],[-71.37215,42.38937],[-71.37009,42.38854],[-71.36901,42.38986],[-71.36572,42.3894],[-71.36453,42.39034],[-71.36531,42.39123],[-71.36403,42.39238],[-71.36284,42.3918],[-71.36198,42.39263],[-71.3623,42.39388],[-71.36178,42.39601],[-71.36393,42.39621],[-71.36945,42.39785],[-71.37001,42.39852],[-71.36723,42.4002],[-71.37008,42.40105],[-71.36809,42.40392],[-71.37037,42.40508],[-71.37392,42.40576],[-71.37472,42.40758],[-71.37434,42.40816],[-71.36734,42.41088],[-71.36743,42.41214],[-71.36634,42.41272],[-71.34122,42.40284],[-71.3326,42.39944],[-71.33457,42.39611],[-71.33588,42.39394],[-71.33499,42.38624],[-71.33289,42.36782],[-71.36147,42.36443],[-71.36781,42.36896],[-71.37113,42.37248],[-71.37416,42.37412],[-71.38161,42.37416],[-71.38747,42.37541],[-71.38348,42.37661]]]}},{"type":"Feature","properties":{"unit_id":"25017368200","name":"Census Tract 3682 — Middlesex","native_id":"25017368200","source":"census_tract_2025","adm3_name":"Middlesex County","adm3_id":"25017","area_sqm":6687731,"split":false},"geometry":{"type":"Polygon","coordinates":[[[-71.28142,42.41218],[-71.27442,42.40988],[-71.27387,42.4109],[-71.27188,42.4075],[-71.27211,42.40502],[-71.27439,42.40199],[-71.27519,42.39934],[-71.27184,42.39817],[-71.26885,42.39798],[-71.26644,42.39698],[-71.26314,42.39735],[-71.25787,42.39692],[-71.25385,42.39747],[-71.25127,42.39726],[-71.25046,42.39696],[-71.24072,42.39029],[-71.23925,42.38978],[-71.24002,42.38833],[-71.24214,42.38149],[-71.24221,42.38056],[-71.24557,42.38023],[-71.24665,42.37992],[-71.25022,42.37808],[-71.25146,42.37761],[-71.25352,42.37729],[-71.2553,42.37732],[-71.2609,42.3777],[-71.26977,42.37463],[-71.27512,42.37592],[-71.27599,42.37589],[-71.26776,42.39014],[-71.27617,42.39292],[-71.27958,42.39875],[-71.28283,42.39973],[-71.2812,42.40269],[-71.28603,42.4041],[-71.28142,42.41218]]]}},{"type":"Feature","properties":{"unit_id":"25017363202","name":"Census Tract 3632.02 — Middlesex","native_id":"25017363202","source":"census_tract_2025","adm3_name":"Middlesex County","adm3_id":"25017","area_sqm":6166481,"split":false},"geometry":{"type":"Polygon","coordinates":[[[-71.482,42.48785],[-71.47381,42.49976],[-71.463,42.49362],[-71.46188,42.49277],[-71.45982,42.49103],[-71.45448,42.4863],[-71.45082,42.48128],[-71.44847,42.47797],[-71.45294,42.47561],[-71.45376,42.47487],[-71.45597,42.46989],[-71.4565,42.46393],[-71.45629,42.46311],[-71.45447,42.46003],[-71.46204,42.46095],[-71.46381,42.46147],[-71.46719,42.46364],[-71.46858,42.46562],[-71.47315,42.4761],[-71.47356,42.47695],[-71.47553,42.48033],[-71.482,42.48785]]]}},{"type":"Feature","properties":{"unit_id":"25025091700","name":"Census Tract 917 — Suffolk","native_id":"25025091700","source":"census_tract_2025","adm3_name":"Suffolk County","adm3_id":"25025","area_sqm":288865,"split":false},"geometry":{"type":"Polygon","coordinates":[[[-71.07,42.30407],[-71.0688,42.30489],[-71.06834,42.30521],[-71.06701,42.30624],[-71.06649,42.30671],[-71.06608,42.30642],[-71.06458,42.30402],[-71.06455,42.30539],[-71.06312,42.305],[-71.0615,42.30537],[-71.06116,42.30456],[-71.06058,42.30315],[-71.06346,42.302],[-71.06737,42.30101],[-71.07143,42.30341],[-71.07,42.30407]]]}},{"type":"Feature","properties":{"unit_id":"25025070104","name":"Census Tract 701.04 — Suffolk","native_id":"25025070104","source":"census_tract_2025","adm3_name":"Suffolk County","adm3_id":"25025","area_sqm":761798,"split":false},"geometry":{"type":"Polygon","coordinates":[[[-71.06252,42.35328],[-71.0617,42.35436],[-71.05874,42.35699],[-71.05771,42.35678],[-71.05576,42.35691],[-71.05158,42.35876],[-71.05093,42.35739],[-71.05106,42.35513],[-71.04959,42.3545],[-71.05004,42.35386],[-71.05219,42.35112],[-71.05479,42.34687],[-71.05647,42.34611],[-71.05814,42.34565],[-71.05964,42.34486],[-71.06061,42.34372],[-71.06172,42.34396],[-71.06091,42.34571],[-71.0607,42.34625],[-71.05879,42.34616],[-71.05748,42.34766],[-71.05939,42.34868],[-71.05951,42.35115],[-71.05801,42.35235],[-71.05983,42.35255],[-71.06105,42.35252],[-71.06257,42.3524],[-71.06252,42.35328]]]}},{"type":"Feature","properties":{"unit_id":"25017317101","name":"Census Tract 3171.01 — Middlesex","native_id":"25017317101","source":"census_tract_2025","adm3_name":"Middlesex County","adm3_id":"25017","area_sqm":9935095,"split":false},"geometry":{"type":"Polygon","coordinates":[[[-71.39781,42.58306],[-71.39193,42.58517],[-71.38826,42.58831],[-71.38305,42.58995],[-71.37916,42.59193],[-71.37891,42.59305],[-71.37323,42.59752],[-71.37127,42.59953],[-71.36817,42.60076],[-71.36707,42.60088],[-71.36495,42.60088],[-71.36325,42.6011],[-71.36078,42.60086],[-71.3558,42.59994],[-71.35512,42.59908],[-71.35375,42.6018],[-71.35307,42.59947],[-71.34791,42.60067],[-71.34199,42.60484],[-71.34133,42.60317],[-71.34154,42.60196],[-71.3408,42.59948],[-71.33149,42.59176],[-71.34029,42.59134],[-71.34171,42.59092],[-71.35022,42.59018],[-71.34978,42.5889],[-71.34624,42.58576],[-71.34499,42.58286],[-71.34497,42.58265],[-71.34694,42.58328],[-71.35096,42.58266],[-71.35582,42.58256],[-71.35862,42.58359],[-71.36001,42.58329],[-71.36357,42.58218],[-71.37044,42.57689],[-71.37715,42.57138],[-71.37954,42.57155],[-71.38036,42.57149],[-71.38106,42.56823],[-71.38281,42.56575],[-71.38837,42.56165],[-71.38989,42.56009],[-71.39067,42.55805],[-71.39767,42.58267],[-71.39781,42.58306]]]}},{"type":"Feature","properties":{"unit_id":"25025080401","name":"Census Tract 804.01 — Suffolk","native_id":"25025080401","source":"census_tract_2025","adm3_name":"Suffolk County","adm3_id":"25025","area_sqm":440308,"split":false},"geometry":{"type":"Polygon","coordinates":[[[-71.08535,42.33507],[-71.08094,42.33293],[-71.08062,42.33337],[-71.0803,42.3338],[-71.07762,42.336],[-71.07578,42.33449],[-71.07612,42.33281],[-71.07504,42.33349],[-71.07436,42.33285],[-71.07747,42.3309],[-71.07868,42.33013],[-71.07926,42.32851],[-71.08089,42.3285],[-71.08152,42.32849],[-71.08345,42.32865],[-71.08299,42.33083],[-71.08503,42.33083],[-71.08522,42.3306],[-71.08504,42.33272],[-71.08746,42.33413],[-71.08535,42.33507]]]}},{"type":"Feature","properties":{"unit_id":"25025981000","name":"Census Tract 9810 — Suffolk","native_id":"25025981000","source":"census_tract_2025","adm3_name":"Suffolk County","adm3_id":"25025","area_sqm":1134184,"split":false},"geometry":{"type":"Polygon","coordinates":[[[-71.12933,42.29636],[-71.13007,42.29818],[-71.12962,42.29853],[-71.12793,42.30016],[-71.12616,42.3019],[-71.12582,42.30232],[-71.1254,42.30288],[-71.12499,42.30349],[-71.12467,42.30519],[-71.12308,42.30516],[-71.12208,42.30653],[-71.12078,42.30836],[-71.12167,42.30866],[-71.12146,42.30868],[-71.12025,42.30835],[-71.11957,42.30643],[-71.12,42.30457],[-71.1188,42.303],[-71.11696,42.30219],[-71.12002,42.29982],[-71.11543,42.2989],[-71.12016,42.29595],[-71.12129,42.2952],[-71.12422,42.29258],[-71.12618,42.29009],[-71.12785,42.291],[-71.13046,42.29316],[-71.12933,42.29636]]]}},{"type":"Feature","properties":{"unit_id":"25025140201","name":"Census Tract 1402.01 — Suffolk","native_id":"25025140201","source":"census_tract_2025","adm3_name":"Suffolk County","adm3_id":"25025","area_sqm":1322336,"split":false},"geometry":{"type":"Polygon","coordinates":[[[-71.13924,42.23366],[-71.13631,42.23634],[-71.13527,42.23816],[-71.13372,42.23963],[-71.13306,42.23948],[-71.13215,42.2392],[-71.13137,42.24009],[-71.129,42.246],[-71.12899,42.24799],[-71.12843,42.24917],[-71.12551,42.24795],[-71.12288,42.25185],[-71.12284,42.25048],[-71.12244,42.25006],[-71.12484,42.24761],[-71.12541,42.24687],[-71.12607,42.24548],[-71.12623,42.24267],[-71.12618,42.24162],[-71.12567,42.23953],[-71.12638,42.23916],[-71.12252,42.2352],[-71.1226,42.23452],[-71.12459,42.23401],[-71.12548,42.23188],[-71.12742,42.23118],[-71.13075,42.22791],[-71.13077,42.22793],[-71.13666,42.23191],[-71.13924,42.23366]]]}},{"type":"Feature","properties":{"unit_id":"25025140107","name":"Census Tract 1401.07 — Suffolk","native_id":"25025140107","source":"census_tract_2025","adm3_name":"Suffolk County","adm3_id":"25025","area_sqm":627360,"split":false},"geometry":{"type":"Polygon","coordinates":[[[-71.13235,42.25604],[-71.12893,42.25808],[-71.13076,42.2583],[-71.13362,42.26102],[-71.13151,42.26222],[-71.1282,42.26051],[-71.12692,42.26187],[-71.12733,42.2645],[-71.12613,42.26353],[-71.12356,42.26221],[-71.12471,42.25723],[-71.12531,42.25565],[-71.12559,42.25561],[-71.12602,42.25467],[-71.12716,42.25383],[-71.12822,42.25234],[-71.13012,42.25117],[-71.13059,42.25178],[-71.13219,42.25368],[-71.13397,42.25431],[-71.13235,42.25604]]]}},{"type":"Feature","properties":{"unit_id":"25025000603","name":"Census Tract 6.03 — Suffolk","native_id":"25025000603","source":"census_tract_2025","adm3_name":"Suffolk County","adm3_id":"25025","area_sqm":312487,"split":false},"geometry":{"type":"Polygon","coordinates":[[[-71.14994,42.34904],[-71.14708,42.35016],[-71.14165,42.34927],[-71.14037,42.34869],[-71.14152,42.34629],[-71.1417,42.34602],[-71.14311,42.34388],[-71.14454,42.34462],[-71.14505,42.34496],[-71.14624,42.34611],[-71.14905,42.34746],[-71.14975,42.34819],[-71.14994,42.34904]]]}},{"type":"Feature","properties":{"unit_id":"25017383904","name":"Census Tract 3839.04 — Middlesex","native_id":"25017383904","source":"census_tract_2025","adm3_name":"Middlesex County","adm3_id":"25017","area_sqm":10316985,"split":false},"geometry":{"type":"Polygon","coordinates":[[[-71.4868,42.33019],[-71.48335,42.35281],[-71.4833,42.35313],[-71.43729,42.34671],[-71.42471,42.34497],[-71.41547,42.34368],[-71.41663,42.34313],[-71.41517,42.34141],[-71.41031,42.3401],[-71.4157,42.33815],[-71.41794,42.33616],[-71.41782,42.33469],[-71.41831,42.3337],[-71.41913,42.33273],[-71.42102,42.3319],[-71.42516,42.33072],[-71.42641,42.33066],[-71.42772,42.33076],[-71.43004,42.33037],[-71.43146,42.32961],[-71.43385,42.32896],[-71.43588,42.32877],[-71.44325,42.32902],[-71.44393,42.32914],[-71.44555,42.32983],[-71.45233,42.33349],[-71.45501,42.33598],[-71.45848,42.33731],[-71.46671,42.33597],[-71.47115,42.33472],[-71.47427,42.33221],[-71.47701,42.33104],[-71.48283,42.32966],[-71.48509,42.33041],[-71.48674,42.32994],[-71.4868,42.33019]]]}},{"type":"Feature","properties":{"unit_id":"25017383501","name":"Census Tract 3835.01 — Middlesex","native_id":"25017383501","source":"census_tract_2025","adm3_name":"Middlesex County","adm3_id":"25017","area_sqm":2118788,"split":false},"geometry":{"type":"Polygon","coordinates":[[[-71.42684,42.29877],[-71.4223,42.29807],[-71.41938,42.29773],[-71.4089,42.29817],[-71.40862,42.29819],[-71.40799,42.29822],[-71.40362,42.29848],[-71.39318,42.29877],[-71.40253,42.29333],[-71.40212,42.29166],[-71.40939,42.28873],[-71.41015,42.28748],[-71.41475,42.28812],[-71.41556,42.28965],[-71.41885,42.29067],[-71.42403,42.28954],[-71.42437,42.28872],[-71.4266,42.29165],[-71.42747,42.29279],[-71.42684,42.29877]]]}},{"type":"Feature","properties":{"unit_id":"25017362100","name":"Census Tract 3621 — Middlesex","native_id":"25017362100","source":"census_tract_2025","adm3_name":"Middlesex County","adm3_id":"25017","area_sqm":39560501,"split":false},"geometry":{"type":"Polygon","coordinates":[[[-71.39951,42.53401],[-71.39512,42.53541],[-71.38474,42.5387],[-71.38836,42.54995],[-71.36834,42.55804],[-71.36775,42.55819],[-71.35262,42.56206],[-71.3463,42.56366],[-71.33254,42.56076],[-71.33309,42.56012],[-71.32471,42.55602],[-71.31962,42.55407],[-71.31439,42.54955],[-71.31831,42.54278],[-71.31454,42.5393],[-71.30875,42.53396],[-71.30719,42.53322],[-71.30754,42.53],[-71.30461,42.52929],[-71.305,42.52648],[-71.30675,42.52269],[-71.3067,42.52059],[-71.3069,42.51749],[-71.30623,42.51456],[-71.30665,42.51405],[-71.30866,42.51325],[-71.31409,42.50909],[-71.31661,42.50709],[-71.31771,42.5048],[-71.31754,42.50243],[-71.35362,42.50292],[-71.36993,42.50372],[-71.38496,42.50447],[-71.39156,42.50682],[-71.39794,42.52628],[-71.39951,42.53401]]]}},{"type":"Feature","properties":{"unit_id":"25017317103","name":"Census Tract 3171.03 — Middlesex","native_id":"25017317103","source":"census_tract_2025","adm3_name":"Middlesex County","adm3_id":"25017","area_sqm":10755055,"split":false},"geometry":{"type":"Polygon","coordinates":[[[-71.38989,42.56009],[-71.38837,42.56165],[-71.38281,42.56575],[-71.38106,42.56823],[-71.38036,42.57149],[-71.37954,42.57155],[-71.37715,42.57138],[-71.37044,42.57689],[-71.36357,42.58218],[-71.36001,42.58329],[-71.35862,42.58359],[-71.35582,42.58256],[-71.35096,42.58266],[-71.34694,42.58328],[-71.34497,42.58265],[-71.34499,42.58286],[-71.34186,42.58033],[-71.33448,42.5784],[-71.32419,42.57936],[-71.31974,42.582],[-71.31845,42.58394],[-71.31483,42.58238],[-71.31992,42.57711],[-71.31963,42.57587],[-71.33254,42.56076],[-71.3463,42.56366],[-71.35262,42.56206],[-71.36775,42.55819],[-71.36834,42.55804],[-71.38836,42.54995],[-71.39067,42.55805],[-71.38989,42.56009]]]}},{"type":"Feature","properties":{"unit_id":"25025091001","name":"Census Tract 910.01 — Suffolk","native_id":"25025091001","source":"census_tract_2025","adm3_name":"Suffolk County","adm3_id":"25025","area_sqm":1186269,"split":false},"geometry":{"type":"Polygon","coordinates":[[[-71.06075,42.31021],[-71.05957,42.31055],[-71.05938,42.31104],[-71.05888,42.31277],[-71.05721,42.31296],[-71.05539,42.31257],[-71.05498,42.31233],[-71.05315,42.31134],[-71.05217,42.31384],[-71.05198,42.31497],[-71.05217,42.31882],[-71.05212,42.31984],[-71.05246,42.32147],[-71.05209,42.32147],[-71.05137,42.32141],[-71.05093,42.32088],[-71.0467,42.31302],[-71.04235,42.31153],[-71.04249,42.30974],[-71.04483,42.30919],[-71.04744,42.30375],[-71.04748,42.30442],[-71.04927,42.3012],[-71.05256,42.30294],[-71.05543,42.30432],[-71.05597,42.30452],[-71.05739,42.30548],[-71.0584,42.30768],[-71.05842,42.30758],[-71.0606,42.30879],[-71.06139,42.30874],[-71.06075,42.31021]]]}},{"type":"Feature","properties":{"unit_id":"25025170800","name":"Census Tract 1708 — Suffolk","native_id":"25025170800","source":"census_tract_2025","adm3_name":"Suffolk County","adm3_id":"25025","area_sqm":861864,"split":false},"geometry":{"type":"Polygon","coordinates":[[[-70.99221,42.39669],[-70.992,42.39756],[-70.99132,42.39902],[-70.99127,42.39918],[-70.98959,42.40212],[-70.98772,42.4024],[-70.98507,42.40204],[-70.98343,42.39625],[-70.98301,42.3956],[-70.98296,42.39551],[-70.98051,42.39168],[-70.98148,42.39084],[-70.98605,42.38812],[-70.98729,42.38873],[-70.98797,42.39282],[-70.98977,42.39324],[-70.99445,42.39332],[-70.99221,42.39669]]]}},{"type":"Feature","properties":{"unit_id":"25017350900","name":"Census Tract 3509 — Middlesex","native_id":"25017350900","source":"census_tract_2025","adm3_name":"Middlesex County","adm3_id":"25017","area_sqm":421687,"split":false},"geometry":{"type":"Polygon","coordinates":[[[-71.12772,42.3975],[-71.12542,42.39756],[-71.1229,42.39699],[-71.12217,42.39667],[-71.12015,42.39624],[-71.11603,42.39523],[-71.11368,42.39483],[-71.1149,42.39329],[-71.11514,42.39278],[-71.11574,42.39184],[-71.11709,42.38958],[-71.12021,42.39264],[-71.12097,42.39371],[-71.12299,42.39238],[-71.12437,42.39365],[-71.12736,42.3971],[-71.12772,42.3975]]]}},{"type":"Feature","properties":{"unit_id":"25017368700","name":"Census Tract 3687 — Middlesex","native_id":"25017368700","source":"census_tract_2025","adm3_name":"Middlesex County","adm3_id":"25017","area_sqm":708886,"split":false},"geometry":{"type":"Polygon","coordinates":[[[-71.23428,42.36831],[-71.23372,42.37102],[-71.23132,42.37047],[-71.23312,42.37284],[-71.23269,42.37304],[-71.23141,42.37344],[-71.2288,42.37247],[-71.22553,42.37111],[-71.22378,42.36931],[-71.22033,42.36846],[-71.21719,42.36653],[-71.22623,42.36387],[-71.22858,42.36566],[-71.23147,42.36683],[-71.23271,42.36714],[-71.23449,42.3674],[-71.23428,42.36831]]]}},{"type":"Feature","properties":{"unit_id":"25017352700","name":"Census Tract 3527 — Middlesex","native_id":"25017352700","source":"census_tract_2025","adm3_name":"Middlesex County","adm3_id":"25017","area_sqm":158620,"split":false},"geometry":{"type":"Polygon","coordinates":[[[-71.10161,42.37437],[-71.09742,42.37443],[-71.09475,42.37429],[-71.09283,42.37418],[-71.08978,42.37395],[-71.08751,42.3734],[-71.08787,42.37204],[-71.08849,42.37212],[-71.09328,42.37275],[-71.10083,42.37375],[-71.10161,42.37437]]]}},{"type":"Feature","properties":{"unit_id":"25025030400","name":"Census Tract 304 — Suffolk","native_id":"25025030400","source":"census_tract_2025","adm3_name":"Suffolk County","adm3_id":"25025","area_sqm":165170,"split":false},"geometry":{"type":"Polygon","coordinates":[[[-71.05584,42.36361],[-71.05544,42.36518],[-71.05595,42.36551],[-71.05549,42.36619],[-71.055,42.36596],[-71.05397,42.36691],[-71.05288,42.36577],[-71.05346,42.36478],[-71.05123,42.36402],[-71.05108,42.364],[-71.05107,42.3637],[-71.051,42.36258],[-71.05281,42.36091],[-71.05297,42.36103],[-71.05492,42.36205],[-71.05638,42.36288],[-71.05584,42.36361]]]}},{"type":"Feature","properties":{"unit_id":"25017368102","name":"Census Tract 3681.02 — Middlesex","native_id":"25017368102","source":"census_tract_2025","adm3_name":"Middlesex County","adm3_id":"25017","area_sqm":4185668,"split":false},"geometry":{"type":"Polygon","coordinates":[[[-71.27439,42.40199],[-71.27211,42.40502],[-71.27188,42.4075],[-71.27387,42.4109],[-71.27177,42.41678],[-71.26723,42.42444],[-71.25699,42.42108],[-71.25669,42.41851],[-71.25713,42.41529],[-71.2575,42.41271],[-71.25477,42.4105],[-71.24976,42.40562],[-71.24851,42.40515],[-71.2394,42.40358],[-71.23684,42.4027],[-71.23661,42.40262],[-71.23406,42.40212],[-71.23476,42.39752],[-71.23568,42.39666],[-71.23896,42.39075],[-71.23925,42.38978],[-71.24072,42.39029],[-71.25046,42.39696],[-71.25127,42.39726],[-71.25385,42.39747],[-71.25787,42.39692],[-71.26314,42.39735],[-71.26644,42.39698],[-71.26885,42.39798],[-71.27184,42.39817],[-71.27519,42.39934],[-71.27439,42.40199]]]}},{"type":"Feature","properties":{"unit_id":"25017369000","name":"Census Tract 3690 — Middlesex","native_id":"25017369000","source":"census_tract_2025","adm3_name":"Middlesex County","adm3_id":"25017","area_sqm":3105205,"split":false},"geometry":{"type":"Polygon","coordinates":[[[-71.22597,42.38561],[-71.22332,42.38944],[-71.22309,42.38986],[-71.22193,42.39138],[-71.21722,42.3967],[-71.21605,42.39893],[-71.21335,42.39809],[-71.21264,42.39937],[-71.21407,42.40059],[-71.21473,42.40145],[-71.21639,42.40394],[-71.21695,42.40461],[-71.21543,42.40689],[-71.21591,42.4076],[-71.21126,42.40607],[-71.20263,42.4037],[-71.20197,42.40278],[-71.2018,42.40137],[-71.20062,42.39946],[-71.20343,42.39846],[-71.20454,42.39625],[-71.20624,42.397],[-71.20724,42.39556],[-71.20315,42.39323],[-71.20338,42.393],[-71.20217,42.39206],[-71.2025,42.3918],[-71.20331,42.39017],[-71.2053,42.38721],[-71.20491,42.3866],[-71.20978,42.38376],[-71.2114,42.38446],[-71.21333,42.3849],[-71.21829,42.38499],[-71.22012,42.38182],[-71.22245,42.38364],[-71.22399,42.38193],[-71.2253,42.38248],[-71.22587,42.38449],[-71.22759,42.3855],[-71.22597,42.38561]]]}},{"type":"Feature","properties":{"unit_id":"25025170400","name":"Census Tract 1704 — Suffolk","native_id":"25025170400","source":"census_tract_2025","adm3_name":"Suffolk County","adm3_id":"25025","area_sqm":2322679,"split":false},"geometry":{"type":"Polygon","coordinates":[[[-71.01081,42.42451],[-71.00893,42.42591],[-71.00373,42.42231],[-70.99723,42.43105],[-70.99202,42.43413],[-70.99012,42.43488],[-70.98371,42.43166],[-70.98794,42.42604],[-70.99349,42.41862],[-70.99565,42.41582],[-71.00017,42.40962],[-71.00129,42.4094],[-71.00206,42.41074],[-71.00369,42.41477],[-71.00321,42.41655],[-71.00439,42.4166],[-71.00474,42.41596],[-71.00838,42.41611],[-71.00791,42.41676],[-71.00587,42.41952],[-71.01055,42.42142],[-71.01387,42.42238],[-71.01081,42.42451]]]}},{"type":"Feature","properties":{"unit_id":"25017353600","name":"Census Tract 3536 — Middlesex","native_id":"25017353600","source":"census_tract_2025","adm3_name":"Middlesex County","adm3_id":"25017","area_sqm":803597,"split":false},"geometry":{"type":"Polygon","coordinates":[[[-71.11998,42.37998],[-71.1198,42.38175],[-71.11946,42.38483],[-71.11923,42.38702],[-71.11946,42.38816],[-71.11956,42.38846],[-71.11774,42.38756],[-71.11686,42.38668],[-71.11616,42.38584],[-71.11558,42.38516],[-71.11166,42.38175],[-71.11064,42.38164],[-71.10965,42.38083],[-71.10786,42.37937],[-71.10846,42.37911],[-71.10727,42.37809],[-71.10813,42.3779],[-71.11236,42.37701],[-71.11329,42.3768],[-71.11429,42.37547],[-71.11838,42.37568],[-71.11882,42.37436],[-71.11914,42.37515],[-71.12019,42.3777],[-71.11998,42.37998]]]}},{"type":"Feature","properties":{"unit_id":"25017301101","name":"Census Tract 3011.01 — Middlesex","native_id":"25017301101","source":"census_tract_2025","adm3_name":"Middlesex County","adm3_id":"25017","area_sqm":44272791,"split":false},"geometry":{"type":"Polygon","coordinates":[[[-71.77256,42.70801],[-71.74582,42.70729],[-71.72686,42.70687],[-71.70139,42.70631],[-71.67239,42.70568],[-71.65183,42.70523],[-71.65072,42.69092],[-71.6535,42.67514],[-71.65793,42.64994],[-71.65798,42.64966],[-71.66611,42.65113],[-71.67193,42.65291],[-71.67677,42.65441],[-71.68685,42.65655],[-71.68823,42.65756],[-71.69312,42.65796],[-71.69638,42.65971],[-71.70141,42.6635],[-71.7066,42.66558],[-71.70933,42.66655],[-71.70947,42.66661],[-71.72512,42.67229],[-71.72481,42.67269],[-71.73063,42.67535],[-71.73355,42.67625],[-71.74027,42.67723],[-71.75143,42.67736],[-71.75462,42.67712],[-71.76119,42.67509],[-71.76438,42.67381],[-71.76835,42.67414],[-71.77149,42.67399],[-71.77436,42.67223],[-71.77256,42.70801]]]}},{"type":"Feature","properties":{"unit_id":"25025010103","name":"Census Tract 101.03 — Suffolk","native_id":"25025010103","source":"census_tract_2025","adm3_name":"Suffolk County","adm3_id":"25025","area_sqm":288104,"split":false},"geometry":{"type":"Polygon","coordinates":[[[-71.11073,42.35182],[-71.10327,42.35108],[-71.10024,42.35087],[-71.09818,42.35074],[-71.09761,42.3499],[-71.09717,42.34898],[-71.10056,42.34792],[-71.10114,42.34776],[-71.10685,42.34876],[-71.1067,42.34943],[-71.10657,42.34991],[-71.11094,42.35045],[-71.11073,42.35182]]]}},{"type":"Feature","properties":{"unit_id":"25017333502","name":"Census Tract 3335.02 — Middlesex","native_id":"25017333502","source":"census_tract_2025","adm3_name":"Middlesex County","adm3_id":"25017","area_sqm":1443446,"split":false},"geometry":{"type":"Polygon","coordinates":[[[-71.15635,42.48705],[-71.15204,42.48569],[-71.15352,42.49055],[-71.15046,42.49075],[-71.14438,42.48925],[-71.14118,42.48736],[-71.1368,42.48743],[-71.13573,42.48773],[-71.13315,42.48199],[-71.13308,42.48101],[-71.13612,42.48148],[-71.13726,42.48206],[-71.14027,42.48216],[-71.14662,42.48095],[-71.15079,42.4815],[-71.15217,42.47994],[-71.15449,42.48174],[-71.15525,42.48237],[-71.1561,42.48308],[-71.15985,42.48483],[-71.15635,42.48705]]]}},{"type":"Feature","properties":{"unit_id":"25017336201","name":"Census Tract 3362.01 — Middlesex","native_id":"25017336201","source":"census_tract_2025","adm3_name":"Middlesex County","adm3_id":"25017","area_sqm":1415213,"split":false},"geometry":{"type":"Polygon","coordinates":[[[-71.06114,42.46942],[-71.06127,42.47265],[-71.06132,42.47407],[-71.06132,42.4742],[-71.05666,42.47521],[-71.05336,42.47592],[-71.04778,42.46959],[-71.04695,42.46865],[-71.04159,42.46258],[-71.04557,42.46156],[-71.04722,42.463],[-71.0541,42.46193],[-71.0546,42.46358],[-71.05486,42.46525],[-71.05611,42.46735],[-71.05797,42.46747],[-71.05989,42.46593],[-71.06142,42.4669],[-71.06114,42.46942]]]}},{"type":"Feature","properties":{"unit_id":"25017373902","name":"Census Tract 3739.02 — Middlesex","native_id":"25017373902","source":"census_tract_2025","adm3_name":"Middlesex County","adm3_id":"25017","area_sqm":2414273,"split":false},"geometry":{"type":"Polygon","coordinates":[[[-71.19817,42.30834],[-71.19548,42.31466],[-71.19439,42.31895],[-71.18772,42.31858],[-71.18695,42.31861],[-71.18316,42.31909],[-71.18184,42.31919],[-71.17906,42.3194],[-71.17248,42.32115],[-71.17172,42.31949],[-71.17372,42.31805],[-71.17893,42.31432],[-71.1698,42.30761],[-71.17388,42.30649],[-71.175,42.30529],[-71.17781,42.30726],[-71.18135,42.30851],[-71.18142,42.31013],[-71.18349,42.31029],[-71.18415,42.31011],[-71.1921,42.30356],[-71.19573,42.30711],[-71.19817,42.30834]]]}},{"type":"Feature","properties":{"unit_id":"25017332201","name":"Census Tract 3322.01 — Middlesex","native_id":"25017332201","source":"census_tract_2025","adm3_name":"Middlesex County","adm3_id":"25017","area_sqm":2071512,"split":false},"geometry":{"type":"Polygon","coordinates":[[[-71.19158,42.48848],[-71.18626,42.4926],[-71.18421,42.49379],[-71.18083,42.49511],[-71.17807,42.49575],[-71.16849,42.49748],[-71.16891,42.49055],[-71.17019,42.48898],[-71.16892,42.48709],[-71.17484,42.48546],[-71.1815,42.48362],[-71.18294,42.48212],[-71.18464,42.48173],[-71.18644,42.48101],[-71.18874,42.48321],[-71.19158,42.48848]]]}},{"type":"Feature","properties":{"unit_id":"25017382601","name":"Census Tract 3826.01 — Middlesex","native_id":"25017382601","source":"census_tract_2025","adm3_name":"Middlesex County","adm3_id":"25017","area_sqm":1854242,"split":false},"geometry":{"type":"Polygon","coordinates":[[[-71.39939,42.28061],[-71.39497,42.28155],[-71.39234,42.28178],[-71.39061,42.28191],[-71.38798,42.28208],[-71.38059,42.2825],[-71.37586,42.28257],[-71.37632,42.2796],[-71.3763,42.27815],[-71.37999,42.27202],[-71.38173,42.27038],[-71.3869,42.2713],[-71.39037,42.27192],[-71.39373,42.27252],[-71.39586,42.27291],[-71.39655,42.27597],[-71.39722,42.27901],[-71.39939,42.28061]]]}},{"type":"Feature","properties":{"unit_id":"25017332402","name":"Census Tract 3324.02 — Middlesex","native_id":"25017332402","source":"census_tract_2025","adm3_name":"Middlesex County","adm3_id":"25017","area_sqm":6254011,"split":false},"geometry":{"type":"Polygon","coordinates":[[[-71.23735,42.49646],[-71.23208,42.50603],[-71.23188,42.50482],[-71.22957,42.50179],[-71.22535,42.49401],[-71.22179,42.48746],[-71.21958,42.48421],[-71.21526,42.47793],[-71.20528,42.48103],[-71.20151,42.48258],[-71.19645,42.48527],[-71.19158,42.48848],[-71.18874,42.48321],[-71.18644,42.48101],[-71.18548,42.47997],[-71.1874,42.47936],[-71.18828,42.4797],[-71.20432,42.46585],[-71.21022,42.47073],[-71.21056,42.4677],[-71.21186,42.46652],[-71.21224,42.46635],[-71.21338,42.46729],[-71.2232,42.47539],[-71.2234,42.47556],[-71.24091,42.49001],[-71.23735,42.49646]]]}},{"type":"Feature","properties":{"unit_id":"25017336202","name":"Census Tract 3362.02 — Middlesex","native_id":"25017336202","source":"census_tract_2025","adm3_name":"Middlesex County","adm3_id":"25017","area_sqm":1057126,"split":false},"geometry":{"type":"Polygon","coordinates":[[[-71.06467,42.45615],[-71.06312,42.45877],[-71.06224,42.46074],[-71.06184,42.46384],[-71.06142,42.4669],[-71.05989,42.46593],[-71.05797,42.46747],[-71.05611,42.46735],[-71.05486,42.46525],[-71.0546,42.46358],[-71.0541,42.46193],[-71.04722,42.463],[-71.04557,42.46156],[-71.04159,42.46258],[-71.03997,42.46073],[-71.04238,42.45995],[-71.04708,42.45921],[-71.053,42.4583],[-71.06121,42.45698],[-71.06405,42.45621],[-71.06467,42.45615]]]}},{"type":"Feature","properties":{"unit_id":"25017339802","name":"Census Tract 3398.02 — Middlesex","native_id":"25017339802","source":"census_tract_2025","adm3_name":"Middlesex County","adm3_id":"25017","area_sqm":1937393,"split":false},"geometry":{"type":"Polygon","coordinates":[[[-71.10416,42.41737],[-71.09971,42.41685],[-71.0969,42.41619],[-71.09302,42.4156],[-71.08437,42.41412],[-71.08483,42.41244],[-71.0848,42.411],[-71.08163,42.40555],[-71.08147,42.40508],[-71.08165,42.40467],[-71.08208,42.40349],[-71.08342,42.40001],[-71.08569,42.40065],[-71.09301,42.39923],[-71.09388,42.39963],[-71.09553,42.40011],[-71.09393,42.40405],[-71.09977,42.4083],[-71.10107,42.41296],[-71.1033,42.41475],[-71.10402,42.41477],[-71.10402,42.4149],[-71.1041,42.41636],[-71.10416,42.41737]]]}},{"type":"Feature","properties":{"unit_id":"25025091500","name":"Census Tract 915 — Suffolk","native_id":"25025091500","source":"census_tract_2025","adm3_name":"Suffolk County","adm3_id":"25025","area_sqm":404167,"split":false},"geometry":{"type":"Polygon","coordinates":[[[-71.06972,42.31164],[-71.0685,42.31273],[-71.06743,42.3146],[-71.06564,42.31485],[-71.0646,42.31477],[-71.06421,42.3141],[-71.06326,42.31369],[-71.06237,42.31333],[-71.0604,42.31255],[-71.05888,42.31277],[-71.05938,42.31104],[-71.05957,42.31055],[-71.06075,42.31021],[-71.06139,42.30874],[-71.06391,42.30835],[-71.06503,42.30808],[-71.0663,42.30916],[-71.06842,42.31066],[-71.07022,42.31133],[-71.06972,42.31164]]]}},{"type":"Feature","properties":{"unit_id":"25025110106","name":"Census Tract 1101.06 — Suffolk","native_id":"25025110106","source":"census_tract_2025","adm3_name":"Suffolk County","adm3_id":"25025","area_sqm":212664,"split":false},"geometry":{"type":"Polygon","coordinates":[[[-71.11926,42.29049],[-71.11917,42.2912],[-71.11882,42.29253],[-71.11841,42.29341],[-71.11674,42.29624],[-71.11596,42.29584],[-71.11537,42.29457],[-71.114,42.29374],[-71.1134,42.29312],[-71.1139,42.29248],[-71.11443,42.29157],[-71.1144,42.29065],[-71.11659,42.28911],[-71.11726,42.28986],[-71.11928,42.29024],[-71.11926,42.29049]]]}},{"type":"Feature","properties":{"unit_id":"25025120104","name":"Census Tract 1201.04 — Suffolk","native_id":"25025120104","source":"census_tract_2025","adm3_name":"Suffolk County","adm3_id":"25025","area_sqm":405800,"split":false},"geometry":{"type":"Polygon","coordinates":[[[-71.12073,42.30901],[-71.11825,42.30877],[-71.11547,42.30967],[-71.11556,42.30847],[-71.11551,42.30765],[-71.11534,42.30684],[-71.11525,42.30663],[-71.11467,42.30549],[-71.11446,42.3019],[-71.11338,42.30149],[-71.11544,42.29821],[-71.11543,42.2989],[-71.12002,42.29982],[-71.11696,42.30219],[-71.1188,42.303],[-71.12,42.30457],[-71.11957,42.30643],[-71.12025,42.30835],[-71.12146,42.30868],[-71.12073,42.30901]]]}},{"type":"Feature","properties":{"unit_id":"25017368800","name":"Census Tract 3688 — Middlesex","native_id":"25017368800","source":"census_tract_2025","adm3_name":"Middlesex County","adm3_id":"25017","area_sqm":1686185,"split":false},"geometry":{"type":"Polygon","coordinates":[[[-71.24368,42.37401],[-71.24172,42.37475],[-71.24177,42.37625],[-71.23899,42.37618],[-71.2368,42.37621],[-71.23494,42.37649],[-71.23301,42.37683],[-71.23189,42.37695],[-71.23041,42.37712],[-71.22917,42.37729],[-71.22556,42.37771],[-71.22363,42.3778],[-71.22189,42.37786],[-71.22079,42.37773],[-71.21293,42.37572],[-71.21206,42.37539],[-71.20921,42.37401],[-71.20852,42.37385],[-71.21148,42.37131],[-71.21706,42.36657],[-71.21719,42.36653],[-71.22033,42.36846],[-71.22378,42.36931],[-71.22553,42.37111],[-71.2288,42.37247],[-71.23141,42.37344],[-71.23269,42.37304],[-71.23312,42.37284],[-71.23484,42.37248],[-71.23661,42.37301],[-71.23658,42.37315],[-71.23652,42.37409],[-71.238,42.3738],[-71.23975,42.37322],[-71.24271,42.37202],[-71.24322,42.37286],[-71.24368,42.37401]]]}},{"type":"Feature","properties":{"unit_id":"25017335301","name":"Census Tract 3353.01 — Middlesex","native_id":"25017335301","source":"census_tract_2025","adm3_name":"Middlesex County","adm3_id":"25017","area_sqm":2837475,"split":false},"geometry":{"type":"Polygon","coordinates":[[[-71.06974,42.49797],[-71.06932,42.4997],[-71.06729,42.5028],[-71.06457,42.50254],[-71.06312,42.50278],[-71.06093,42.50326],[-71.05777,42.50291],[-71.05573,42.5017],[-71.05057,42.50019],[-71.04875,42.49981],[-71.04209,42.49827],[-71.04032,42.49671],[-71.03991,42.49595],[-71.04186,42.49329],[-71.04354,42.49455],[-71.04837,42.49455],[-71.05236,42.49519],[-71.05168,42.49187],[-71.05593,42.49116],[-71.06097,42.48622],[-71.06417,42.48653],[-71.06478,42.48294],[-71.06626,42.48245],[-71.06903,42.4863],[-71.06943,42.48969],[-71.06932,42.49079],[-71.07031,42.49555],[-71.06974,42.49797]]]}},{"type":"Feature","properties":{"unit_id":"25017387202","name":"Census Tract 3872.02 — Middlesex","native_id":"25017387202","source":"census_tract_2025","adm3_name":"Middlesex County","adm3_id":"25017","area_sqm":19491709,"split":false},"geometry":{"type":"Polygon","coordinates":[[[-71.50263,42.19142],[-71.49634,42.19506],[-71.48234,42.20403],[-71.47959,42.20556],[-71.46027,42.21625],[-71.46392,42.22672],[-71.46711,42.23077],[-71.45856,42.23211],[-71.45732,42.23108],[-71.45406,42.2232],[-71.45252,42.22052],[-71.45014,42.21506],[-71.44903,42.2107],[-71.44594,42.20653],[-71.44608,42.20555],[-71.44861,42.20476],[-71.44887,42.20331],[-71.44396,42.19774],[-71.44266,42.19388],[-71.43949,42.1892],[-71.4402,42.18618],[-71.44064,42.18548],[-71.44514,42.1827],[-71.44755,42.18063],[-71.44863,42.18013],[-71.4566,42.17892],[-71.45865,42.17824],[-71.46409,42.17566],[-71.46859,42.17441],[-71.47171,42.17217],[-71.47167,42.17088],[-71.47441,42.16341],[-71.47454,42.1626],[-71.4781,42.15866],[-71.47803,42.16587],[-71.49314,42.16621],[-71.49738,42.16664],[-71.50263,42.19142]]]}},{"type":"Feature","properties":{"unit_id":"25025010802","name":"Census Tract 108.02 — Suffolk","native_id":"25025010802","source":"census_tract_2025","adm3_name":"Suffolk County","adm3_id":"25025","area_sqm":156827,"split":false},"geometry":{"type":"Polygon","coordinates":[[[-71.08986,42.35158],[-71.08591,42.35253],[-71.08159,42.3537],[-71.08086,42.35227],[-71.08317,42.35165],[-71.08513,42.35114],[-71.0847,42.3503],[-71.08624,42.34991],[-71.08871,42.34925],[-71.0895,42.35085],[-71.08976,42.35136],[-71.08986,42.35158]]]}},{"type":"Feature","properties":{"unit_id":"25025061000","name":"Census Tract 610 — Suffolk","native_id":"25025061000","source":"census_tract_2025","adm3_name":"Suffolk County","adm3_id":"25025","area_sqm":159578,"split":false},"geometry":{"type":"Polygon","coordinates":[[[-71.05315,42.33152],[-71.0523,42.33205],[-71.05106,42.33279],[-71.04969,42.33355],[-71.04751,42.3346],[-71.04746,42.33297],[-71.04742,42.33125],[-71.04738,42.33042],[-71.05042,42.33021],[-71.05223,42.32906],[-71.05266,42.32936],[-71.05277,42.33049],[-71.05315,42.33152]]]}},{"type":"Feature","properties":{"unit_id":"25017323101","name":"Census Tract 3231.01 — Middlesex","native_id":"25017323101","source":"census_tract_2025","adm3_name":"Middlesex County","adm3_id":"25017","area_sqm":20436898,"split":false},"geometry":{"type":"Polygon","coordinates":[[[-71.55127,42.41226],[-71.54955,42.41333],[-71.54699,42.41376],[-71.54445,42.41519],[-71.54099,42.41533],[-71.53895,42.42163],[-71.53451,42.42614],[-71.53137,42.43033],[-71.52923,42.43462],[-71.52551,42.43432],[-71.52055,42.43555],[-71.51476,42.43676],[-71.51192,42.43686],[-71.51055,42.44109],[-71.51166,42.44341],[-71.51112,42.44734],[-71.50757,42.44595],[-71.50638,42.44492],[-71.50312,42.44415],[-71.5007,42.44208],[-71.48274,42.4483],[-71.48057,42.44785],[-71.47687,42.44443],[-71.48275,42.44043],[-71.48452,42.43261],[-71.48324,42.4314],[-71.48296,42.42947],[-71.48069,42.4267],[-71.4778,42.42614],[-71.47481,42.42328],[-71.47477,42.42314],[-71.4745,42.42208],[-71.47438,42.42162],[-71.47705,42.42003],[-71.48626,42.41631],[-71.49661,42.41467],[-71.49671,42.40744],[-71.48488,42.39948],[-71.48203,42.40042],[-71.47107,42.39624],[-71.47134,42.39518],[-71.47268,42.39003],[-71.48612,42.39327],[-71.48774,42.39497],[-71.48695,42.39602],[-71.48992,42.39633],[-71.49089,42.39523],[-71.49298,42.3964],[-71.50045,42.39542],[-71.50385,42.39748],[-71.51081,42.39752],[-71.51792,42.39815],[-71.52396,42.39674],[-71.52682,42.39607],[-71.52805,42.40152],[-71.53442,42.40366],[-71.54456,42.40706],[-71.55105,42.40924],[-71.55127,42.41226]]]}},{"type":"Feature","properties":{"unit_id":"25017361100","name":"Census Tract 3611 — Middlesex","native_id":"25017361100","source":"census_tract_2025","adm3_name":"Middlesex County","adm3_id":"25017","area_sqm":19053950,"split":false},"geometry":{"type":"Polygon","coordinates":[[[-71.39419,42.42716],[-71.39448,42.43138],[-71.39411,42.43581],[-71.39169,42.44405],[-71.38913,42.44986],[-71.38924,42.45127],[-71.39086,42.45462],[-71.38979,42.45633],[-71.39314,42.45965],[-71.39325,42.4619],[-71.39216,42.46357],[-71.39139,42.46576],[-71.39127,42.4658],[-71.38596,42.46711],[-71.3836,42.46886],[-71.38042,42.46904],[-71.37857,42.47081],[-71.37694,42.47127],[-71.37323,42.47069],[-71.37092,42.47221],[-71.36895,42.47258],[-71.36523,42.471],[-71.36276,42.47059],[-71.36256,42.46944],[-71.36365,42.46746],[-71.36373,42.46586],[-71.3622,42.46457],[-71.35797,42.4654],[-71.35837,42.46396],[-71.35605,42.46204],[-71.35901,42.45864],[-71.35608,42.45602],[-71.34979,42.45262],[-71.34339,42.44913],[-71.3393,42.44337],[-71.33428,42.44015],[-71.33357,42.43925],[-71.33538,42.43778],[-71.35256,42.42692],[-71.35451,42.42205],[-71.35708,42.41983],[-71.35915,42.42067],[-71.36256,42.42106],[-71.36457,42.42008],[-71.36393,42.41602],[-71.36521,42.41335],[-71.36634,42.41272],[-71.37459,42.41584],[-71.39626,42.42402],[-71.39419,42.42716]]]}},{"type":"Feature","properties":{"unit_id":"25017350201","name":"Census Tract 3502.01 — Middlesex","native_id":"25017350201","source":"census_tract_2025","adm3_name":"Middlesex County","adm3_id":"25017","area_sqm":246382,"split":false},"geometry":{"type":"Polygon","coordinates":[[[-71.09691,42.38951],[-71.09566,42.3914],[-71.09363,42.39149],[-71.09308,42.39236],[-71.09257,42.39211],[-71.09078,42.39084],[-71.09035,42.39061],[-71.08926,42.39008],[-71.0882,42.3896],[-71.08933,42.38846],[-71.0895,42.38823],[-71.09048,42.38652],[-71.09318,42.38736],[-71.09568,42.38813],[-71.09691,42.38951]]]}},{"type":"Feature","properties":{"unit_id":"25017373600","name":"Census Tract 3736 — Middlesex","native_id":"25017373600","source":"census_tract_2025","adm3_name":"Middlesex County","adm3_id":"25017","area_sqm":3007639,"split":false},"geometry":{"type":"Polygon","coordinates":[[[-71.19347,42.33344],[-71.19342,42.33448],[-71.19333,42.33601],[-71.1923,42.3362],[-71.18565,42.33649],[-71.17836,42.33611],[-71.17536,42.33723],[-71.17326,42.33707],[-71.1721,42.33704],[-71.16995,42.33893],[-71.16674,42.33985],[-71.16894,42.33845],[-71.16889,42.33583],[-71.16756,42.33344],[-71.16273,42.33396],[-71.16092,42.33364],[-71.15704,42.33039],[-71.1646,42.32463],[-71.16735,42.32264],[-71.16922,42.32199],[-71.17048,42.32154],[-71.17172,42.31949],[-71.17248,42.32115],[-71.17906,42.3194],[-71.18109,42.31934],[-71.17919,42.32067],[-71.17846,42.32392],[-71.17663,42.32393],[-71.17581,42.32665],[-71.17803,42.32884],[-71.18605,42.33036],[-71.18606,42.33147],[-71.19223,42.33044],[-71.19484,42.33006],[-71.19347,42.33344]]]}},{"type":"Feature","properties":{"unit_id":"25017354000","name":"Census Tract 3540 — Middlesex","native_id":"25017354000","source":"census_tract_2025","adm3_name":"Middlesex County","adm3_id":"25017","area_sqm":424010,"split":false},"geometry":{"type":"Polygon","coordinates":[[[-71.12612,42.38138],[-71.1267,42.38204],[-71.12489,42.38289],[-71.12423,42.38444],[-71.12327,42.38552],[-71.12138,42.38445],[-71.11946,42.38483],[-71.1198,42.38175],[-71.11998,42.37998],[-71.12019,42.3777],[-71.11914,42.37515],[-71.12215,42.37653],[-71.12372,42.37834],[-71.1275,42.38041],[-71.12612,42.38138]]]}},{"type":"Feature","properties":{"unit_id":"25025980101","name":"Census Tract 9801.01 — Suffolk","native_id":"25025980101","source":"census_tract_2025","adm3_name":"Suffolk County","adm3_id":"25025","area_sqm":3270316,"split":false},"geometry":{"type":"MultiPolygon","coordinates":[[[[-70.93091,42.3216],[-70.93025,42.32229],[-70.92597,42.32191],[-70.92547,42.31921],[-70.92531,42.31722],[-70.92806,42.31722],[-70.93076,42.31903],[-70.93091,42.3216]]],[[[-70.93209,42.3327],[-70.93176,42.33312],[-70.93068,42.3337],[-70.92972,42.33397],[-70.92869,42.33232],[-70.92683,42.33038],[-70.92307,42.32699],[-70.9226,42.32614],[-70.92372,42.32536],[-70.92472,42.32488],[-70.92588,42.32494],[-70.92679,42.32536],[-70.92705,42.32635],[-70.9277,42.32734],[-70.92938,42.32817],[-70.93059,42.32811],[-70.93141,42.32827],[-70.93211,42.32892],[-70.93103,42.32967],[-70.93081,42.33102],[-70.93124,42.33191],[-70.93246,42.33223],[-70.93209,42.3327]]],[[[-70.94278,42.32718],[-70.94075,42.32814],[-70.93725,42.3275],[-70.93495,42.32681],[-70.93654,42.32487],[-70.93985,42.32424],[-70.94295,42.3257],[-70.94278,42.32718]]],[[[-70.95809,42.31165],[-70.95434,42.31299],[-70.95149,42.31356],[-70.94852,42.31194],[-70.94968,42.31108],[-70.9524,42.31098],[-70.95429,42.30865],[-70.95434,42.30859],[-70.95784,42.30983],[-70.95809,42.31165]]],[[[-70.96894,42.35592],[-70.96726,42.35707],[-70.96705,42.35695],[-70.96687,42.35706],[-70.96237,42.35498],[-70.9586,42.35551],[-70.95329,42.3497],[-70.95302,42.34397],[-70.96005,42.34651],[-70.96528,42.35142],[-70.97002,42.35528],[-70.96894,42.35592]]],[[[-70.9774,42.31229],[-70.9769,42.31257],[-70.97416,42.31412],[-70.97039,42.31625],[-70.96755,42.3229],[-70.95727,42.33166],[-70.9528,42.33063],[-70.95369,42.32792],[-70.95913,42.32457],[-70.96353,42.31854],[-70.96573,42.31347],[-70.96897,42.31299],[-70.97117,42.31117],[-70.97427,42.3102],[-70.97722,42.31025],[-70.9774,42.31229]]],[[[-70.98916,42.3283],[-70.98424,42.3284],[-70.98308,42.32716],[-70.98398,42.32132],[-70.98567,42.31873],[-70.98877,42.31921],[-70.9889,42.32371],[-70.99162,42.32629],[-70.98916,42.3283]]],[[[-71.01664,42.31373],[-71.01132,42.31636],[-71.00636,42.32091],[-71.0003,42.32128],[-70.99953,42.31992],[-71.00037,42.31933],[-71.00325,42.31952],[-71.0067,42.31613],[-71.01149,42.3093],[-71.0146,42.30987],[-71.01718,42.31175],[-71.01664,42.31373]]]]}},{"type":"Feature","properties":{"unit_id":"25017310200","name":"Census Tract 3102 — Middlesex","native_id":"25017310200","source":"census_tract_2025","adm3_name":"Middlesex County","adm3_id":"25017","area_sqm":1909151,"split":false},"geometry":{"type":"Polygon","coordinates":[[[-71.30419,42.6493],[-71.30298,42.65187],[-71.30231,42.65369],[-71.30263,42.65508],[-71.3035,42.65752],[-71.30351,42.66048],[-71.30337,42.66572],[-71.30064,42.66629],[-71.29957,42.66651],[-71.29426,42.65914],[-71.29108,42.65472],[-71.28787,42.65025],[-71.28686,42.64887],[-71.28601,42.64956],[-71.28679,42.64743],[-71.29245,42.64457],[-71.29431,42.64473],[-71.29929,42.64677],[-71.29942,42.6468],[-71.30213,42.64709],[-71.30283,42.64728],[-71.30517,42.64811],[-71.30419,42.6493]]]}},{"type":"Feature","properties":{"unit_id":"25025081101","name":"Census Tract 811.01 — Suffolk","native_id":"25025081101","source":"census_tract_2025","adm3_name":"Suffolk County","adm3_id":"25025","area_sqm":117783,"split":false},"geometry":{"type":"Polygon","coordinates":[[[-71.11508,42.32357],[-71.11283,42.32588],[-71.11228,42.32981],[-71.11315,42.33132],[-71.11302,42.33193],[-71.1123,42.332],[-71.1113,42.33007],[-71.11083,42.32907],[-71.11226,42.32455],[-71.1122,42.32312],[-71.1141,42.32331],[-71.11508,42.32357]]]}},{"type":"Feature","properties":{"unit_id":"25017336100","name":"Census Tract 3361 — Middlesex","native_id":"25017336100","source":"census_tract_2025","adm3_name":"Middlesex County","adm3_id":"25017","area_sqm":2047297,"split":false},"geometry":{"type":"Polygon","coordinates":[[[-71.07925,42.46132],[-71.07891,42.46498],[-71.07844,42.47061],[-71.07815,42.47402],[-71.0693,42.47164],[-71.06746,42.47187],[-71.06302,42.47245],[-71.06136,42.47266],[-71.06132,42.47407],[-71.06127,42.47265],[-71.06114,42.46942],[-71.06142,42.4669],[-71.06184,42.46384],[-71.06224,42.46074],[-71.06312,42.45877],[-71.06989,42.45915],[-71.07455,42.45959],[-71.07612,42.45848],[-71.0787,42.4578],[-71.0798,42.45798],[-71.07925,42.46132]]]}},{"type":"Feature","properties":{"unit_id":"25017318200","name":"Census Tract 3182 — Middlesex","native_id":"25017318200","source":"census_tract_2025","adm3_name":"Middlesex County","adm3_id":"25017","area_sqm":16830888,"split":false},"geometry":{"type":"Polygon","coordinates":[[[-71.49757,42.58032],[-71.4948,42.60437],[-71.49353,42.6174],[-71.46516,42.63101],[-71.45963,42.62459],[-71.45959,42.62337],[-71.45757,42.61949],[-71.45201,42.61518],[-71.45114,42.61438],[-71.4479,42.61301],[-71.44541,42.61076],[-71.44433,42.60907],[-71.444,42.60703],[-71.44147,42.6059],[-71.43883,42.60324],[-71.438,42.6012],[-71.43513,42.59732],[-71.43917,42.59689],[-71.44928,42.59513],[-71.45983,42.59217],[-71.45939,42.59122],[-71.46059,42.59141],[-71.46386,42.59167],[-71.46878,42.5929],[-71.47131,42.59202],[-71.47906,42.5858],[-71.4787,42.5816],[-71.46558,42.58128],[-71.4661,42.57843],[-71.46839,42.5785],[-71.47498,42.57671],[-71.47422,42.5754],[-71.47598,42.57319],[-71.47789,42.57299],[-71.48111,42.57059],[-71.48183,42.56569],[-71.48377,42.57379],[-71.49801,42.57686],[-71.49757,42.58032]]]}},{"type":"Feature","properties":{"unit_id":"25025060301","name":"Census Tract 603.01 — Suffolk","native_id":"25025060301","source":"census_tract_2025","adm3_name":"Suffolk County","adm3_id":"25025","area_sqm":272519,"split":false},"geometry":{"type":"Polygon","coordinates":[[[-71.04155,42.33552],[-71.03743,42.33559],[-71.03335,42.33566],[-71.0333,42.33398],[-71.03328,42.33315],[-71.03326,42.33233],[-71.0353,42.33229],[-71.03521,42.32935],[-71.03725,42.32952],[-71.03729,42.33143],[-71.03731,42.33226],[-71.03734,42.33308],[-71.04148,42.33302],[-71.04151,42.33383],[-71.04155,42.33552]]]}},{"type":"Feature","properties":{"unit_id":"25025081302","name":"Census Tract 813.02 — Suffolk","native_id":"25025081302","source":"census_tract_2025","adm3_name":"Suffolk County","adm3_id":"25025","area_sqm":344681,"split":false},"geometry":{"type":"Polygon","coordinates":[[[-71.09862,42.3242],[-71.0984,42.32493],[-71.09652,42.3262],[-71.0954,42.32325],[-71.09511,42.32192],[-71.09315,42.3208],[-71.0953,42.31882],[-71.09709,42.31703],[-71.09427,42.31563],[-71.09356,42.31551],[-71.09382,42.31454],[-71.09409,42.31414],[-71.09515,42.31328],[-71.09831,42.31579],[-71.09841,42.31957],[-71.09862,42.3242]]]}},{"type":"Feature","properties":{"unit_id":"25017352600","name":"Census Tract 3526 — Middlesex","native_id":"25017352600","source":"census_tract_2025","adm3_name":"Middlesex County","adm3_id":"25017","area_sqm":306861,"split":false},"geometry":{"type":"Polygon","coordinates":[[[-71.09479,42.36877],[-71.09328,42.37275],[-71.08849,42.37212],[-71.08787,42.37204],[-71.08826,42.37065],[-71.08918,42.36706],[-71.0899,42.36496],[-71.0938,42.36796],[-71.09479,42.36877]]]}},{"type":"Feature","properties":{"unit_id":"25025140102","name":"Census Tract 1401.02 — Suffolk","native_id":"25025140102","source":"census_tract_2025","adm3_name":"Suffolk County","adm3_id":"25025","area_sqm":2087649,"split":false},"geometry":{"type":"Polygon","coordinates":[[[-71.14613,42.25296],[-71.1438,42.25444],[-71.14283,42.25594],[-71.14001,42.25824],[-71.13809,42.25493],[-71.13939,42.25252],[-71.13914,42.24898],[-71.13629,42.24632],[-71.13598,42.24686],[-71.13233,42.24823],[-71.13643,42.24966],[-71.13623,42.25105],[-71.13397,42.25431],[-71.13219,42.25368],[-71.13059,42.25178],[-71.13012,42.25117],[-71.12897,42.24964],[-71.12899,42.24799],[-71.129,42.246],[-71.13137,42.24009],[-71.13215,42.2392],[-71.13306,42.23948],[-71.13372,42.23963],[-71.13527,42.23816],[-71.13631,42.23634],[-71.13924,42.23366],[-71.14268,42.236],[-71.1435,42.24007],[-71.14407,42.24282],[-71.14613,42.25296]]]}},{"type":"Feature","properties":{"unit_id":"25017338300","name":"Census Tract 3383 — Middlesex","native_id":"25017338300","source":"census_tract_2025","adm3_name":"Middlesex County","adm3_id":"25017","area_sqm":2099516,"split":false},"geometry":{"type":"Polygon","coordinates":[[[-71.16434,42.45976],[-71.15624,42.45692],[-71.15303,42.46249],[-71.15229,42.46372],[-71.15054,42.46429],[-71.14858,42.46068],[-71.14718,42.46057],[-71.14627,42.46077],[-71.14478,42.45945],[-71.1389,42.45687],[-71.13838,42.45696],[-71.13731,42.45331],[-71.13701,42.45302],[-71.13764,42.45135],[-71.1401,42.44491],[-71.14404,42.44698],[-71.14741,42.44884],[-71.14811,42.44968],[-71.15413,42.44734],[-71.15641,42.45085],[-71.15703,42.45166],[-71.15904,42.45426],[-71.16005,42.45686],[-71.16434,42.45976]]]}},{"type":"Feature","properties":{"unit_id":"25017314301","name":"Census Tract 3143.01 — Middlesex","native_id":"25017314301","source":"census_tract_2025","adm3_name":"Middlesex County","adm3_id":"25017","area_sqm":15284087,"split":false},"geometry":{"type":"Polygon","coordinates":[[[-71.31345,42.6971],[-71.29421,42.69699],[-71.28883,42.70201],[-71.28276,42.69375],[-71.27775,42.69039],[-71.27414,42.68599],[-71.27261,42.68528],[-71.26794,42.68536],[-71.26545,42.68452],[-71.26457,42.68031],[-71.26215,42.67487],[-71.25921,42.67007],[-71.25833,42.66774],[-71.25594,42.6677],[-71.25529,42.66644],[-71.25556,42.66311],[-71.25368,42.66087],[-71.25172,42.66033],[-71.25497,42.65778],[-71.25619,42.65714],[-71.25714,42.65693],[-71.25848,42.65692],[-71.26435,42.65767],[-71.27515,42.65622],[-71.28004,42.65434],[-71.28601,42.64956],[-71.28686,42.64887],[-71.28787,42.65025],[-71.29108,42.65472],[-71.29426,42.65914],[-71.29957,42.66651],[-71.30064,42.66629],[-71.30337,42.66572],[-71.3033,42.66893],[-71.30474,42.67188],[-71.31146,42.6871],[-71.31163,42.68978],[-71.31345,42.6971]]]}},{"type":"Feature","properties":{"unit_id":"25025071201","name":"Census Tract 712.01 — Suffolk","native_id":"25025071201","source":"census_tract_2025","adm3_name":"Suffolk County","adm3_id":"25025","area_sqm":412278,"split":false},"geometry":{"type":"Polygon","coordinates":[[[-71.07183,42.34006],[-71.07207,42.34129],[-71.07071,42.34079],[-71.06808,42.34201],[-71.06593,42.34394],[-71.06441,42.3435],[-71.06253,42.34301],[-71.06221,42.34291],[-71.06529,42.33707],[-71.06541,42.33544],[-71.06713,42.33529],[-71.06848,42.33572],[-71.06941,42.33641],[-71.06835,42.33717],[-71.07036,42.33878],[-71.07095,42.33831],[-71.0725,42.33962],[-71.07183,42.34006]]]}},{"type":"Feature","properties":{"unit_id":"25017366202","name":"Census Tract 3662.02 — Middlesex","native_id":"25017366202","source":"census_tract_2025","adm3_name":"Middlesex County","adm3_id":"25017","area_sqm":19193231,"split":false},"geometry":{"type":"Polygon","coordinates":[[[-71.39798,42.34322],[-71.39388,42.34397],[-71.39137,42.34521],[-71.38772,42.34483],[-71.38794,42.34864],[-71.38896,42.35002],[-71.38989,42.35389],[-71.39081,42.35524],[-71.39167,42.36098],[-71.3918,42.36184],[-71.39003,42.36523],[-71.39012,42.36786],[-71.38742,42.36995],[-71.38878,42.37148],[-71.3867,42.37305],[-71.38781,42.37528],[-71.38747,42.37541],[-71.38161,42.37416],[-71.37416,42.37412],[-71.37113,42.37248],[-71.36781,42.36896],[-71.36147,42.36443],[-71.33289,42.36782],[-71.33219,42.36176],[-71.32878,42.33168],[-71.33083,42.33197],[-71.33375,42.3324],[-71.33752,42.32513],[-71.33876,42.3249],[-71.34456,42.32455],[-71.34458,42.32572],[-71.34808,42.32713],[-71.34928,42.32926],[-71.35567,42.32872],[-71.35801,42.32929],[-71.36149,42.33184],[-71.36136,42.33268],[-71.36352,42.33317],[-71.3656,42.33667],[-71.36704,42.33754],[-71.37015,42.33689],[-71.37277,42.33784],[-71.37447,42.33671],[-71.37551,42.33708],[-71.37647,42.33735],[-71.3773,42.3374],[-71.37785,42.33758],[-71.37861,42.33822],[-71.37887,42.33835],[-71.38005,42.33862],[-71.38114,42.33912],[-71.38544,42.33812],[-71.39038,42.33796],[-71.39079,42.3387],[-71.39195,42.3393],[-71.39286,42.33947],[-71.39445,42.3394],[-71.39476,42.33957],[-71.39487,42.33865],[-71.39495,42.33865],[-71.39608,42.33992],[-71.39672,42.34105],[-71.39798,42.34322]]]}},{"type":"Feature","properties":{"unit_id":"25025000401","name":"Census Tract 4.01 — Suffolk","native_id":"25025000401","source":"census_tract_2025","adm3_name":"Suffolk County","adm3_id":"25025","area_sqm":431042,"split":false},"geometry":{"type":"Polygon","coordinates":[[[-71.15473,42.34121],[-71.15346,42.34318],[-71.15327,42.34465],[-71.15307,42.34511],[-71.15307,42.34615],[-71.15123,42.34581],[-71.14975,42.34819],[-71.14905,42.34746],[-71.14624,42.34611],[-71.14505,42.34496],[-71.14454,42.34462],[-71.14311,42.34388],[-71.14436,42.34253],[-71.14592,42.3419],[-71.14701,42.34178],[-71.14863,42.34181],[-71.14997,42.34147],[-71.15138,42.34042],[-71.15378,42.34085],[-71.15473,42.34121]]]}},{"type":"Feature","properties":{"unit_id":"25017350106","name":"Census Tract 3501.06 — Middlesex","native_id":"25017350106","source":"census_tract_2025","adm3_name":"Middlesex County","adm3_id":"25017","area_sqm":672015,"split":false},"geometry":{"type":"Polygon","coordinates":[[[-71.08545,42.3944],[-71.08342,42.40001],[-71.07715,42.39678],[-71.076,42.3964],[-71.07559,42.39525],[-71.0735,42.3918],[-71.0774,42.38617],[-71.08268,42.39061],[-71.08561,42.39359],[-71.08545,42.3944]]]}},{"type":"Feature","properties":{"unit_id":"25025081500","name":"Census Tract 815 — Suffolk","native_id":"25025081500","source":"census_tract_2025","adm3_name":"Suffolk County","adm3_id":"25025","area_sqm":336293,"split":false},"geometry":{"type":"Polygon","coordinates":[[[-71.0953,42.31882],[-71.09315,42.3208],[-71.09511,42.32192],[-71.0954,42.32325],[-71.09347,42.32329],[-71.09291,42.32688],[-71.09096,42.32502],[-71.08879,42.32422],[-71.0896,42.32339],[-71.09248,42.32131],[-71.09161,42.32065],[-71.09024,42.31921],[-71.09129,42.31761],[-71.09162,42.317],[-71.09296,42.31675],[-71.09356,42.31551],[-71.09427,42.31563],[-71.09709,42.31703],[-71.0953,42.31882]]]}},{"type":"Feature","properties":{"unit_id":"25025050901","name":"Census Tract 509.01 — Suffolk","native_id":"25025050901","source":"census_tract_2025","adm3_name":"Suffolk County","adm3_id":"25025","area_sqm":615897,"split":false},"geometry":{"type":"Polygon","coordinates":[[[-71.03931,42.38662],[-71.03926,42.38683],[-71.03836,42.38653],[-71.03199,42.3846],[-71.02771,42.38404],[-71.02267,42.38627],[-71.02218,42.38495],[-71.02266,42.38392],[-71.0217,42.38354],[-71.02179,42.38302],[-71.02264,42.38174],[-71.02156,42.38014],[-71.02513,42.37975],[-71.02773,42.37721],[-71.02919,42.37813],[-71.02982,42.37905],[-71.03024,42.37966],[-71.03451,42.37807],[-71.03492,42.37868],[-71.03278,42.37949],[-71.03342,42.38052],[-71.03339,42.38261],[-71.03932,42.38261],[-71.03931,42.38662]]]}},{"type":"Feature","properties":{"unit_id":"25017374200","name":"Census Tract 3742 — Middlesex","native_id":"25017374200","source":"census_tract_2025","adm3_name":"Middlesex County","adm3_id":"25017","area_sqm":2044217,"split":false},"geometry":{"type":"Polygon","coordinates":[[[-71.22675,42.32359],[-71.22092,42.321],[-71.21862,42.32235],[-71.22105,42.32325],[-71.21837,42.32833],[-71.21887,42.33056],[-71.21806,42.33065],[-71.21408,42.33106],[-71.21323,42.33117],[-71.20701,42.33082],[-71.20618,42.32804],[-71.20617,42.32784],[-71.20334,42.327],[-71.20143,42.32277],[-71.20284,42.32183],[-71.20201,42.31918],[-71.20408,42.3192],[-71.20773,42.31936],[-71.20857,42.31931],[-71.20966,42.3192],[-71.21195,42.31888],[-71.21252,42.31879],[-71.22578,42.31707],[-71.22688,42.32262],[-71.22675,42.32359]]]}},{"type":"Feature","properties":{"unit_id":"25025000805","name":"Census Tract 8.05 — Suffolk","native_id":"25025000805","source":"census_tract_2025","adm3_name":"Suffolk County","adm3_id":"25025","area_sqm":369879,"split":false},"geometry":{"type":"Polygon","coordinates":[[[-71.13734,42.35359],[-71.1314,42.3561],[-71.12509,42.35524],[-71.12073,42.35462],[-71.12126,42.35187],[-71.12424,42.35224],[-71.12502,42.35224],[-71.12834,42.3526],[-71.13017,42.35283],[-71.13211,42.35306],[-71.13456,42.35335],[-71.1358,42.3535],[-71.13734,42.35359]]]}},{"type":"Feature","properties":{"unit_id":"25017339102","name":"Census Tract 3391.02 — Middlesex","native_id":"25017339102","source":"census_tract_2025","adm3_name":"Middlesex County","adm3_id":"25017","area_sqm":6200332,"split":false},"geometry":{"type":"Polygon","coordinates":[[[-71.13191,42.4339],[-71.12885,42.43497],[-71.12904,42.4356],[-71.12836,42.43678],[-71.12715,42.43889],[-71.12515,42.43923],[-71.12198,42.43979],[-71.124,42.44383],[-71.12135,42.44867],[-71.1194,42.45345],[-71.10472,42.44885],[-71.08564,42.44469],[-71.08634,42.4401],[-71.08857,42.44122],[-71.09145,42.44046],[-71.09363,42.44253],[-71.09633,42.44108],[-71.09892,42.43827],[-71.09933,42.43886],[-71.10252,42.43778],[-71.10117,42.4331],[-71.10218,42.43058],[-71.1025,42.43007],[-71.10256,42.42879],[-71.10271,42.42798],[-71.10371,42.4226],[-71.10741,42.4226],[-71.11024,42.42388],[-71.11017,42.4249],[-71.11483,42.42523],[-71.11741,42.42491],[-71.11812,42.42404],[-71.11767,42.42125],[-71.1179,42.42134],[-71.12103,42.4239],[-71.12291,42.42535],[-71.12332,42.42566],[-71.12575,42.42736],[-71.12651,42.42779],[-71.12947,42.42958],[-71.13101,42.43171],[-71.13191,42.4339]]]}},{"type":"Feature","properties":{"unit_id":"25017321100","name":"Census Tract 3211 — Middlesex","native_id":"25017321100","source":"census_tract_2025","adm3_name":"Middlesex County","adm3_id":"25017","area_sqm":15219447,"split":false},"geometry":{"type":"Polygon","coordinates":[[[-71.52953,42.35292],[-71.52789,42.35472],[-71.52234,42.35611],[-71.51964,42.35628],[-71.51752,42.35753],[-71.51717,42.35784],[-71.51562,42.36152],[-71.51831,42.36187],[-71.51956,42.3631],[-71.51766,42.36491],[-71.51713,42.36748],[-71.51809,42.37289],[-71.51767,42.37332],[-71.51641,42.37407],[-71.51512,42.3765],[-71.4755,42.38063],[-71.47553,42.38053],[-71.48243,42.35619],[-71.4833,42.35313],[-71.48335,42.35281],[-71.4868,42.33019],[-71.50822,42.32793],[-71.51124,42.32881],[-71.51082,42.33254],[-71.51219,42.3347],[-71.51473,42.33597],[-71.51571,42.33905],[-71.51563,42.34252],[-71.5139,42.34276],[-71.50785,42.34795],[-71.50857,42.34768],[-71.51114,42.34748],[-71.51404,42.34767],[-71.51801,42.34934],[-71.51939,42.34956],[-71.52664,42.34951],[-71.53059,42.35225],[-71.52953,42.35292]]]}},{"type":"Feature","properties":{"unit_id":"25025130200","name":"Census Tract 1302 — Suffolk","native_id":"25025130200","source":"census_tract_2025","adm3_name":"Suffolk County","adm3_id":"25025","area_sqm":1352656,"split":false},"geometry":{"type":"Polygon","coordinates":[[[-71.16773,42.28586],[-71.16532,42.28748],[-71.16397,42.28831],[-71.16063,42.29158],[-71.15868,42.29185],[-71.15618,42.29171],[-71.15566,42.29211],[-71.15431,42.29297],[-71.15349,42.29326],[-71.15144,42.29287],[-71.14938,42.2931],[-71.14808,42.29097],[-71.14706,42.29013],[-71.14549,42.28881],[-71.14512,42.28811],[-71.14732,42.28741],[-71.14775,42.28665],[-71.14869,42.28715],[-71.15007,42.28729],[-71.1499,42.28676],[-71.15498,42.28435],[-71.15637,42.28356],[-71.15889,42.28214],[-71.15981,42.28152],[-71.16115,42.28034],[-71.1619,42.27977],[-71.16605,42.28324],[-71.16773,42.28586]]]}},{"type":"Feature","properties":{"unit_id":"25025170503","name":"Census Tract 1705.03 — Suffolk","native_id":"25025170503","source":"census_tract_2025","adm3_name":"Suffolk County","adm3_id":"25025","area_sqm":355315,"split":false},"geometry":{"type":"Polygon","coordinates":[[[-70.99349,42.41862],[-70.98794,42.42604],[-70.98601,42.42536],[-70.9837,42.42289],[-70.98682,42.41806],[-70.98726,42.41865],[-70.99115,42.41869],[-70.99349,42.41862]]]}},{"type":"Feature","properties":{"unit_id":"25025981100","name":"Census Tract 9811 — Suffolk","native_id":"25025981100","source":"census_tract_2025","adm3_name":"Suffolk County","adm3_id":"25025","area_sqm":2499660,"split":false},"geometry":{"type":"Polygon","coordinates":[[[-71.11537,42.29457],[-71.11208,42.29618],[-71.1096,42.2991],[-71.10552,42.29883],[-71.10466,42.30027],[-71.10329,42.29981],[-71.0964,42.29324],[-71.09618,42.29289],[-71.09576,42.29197],[-71.10011,42.29029],[-71.10065,42.28791],[-71.09971,42.28644],[-71.09503,42.28714],[-71.09632,42.28582],[-71.09963,42.28234],[-71.09845,42.2817],[-71.10054,42.27961],[-71.1037,42.27675],[-71.10753,42.2783],[-71.10858,42.2754],[-71.10919,42.27436],[-71.11037,42.27506],[-71.11419,42.2771],[-71.11534,42.27804],[-71.11343,42.27994],[-71.11223,42.28021],[-71.11218,42.28194],[-71.10943,42.28465],[-71.1054,42.28672],[-71.10795,42.28862],[-71.11263,42.29219],[-71.1134,42.29312],[-71.114,42.29374],[-71.11537,42.29457]]]}},{"type":"Feature","properties":{"unit_id":"25017368901","name":"Census Tract 3689.01 — Middlesex","native_id":"25017368901","source":"census_tract_2025","adm3_name":"Middlesex County","adm3_id":"25017","area_sqm":3983600,"split":false},"geometry":{"type":"Polygon","coordinates":[[[-71.23925,42.38978],[-71.23896,42.39075],[-71.23568,42.39666],[-71.23476,42.39752],[-71.23406,42.40212],[-71.23438,42.40893],[-71.23413,42.40984],[-71.23377,42.41097],[-71.23344,42.41201],[-71.23292,42.41318],[-71.21591,42.4076],[-71.21543,42.40689],[-71.21695,42.40461],[-71.21639,42.40394],[-71.21473,42.40145],[-71.21407,42.40059],[-71.21264,42.39937],[-71.21335,42.39809],[-71.21605,42.39893],[-71.21722,42.3967],[-71.22193,42.39138],[-71.22309,42.38986],[-71.22332,42.38944],[-71.22597,42.38561],[-71.22759,42.3855],[-71.22855,42.38516],[-71.23065,42.38396],[-71.23282,42.38551],[-71.23658,42.38632],[-71.2381,42.38676],[-71.23904,42.3889],[-71.23925,42.38978]]]}},{"type":"Feature","properties":{"unit_id":"25017369100","name":"Census Tract 3691 — Middlesex","native_id":"25017369100","source":"census_tract_2025","adm3_name":"Middlesex County","adm3_id":"25017","area_sqm":2605261,"split":false},"geometry":{"type":"Polygon","coordinates":[[[-71.22488,42.37817],[-71.21946,42.38076],[-71.22012,42.38182],[-71.21829,42.38499],[-71.21333,42.3849],[-71.2114,42.38446],[-71.20978,42.38376],[-71.20491,42.3866],[-71.2053,42.38721],[-71.20331,42.39017],[-71.2025,42.3918],[-71.20217,42.39206],[-71.20338,42.393],[-71.20315,42.39323],[-71.20724,42.39556],[-71.20624,42.397],[-71.20454,42.39625],[-71.20343,42.39846],[-71.20062,42.39946],[-71.19943,42.39732],[-71.19663,42.39523],[-71.19633,42.39403],[-71.19794,42.39278],[-71.19674,42.39054],[-71.19652,42.38956],[-71.19446,42.38632],[-71.19418,42.38603],[-71.19835,42.38248],[-71.2029,42.37861],[-71.20535,42.37653],[-71.20852,42.37385],[-71.20921,42.37401],[-71.21206,42.37539],[-71.21293,42.37572],[-71.22079,42.37773],[-71.22189,42.37786],[-71.22363,42.3778],[-71.22556,42.37771],[-71.22488,42.37817]]]}},{"type":"Feature","properties":{"unit_id":"25017315500","name":"Census Tract 3155 — Middlesex","native_id":"25017315500","source":"census_tract_2025","adm3_name":"Middlesex County","adm3_id":"25017","area_sqm":8227150,"split":false},"geometry":{"type":"Polygon","coordinates":[[[-71.24075,42.59228],[-71.23539,42.59752],[-71.22941,42.60065],[-71.22859,42.60191],[-71.22809,42.60353],[-71.22786,42.604],[-71.22461,42.60443],[-71.22298,42.60263],[-71.22208,42.60035],[-71.22154,42.59965],[-71.21839,42.59825],[-71.21557,42.59608],[-71.21188,42.5948],[-71.20619,42.59123],[-71.20344,42.59],[-71.20253,42.5894],[-71.20113,42.58844],[-71.2005,42.58777],[-71.19676,42.58341],[-71.19385,42.5799],[-71.19369,42.5796],[-71.19279,42.57497],[-71.19181,42.57367],[-71.18931,42.57182],[-71.18856,42.57089],[-71.19082,42.56727],[-71.19265,42.56458],[-71.19885,42.56752],[-71.21113,42.57331],[-71.2113,42.57339],[-71.22567,42.58004],[-71.23703,42.58531],[-71.24078,42.59057],[-71.24075,42.59228]]]}},{"type":"Feature","properties":{"unit_id":"25017332100","name":"Census Tract 3321 — Middlesex","native_id":"25017332100","source":"census_tract_2025","adm3_name":"Middlesex County","adm3_id":"25017","area_sqm":5959296,"split":false},"geometry":{"type":"Polygon","coordinates":[[[-71.22192,42.52514],[-71.22002,42.52467],[-71.21796,42.52405],[-71.21572,42.52761],[-71.21229,42.53301],[-71.21163,42.53404],[-71.20503,42.54447],[-71.20499,42.54449],[-71.20486,42.54436],[-71.1998,42.53955],[-71.19774,42.53841],[-71.19512,42.53566],[-71.19291,42.53449],[-71.17769,42.52188],[-71.17982,42.5216],[-71.18428,42.52256],[-71.18924,42.52128],[-71.19186,42.5169],[-71.18886,42.51325],[-71.19028,42.51212],[-71.19189,42.51224],[-71.19475,42.51031],[-71.19941,42.51011],[-71.20116,42.5111],[-71.20367,42.5142],[-71.20666,42.51579],[-71.21009,42.51844],[-71.2118,42.51968],[-71.22092,42.52481],[-71.22192,42.52514]]]}},{"type":"Feature","properties":{"unit_id":"25017359301","name":"Census Tract 3593.01 — Middlesex","native_id":"25017359301","source":"census_tract_2025","adm3_name":"Middlesex County","adm3_id":"25017","area_sqm":741811,"split":false},"geometry":{"type":"Polygon","coordinates":[[[-71.30411,42.47304],[-71.30187,42.47327],[-71.30082,42.47365],[-71.29872,42.47291],[-71.28968,42.46618],[-71.2893,42.46456],[-71.29885,42.46267],[-71.30117,42.466],[-71.29978,42.46683],[-71.30255,42.47126],[-71.30432,42.4714],[-71.30411,42.47304]]]}},{"type":"Feature","properties":{"unit_id":"25017357300","name":"Census Tract 3573 — Middlesex","native_id":"25017357300","source":"census_tract_2025","adm3_name":"Middlesex County","adm3_id":"25017","area_sqm":648735,"split":false},"geometry":{"type":"Polygon","coordinates":[[[-71.16526,42.386],[-71.16083,42.3865],[-71.16033,42.38644],[-71.15797,42.3828],[-71.15779,42.38221],[-71.15562,42.38148],[-71.15623,42.38064],[-71.15471,42.37609],[-71.15437,42.3751],[-71.15541,42.37516],[-71.15834,42.37606],[-71.16019,42.3765],[-71.16094,42.37665],[-71.16336,42.3768],[-71.1635,42.37702],[-71.16334,42.38177],[-71.16354,42.38248],[-71.16533,42.38565],[-71.16526,42.386]]]}},{"type":"Feature","properties":{"unit_id":"25025981202","name":"Census Tract 9812.02 — Suffolk","native_id":"25025981202","source":"census_tract_2025","adm3_name":"Suffolk County","adm3_id":"25025","area_sqm":1696453,"split":false},"geometry":{"type":"Polygon","coordinates":[[[-71.04707,42.3397],[-71.04141,42.34453],[-71.03949,42.34449],[-71.03745,42.34321],[-71.03513,42.3466],[-71.03599,42.3477],[-71.03397,42.35005],[-71.0139,42.34168],[-71.01095,42.33967],[-71.01337,42.33889],[-71.01801,42.33882],[-71.02195,42.33785],[-71.02513,42.33831],[-71.02932,42.33824],[-71.03549,42.33814],[-71.03752,42.3381],[-71.04247,42.33801],[-71.04398,42.33799],[-71.04556,42.33872],[-71.04707,42.3397]]]}},{"type":"Feature","properties":{"unit_id":"25017339803","name":"Census Tract 3398.03 — Middlesex","native_id":"25017339803","source":"census_tract_2025","adm3_name":"Middlesex County","adm3_id":"25017","area_sqm":757033,"split":false},"geometry":{"type":"Polygon","coordinates":[[[-71.08208,42.40349],[-71.08165,42.40467],[-71.08147,42.40508],[-71.08043,42.40805],[-71.07696,42.40745],[-71.0769,42.41074],[-71.0768,42.4132],[-71.07586,42.41327],[-71.0732,42.413],[-71.07199,42.41188],[-71.07355,42.40939],[-71.0713,42.40692],[-71.07281,42.40381],[-71.07599,42.39971],[-71.076,42.3964],[-71.07715,42.39678],[-71.08342,42.40001],[-71.08208,42.40349]]]}},{"type":"Feature","properties":{"unit_id":"25017332401","name":"Census Tract 3324.01 — Middlesex","native_id":"25017332401","source":"census_tract_2025","adm3_name":"Middlesex County","adm3_id":"25017","area_sqm":5303905,"split":false},"geometry":{"type":"Polygon","coordinates":[[[-71.22387,42.49675],[-71.21651,42.49901],[-71.2123,42.49999],[-71.20872,42.50197],[-71.20794,42.50347],[-71.20691,42.50405],[-71.20233,42.50428],[-71.20036,42.5049],[-71.19586,42.50499],[-71.19549,42.50285],[-71.19473,42.50087],[-71.19403,42.49867],[-71.19464,42.49487],[-71.19303,42.49128],[-71.1928,42.49095],[-71.19158,42.48848],[-71.19645,42.48527],[-71.20151,42.48258],[-71.20528,42.48103],[-71.21526,42.47793],[-71.21958,42.48421],[-71.22179,42.48746],[-71.22535,42.49401],[-71.22387,42.49675]]]}},{"type":"Feature","properties":{"unit_id":"25025120301","name":"Census Tract 1203.01 — Suffolk","native_id":"25025120301","source":"census_tract_2025","adm3_name":"Suffolk County","adm3_id":"25025","area_sqm":657613,"split":false},"geometry":{"type":"Polygon","coordinates":[[[-71.10629,42.31233],[-71.10447,42.31702],[-71.10294,42.3193],[-71.10119,42.31822],[-71.09845,42.31564],[-71.09948,42.31461],[-71.09919,42.31436],[-71.09625,42.31249],[-71.09683,42.31225],[-71.09785,42.31107],[-71.10072,42.30657],[-71.10269,42.30597],[-71.10245,42.30888],[-71.10456,42.30944],[-71.10734,42.31062],[-71.10629,42.31233]]]}},{"type":"Feature","properties":{"unit_id":"25017358700","name":"Census Tract 3587 — Middlesex","native_id":"25017358700","source":"census_tract_2025","adm3_name":"Middlesex County","adm3_id":"25017","area_sqm":7031417,"split":false},"geometry":{"type":"Polygon","coordinates":[[[-71.26242,42.4749],[-71.26152,42.47625],[-71.25669,42.47846],[-71.25199,42.48501],[-71.24418,42.48854],[-71.24091,42.49001],[-71.2234,42.47556],[-71.2232,42.47539],[-71.21338,42.46729],[-71.21224,42.46635],[-71.21468,42.46444],[-71.21501,42.46182],[-71.21344,42.46005],[-71.21444,42.46012],[-71.21487,42.45864],[-71.21547,42.45796],[-71.21654,42.45729],[-71.21687,42.45692],[-71.21739,42.45602],[-71.21778,42.45415],[-71.2181,42.45297],[-71.21877,42.45151],[-71.2204,42.45063],[-71.22001,42.44858],[-71.22062,42.44632],[-71.22201,42.4468],[-71.22508,42.44766],[-71.22759,42.44848],[-71.22998,42.45059],[-71.23043,42.45124],[-71.23087,42.4535],[-71.23191,42.45891],[-71.23044,42.45983],[-71.23095,42.46181],[-71.23278,42.46343],[-71.23211,42.46521],[-71.23283,42.4685],[-71.23546,42.47156],[-71.23763,42.47299],[-71.24118,42.47217],[-71.24491,42.47027],[-71.24675,42.47246],[-71.25166,42.4764],[-71.2538,42.47499],[-71.25486,42.47561],[-71.26106,42.47328],[-71.26331,42.47359],[-71.26242,42.4749]]]}},{"type":"Feature","properties":{"unit_id":"25017383102","name":"Census Tract 3831.02 — Middlesex","native_id":"25017383102","source":"census_tract_2025","adm3_name":"Middlesex County","adm3_id":"25017","area_sqm":1178988,"split":false},"geometry":{"type":"Polygon","coordinates":[[[-71.41497,42.27735],[-71.40623,42.27924],[-71.39971,42.28112],[-71.39959,42.28116],[-71.39939,42.28061],[-71.39722,42.27901],[-71.39655,42.27597],[-71.39586,42.27291],[-71.39373,42.27252],[-71.39037,42.27192],[-71.39359,42.26739],[-71.39362,42.26736],[-71.39799,42.26923],[-71.41198,42.27683],[-71.41497,42.27735]]]}},{"type":"Feature","properties":{"unit_id":"25017357500","name":"Census Tract 3575 — Middlesex","native_id":"25017357500","source":"census_tract_2025","adm3_name":"Middlesex County","adm3_id":"25017","area_sqm":483919,"split":false},"geometry":{"type":"Polygon","coordinates":[[[-71.18109,42.38025],[-71.18106,42.38131],[-71.18004,42.38248],[-71.1793,42.38707],[-71.17878,42.38769],[-71.17827,42.38715],[-71.17525,42.38506],[-71.17493,42.38625],[-71.17164,42.38654],[-71.1694,42.38644],[-71.17078,42.3832],[-71.17502,42.38186],[-71.17459,42.38051],[-71.1756,42.37944],[-71.17546,42.37941],[-71.17548,42.37938],[-71.17765,42.37974],[-71.17953,42.38017],[-71.18111,42.38018],[-71.18109,42.38025]]]}},{"type":"Feature","properties":{"unit_id":"25017333100","name":"Census Tract 3331 — Middlesex","native_id":"25017333100","source":"census_tract_2025","adm3_name":"Middlesex County","adm3_id":"25017","area_sqm":7100683,"split":false},"geometry":{"type":"Polygon","coordinates":[[[-71.20697,42.46362],[-71.20432,42.46585],[-71.18828,42.4797],[-71.1874,42.47936],[-71.18548,42.47997],[-71.18644,42.48101],[-71.18464,42.48173],[-71.18294,42.48212],[-71.18183,42.48033],[-71.18106,42.47954],[-71.17555,42.47132],[-71.17438,42.4699],[-71.15689,42.4624],[-71.15524,42.46248],[-71.15303,42.46249],[-71.15624,42.45692],[-71.16434,42.45976],[-71.17567,42.45531],[-71.18963,42.44983],[-71.19057,42.45045],[-71.19324,42.45264],[-71.19541,42.45359],[-71.19601,42.45428],[-71.19845,42.45698],[-71.20213,42.45985],[-71.20614,42.46299],[-71.20697,42.46362]]]}},{"type":"Feature","properties":{"unit_id":"25025081001","name":"Census Tract 810.01 — Suffolk","native_id":"25025081001","source":"census_tract_2025","adm3_name":"Suffolk County","adm3_id":"25025","area_sqm":559703,"split":false},"geometry":{"type":"Polygon","coordinates":[[[-71.11302,42.33193],[-71.10989,42.33538],[-71.11006,42.33631],[-71.1107,42.33718],[-71.11,42.34032],[-71.10539,42.33786],[-71.10094,42.33617],[-71.10031,42.33594],[-71.10243,42.33515],[-71.10491,42.33419],[-71.1056,42.33241],[-71.10517,42.33101],[-71.10308,42.33053],[-71.10229,42.33035],[-71.10086,42.33],[-71.09894,42.32913],[-71.09937,42.328],[-71.10128,42.32935],[-71.10626,42.33062],[-71.1085,42.3306],[-71.1089,42.33071],[-71.10956,42.33097],[-71.10959,42.3332],[-71.11024,42.33304],[-71.1123,42.332],[-71.11302,42.33193]]]}},{"type":"Feature","properties":{"unit_id":"25017335302","name":"Census Tract 3353.02 — Middlesex","native_id":"25017335302","source":"census_tract_2025","adm3_name":"Middlesex County","adm3_id":"25017","area_sqm":5214957,"split":false},"geometry":{"type":"Polygon","coordinates":[[[-71.06669,42.50356],[-71.0656,42.505],[-71.06408,42.51247],[-71.06352,42.51484],[-71.06231,42.51698],[-71.05751,42.52417],[-71.04098,42.52626],[-71.0386,42.52396],[-71.04091,42.52172],[-71.04099,42.51985],[-71.04011,42.51724],[-71.0383,42.51626],[-71.03948,42.51454],[-71.03656,42.51244],[-71.03663,42.51177],[-71.03695,42.51042],[-71.0349,42.50676],[-71.03584,42.50519],[-71.03872,42.50272],[-71.04223,42.50234],[-71.04377,42.5012],[-71.04209,42.49827],[-71.04875,42.49981],[-71.05057,42.50019],[-71.05573,42.5017],[-71.05777,42.50291],[-71.06093,42.50326],[-71.06312,42.50278],[-71.06457,42.50254],[-71.06729,42.5028],[-71.06669,42.50356]]]}},{"type":"Feature","properties":{"unit_id":"25017333501","name":"Census Tract 3335.01 — Middlesex","native_id":"25017333501","source":"census_tract_2025","adm3_name":"Middlesex County","adm3_id":"25017","area_sqm":3226062,"split":false},"geometry":{"type":"Polygon","coordinates":[[[-71.16891,42.49055],[-71.16849,42.49748],[-71.1581,42.49922],[-71.14854,42.50047],[-71.14224,42.50128],[-71.14345,42.49639],[-71.14204,42.49449],[-71.13851,42.49526],[-71.13714,42.49405],[-71.13662,42.49068],[-71.13522,42.48792],[-71.13573,42.48773],[-71.1368,42.48743],[-71.14118,42.48736],[-71.14438,42.48925],[-71.15046,42.49075],[-71.15352,42.49055],[-71.15204,42.48569],[-71.15635,42.48705],[-71.15985,42.48483],[-71.17019,42.48898],[-71.16891,42.49055]]]}},{"type":"Feature","properties":{"unit_id":"25025082000","name":"Census Tract 820 — Suffolk","native_id":"25025082000","source":"census_tract_2025","adm3_name":"Suffolk County","adm3_id":"25025","area_sqm":392156,"split":false},"geometry":{"type":"Polygon","coordinates":[[[-71.08833,42.31461],[-71.0869,42.31639],[-71.08651,42.31705],[-71.08458,42.31679],[-71.08285,42.31636],[-71.081,42.31576],[-71.07882,42.31461],[-71.07968,42.31322],[-71.08009,42.31269],[-71.08031,42.31242],[-71.08201,42.31026],[-71.08267,42.30953],[-71.08325,42.3106],[-71.08392,42.31058],[-71.08586,42.31169],[-71.08832,42.31289],[-71.0894,42.31326],[-71.08833,42.31461]]]}},{"type":"Feature","properties":{"unit_id":"25017336404","name":"Census Tract 3364.04 — Middlesex","native_id":"25017336404","source":"census_tract_2025","adm3_name":"Middlesex County","adm3_id":"25017","area_sqm":1205426,"split":false},"geometry":{"type":"Polygon","coordinates":[[[-71.06861,42.45182],[-71.06914,42.45199],[-71.06901,42.45296],[-71.06646,42.45314],[-71.06329,42.45331],[-71.06174,42.45203],[-71.05972,42.44978],[-71.05959,42.44923],[-71.0592,42.44749],[-71.05804,42.44776],[-71.05652,42.44468],[-71.05483,42.44338],[-71.05196,42.44291],[-71.05027,42.4422],[-71.05543,42.44167],[-71.06766,42.44041],[-71.06809,42.44523],[-71.06951,42.44514],[-71.06861,42.45182]]]}},{"type":"Feature","properties":{"unit_id":"25017351403","name":"Census Tract 3514.03 — Middlesex","native_id":"25017351403","source":"census_tract_2025","adm3_name":"Middlesex County","adm3_id":"25017","area_sqm":334417,"split":false},"geometry":{"type":"Polygon","coordinates":[[[-71.0895,42.38823],[-71.08933,42.38846],[-71.0882,42.3896],[-71.08597,42.38863],[-71.08419,42.3878],[-71.08234,42.38717],[-71.08081,42.38674],[-71.07764,42.38584],[-71.07873,42.38431],[-71.07943,42.38332],[-71.08062,42.38376],[-71.08268,42.38414],[-71.08421,42.38456],[-71.08784,42.38569],[-71.09048,42.38652],[-71.0895,42.38823]]]}},{"type":"Feature","properties":{"unit_id":"25017321200","name":"Census Tract 3212 — Middlesex","native_id":"25017321200","source":"census_tract_2025","adm3_name":"Middlesex County","adm3_id":"25017","area_sqm":4596521,"split":false},"geometry":{"type":"Polygon","coordinates":[[[-71.54279,42.34693],[-71.54338,42.34716],[-71.54175,42.3492],[-71.54085,42.35107],[-71.53426,42.35122],[-71.53353,42.35142],[-71.53104,42.35231],[-71.53059,42.35225],[-71.52664,42.34951],[-71.51939,42.34956],[-71.51801,42.34934],[-71.51404,42.34767],[-71.51114,42.34748],[-71.50857,42.34768],[-71.50785,42.34795],[-71.5139,42.34276],[-71.51563,42.34252],[-71.51571,42.33905],[-71.51473,42.33597],[-71.51219,42.3347],[-71.51082,42.33254],[-71.51124,42.32881],[-71.51653,42.33034],[-71.53188,42.32859],[-71.53732,42.32797],[-71.54104,42.33223],[-71.54147,42.33451],[-71.54261,42.34273],[-71.54348,42.34521],[-71.54279,42.34693]]]}},{"type":"Feature","properties":{"unit_id":"25025110403","name":"Census Tract 1104.03 — Suffolk","native_id":"25025110403","source":"census_tract_2025","adm3_name":"Suffolk County","adm3_id":"25025","area_sqm":942866,"split":false},"geometry":{"type":"Polygon","coordinates":[[[-71.13478,42.2769],[-71.13276,42.2786],[-71.12975,42.28146],[-71.12908,42.28097],[-71.12794,42.28267],[-71.12513,42.28449],[-71.12404,42.283],[-71.12243,42.28183],[-71.12068,42.2807],[-71.11971,42.28029],[-71.11999,42.27882],[-71.12029,42.27855],[-71.12144,42.27464],[-71.12146,42.27378],[-71.12491,42.2727],[-71.12579,42.27347],[-71.12825,42.27425],[-71.12867,42.2739],[-71.13112,42.27305],[-71.1327,42.27404],[-71.13164,42.27491],[-71.13463,42.27678],[-71.13478,42.2769]]]}},{"type":"Feature","properties":{"unit_id":"25017365100","name":"Census Tract 3651 — Middlesex","native_id":"25017365100","source":"census_tract_2025","adm3_name":"Middlesex County","adm3_id":"25017","area_sqm":30457426,"split":false},"geometry":{"type":"Polygon","coordinates":[[[-71.47107,42.39624],[-71.46944,42.40259],[-71.44268,42.40695],[-71.43659,42.42174],[-71.43581,42.42366],[-71.43449,42.42686],[-71.43039,42.43694],[-71.42278,42.43406],[-71.41458,42.43096],[-71.40543,42.42751],[-71.39626,42.42402],[-71.37459,42.41584],[-71.36634,42.41272],[-71.36743,42.41214],[-71.36734,42.41088],[-71.37434,42.40816],[-71.37472,42.40758],[-71.37392,42.40576],[-71.37037,42.40508],[-71.36809,42.40392],[-71.37008,42.40105],[-71.36723,42.4002],[-71.37001,42.39852],[-71.36945,42.39785],[-71.36393,42.39621],[-71.36178,42.39601],[-71.3623,42.39388],[-71.36198,42.39263],[-71.36284,42.3918],[-71.36403,42.39238],[-71.36531,42.39123],[-71.36453,42.39034],[-71.36572,42.3894],[-71.36901,42.38986],[-71.37009,42.38854],[-71.37215,42.38937],[-71.37282,42.38721],[-71.37547,42.38868],[-71.37719,42.38782],[-71.37726,42.3867],[-71.37854,42.3858],[-71.37883,42.38443],[-71.38136,42.38342],[-71.38404,42.37998],[-71.38297,42.37821],[-71.38348,42.37661],[-71.38747,42.37541],[-71.38781,42.37528],[-71.39381,42.37685],[-71.39872,42.37653],[-71.40366,42.37807],[-71.40833,42.38003],[-71.41132,42.38238],[-71.41532,42.38302],[-71.41831,42.3849],[-71.42386,42.38639],[-71.42849,42.38797],[-71.4315,42.38811],[-71.43556,42.38917],[-71.44209,42.39167],[-71.44555,42.39184],[-71.45219,42.39258],[-71.45692,42.3926],[-71.46042,42.39196],[-71.4628,42.39204],[-71.46841,42.39471],[-71.47134,42.39518],[-71.47107,42.39624]]]}},{"type":"Feature","properties":{"unit_id":"25017334400","name":"Census Tract 3344 — Middlesex","native_id":"25017334400","source":"census_tract_2025","adm3_name":"Middlesex County","adm3_id":"25017","area_sqm":9156852,"split":false},"geometry":{"type":"Polygon","coordinates":[[[-71.10512,42.53685],[-71.10407,42.54083],[-71.10151,42.54036],[-71.10048,42.5395],[-71.0956,42.53956],[-71.09276,42.53898],[-71.08952,42.54367],[-71.09073,42.54622],[-71.0949,42.54943],[-71.09605,42.55103],[-71.09588,42.55485],[-71.09282,42.55927],[-71.08989,42.55822],[-71.07098,42.55589],[-71.07515,42.53104],[-71.07975,42.52672],[-71.0801,42.52639],[-71.08109,42.52547],[-71.08373,42.52526],[-71.09306,42.51553],[-71.09584,42.51262],[-71.09746,42.51025],[-71.09429,42.50709],[-71.09964,42.50643],[-71.10073,42.50224],[-71.10179,42.50213],[-71.10336,42.5056],[-71.1042,42.50798],[-71.10331,42.52002],[-71.10321,42.52111],[-71.10305,42.52326],[-71.10299,42.52354],[-71.10279,42.52408],[-71.10218,42.52575],[-71.10204,42.52623],[-71.10241,42.52792],[-71.10513,42.53616],[-71.10512,42.53685]]]}},{"type":"Feature","properties":{"unit_id":"25017336403","name":"Census Tract 3364.03 — Middlesex","native_id":"25017336403","source":"census_tract_2025","adm3_name":"Middlesex County","adm3_id":"25017","area_sqm":1278126,"split":false},"geometry":{"type":"Polygon","coordinates":[[[-71.08212,42.44394],[-71.0806,42.45314],[-71.08047,42.45303],[-71.07603,42.45055],[-71.07506,42.4478],[-71.07156,42.44808],[-71.07072,42.44901],[-71.07002,42.45223],[-71.06956,42.45211],[-71.0693,42.45204],[-71.06914,42.45199],[-71.06861,42.45182],[-71.06951,42.44514],[-71.06809,42.44523],[-71.06766,42.44041],[-71.07055,42.44012],[-71.07162,42.44],[-71.07401,42.43976],[-71.08292,42.43884],[-71.08212,42.44394]]]}},{"type":"Feature","properties":{"unit_id":"25017385204","name":"Census Tract 3852.04 — Middlesex","native_id":"25017385204","source":"census_tract_2025","adm3_name":"Middlesex County","adm3_id":"25017","area_sqm":3743435,"split":false},"geometry":{"type":"Polygon","coordinates":[[[-71.4645,42.26001],[-71.46003,42.25965],[-71.45579,42.25996],[-71.45251,42.26113],[-71.45086,42.26206],[-71.44859,42.26446],[-71.44462,42.27059],[-71.43113,42.2635],[-71.42927,42.26253],[-71.43001,42.26077],[-71.43242,42.26025],[-71.43455,42.25872],[-71.43824,42.25396],[-71.44092,42.25198],[-71.44145,42.25074],[-71.43994,42.2487],[-71.44379,42.24762],[-71.44664,42.24365],[-71.45097,42.24469],[-71.45416,42.24965],[-71.46406,42.25954],[-71.4645,42.26001]]]}},{"type":"Feature","properties":{"unit_id":"25017337300","name":"Census Tract 3373 — Middlesex","native_id":"25017337300","source":"census_tract_2025","adm3_name":"Middlesex County","adm3_id":"25017","area_sqm":4025935,"split":false},"geometry":{"type":"Polygon","coordinates":[[[-71.11462,42.46334],[-71.10952,42.47389],[-71.11206,42.47382],[-71.11317,42.4787],[-71.11063,42.47877],[-71.10974,42.47898],[-71.1039,42.48312],[-71.10112,42.48582],[-71.10012,42.48617],[-71.0993,42.48631],[-71.09966,42.48506],[-71.09461,42.48133],[-71.09344,42.47911],[-71.09407,42.47684],[-71.09484,42.47582],[-71.0948,42.47456],[-71.09704,42.47375],[-71.09793,42.46974],[-71.0966,42.46724],[-71.10049,42.46721],[-71.10085,42.46578],[-71.10167,42.46305],[-71.10135,42.46021],[-71.10224,42.45904],[-71.10235,42.45719],[-71.10472,42.44885],[-71.1194,42.45345],[-71.11462,42.46334]]]}},{"type":"Feature","properties":{"unit_id":"25017350600","name":"Census Tract 3506 — Middlesex","native_id":"25017350600","source":"census_tract_2025","adm3_name":"Middlesex County","adm3_id":"25017","area_sqm":517206,"split":false},"geometry":{"type":"Polygon","coordinates":[[[-71.12725,42.40329],[-71.12584,42.40544],[-71.12494,42.40684],[-71.1272,42.40768],[-71.12615,42.40927],[-71.12569,42.40998],[-71.12336,42.40919],[-71.12329,42.40917],[-71.12388,42.40823],[-71.12167,42.40709],[-71.11742,42.40583],[-71.1172,42.40402],[-71.11691,42.4013],[-71.11706,42.40118],[-71.11696,42.40091],[-71.11909,42.4008],[-71.12073,42.4011],[-71.12175,42.40133],[-71.12223,42.40146],[-71.12433,42.40203],[-71.12496,42.40229],[-71.12691,42.40315],[-71.12725,42.40329]]]}},{"type":"Feature","properties":{"unit_id":"25017374600","name":"Census Tract 3746 — Middlesex","native_id":"25017374600","source":"census_tract_2025","adm3_name":"Middlesex County","adm3_id":"25017","area_sqm":1690923,"split":false},"geometry":{"type":"Polygon","coordinates":[[[-71.23932,42.35999],[-71.23762,42.3605],[-71.23659,42.3608],[-71.23148,42.36232],[-71.22664,42.36375],[-71.22623,42.36387],[-71.22329,42.36111],[-71.2227,42.36019],[-71.22241,42.35941],[-71.22369,42.3555],[-71.22401,42.35326],[-71.22636,42.35128],[-71.22634,42.34939],[-71.2319,42.34802],[-71.23213,42.34757],[-71.23533,42.34755],[-71.23494,42.34864],[-71.23824,42.34996],[-71.23807,42.35186],[-71.23624,42.35266],[-71.23194,42.35289],[-71.23357,42.35397],[-71.23753,42.35668],[-71.24308,42.35887],[-71.23932,42.35999]]]}},{"type":"Feature","properties":{"unit_id":"25017356300","name":"Census Tract 3563 — Middlesex","native_id":"25017356300","source":"census_tract_2025","adm3_name":"Middlesex County","adm3_id":"25017","area_sqm":1055273,"split":false},"geometry":{"type":"Polygon","coordinates":[[[-71.15141,42.41665],[-71.14908,42.41621],[-71.14844,42.41643],[-71.14471,42.4201],[-71.14292,42.42058],[-71.14285,42.41954],[-71.14154,42.41838],[-71.14109,42.41767],[-71.14008,42.41643],[-71.13836,42.41549],[-71.13311,42.41539],[-71.13244,42.41522],[-71.13252,42.41457],[-71.13289,42.41197],[-71.1324,42.40897],[-71.13387,42.40704],[-71.13706,42.40854],[-71.13745,42.40872],[-71.14153,42.41069],[-71.14248,42.4111],[-71.14327,42.41143],[-71.14434,42.41188],[-71.14719,42.41305],[-71.15139,42.41466],[-71.15329,42.41544],[-71.15141,42.41665]]]}},{"type":"Feature","properties":{"unit_id":"25025981300","name":"Census Tract 9813 — Suffolk","native_id":"25025981300","source":"census_tract_2025","adm3_name":"Suffolk County","adm3_id":"25025","area_sqm":6986630,"split":false},"geometry":{"type":"Polygon","coordinates":[[[-71.0326,42.36867],[-71.0312,42.37018],[-71.03036,42.37017],[-71.02809,42.36912],[-71.03028,42.37394],[-71.0321,42.37349],[-71.02773,42.37721],[-71.02513,42.37975],[-71.02156,42.38014],[-71.01601,42.38092],[-71.01347,42.37955],[-71.01345,42.38087],[-71.01127,42.38065],[-71.00291,42.37853],[-71.00021,42.37775],[-70.99799,42.3782],[-70.99381,42.37712],[-70.99619,42.3762],[-70.99785,42.37263],[-71.00024,42.37242],[-71.00282,42.36595],[-71.00162,42.36468],[-70.99772,42.36056],[-70.98803,42.36188],[-70.98589,42.35906],[-70.98532,42.35832],[-70.98574,42.35793],[-70.98955,42.3545],[-70.99434,42.35391],[-70.99958,42.35641],[-71.00374,42.35604],[-71.00558,42.34736],[-71.00781,42.34714],[-71.0277,42.35863],[-71.02635,42.36182],[-71.02646,42.36221],[-71.02629,42.36384],[-71.0281,42.36543],[-71.03279,42.36821],[-71.0326,42.36867]]]}},{"type":"Feature","properties":{"unit_id":"25017382100","name":"Census Tract 3821 — Middlesex","native_id":"25017382100","source":"census_tract_2025","adm3_name":"Middlesex County","adm3_id":"25017","area_sqm":5822542,"split":false},"geometry":{"type":"Polygon","coordinates":[[[-71.36308,42.31585],[-71.35991,42.31715],[-71.3552,42.31717],[-71.34589,42.31493],[-71.34216,42.31911],[-71.33903,42.32262],[-71.33852,42.32322],[-71.33752,42.32513],[-71.33375,42.3324],[-71.33083,42.33197],[-71.32878,42.33168],[-71.32841,42.32893],[-71.32744,42.32111],[-71.32733,42.31375],[-71.32975,42.31299],[-71.3264,42.3044],[-71.32635,42.30429],[-71.32962,42.30405],[-71.33204,42.3035],[-71.33261,42.30337],[-71.33636,42.30248],[-71.34104,42.30197],[-71.35231,42.30076],[-71.35989,42.29993],[-71.35994,42.30003],[-71.36152,42.30407],[-71.36179,42.30745],[-71.36128,42.30966],[-71.36037,42.31235],[-71.36037,42.31406],[-71.36209,42.31507],[-71.36308,42.31585]]]}},{"type":"Feature","properties":{"unit_id":"25017357700","name":"Census Tract 3577 — Middlesex","native_id":"25017357700","source":"census_tract_2025","adm3_name":"Middlesex County","adm3_id":"25017","area_sqm":3000998,"split":false},"geometry":{"type":"Polygon","coordinates":[[[-71.2076,42.40978],[-71.20318,42.41428],[-71.20134,42.41022],[-71.19805,42.40613],[-71.19648,42.40342],[-71.19315,42.40124],[-71.18406,42.39838],[-71.18251,42.39827],[-71.18142,42.3965],[-71.17806,42.39648],[-71.1802,42.39449],[-71.17981,42.39431],[-71.18366,42.39077],[-71.18239,42.38941],[-71.18217,42.38833],[-71.18067,42.38893],[-71.17878,42.38769],[-71.1793,42.38707],[-71.18004,42.38248],[-71.18333,42.3853],[-71.18487,42.3859],[-71.18586,42.38626],[-71.18697,42.38666],[-71.19067,42.38593],[-71.19027,42.38529],[-71.1928,42.38456],[-71.19418,42.38603],[-71.19446,42.38632],[-71.19652,42.38956],[-71.19674,42.39054],[-71.19794,42.39278],[-71.19633,42.39403],[-71.19663,42.39523],[-71.19943,42.39732],[-71.20062,42.39946],[-71.2018,42.40137],[-71.20197,42.40278],[-71.20263,42.4037],[-71.21126,42.40607],[-71.2076,42.40978]]]}},{"type":"Feature","properties":{"unit_id":"25017317201","name":"Census Tract 3172.01 — Middlesex","native_id":"25017317201","source":"census_tract_2025","adm3_name":"Middlesex County","adm3_id":"25017","area_sqm":5175003,"split":false},"geometry":{"type":"Polygon","coordinates":[[[-71.40709,42.61643],[-71.40377,42.61838],[-71.40343,42.61888],[-71.40202,42.61772],[-71.40144,42.6172],[-71.39726,42.61967],[-71.392,42.62015],[-71.39281,42.61759],[-71.39134,42.61486],[-71.38942,42.61548],[-71.38792,42.61393],[-71.38912,42.61311],[-71.38863,42.60929],[-71.38606,42.60818],[-71.39282,42.60521],[-71.39117,42.60306],[-71.38897,42.59783],[-71.3867,42.59832],[-71.38453,42.60059],[-71.38182,42.59886],[-71.37934,42.59974],[-71.37664,42.59879],[-71.37184,42.60059],[-71.37081,42.6019],[-71.36817,42.60076],[-71.37127,42.59953],[-71.37323,42.59752],[-71.37891,42.59305],[-71.37916,42.59193],[-71.38305,42.58995],[-71.38826,42.58831],[-71.39193,42.58517],[-71.39781,42.58306],[-71.40023,42.59108],[-71.40198,42.59981],[-71.4054,42.61039],[-71.40709,42.61643]]]}},{"type":"Feature","properties":{"unit_id":"25017387201","name":"Census Tract 3872.01 — Middlesex","native_id":"25017387201","source":"census_tract_2025","adm3_name":"Middlesex County","adm3_id":"25017","area_sqm":12977623,"split":false},"geometry":{"type":"Polygon","coordinates":[[[-71.45856,42.23211],[-71.44606,42.23407],[-71.43149,42.23636],[-71.42007,42.23812],[-71.41744,42.23796],[-71.41649,42.23668],[-71.41355,42.23481],[-71.41273,42.23075],[-71.41304,42.22964],[-71.41234,42.22789],[-71.41006,42.2264],[-71.40968,42.22401],[-71.40863,42.22172],[-71.41009,42.21982],[-71.41002,42.21875],[-71.41027,42.21836],[-71.41254,42.217],[-71.41808,42.215],[-71.42066,42.21348],[-71.41864,42.21191],[-71.41776,42.20984],[-71.41776,42.20966],[-71.41837,42.20843],[-71.4229,42.20328],[-71.42495,42.20015],[-71.42859,42.19559],[-71.43131,42.19239],[-71.43528,42.18884],[-71.43736,42.19107],[-71.43949,42.1892],[-71.44266,42.19388],[-71.44396,42.19774],[-71.44887,42.20331],[-71.44861,42.20476],[-71.44608,42.20555],[-71.44594,42.20653],[-71.44903,42.2107],[-71.45014,42.21506],[-71.45252,42.22052],[-71.45406,42.2232],[-71.45732,42.23108],[-71.45856,42.23211]]]}},{"type":"Feature","properties":{"unit_id":"25017321500","name":"Census Tract 3215 — Middlesex","native_id":"25017321500","source":"census_tract_2025","adm3_name":"Middlesex County","adm3_id":"25017","area_sqm":7258898,"split":false},"geometry":{"type":"Polygon","coordinates":[[[-71.59429,42.3682],[-71.57014,42.37072],[-71.56861,42.37089],[-71.56205,42.37158],[-71.56209,42.3695],[-71.55927,42.36626],[-71.55535,42.36444],[-71.5531,42.36248],[-71.55148,42.35744],[-71.54927,42.35477],[-71.54686,42.3518],[-71.54615,42.35019],[-71.54958,42.34961],[-71.55201,42.349],[-71.55272,42.34886],[-71.55951,42.3459],[-71.5654,42.34314],[-71.56625,42.34309],[-71.57017,42.34141],[-71.57501,42.34123],[-71.57487,42.34538],[-71.57526,42.34736],[-71.57682,42.35047],[-71.5787,42.35257],[-71.59096,42.36392],[-71.59429,42.3682]]]}},{"type":"Feature","properties":{"unit_id":"25025050400","name":"Census Tract 504 — Suffolk","native_id":"25025050400","source":"census_tract_2025","adm3_name":"Suffolk County","adm3_id":"25025","area_sqm":131776,"split":false},"geometry":{"type":"Polygon","coordinates":[[[-71.04029,42.37074],[-71.03764,42.36958],[-71.03699,42.36929],[-71.03475,42.36831],[-71.03573,42.36713],[-71.03683,42.36572],[-71.03933,42.36682],[-71.03869,42.36841],[-71.03892,42.3685],[-71.04126,42.36953],[-71.04029,42.37074]]]}},{"type":"Feature","properties":{"unit_id":"25025050600","name":"Census Tract 506 — Suffolk","native_id":"25025050600","source":"census_tract_2025","adm3_name":"Suffolk County","adm3_id":"25025","area_sqm":171854,"split":false},"geometry":{"type":"Polygon","coordinates":[[[-71.03903,42.37237],[-71.03907,42.37417],[-71.03878,42.37493],[-71.0379,42.37445],[-71.03445,42.37271],[-71.03474,42.37246],[-71.03392,42.37193],[-71.03699,42.36929],[-71.03764,42.36958],[-71.04029,42.37074],[-71.03903,42.37237]]]}},{"type":"Feature","properties":{"unit_id":"25017311600","name":"Census Tract 3116 — Middlesex","native_id":"25017311600","source":"census_tract_2025","adm3_name":"Middlesex County","adm3_id":"25017","area_sqm":3519686,"split":false},"geometry":{"type":"Polygon","coordinates":[[[-71.35029,42.62634],[-71.3498,42.62955],[-71.34866,42.63013],[-71.34807,42.62846],[-71.34455,42.62912],[-71.3439,42.63119],[-71.34166,42.63002],[-71.339,42.63033],[-71.33769,42.62654],[-71.33549,42.62678],[-71.33329,42.62707],[-71.3322,42.62734],[-71.33158,42.62729],[-71.32956,42.62675],[-71.32432,42.62643],[-71.32301,42.62608],[-71.32136,42.6256],[-71.31914,42.62496],[-71.31953,42.62177],[-71.31868,42.61831],[-71.31995,42.61597],[-71.31839,42.61395],[-71.31685,42.61369],[-71.31931,42.61357],[-71.31888,42.60854],[-71.3199,42.6069],[-71.32381,42.60757],[-71.32528,42.61138],[-71.32565,42.61316],[-71.32794,42.61315],[-71.32838,42.61346],[-71.32883,42.61377],[-71.3518,42.62278],[-71.35029,42.62634]]]}},{"type":"Feature","properties":{"unit_id":"25025000806","name":"Census Tract 8.06 — Suffolk","native_id":"25025000806","source":"census_tract_2025","adm3_name":"Suffolk County","adm3_id":"25025","area_sqm":1417184,"split":false},"geometry":{"type":"Polygon","coordinates":[[[-71.13545,42.36485],[-71.1328,42.36613],[-71.13065,42.36854],[-71.13029,42.37198],[-71.12881,42.37274],[-71.12712,42.37182],[-71.12682,42.37027],[-71.12531,42.36886],[-71.12196,42.36781],[-71.11979,42.36767],[-71.11835,42.36691],[-71.11765,42.36091],[-71.11842,42.35654],[-71.11813,42.35509],[-71.12002,42.35472],[-71.12073,42.35462],[-71.12509,42.35524],[-71.1314,42.3561],[-71.12972,42.35665],[-71.12803,42.35726],[-71.12318,42.359],[-71.12467,42.36247],[-71.12304,42.36375],[-71.12976,42.3632],[-71.13022,42.36269],[-71.13309,42.36338],[-71.13533,42.36317],[-71.13545,42.36485]]]}},{"type":"Feature","properties":{"unit_id":"25025081301","name":"Census Tract 813.01 — Suffolk","native_id":"25025081301","source":"census_tract_2025","adm3_name":"Suffolk County","adm3_id":"25025","area_sqm":235660,"split":false},"geometry":{"type":"Polygon","coordinates":[[[-71.10294,42.3193],[-71.10002,42.32277],[-71.09932,42.32399],[-71.09892,42.32502],[-71.0984,42.32493],[-71.09862,42.3242],[-71.09841,42.31957],[-71.09831,42.31579],[-71.09515,42.31328],[-71.09625,42.31249],[-71.09919,42.31436],[-71.09948,42.31461],[-71.09845,42.31564],[-71.10119,42.31822],[-71.10294,42.3193]]]}},{"type":"Feature","properties":{"unit_id":"25017370401","name":"Census Tract 3704.01 — Middlesex","native_id":"25017370401","source":"census_tract_2025","adm3_name":"Middlesex County","adm3_id":"25017","area_sqm":674356,"split":false},"geometry":{"type":"Polygon","coordinates":[[[-71.18112,42.36667],[-71.17983,42.36747],[-71.17829,42.36817],[-71.17598,42.36846],[-71.17419,42.36896],[-71.17165,42.36995],[-71.16692,42.37],[-71.16502,42.37061],[-71.16594,42.36686],[-71.16585,42.36613],[-71.16666,42.36444],[-71.16686,42.36411],[-71.16701,42.36386],[-71.17137,42.36424],[-71.18434,42.36523],[-71.18112,42.36667]]]}},{"type":"Feature","properties":{"unit_id":"25017331300","name":"Census Tract 3313 — Middlesex","native_id":"25017331300","source":"census_tract_2025","adm3_name":"Middlesex County","adm3_id":"25017","area_sqm":12913433,"split":false},"geometry":{"type":"Polygon","coordinates":[[[-71.21867,42.56165],[-71.21795,42.56157],[-71.21574,42.56256],[-71.21507,42.56504],[-71.21443,42.56496],[-71.21508,42.56802],[-71.21513,42.57054],[-71.20613,42.56673],[-71.19199,42.5613],[-71.18567,42.55685],[-71.17884,42.55199],[-71.17639,42.54905],[-71.17435,42.54664],[-71.17392,42.54625],[-71.17073,42.54364],[-71.15643,42.5321],[-71.15195,42.52802],[-71.14918,42.52426],[-71.15808,42.52055],[-71.17003,42.51554],[-71.17014,42.51562],[-71.17769,42.52188],[-71.19291,42.53449],[-71.19512,42.53566],[-71.19774,42.53841],[-71.1998,42.53955],[-71.20486,42.54436],[-71.20499,42.54449],[-71.20641,42.54583],[-71.20981,42.54602],[-71.21237,42.54754],[-71.21052,42.54805],[-71.20983,42.55144],[-71.21139,42.55307],[-71.20887,42.55454],[-71.21135,42.55629],[-71.21802,42.56102],[-71.21867,42.56165]]]}},{"type":"Feature","properties":{"unit_id":"25017342202","name":"Census Tract 3422.02 — Middlesex","native_id":"25017342202","source":"census_tract_2025","adm3_name":"Middlesex County","adm3_id":"25017","area_sqm":475303,"split":false},"geometry":{"type":"Polygon","coordinates":[[[-71.05283,42.42116],[-71.05066,42.42275],[-71.04279,42.42334],[-71.04093,42.42345],[-71.04272,42.42146],[-71.04492,42.41901],[-71.04667,42.41698],[-71.0482,42.41515],[-71.04952,42.41734],[-71.04999,42.41772],[-71.0503,42.4179],[-71.05458,42.42003],[-71.05283,42.42116]]]}},{"type":"Feature","properties":{"unit_id":"25017318300","name":"Census Tract 3183 — Middlesex","native_id":"25017318300","source":"census_tract_2025","adm3_name":"Middlesex County","adm3_id":"25017","area_sqm":23832023,"split":false},"geometry":{"type":"Polygon","coordinates":[[[-71.48183,42.56569],[-71.48111,42.57059],[-71.47789,42.57299],[-71.47598,42.57319],[-71.47422,42.5754],[-71.47498,42.57671],[-71.46839,42.5785],[-71.4661,42.57843],[-71.46558,42.58128],[-71.4787,42.5816],[-71.47906,42.5858],[-71.47131,42.59202],[-71.46878,42.5929],[-71.46386,42.59167],[-71.46059,42.59141],[-71.45939,42.59122],[-71.45983,42.59217],[-71.44928,42.59513],[-71.43917,42.59689],[-71.43513,42.59732],[-71.43261,42.59743],[-71.43173,42.59762],[-71.42263,42.60162],[-71.42011,42.60322],[-71.41099,42.60998],[-71.41024,42.60764],[-71.4054,42.61039],[-71.40198,42.59981],[-71.40023,42.59108],[-71.39781,42.58306],[-71.39767,42.58267],[-71.41375,42.57708],[-71.41795,42.57513],[-71.42109,42.57314],[-71.42592,42.5694],[-71.43752,42.56055],[-71.44051,42.55879],[-71.44553,42.55703],[-71.44991,42.55605],[-71.46884,42.55175],[-71.47734,42.55657],[-71.47738,42.5566],[-71.48002,42.55809],[-71.48119,42.563],[-71.48183,42.56569]]]}},{"type":"Feature","properties":{"unit_id":"25017342101","name":"Census Tract 3421.01 — Middlesex","native_id":"25017342101","source":"census_tract_2025","adm3_name":"Middlesex County","adm3_id":"25017","area_sqm":617841,"split":false},"geometry":{"type":"Polygon","coordinates":[[[-71.04567,42.41012],[-71.04567,42.41242],[-71.04316,42.41346],[-71.04217,42.4133],[-71.03867,42.41366],[-71.03712,42.41393],[-71.03582,42.41466],[-71.0334,42.41563],[-71.03257,42.41553],[-71.03318,42.41421],[-71.03344,42.41338],[-71.03491,42.41088],[-71.03563,42.40964],[-71.0371,42.40731],[-71.03774,42.40632],[-71.04003,42.40719],[-71.04167,42.40779],[-71.04309,42.40823],[-71.0438,42.40828],[-71.04619,42.40841],[-71.04567,42.41012]]]}},{"type":"Feature","properties":{"unit_id":"25017357600","name":"Census Tract 3576 — Middlesex","native_id":"25017357600","source":"census_tract_2025","adm3_name":"Middlesex County","adm3_id":"25017","area_sqm":491063,"split":false},"geometry":{"type":"Polygon","coordinates":[[[-71.19027,42.38529],[-71.19067,42.38593],[-71.18697,42.38666],[-71.18586,42.38626],[-71.18487,42.3859],[-71.18333,42.3853],[-71.18004,42.38248],[-71.18106,42.38131],[-71.18109,42.38025],[-71.18111,42.38018],[-71.183,42.38032],[-71.18516,42.38039],[-71.18646,42.38033],[-71.18711,42.38036],[-71.18924,42.38073],[-71.19022,42.38179],[-71.1928,42.38456],[-71.19027,42.38529]]]}},{"type":"Feature","properties":{"unit_id":"25017316400","name":"Census Tract 3164 — Middlesex","native_id":"25017316400","source":"census_tract_2025","adm3_name":"Middlesex County","adm3_id":"25017","area_sqm":12441134,"split":false},"geometry":{"type":"Polygon","coordinates":[[[-71.33254,42.56076],[-71.31963,42.57587],[-71.31076,42.58626],[-71.3084,42.58236],[-71.30159,42.56693],[-71.30051,42.56497],[-71.29701,42.56027],[-71.29696,42.56168],[-71.29709,42.563],[-71.29743,42.56463],[-71.29726,42.56654],[-71.2968,42.56933],[-71.29455,42.57215],[-71.28271,42.57411],[-71.28147,42.57466],[-71.28047,42.57414],[-71.28188,42.57248],[-71.28187,42.56904],[-71.28158,42.56769],[-71.28414,42.56428],[-71.28413,42.56253],[-71.28411,42.56017],[-71.28201,42.55599],[-71.28219,42.55464],[-71.28478,42.55185],[-71.28576,42.55121],[-71.28723,42.5479],[-71.29106,42.54549],[-71.29598,42.54154],[-71.29659,42.54066],[-71.29676,42.53673],[-71.29944,42.53487],[-71.30461,42.52929],[-71.30754,42.53],[-71.30719,42.53322],[-71.30875,42.53396],[-71.31454,42.5393],[-71.31831,42.54278],[-71.31439,42.54955],[-71.31962,42.55407],[-71.32471,42.55602],[-71.33309,42.56012],[-71.33254,42.56076]]]}},{"type":"Feature","properties":{"unit_id":"25017331101","name":"Census Tract 3311.01 — Middlesex","native_id":"25017331101","source":"census_tract_2025","adm3_name":"Middlesex County","adm3_id":"25017","area_sqm":11169375,"split":false},"geometry":{"type":"Polygon","coordinates":[[[-71.17538,42.54914],[-71.17194,42.56013],[-71.1699,42.57201],[-71.16803,42.58385],[-71.16647,42.59153],[-71.16556,42.59762],[-71.16488,42.59802],[-71.16391,42.60185],[-71.16067,42.60532],[-71.15952,42.60766],[-71.15862,42.61295],[-71.15656,42.61498],[-71.15442,42.61527],[-71.14865,42.61317],[-71.14594,42.60833],[-71.1432,42.60404],[-71.1412,42.60321],[-71.13546,42.59912],[-71.13054,42.58312],[-71.13305,42.58118],[-71.13712,42.58005],[-71.14803,42.57927],[-71.15226,42.577],[-71.15521,42.57458],[-71.15725,42.5707],[-71.15939,42.56922],[-71.15987,42.5678],[-71.15929,42.5622],[-71.1627,42.55971],[-71.1648,42.55735],[-71.1679,42.55583],[-71.17321,42.55015],[-71.17538,42.54914]]]}},{"type":"Feature","properties":{"unit_id":"25017356500","name":"Census Tract 3565 — Middlesex","native_id":"25017356500","source":"census_tract_2025","adm3_name":"Middlesex County","adm3_id":"25017","area_sqm":2260283,"split":false},"geometry":{"type":"Polygon","coordinates":[[[-71.19991,42.4177],[-71.19568,42.42206],[-71.19283,42.42478],[-71.19264,42.42496],[-71.19155,42.42606],[-71.1894,42.42831],[-71.18477,42.43328],[-71.18228,42.43628],[-71.17371,42.43614],[-71.17551,42.43407],[-71.176,42.43155],[-71.17492,42.43018],[-71.17434,42.42827],[-71.17437,42.42705],[-71.1757,42.4259],[-71.17632,42.42596],[-71.18219,42.42544],[-71.18344,42.42361],[-71.18351,42.42343],[-71.18828,42.42174],[-71.18886,42.42007],[-71.19,42.4188],[-71.18917,42.41757],[-71.18877,42.41683],[-71.18722,42.41495],[-71.18455,42.41165],[-71.19429,42.41532],[-71.19449,42.41499],[-71.19452,42.41494],[-71.1953,42.41517],[-71.19426,42.41339],[-71.20261,42.41483],[-71.19991,42.4177]]]}},{"type":"Feature","properties":{"unit_id":"25025020101","name":"Census Tract 201.01 — Suffolk","native_id":"25025020101","source":"census_tract_2025","adm3_name":"Suffolk County","adm3_id":"25025","area_sqm":219375,"split":false},"geometry":{"type":"Polygon","coordinates":[[[-71.07317,42.35646],[-71.07212,42.35947],[-71.07079,42.35947],[-71.06863,42.35957],[-71.06682,42.35935],[-71.06505,42.35937],[-71.06507,42.35886],[-71.06499,42.35719],[-71.06764,42.3566],[-71.0713,42.35577],[-71.07256,42.35544],[-71.07346,42.35612],[-71.07317,42.35646]]]}},{"type":"Feature","properties":{"unit_id":"25025170701","name":"Census Tract 1707.01 — Suffolk","native_id":"25025170701","source":"census_tract_2025","adm3_name":"Suffolk County","adm3_id":"25025","area_sqm":508436,"split":false},"geometry":{"type":"Polygon","coordinates":[[[-71.00273,42.40441],[-71.00259,42.40435],[-70.99868,42.40167],[-70.99735,42.40102],[-70.99709,42.40118],[-70.99605,42.40178],[-70.99411,42.40492],[-70.99231,42.40553],[-70.99241,42.40724],[-70.99056,42.40721],[-70.99059,42.4071],[-70.98919,42.4026],[-70.98772,42.4024],[-70.98959,42.40212],[-70.99127,42.39918],[-70.99132,42.39902],[-70.992,42.39756],[-70.99221,42.39669],[-70.99445,42.39332],[-70.99505,42.39357],[-70.99419,42.39475],[-70.99389,42.39615],[-70.99274,42.39793],[-70.99681,42.40046],[-70.99822,42.39923],[-70.99867,42.40059],[-71.00188,42.40081],[-71.00482,42.40173],[-71.00273,42.40441]]]}},{"type":"Feature","properties":{"unit_id":"25017341800","name":"Census Tract 3418 — Middlesex","native_id":"25017341800","source":"census_tract_2025","adm3_name":"Middlesex County","adm3_id":"25017","area_sqm":1411730,"split":false},"geometry":{"type":"Polygon","coordinates":[[[-71.0578,42.43098],[-71.05054,42.43171],[-71.04901,42.43233],[-71.04803,42.43283],[-71.04611,42.43354],[-71.04431,42.43382],[-71.04021,42.43398],[-71.03875,42.43421],[-71.03973,42.43158],[-71.03996,42.43097],[-71.04226,42.42479],[-71.04279,42.42334],[-71.05066,42.42275],[-71.05283,42.42116],[-71.05482,42.42261],[-71.05555,42.42313],[-71.05719,42.42436],[-71.05775,42.42535],[-71.05543,42.42659],[-71.05581,42.42722],[-71.05607,42.42765],[-71.05646,42.42836],[-71.0578,42.43098]]]}},{"type":"Feature","properties":{"unit_id":"25025120201","name":"Census Tract 1202.01 — Suffolk","native_id":"25025120201","source":"census_tract_2025","adm3_name":"Suffolk County","adm3_id":"25025","area_sqm":713168,"split":false},"geometry":{"type":"Polygon","coordinates":[[[-71.11525,42.30663],[-71.11041,42.30708],[-71.1103,42.30607],[-71.10734,42.31062],[-71.10456,42.30944],[-71.10245,42.30888],[-71.10269,42.30597],[-71.10271,42.30527],[-71.10434,42.30276],[-71.10485,42.30232],[-71.1057,42.30166],[-71.10666,42.30088],[-71.1093,42.30151],[-71.11338,42.30149],[-71.11446,42.3019],[-71.11467,42.30549],[-71.11525,42.30663]]]}},{"type":"Feature","properties":{"unit_id":"25025010300","name":"Census Tract 103 — Suffolk","native_id":"25025010300","source":"census_tract_2025","adm3_name":"Suffolk County","adm3_id":"25025","area_sqm":507207,"split":false},"geometry":{"type":"Polygon","coordinates":[[[-71.11,42.34032],[-71.10472,42.34337],[-71.10327,42.34274],[-71.1006,42.3402],[-71.09899,42.3391],[-71.09689,42.33903],[-71.09621,42.33983],[-71.09322,42.34089],[-71.09254,42.33951],[-71.09219,42.33914],[-71.09574,42.33773],[-71.10031,42.33594],[-71.10094,42.33617],[-71.10539,42.33786],[-71.11,42.34032]]]}},{"type":"Feature","properties":{"unit_id":"25017338500","name":"Census Tract 3385 — Middlesex","native_id":"25017338500","source":"census_tract_2025","adm3_name":"Middlesex County","adm3_id":"25017","area_sqm":4032018,"split":false},"geometry":{"type":"Polygon","coordinates":[[[-71.1421,42.44239],[-71.1401,42.44491],[-71.13764,42.45135],[-71.13701,42.45302],[-71.13569,42.45598],[-71.13469,42.45927],[-71.12996,42.45777],[-71.12895,42.45937],[-71.12622,42.4585],[-71.12552,42.45953],[-71.11979,42.45863],[-71.12074,42.46152],[-71.12031,42.4638],[-71.12234,42.46416],[-71.12076,42.46789],[-71.11834,42.46741],[-71.11663,42.46872],[-71.11428,42.46804],[-71.11546,42.46496],[-71.11462,42.46334],[-71.1194,42.45345],[-71.12135,42.44867],[-71.124,42.44383],[-71.12198,42.43979],[-71.12515,42.43923],[-71.12715,42.43889],[-71.12836,42.43678],[-71.12904,42.4356],[-71.12906,42.43555],[-71.12977,42.43556],[-71.14533,42.43576],[-71.1421,42.44239]]]}},{"type":"Feature","properties":{"unit_id":"25017321600","name":"Census Tract 3216 — Middlesex","native_id":"25017321600","source":"census_tract_2025","adm3_name":"Middlesex County","adm3_id":"25017","area_sqm":6502288,"split":false},"geometry":{"type":"Polygon","coordinates":[[[-71.56205,42.37158],[-71.55408,42.37242],[-71.5294,42.375],[-71.52831,42.37512],[-71.52142,42.37584],[-71.51512,42.3765],[-71.51641,42.37407],[-71.51767,42.37332],[-71.51809,42.37289],[-71.51713,42.36748],[-71.51766,42.36491],[-71.51956,42.3631],[-71.51831,42.36187],[-71.51562,42.36152],[-71.51717,42.35784],[-71.51752,42.35753],[-71.51964,42.35628],[-71.52234,42.35611],[-71.52789,42.35472],[-71.52953,42.35292],[-71.53059,42.35225],[-71.53104,42.35231],[-71.53353,42.35142],[-71.53426,42.35122],[-71.54085,42.35107],[-71.54216,42.35113],[-71.54615,42.35019],[-71.54686,42.3518],[-71.54927,42.35477],[-71.55148,42.35744],[-71.5531,42.36248],[-71.55535,42.36444],[-71.55927,42.36626],[-71.56209,42.3695],[-71.56205,42.37158]]]}},{"type":"Feature","properties":{"unit_id":"25017356601","name":"Census Tract 3566.01 — Middlesex","native_id":"25017356601","source":"census_tract_2025","adm3_name":"Middlesex County","adm3_id":"25017","area_sqm":1301271,"split":false},"geometry":{"type":"Polygon","coordinates":[[[-71.18195,42.41266],[-71.1814,42.41297],[-71.1796,42.41445],[-71.17898,42.41539],[-71.1788,42.41635],[-71.17588,42.41882],[-71.17419,42.42119],[-71.17252,42.42177],[-71.17461,42.42331],[-71.1757,42.4259],[-71.17437,42.42705],[-71.17434,42.42827],[-71.17175,42.42738],[-71.17023,42.42897],[-71.16904,42.42584],[-71.16907,42.42408],[-71.16676,42.42307],[-71.16599,42.42301],[-71.1646,42.42278],[-71.16276,42.42178],[-71.16584,42.41832],[-71.16629,42.41853],[-71.16849,42.41966],[-71.17216,42.4169],[-71.17003,42.41583],[-71.17329,42.41299],[-71.172,42.41227],[-71.1731,42.41134],[-71.17442,42.40937],[-71.17771,42.41021],[-71.18163,42.41088],[-71.18371,42.41137],[-71.18195,42.41266]]]}},{"type":"Feature","properties":{"unit_id":"25025101002","name":"Census Tract 1010.02 — Suffolk","native_id":"25025101002","source":"census_tract_2025","adm3_name":"Suffolk County","adm3_id":"25025","area_sqm":1164930,"split":false},"geometry":{"type":"Polygon","coordinates":[[[-71.09388,42.26763],[-71.09369,42.27288],[-71.08693,42.27934],[-71.08609,42.28022],[-71.0855,42.28099],[-71.08273,42.28041],[-71.08263,42.28037],[-71.0811,42.27939],[-71.08044,42.27896],[-71.07725,42.27722],[-71.07845,42.27574],[-71.07761,42.27378],[-71.079,42.27341],[-71.07888,42.27163],[-71.08292,42.27133],[-71.08933,42.27017],[-71.09007,42.26995],[-71.0894,42.26969],[-71.09026,42.26664],[-71.09374,42.26714],[-71.09391,42.26714],[-71.09388,42.26763]]]}},{"type":"Feature","properties":{"unit_id":"25017342501","name":"Census Tract 3425.01 — Middlesex","native_id":"25017342501","source":"census_tract_2025","adm3_name":"Middlesex County","adm3_id":"25017","area_sqm":529323,"split":false},"geometry":{"type":"Polygon","coordinates":[[[-71.05975,42.40255],[-71.05942,42.40299],[-71.05557,42.40706],[-71.05515,42.40746],[-71.05217,42.41065],[-71.04879,42.4082],[-71.04648,42.40775],[-71.04758,42.40538],[-71.0482,42.40409],[-71.04745,42.40334],[-71.04759,42.40254],[-71.04763,42.40239],[-71.05296,42.40302],[-71.0573,42.40306],[-71.05976,42.40239],[-71.05975,42.40255]]]}},{"type":"Feature","properties":{"unit_id":"25025080300","name":"Census Tract 803 — Suffolk","native_id":"25025080300","source":"census_tract_2025","adm3_name":"Suffolk County","adm3_id":"25025","area_sqm":268833,"split":false},"geometry":{"type":"Polygon","coordinates":[[[-71.08345,42.32865],[-71.08152,42.32849],[-71.08089,42.3285],[-71.07926,42.32851],[-71.07868,42.33013],[-71.07747,42.3309],[-71.07499,42.32908],[-71.07525,42.32596],[-71.07662,42.32712],[-71.07818,42.32588],[-71.07865,42.32487],[-71.0796,42.32416],[-71.0816,42.32555],[-71.08331,42.32596],[-71.08327,42.32613],[-71.08311,42.32812],[-71.08345,42.32865]]]}},{"type":"Feature","properties":{"unit_id":"25025091200","name":"Census Tract 912 — Suffolk","native_id":"25025091200","source":"census_tract_2025","adm3_name":"Suffolk County","adm3_id":"25025","area_sqm":323612,"split":false},"geometry":{"type":"Polygon","coordinates":[[[-71.06743,42.3146],[-71.0652,42.31707],[-71.06464,42.31737],[-71.06357,42.31862],[-71.06211,42.32019],[-71.06148,42.3205],[-71.06085,42.31991],[-71.0596,42.31887],[-71.05883,42.3186],[-71.05954,42.3162],[-71.05962,42.31599],[-71.06002,42.31474],[-71.05996,42.31426],[-71.05888,42.31277],[-71.0604,42.31255],[-71.06237,42.31333],[-71.06326,42.31369],[-71.06421,42.3141],[-71.0646,42.31477],[-71.06564,42.31485],[-71.06743,42.3146]]]}},{"type":"Feature","properties":{"unit_id":"25017363106","name":"Census Tract 3631.06 — Middlesex","native_id":"25017363106","source":"census_tract_2025","adm3_name":"Middlesex County","adm3_id":"25017","area_sqm":4934197,"split":false},"geometry":{"type":"Polygon","coordinates":[[[-71.43472,42.52249],[-71.42853,42.5288],[-71.42379,42.52619],[-71.39951,42.53401],[-71.39794,42.52628],[-71.39986,42.52414],[-71.40217,42.51961],[-71.40468,42.51857],[-71.40704,42.51468],[-71.41299,42.51142],[-71.41382,42.50787],[-71.41701,42.50429],[-71.41886,42.50285],[-71.41949,42.50193],[-71.42054,42.50438],[-71.42096,42.5096],[-71.42305,42.51223],[-71.42933,42.51592],[-71.43209,42.51953],[-71.43255,42.52054],[-71.43472,42.52249]]]}},{"type":"Feature","properties":{"unit_id":"25025100900","name":"Census Tract 1009 — Suffolk","native_id":"25025100900","source":"census_tract_2025","adm3_name":"Suffolk County","adm3_id":"25025","area_sqm":953384,"split":false},"geometry":{"type":"Polygon","coordinates":[[[-71.09007,42.26995],[-71.08933,42.27017],[-71.08292,42.27133],[-71.07888,42.27163],[-71.079,42.27341],[-71.07761,42.27378],[-71.07845,42.27574],[-71.07725,42.27722],[-71.08044,42.27896],[-71.07889,42.27857],[-71.07317,42.27805],[-71.07277,42.27807],[-71.07102,42.27831],[-71.0695,42.27881],[-71.06592,42.27993],[-71.0665,42.2779],[-71.06719,42.2755],[-71.06802,42.27222],[-71.06814,42.271],[-71.07204,42.27082],[-71.07326,42.27032],[-71.07525,42.2703],[-71.07649,42.27051],[-71.08085,42.26932],[-71.08276,42.26863],[-71.0894,42.26969],[-71.09007,42.26995]]]}},{"type":"Feature","properties":{"unit_id":"25017332202","name":"Census Tract 3322.02 — Middlesex","native_id":"25017332202","source":"census_tract_2025","adm3_name":"Middlesex County","adm3_id":"25017","area_sqm":5673563,"split":false},"geometry":{"type":"Polygon","coordinates":[[[-71.19941,42.51011],[-71.19475,42.51031],[-71.19189,42.51224],[-71.19028,42.51212],[-71.18886,42.51325],[-71.19186,42.5169],[-71.18924,42.52128],[-71.18428,42.52256],[-71.17982,42.5216],[-71.17769,42.52188],[-71.17014,42.51562],[-71.17003,42.51554],[-71.16954,42.51024],[-71.16967,42.5075],[-71.16939,42.50731],[-71.16992,42.50673],[-71.16899,42.50417],[-71.16846,42.49794],[-71.16849,42.49748],[-71.17807,42.49575],[-71.18083,42.49511],[-71.18421,42.49379],[-71.18626,42.4926],[-71.19158,42.48848],[-71.1928,42.49095],[-71.19303,42.49128],[-71.19464,42.49487],[-71.19403,42.49867],[-71.19473,42.50087],[-71.19549,42.50285],[-71.19586,42.50499],[-71.19578,42.50645],[-71.19941,42.51011]]]}},{"type":"Feature","properties":{"unit_id":"25025120700","name":"Census Tract 1207 — Suffolk","native_id":"25025120700","source":"census_tract_2025","adm3_name":"Suffolk County","adm3_id":"25025","area_sqm":310598,"split":false},"geometry":{"type":"Polygon","coordinates":[[[-71.11674,42.32263],[-71.11508,42.32357],[-71.1141,42.32331],[-71.1122,42.32312],[-71.11226,42.32455],[-71.11083,42.32907],[-71.10833,42.32732],[-71.10718,42.3269],[-71.10523,42.32611],[-71.10734,42.32552],[-71.10955,42.32337],[-71.10845,42.32239],[-71.10994,42.32202],[-71.11209,42.3216],[-71.11632,42.32101],[-71.11657,42.32102],[-71.11674,42.32263]]]}},{"type":"Feature","properties":{"unit_id":"25017364101","name":"Census Tract 3641.01 — Middlesex","native_id":"25017364101","source":"census_tract_2025","adm3_name":"Middlesex County","adm3_id":"25017","area_sqm":5045345,"split":false},"geometry":{"type":"Polygon","coordinates":[[[-71.47838,42.4371],[-71.46435,42.4503],[-71.45384,42.44616],[-71.45261,42.44568],[-71.43522,42.43883],[-71.44286,42.43712],[-71.44475,42.43633],[-71.44518,42.43601],[-71.44864,42.4322],[-71.45001,42.43292],[-71.45886,42.43087],[-71.46046,42.43033],[-71.45981,42.42952],[-71.45842,42.42571],[-71.4645,42.42761],[-71.46641,42.42702],[-71.4683,42.42544],[-71.4745,42.42208],[-71.47477,42.42314],[-71.47481,42.42328],[-71.4776,42.43413],[-71.47838,42.4371]]]}},{"type":"Feature","properties":{"unit_id":"25017353700","name":"Census Tract 3537 — Middlesex","native_id":"25017353700","source":"census_tract_2025","adm3_name":"Middlesex County","adm3_id":"25017","area_sqm":532087,"split":false},"geometry":{"type":"Polygon","coordinates":[[[-71.12015,42.37258],[-71.11858,42.37337],[-71.11882,42.37436],[-71.11838,42.37568],[-71.11429,42.37547],[-71.11329,42.3768],[-71.11236,42.37701],[-71.10813,42.3779],[-71.10727,42.37809],[-71.10594,42.37682],[-71.10543,42.37633],[-71.10612,42.37441],[-71.10795,42.37206],[-71.10862,42.37232],[-71.10972,42.37277],[-71.11245,42.37384],[-71.11307,42.37173],[-71.11391,42.37084],[-71.11595,42.37138],[-71.11861,42.37197],[-71.11912,42.37217],[-71.12015,42.37258]]]}},{"type":"Feature","properties":{"unit_id":"25025000703","name":"Census Tract 7.03 — Suffolk","native_id":"25025000703","source":"census_tract_2025","adm3_name":"Suffolk County","adm3_id":"25025","area_sqm":181887,"split":false},"geometry":{"type":"Polygon","coordinates":[[[-71.13211,42.35306],[-71.13017,42.35283],[-71.12834,42.3526],[-71.12502,42.35224],[-71.12424,42.35224],[-71.12126,42.35187],[-71.12131,42.35168],[-71.12286,42.35186],[-71.12352,42.35149],[-71.12421,42.35149],[-71.12613,42.35033],[-71.12873,42.34946],[-71.12975,42.34885],[-71.13003,42.34922],[-71.13087,42.35014],[-71.13107,42.3505],[-71.13145,42.35115],[-71.13211,42.35306]]]}},{"type":"Feature","properties":{"unit_id":"25017314302","name":"Census Tract 3143.02 — Middlesex","native_id":"25017314302","source":"census_tract_2025","adm3_name":"Middlesex County","adm3_id":"25017","area_sqm":16406778,"split":false},"geometry":{"type":"Polygon","coordinates":[[[-71.28883,42.70201],[-71.27893,42.71126],[-71.27852,42.7118],[-71.27541,42.71593],[-71.2679,42.72589],[-71.26637,42.7272],[-71.25561,42.73639],[-71.2552,42.73664],[-71.25515,42.73655],[-71.25124,42.72122],[-71.24791,42.70812],[-71.24594,42.70031],[-71.24427,42.69375],[-71.23843,42.67076],[-71.23818,42.66942],[-71.2404,42.66673],[-71.24249,42.66235],[-71.24417,42.66151],[-71.25011,42.66099],[-71.25172,42.66033],[-71.25368,42.66087],[-71.25556,42.66311],[-71.25529,42.66644],[-71.25594,42.6677],[-71.25833,42.66774],[-71.25921,42.67007],[-71.26215,42.67487],[-71.26457,42.68031],[-71.26545,42.68452],[-71.26794,42.68536],[-71.27261,42.68528],[-71.27414,42.68599],[-71.27775,42.69039],[-71.28276,42.69375],[-71.28883,42.70201]]]}},{"type":"Feature","properties":{"unit_id":"25017351101","name":"Census Tract 3511.01 — Middlesex","native_id":"25017351101","source":"census_tract_2025","adm3_name":"Middlesex County","adm3_id":"25017","area_sqm":441192,"split":false},"geometry":{"type":"Polygon","coordinates":[[[-71.11037,42.38946],[-71.10941,42.39087],[-71.10794,42.3902],[-71.10666,42.39207],[-71.10591,42.39314],[-71.10432,42.39169],[-71.10204,42.3904],[-71.09763,42.38843],[-71.09965,42.38552],[-71.10432,42.38716],[-71.1051,42.38603],[-71.10844,42.38719],[-71.10895,42.38746],[-71.10962,42.38779],[-71.11037,42.38946]]]}},{"type":"Feature","properties":{"unit_id":"25017310400","name":"Census Tract 3104 — Middlesex","native_id":"25017310400","source":"census_tract_2025","adm3_name":"Middlesex County","adm3_id":"25017","area_sqm":534338,"split":false},"geometry":{"type":"Polygon","coordinates":[[[-71.31874,42.66],[-71.31661,42.66052],[-71.31492,42.65914],[-71.3133,42.66024],[-71.31189,42.65834],[-71.3109,42.65698],[-71.31156,42.65664],[-71.30734,42.65389],[-71.30645,42.65375],[-71.30537,42.65261],[-71.30298,42.65187],[-71.30419,42.6493],[-71.30517,42.64811],[-71.30662,42.64881],[-71.30792,42.6493],[-71.30826,42.64954],[-71.30892,42.64986],[-71.31239,42.65237],[-71.31539,42.65473],[-71.31828,42.6564],[-71.31874,42.66]]]}},{"type":"Feature","properties":{"unit_id":"25025170702","name":"Census Tract 1707.02 — Suffolk","native_id":"25025170702","source":"census_tract_2025","adm3_name":"Suffolk County","adm3_id":"25025","area_sqm":697331,"split":false},"geometry":{"type":"Polygon","coordinates":[[[-71.00348,42.40559],[-71.00261,42.40667],[-71.00252,42.40677],[-71.00021,42.40957],[-71.00017,42.40962],[-70.99868,42.41068],[-70.99435,42.41224],[-70.99361,42.4127],[-70.99295,42.4123],[-70.99354,42.40858],[-70.99378,42.40755],[-70.99241,42.40724],[-70.99231,42.40553],[-70.99411,42.40492],[-70.99605,42.40178],[-70.99709,42.40118],[-70.99735,42.40102],[-70.99868,42.40167],[-71.00259,42.40435],[-71.00273,42.40441],[-71.00428,42.40493],[-71.00348,42.40559]]]}},{"type":"Feature","properties":{"unit_id":"25025010500","name":"Census Tract 105 — Suffolk","native_id":"25025010500","source":"census_tract_2025","adm3_name":"Suffolk County","adm3_id":"25025","area_sqm":193266,"split":false},"geometry":{"type":"Polygon","coordinates":[[[-71.08776,42.3473],[-71.0856,42.34788],[-71.08474,42.3462],[-71.08182,42.34541],[-71.08171,42.34534],[-71.08091,42.34479],[-71.08008,42.34422],[-71.08078,42.34374],[-71.08265,42.34207],[-71.08315,42.34162],[-71.0841,42.34219],[-71.0849,42.34273],[-71.08496,42.34277],[-71.0858,42.34333],[-71.08746,42.34663],[-71.08776,42.3473]]]}},{"type":"Feature","properties":{"unit_id":"25017317301","name":"Census Tract 3173.01 — Middlesex","native_id":"25017317301","source":"census_tract_2025","adm3_name":"Middlesex County","adm3_id":"25017","area_sqm":4024944,"split":false},"geometry":{"type":"Polygon","coordinates":[[[-71.40202,42.61772],[-71.40046,42.62023],[-71.39807,42.6217],[-71.39656,42.62254],[-71.38985,42.62721],[-71.38215,42.63258],[-71.37895,42.63557],[-71.3749,42.63851],[-71.37425,42.63942],[-71.3695,42.63758],[-71.36474,42.6376],[-71.36435,42.6367],[-71.36385,42.63546],[-71.3631,42.63368],[-71.35994,42.62597],[-71.36451,42.62315],[-71.36522,42.62224],[-71.36573,42.62158],[-71.36698,42.62181],[-71.37055,42.61941],[-71.37414,42.61845],[-71.37904,42.61948],[-71.38042,42.6201],[-71.38695,42.62005],[-71.392,42.62015],[-71.39726,42.61967],[-71.40144,42.6172],[-71.40202,42.61772]]]}},{"type":"Feature","properties":{"unit_id":"25017310102","name":"Census Tract 3101.02 — Middlesex","native_id":"25017310102","source":"census_tract_2025","adm3_name":"Middlesex County","adm3_id":"25017","area_sqm":419465,"split":false},"geometry":{"type":"Polygon","coordinates":[[[-71.31597,42.6486],[-71.31569,42.64899],[-71.31239,42.65237],[-71.30892,42.64986],[-71.30826,42.64954],[-71.30792,42.6493],[-71.30662,42.64881],[-71.30517,42.64811],[-71.30679,42.64626],[-71.30845,42.64434],[-71.31289,42.64467],[-71.31362,42.64488],[-71.3148,42.64352],[-71.31556,42.64389],[-71.31436,42.64524],[-71.31493,42.64552],[-71.31477,42.64696],[-71.31663,42.64789],[-71.31597,42.6486]]]}},{"type":"Feature","properties":{"unit_id":"25017340100","name":"Census Tract 3401 — Middlesex","native_id":"25017340100","source":"census_tract_2025","adm3_name":"Middlesex County","adm3_id":"25017","area_sqm":2010833,"split":false},"geometry":{"type":"Polygon","coordinates":[[[-71.10256,42.42879],[-71.1025,42.43007],[-71.10218,42.43058],[-71.10117,42.4331],[-71.10252,42.43778],[-71.09933,42.43886],[-71.09892,42.43827],[-71.09633,42.44108],[-71.09363,42.44253],[-71.09145,42.44046],[-71.08857,42.44122],[-71.08634,42.4401],[-71.08685,42.43677],[-71.08725,42.43414],[-71.08785,42.4302],[-71.08906,42.42912],[-71.08943,42.42672],[-71.08864,42.4248],[-71.08807,42.42335],[-71.08974,42.42409],[-71.09028,42.42432],[-71.09604,42.42525],[-71.10193,42.42627],[-71.10271,42.42798],[-71.10256,42.42879]]]}},{"type":"Feature","properties":{"unit_id":"25017337201","name":"Census Tract 3372.01 — Middlesex","native_id":"25017337201","source":"census_tract_2025","adm3_name":"Middlesex County","adm3_id":"25017","area_sqm":1594122,"split":false},"geometry":{"type":"Polygon","coordinates":[[[-71.10179,42.50213],[-71.10073,42.50224],[-71.09007,42.50118],[-71.08638,42.49398],[-71.08555,42.49234],[-71.08725,42.49077],[-71.08885,42.48976],[-71.09654,42.48727],[-71.09851,42.48701],[-71.0993,42.48631],[-71.10012,42.48617],[-71.10049,42.49419],[-71.1007,42.49807],[-71.10091,42.50048],[-71.10179,42.50213]]]}},{"type":"Feature","properties":{"unit_id":"25017370201","name":"Census Tract 3702.01 — Middlesex","native_id":"25017370201","source":"census_tract_2025","adm3_name":"Middlesex County","adm3_id":"25017","area_sqm":1298597,"split":false},"geometry":{"type":"Polygon","coordinates":[[[-71.17928,42.36974],[-71.17764,42.37475],[-71.17569,42.37914],[-71.17548,42.37938],[-71.17342,42.37892],[-71.17137,42.37829],[-71.17123,42.37828],[-71.17,42.37781],[-71.16647,42.37718],[-71.16448,42.37689],[-71.16336,42.3768],[-71.16094,42.37665],[-71.15966,42.3742],[-71.16102,42.37337],[-71.15893,42.37061],[-71.16027,42.37033],[-71.16502,42.37061],[-71.16692,42.37],[-71.17165,42.36995],[-71.17419,42.36896],[-71.17598,42.36846],[-71.17829,42.36817],[-71.17928,42.36974]]]}},{"type":"Feature","properties":{"unit_id":"25017383800","name":"Census Tract 3838 — Middlesex","native_id":"25017383800","source":"census_tract_2025","adm3_name":"Middlesex County","adm3_id":"25017","area_sqm":5267365,"split":false},"geometry":{"type":"Polygon","coordinates":[[[-71.42516,42.33072],[-71.42102,42.3319],[-71.41913,42.33273],[-71.41831,42.3337],[-71.41782,42.33469],[-71.41794,42.33616],[-71.4157,42.33815],[-71.41031,42.3401],[-71.41517,42.34141],[-71.41663,42.34313],[-71.41547,42.34368],[-71.40249,42.34185],[-71.39672,42.34105],[-71.39608,42.33992],[-71.39495,42.33865],[-71.3939,42.33554],[-71.38883,42.33627],[-71.3818,42.32852],[-71.3849,42.32698],[-71.38611,42.32596],[-71.3912,42.32619],[-71.39599,42.32504],[-71.39973,42.32509],[-71.39992,42.32521],[-71.40085,42.32496],[-71.40521,42.323],[-71.40764,42.32245],[-71.4115,42.32014],[-71.41504,42.31621],[-71.41544,42.31454],[-71.41595,42.31304],[-71.41666,42.31235],[-71.41688,42.31264],[-71.41831,42.31285],[-71.42001,42.31432],[-71.42038,42.31723],[-71.4228,42.32065],[-71.41686,42.32367],[-71.4147,42.32582],[-71.41786,42.32671],[-71.42347,42.32876],[-71.42641,42.33066],[-71.42516,42.33072]]]}},{"type":"Feature","properties":{"unit_id":"25017383600","name":"Census Tract 3836 — Middlesex","native_id":"25017383600","source":"census_tract_2025","adm3_name":"Middlesex County","adm3_id":"25017","area_sqm":6172992,"split":false},"geometry":{"type":"Polygon","coordinates":[[[-71.44666,42.30828],[-71.44538,42.31057],[-71.44468,42.31141],[-71.44358,42.31112],[-71.43882,42.31177],[-71.43277,42.30613],[-71.43295,42.30492],[-71.43126,42.30598],[-71.43171,42.3085],[-71.43049,42.31035],[-71.424,42.31186],[-71.41688,42.31264],[-71.41666,42.31235],[-71.41702,42.31124],[-71.41344,42.3097],[-71.41181,42.30915],[-71.41124,42.30911],[-71.40748,42.30968],[-71.4063,42.30979],[-71.40445,42.3105],[-71.40202,42.31194],[-71.4018,42.30971],[-71.40101,42.30782],[-71.39211,42.31245],[-71.38999,42.31154],[-71.38499,42.31053],[-71.38352,42.30855],[-71.38315,42.30767],[-71.38752,42.30207],[-71.39318,42.29877],[-71.40362,42.29848],[-71.40799,42.29822],[-71.40862,42.29819],[-71.4089,42.29817],[-71.41938,42.29773],[-71.4223,42.29807],[-71.42684,42.29877],[-71.43451,42.30012],[-71.43585,42.30028],[-71.43716,42.30026],[-71.44322,42.30197],[-71.44609,42.3039],[-71.44666,42.30828]]]}},{"type":"Feature","properties":{"unit_id":"25017368300","name":"Census Tract 3683 — Middlesex","native_id":"25017368300","source":"census_tract_2025","adm3_name":"Middlesex County","adm3_id":"25017","area_sqm":1721636,"split":false},"geometry":{"type":"Polygon","coordinates":[[[-71.27599,42.37589],[-71.27512,42.37592],[-71.26977,42.37463],[-71.2609,42.3777],[-71.2553,42.37732],[-71.25352,42.37729],[-71.25146,42.37761],[-71.25022,42.37808],[-71.24665,42.37992],[-71.24557,42.38023],[-71.24221,42.38056],[-71.24214,42.38149],[-71.24002,42.38833],[-71.23925,42.38978],[-71.23904,42.3889],[-71.2381,42.38676],[-71.23703,42.38348],[-71.23606,42.38005],[-71.23601,42.37979],[-71.23947,42.37941],[-71.23899,42.37618],[-71.24177,42.37625],[-71.24172,42.37475],[-71.24368,42.37401],[-71.24652,42.3731],[-71.2498,42.37278],[-71.25004,42.37438],[-71.251,42.37437],[-71.25296,42.37436],[-71.25401,42.37423],[-71.25512,42.37413],[-71.26148,42.37377],[-71.26699,42.37177],[-71.26808,42.37068],[-71.26918,42.37005],[-71.27075,42.36951],[-71.27362,42.37374],[-71.27652,42.37497],[-71.27599,42.37589]]]}},{"type":"Feature","properties":{"unit_id":"25025080100","name":"Census Tract 801 — Suffolk","native_id":"25025080100","source":"census_tract_2025","adm3_name":"Suffolk County","adm3_id":"25025","area_sqm":1026664,"split":false},"geometry":{"type":"Polygon","coordinates":[[[-71.07865,42.32487],[-71.07818,42.32588],[-71.07662,42.32712],[-71.07525,42.32596],[-71.07499,42.32908],[-71.07747,42.3309],[-71.07436,42.33285],[-71.07337,42.33361],[-71.07215,42.33273],[-71.06713,42.33529],[-71.06541,42.33544],[-71.06461,42.33401],[-71.0628,42.33197],[-71.06355,42.33079],[-71.06665,42.32585],[-71.06751,42.3233],[-71.07148,42.32669],[-71.07266,42.32602],[-71.07164,42.32465],[-71.07392,42.32376],[-71.07464,42.32324],[-71.07581,42.32415],[-71.07666,42.32289],[-71.07752,42.32326],[-71.0796,42.32416],[-71.07865,42.32487]]]}},{"type":"Feature","properties":{"unit_id":"25017316202","name":"Census Tract 3162.02 — Middlesex","native_id":"25017316202","source":"census_tract_2025","adm3_name":"Middlesex County","adm3_id":"25017","area_sqm":5970585,"split":false},"geometry":{"type":"Polygon","coordinates":[[[-71.24144,42.52069],[-71.23842,42.5229],[-71.23553,42.52638],[-71.23815,42.52804],[-71.23686,42.5329],[-71.23746,42.5351],[-71.23348,42.53451],[-71.23173,42.5333],[-71.23016,42.53435],[-71.22068,42.54382],[-71.22002,42.54422],[-71.21787,42.54505],[-71.21652,42.54789],[-71.21854,42.55134],[-71.21625,42.55431],[-71.21135,42.55629],[-71.20887,42.55454],[-71.21139,42.55307],[-71.20983,42.55144],[-71.21052,42.54805],[-71.21237,42.54754],[-71.20981,42.54602],[-71.20641,42.54583],[-71.20499,42.54449],[-71.20503,42.54447],[-71.21163,42.53404],[-71.21229,42.53301],[-71.21572,42.52761],[-71.21796,42.52405],[-71.22002,42.52467],[-71.22192,42.52514],[-71.22791,42.51385],[-71.2319,42.50637],[-71.23354,42.50869],[-71.23692,42.51149],[-71.24006,42.51972],[-71.24144,42.52069]]]}},{"type":"Feature","properties":{"unit_id":"25025000201","name":"Census Tract 2.01 — Suffolk","native_id":"25025000201","source":"census_tract_2025","adm3_name":"Suffolk County","adm3_id":"25025","area_sqm":599227,"split":false},"geometry":{"type":"Polygon","coordinates":[[[-71.16764,42.35379],[-71.1652,42.35332],[-71.16422,42.35552],[-71.16278,42.35482],[-71.16256,42.35553],[-71.16177,42.35818],[-71.1609,42.35863],[-71.15469,42.35814],[-71.15376,42.35753],[-71.15427,42.35607],[-71.15614,42.35535],[-71.15671,42.35473],[-71.15806,42.35407],[-71.15859,42.35381],[-71.16057,42.35267],[-71.1603,42.35214],[-71.16044,42.34892],[-71.16214,42.34899],[-71.16309,42.34904],[-71.16333,42.34911],[-71.16539,42.35027],[-71.1676,42.3506],[-71.16758,42.35121],[-71.16781,42.35284],[-71.16764,42.35379]]]}},{"type":"Feature","properties":{"unit_id":"25017330102","name":"Census Tract 3301.02 — Middlesex","native_id":"25017330102","source":"census_tract_2025","adm3_name":"Middlesex County","adm3_id":"25017","area_sqm":9782616,"split":false},"geometry":{"type":"Polygon","coordinates":[[[-71.111,42.60116],[-71.08937,42.60301],[-71.08885,42.59955],[-71.0855,42.59477],[-71.0837,42.59064],[-71.08235,42.5892],[-71.08176,42.58649],[-71.07901,42.5805],[-71.07829,42.57715],[-71.07603,42.57799],[-71.06949,42.57692],[-71.0649,42.57726],[-71.05943,42.57767],[-71.05734,42.57573],[-71.05319,42.57339],[-71.05078,42.5727],[-71.04851,42.57246],[-71.04608,42.57305],[-71.0446,42.57399],[-71.04203,42.57489],[-71.03898,42.57562],[-71.03448,42.57477],[-71.03098,42.57265],[-71.03546,42.57026],[-71.03666,42.57165],[-71.03766,42.57116],[-71.0401,42.57159],[-71.04153,42.57349],[-71.04428,42.57388],[-71.04468,42.57295],[-71.04975,42.57109],[-71.05187,42.57211],[-71.05272,42.57165],[-71.05301,42.57299],[-71.0572,42.57396],[-71.06494,42.56212],[-71.07098,42.55589],[-71.08989,42.55822],[-71.09282,42.55927],[-71.08698,42.56535],[-71.08709,42.56679],[-71.08953,42.56876],[-71.09015,42.57356],[-71.0931,42.57723],[-71.09683,42.58386],[-71.10052,42.58761],[-71.10195,42.59021],[-71.1051,42.59309],[-71.10826,42.59593],[-71.111,42.60116]]]}},{"type":"Feature","properties":{"unit_id":"25017363201","name":"Census Tract 3632.01 — Middlesex","native_id":"25017363201","source":"census_tract_2025","adm3_name":"Middlesex County","adm3_id":"25017","area_sqm":6777177,"split":false},"geometry":{"type":"Polygon","coordinates":[[[-71.49201,42.4733],[-71.482,42.48785],[-71.47553,42.48033],[-71.47356,42.47695],[-71.47315,42.4761],[-71.46858,42.46562],[-71.46719,42.46364],[-71.46381,42.46147],[-71.46204,42.46095],[-71.45447,42.46003],[-71.45406,42.45908],[-71.45461,42.45353],[-71.45384,42.44616],[-71.46435,42.4503],[-71.48807,42.45966],[-71.49855,42.46377],[-71.49201,42.4733]]]}},{"type":"Feature","properties":{"unit_id":"25025081200","name":"Census Tract 812 — Suffolk","native_id":"25025081200","source":"census_tract_2025","adm3_name":"Suffolk County","adm3_id":"25025","area_sqm":269261,"split":false},"geometry":{"type":"Polygon","coordinates":[[[-71.10955,42.32337],[-71.10734,42.32552],[-71.10523,42.32611],[-71.10462,42.32609],[-71.10135,42.32642],[-71.10011,42.32642],[-71.09928,42.32636],[-71.09892,42.32502],[-71.09932,42.32399],[-71.10002,42.32277],[-71.10174,42.32289],[-71.10246,42.32292],[-71.10402,42.32282],[-71.10487,42.32272],[-71.10845,42.32239],[-71.10955,42.32337]]]}},{"type":"Feature","properties":{"unit_id":"25025000402","name":"Census Tract 4.02 — Suffolk","native_id":"25025000402","source":"census_tract_2025","adm3_name":"Suffolk County","adm3_id":"25025","area_sqm":806769,"split":false},"geometry":{"type":"Polygon","coordinates":[[[-71.166,42.34159],[-71.16212,42.34637],[-71.16131,42.34758],[-71.16044,42.34892],[-71.15961,42.34889],[-71.15575,42.34911],[-71.15345,42.34915],[-71.15399,42.34793],[-71.15379,42.34726],[-71.15307,42.34615],[-71.15307,42.34511],[-71.15327,42.34465],[-71.15346,42.34318],[-71.15473,42.34121],[-71.15529,42.34034],[-71.15753,42.33978],[-71.15788,42.33973],[-71.15976,42.34006],[-71.16458,42.34022],[-71.16613,42.34009],[-71.166,42.34159]]]}},{"type":"Feature","properties":{"unit_id":"25017314102","name":"Census Tract 3141.02 — Middlesex","native_id":"25017314102","source":"census_tract_2025","adm3_name":"Middlesex County","adm3_id":"25017","area_sqm":6351831,"split":false},"geometry":{"type":"Polygon","coordinates":[[[-71.35499,42.68441],[-71.35425,42.68801],[-71.35038,42.69343],[-71.3503,42.69518],[-71.35162,42.69814],[-71.33033,42.6972],[-71.32993,42.69468],[-71.33106,42.69088],[-71.33113,42.68907],[-71.33315,42.6876],[-71.33469,42.68541],[-71.33423,42.68384],[-71.33213,42.68125],[-71.33337,42.67703],[-71.33434,42.67606],[-71.33485,42.67499],[-71.33217,42.67283],[-71.33254,42.67042],[-71.3317,42.66679],[-71.33138,42.66462],[-71.331,42.6639],[-71.33241,42.6622],[-71.32936,42.66032],[-71.3418,42.65773],[-71.34312,42.65978],[-71.34458,42.66109],[-71.3488,42.66681],[-71.3496,42.66786],[-71.3509,42.67102],[-71.35294,42.67953],[-71.35443,42.68271],[-71.35499,42.68441]]]}},{"type":"Feature","properties":{"unit_id":"25017354300","name":"Census Tract 3543 — Middlesex","native_id":"25017354300","source":"census_tract_2025","adm3_name":"Middlesex County","adm3_id":"25017","area_sqm":1239146,"split":false},"geometry":{"type":"Polygon","coordinates":[[[-71.1604,42.38654],[-71.15823,42.38691],[-71.15732,42.39095],[-71.15726,42.39095],[-71.14809,42.38963],[-71.14413,42.38868],[-71.14372,42.38828],[-71.14164,42.38705],[-71.1411,42.38627],[-71.14127,42.38453],[-71.14001,42.38094],[-71.14404,42.38014],[-71.14707,42.37839],[-71.1457,42.37522],[-71.14594,42.37519],[-71.14986,42.37445],[-71.1503,42.37448],[-71.15437,42.3751],[-71.15471,42.37609],[-71.15623,42.38064],[-71.15562,42.38148],[-71.15779,42.38221],[-71.15797,42.3828],[-71.16033,42.38644],[-71.1604,42.38654]]]}},{"type":"Feature","properties":{"unit_id":"25017350105","name":"Census Tract 3501.05 — Middlesex","native_id":"25017350105","source":"census_tract_2025","adm3_name":"Middlesex County","adm3_id":"25017","area_sqm":219211,"split":false},"geometry":{"type":"Polygon","coordinates":[[[-71.09301,42.39923],[-71.08569,42.40065],[-71.08342,42.40001],[-71.08545,42.3944],[-71.08561,42.39359],[-71.09088,42.39757],[-71.09301,42.39923]]]}},{"type":"Feature","properties":{"unit_id":"25017317102","name":"Census Tract 3171.02 — Middlesex","native_id":"25017317102","source":"census_tract_2025","adm3_name":"Middlesex County","adm3_id":"25017","area_sqm":10871283,"split":false},"geometry":{"type":"Polygon","coordinates":[[[-71.35022,42.59018],[-71.34171,42.59092],[-71.34029,42.59134],[-71.33149,42.59176],[-71.3408,42.59948],[-71.34154,42.60196],[-71.34133,42.60317],[-71.34199,42.60484],[-71.33887,42.60656],[-71.32782,42.61226],[-71.32565,42.61316],[-71.32528,42.61138],[-71.32381,42.60757],[-71.3199,42.6069],[-71.31888,42.60854],[-71.31931,42.61357],[-71.31685,42.61369],[-71.30737,42.61415],[-71.30323,42.61435],[-71.29637,42.61468],[-71.29687,42.61358],[-71.29703,42.61301],[-71.29509,42.60634],[-71.29457,42.60518],[-71.29826,42.60088],[-71.31076,42.58626],[-71.31963,42.57587],[-71.31992,42.57711],[-71.31483,42.58238],[-71.31845,42.58394],[-71.31974,42.582],[-71.32419,42.57936],[-71.33448,42.5784],[-71.34186,42.58033],[-71.34499,42.58286],[-71.34624,42.58576],[-71.34978,42.5889],[-71.35022,42.59018]]]}},{"type":"Feature","properties":{"unit_id":"25017326102","name":"Census Tract 3261.02 — Middlesex","native_id":"25017326102","source":"census_tract_2025","adm3_name":"Middlesex County","adm3_id":"25017","area_sqm":48867812,"split":false},"geometry":{"type":"Polygon","coordinates":[[[-71.5937,42.62803],[-71.59295,42.62927],[-71.58792,42.63083],[-71.58922,42.63291],[-71.59275,42.63295],[-71.59309,42.63383],[-71.59126,42.63573],[-71.59243,42.63657],[-71.59175,42.6374],[-71.58884,42.63715],[-71.58733,42.63941],[-71.58615,42.64417],[-71.58715,42.64496],[-71.58648,42.64642],[-71.58382,42.64603],[-71.58296,42.64414],[-71.57985,42.64791],[-71.57993,42.64929],[-71.5791,42.65138],[-71.57941,42.65344],[-71.57889,42.65441],[-71.55511,42.65957],[-71.55551,42.65875],[-71.55242,42.66012],[-71.53714,42.66349],[-71.5343,42.64836],[-71.51497,42.64362],[-71.49648,42.6498],[-71.49748,42.64167],[-71.49859,42.63879],[-71.49353,42.6174],[-71.4948,42.60437],[-71.49757,42.58032],[-71.49801,42.57686],[-71.50304,42.57547],[-71.50641,42.57217],[-71.51141,42.56942],[-71.51653,42.57349],[-71.52072,42.57903],[-71.52421,42.58134],[-71.52829,42.58313],[-71.53305,42.58633],[-71.53577,42.58872],[-71.53828,42.5904],[-71.54014,42.59371],[-71.54146,42.59428],[-71.54781,42.59391],[-71.54946,42.59519],[-71.55388,42.59689],[-71.55856,42.59624],[-71.5615,42.59745],[-71.56293,42.59765],[-71.56627,42.59996],[-71.56748,42.60184],[-71.56795,42.60513],[-71.56848,42.60589],[-71.56928,42.60671],[-71.57554,42.61167],[-71.57624,42.61238],[-71.57874,42.61418],[-71.58142,42.61569],[-71.58416,42.61868],[-71.58424,42.61876],[-71.59092,42.62524],[-71.59313,42.62651],[-71.5937,42.62803]]]}},{"type":"Feature","properties":{"unit_id":"25017311900","name":"Census Tract 3119 — Middlesex","native_id":"25017311900","source":"census_tract_2025","adm3_name":"Middlesex County","adm3_id":"25017","area_sqm":452551,"split":false},"geometry":{"type":"Polygon","coordinates":[[[-71.31577,42.6383],[-71.30875,42.64105],[-71.30885,42.63925],[-71.30436,42.64029],[-71.30451,42.64163],[-71.30293,42.64175],[-71.30311,42.63978],[-71.30285,42.6382],[-71.30537,42.63732],[-71.30594,42.6358],[-71.30673,42.63746],[-71.30891,42.63699],[-71.309,42.63509],[-71.31371,42.63449],[-71.31424,42.63524],[-71.31577,42.6383]]]}},{"type":"Feature","properties":{"unit_id":"25017320107","name":"Census Tract 3201.07 — Middlesex","native_id":"25017320107","source":"census_tract_2025","adm3_name":"Middlesex County","adm3_id":"25017","area_sqm":12077493,"split":false},"geometry":{"type":"Polygon","coordinates":[[[-71.52031,42.24819],[-71.51829,42.24872],[-71.51881,42.25222],[-71.51673,42.25348],[-71.51322,42.25307],[-71.486,42.24696],[-71.48611,42.24133],[-71.48627,42.23221],[-71.47536,42.22948],[-71.46711,42.23077],[-71.46392,42.22672],[-71.46027,42.21625],[-71.47959,42.20556],[-71.4808,42.20604],[-71.48297,42.20752],[-71.49572,42.21],[-71.49665,42.21541],[-71.49469,42.21849],[-71.49706,42.21967],[-71.49688,42.22145],[-71.49812,42.22266],[-71.50217,42.2248],[-71.50415,42.22675],[-71.50171,42.22876],[-71.50264,42.2294],[-71.50323,42.23213],[-71.50824,42.23321],[-71.50885,42.23487],[-71.51326,42.23306],[-71.51566,42.23472],[-71.51571,42.2367],[-71.51721,42.2396],[-71.51706,42.24141],[-71.51604,42.24301],[-71.51673,42.24517],[-71.51781,42.24568],[-71.52131,42.24509],[-71.52031,42.24819]]]}},{"type":"Feature","properties":{"unit_id":"25017353200","name":"Census Tract 3532 — Middlesex","native_id":"25017353200","source":"census_tract_2025","adm3_name":"Middlesex County","adm3_id":"25017","area_sqm":514213,"split":false},"geometry":{"type":"Polygon","coordinates":[[[-71.11204,42.356],[-71.10958,42.35826],[-71.10767,42.36006],[-71.10654,42.36109],[-71.10431,42.36314],[-71.10295,42.36231],[-71.10243,42.36286],[-71.10078,42.36187],[-71.10248,42.36035],[-71.101,42.35949],[-71.10013,42.35898],[-71.09934,42.35856],[-71.10828,42.35406],[-71.11036,42.35259],[-71.11059,42.35262],[-71.1103,42.35512],[-71.11204,42.356]]]}},{"type":"Feature","properties":{"unit_id":"25017358400","name":"Census Tract 3584 — Middlesex","native_id":"25017358400","source":"census_tract_2025","adm3_name":"Middlesex County","adm3_id":"25017","area_sqm":7029609,"split":false},"geometry":{"type":"Polygon","coordinates":[[[-71.27052,42.44833],[-71.26493,42.44732],[-71.26006,42.44918],[-71.2583,42.44897],[-71.25554,42.44727],[-71.25419,42.44709],[-71.24731,42.44718],[-71.23714,42.44911],[-71.23564,42.44941],[-71.23275,42.44953],[-71.2305,42.45019],[-71.22998,42.45059],[-71.22759,42.44848],[-71.22508,42.44766],[-71.22201,42.4468],[-71.22062,42.44632],[-71.22,42.44637],[-71.21866,42.44597],[-71.21638,42.44457],[-71.20908,42.43557],[-71.21021,42.43483],[-71.21457,42.43595],[-71.21814,42.43451],[-71.22225,42.43422],[-71.22907,42.4339],[-71.23121,42.43468],[-71.23391,42.43574],[-71.23464,42.43588],[-71.2372,42.43551],[-71.23743,42.43544],[-71.24159,42.43429],[-71.24612,42.43543],[-71.25521,42.43657],[-71.2578,42.43563],[-71.25957,42.43562],[-71.25962,42.43394],[-71.25853,42.42821],[-71.25699,42.42108],[-71.26723,42.42444],[-71.26615,42.42992],[-71.26667,42.432],[-71.26902,42.44049],[-71.27052,42.44833]]]}},{"type":"Feature","properties":{"unit_id":"25017334300","name":"Census Tract 3343 — Middlesex","native_id":"25017334300","source":"census_tract_2025","adm3_name":"Middlesex County","adm3_id":"25017","area_sqm":9828868,"split":false},"geometry":{"type":"Polygon","coordinates":[[[-71.13648,42.55237],[-71.13128,42.55268],[-71.12948,42.55452],[-71.12728,42.55426],[-71.12302,42.55857],[-71.12069,42.56056],[-71.11603,42.56196],[-71.11313,42.56087],[-71.11028,42.56141],[-71.10778,42.56457],[-71.10488,42.56644],[-71.10384,42.56517],[-71.09282,42.55927],[-71.09588,42.55485],[-71.09605,42.55103],[-71.0949,42.54943],[-71.09073,42.54622],[-71.08952,42.54367],[-71.09276,42.53898],[-71.0956,42.53956],[-71.10048,42.5395],[-71.10151,42.54036],[-71.10407,42.54083],[-71.10512,42.53685],[-71.10513,42.53616],[-71.10241,42.52792],[-71.10204,42.52623],[-71.10218,42.52575],[-71.10279,42.52408],[-71.10302,42.52544],[-71.1035,42.52578],[-71.1062,42.52709],[-71.10853,42.52813],[-71.11131,42.52895],[-71.11418,42.5298],[-71.11914,42.53194],[-71.12959,42.53599],[-71.13059,42.53621],[-71.13248,42.53652],[-71.13492,42.5462],[-71.13648,42.55237]]]}},{"type":"Feature","properties":{"unit_id":"25017312501","name":"Census Tract 3125.01 — Middlesex","native_id":"25017312501","source":"census_tract_2025","adm3_name":"Middlesex County","adm3_id":"25017","area_sqm":1917754,"split":false},"geometry":{"type":"Polygon","coordinates":[[[-71.30033,42.64193],[-71.2976,42.64216],[-71.29838,42.64321],[-71.2992,42.64447],[-71.29943,42.64573],[-71.29929,42.64677],[-71.29431,42.64473],[-71.29245,42.64457],[-71.28679,42.64743],[-71.28601,42.64956],[-71.28004,42.65434],[-71.27515,42.65622],[-71.27171,42.64802],[-71.27156,42.64619],[-71.27119,42.64424],[-71.27277,42.63734],[-71.2742,42.64025],[-71.27445,42.64049],[-71.27583,42.64124],[-71.27804,42.63997],[-71.28089,42.643],[-71.28152,42.64469],[-71.28252,42.64448],[-71.28871,42.64319],[-71.28757,42.64049],[-71.29622,42.64029],[-71.29882,42.639],[-71.30033,42.64193]]]}},{"type":"Feature","properties":{"unit_id":"25017312300","name":"Census Tract 3123 — Middlesex","native_id":"25017312300","source":"census_tract_2025","adm3_name":"Middlesex County","adm3_id":"25017","area_sqm":3220464,"split":false},"geometry":{"type":"Polygon","coordinates":[[[-71.30121,42.63605],[-71.29758,42.63642],[-71.29368,42.63607],[-71.28832,42.63247],[-71.2829,42.63125],[-71.27619,42.62949],[-71.27471,42.62886],[-71.27585,42.62587],[-71.27608,42.62527],[-71.27642,42.6244],[-71.27779,42.62085],[-71.28343,42.6153],[-71.29632,42.61267],[-71.29703,42.61301],[-71.29687,42.61358],[-71.29637,42.61468],[-71.29587,42.61636],[-71.29536,42.61959],[-71.29631,42.62597],[-71.29606,42.62594],[-71.29748,42.62696],[-71.29849,42.63191],[-71.30051,42.63401],[-71.30121,42.63605]]]}},{"type":"Feature","properties":{"unit_id":"25025981501","name":"Census Tract 9815.01 — Suffolk","native_id":"25025981501","source":"census_tract_2025","adm3_name":"Suffolk County","adm3_id":"25025","area_sqm":897747,"split":false},"geometry":{"type":"Polygon","coordinates":[[[-71.16763,42.36007],[-71.16389,42.35852],[-71.16151,42.35897],[-71.15975,42.35978],[-71.15448,42.36004],[-71.14833,42.36112],[-71.14717,42.36175],[-71.14449,42.36482],[-71.14367,42.36508],[-71.13989,42.36444],[-71.13666,42.36675],[-71.13237,42.36889],[-71.13176,42.36986],[-71.13318,42.37234],[-71.131,42.37389],[-71.1282,42.37357],[-71.1232,42.36894],[-71.11896,42.36876],[-71.11723,42.36737],[-71.11692,42.36425],[-71.11694,42.36368],[-71.1167,42.36125],[-71.1166,42.35918],[-71.11668,42.35874],[-71.11716,42.357],[-71.11685,42.35538],[-71.1132,42.35311],[-71.11059,42.35262],[-71.11036,42.35259],[-71.10432,42.3524],[-71.10303,42.35251],[-71.09789,42.35312],[-71.093,42.35389],[-71.09123,42.35434],[-71.08751,42.35556],[-71.08518,42.35633],[-71.07795,42.35874],[-71.07609,42.36038],[-71.07566,42.36161],[-71.07479,42.36377],[-71.07154,42.36711],[-71.07022,42.36615],[-71.0685,42.36651],[-71.07236,42.36121],[-71.07212,42.35947],[-71.07317,42.35646],[-71.07346,42.35612],[-71.07522,42.35551],[-71.07736,42.35494],[-71.07946,42.35428],[-71.08159,42.3537],[-71.08591,42.35253],[-71.08986,42.35158],[-71.09499,42.35057],[-71.09818,42.35074],[-71.10024,42.35087],[-71.10327,42.35108],[-71.11073,42.35182],[-71.11412,42.35239],[-71.11813,42.35509],[-71.11842,42.35654],[-71.11765,42.36091],[-71.11835,42.36691],[-71.11979,42.36767],[-71.12196,42.36781],[-71.12531,42.36886],[-71.12682,42.37027],[-71.12712,42.37182],[-71.12881,42.37274],[-71.13029,42.37198],[-71.13065,42.36854],[-71.1328,42.36613],[-71.13545,42.36485],[-71.13955,42.3637],[-71.14423,42.36302],[-71.14722,42.36089],[-71.15478,42.35916],[-71.1609,42.35863],[-71.16177,42.35818],[-71.16289,42.35795],[-71.16947,42.35805],[-71.16763,42.36007]]]}},{"type":"Feature","properties":{"unit_id":"25017328100","name":"Census Tract 3281 — Middlesex","native_id":"25017328100","source":"census_tract_2025","adm3_name":"Middlesex County","adm3_id":"25017","area_sqm":42620845,"split":false},"geometry":{"type":"Polygon","coordinates":[[[-71.55553,42.6784],[-71.55605,42.68042],[-71.5557,42.68252],[-71.55638,42.68416],[-71.55675,42.68877],[-71.55644,42.68955],[-71.5543,42.69126],[-71.55311,42.69287],[-71.54936,42.69446],[-71.54779,42.69612],[-71.54439,42.69887],[-71.54254,42.70267],[-71.4881,42.70138],[-71.48804,42.70138],[-71.46755,42.7009],[-71.45769,42.70066],[-71.45634,42.69585],[-71.46103,42.69197],[-71.45958,42.69047],[-71.45924,42.69061],[-71.45703,42.69066],[-71.45612,42.68635],[-71.45209,42.68715],[-71.45028,42.6853],[-71.44796,42.6806],[-71.44728,42.6775],[-71.44642,42.67041],[-71.45234,42.66974],[-71.44862,42.66774],[-71.44783,42.66661],[-71.44696,42.66317],[-71.44975,42.66183],[-71.45544,42.66121],[-71.45493,42.66011],[-71.45868,42.65975],[-71.45719,42.65837],[-71.47478,42.64989],[-71.4759,42.65201],[-71.47715,42.65438],[-71.47948,42.65879],[-71.48251,42.65103],[-71.48903,42.6492],[-71.49246,42.6491],[-71.4963,42.64977],[-71.49648,42.6498],[-71.51497,42.64362],[-71.5343,42.64836],[-71.53714,42.66349],[-71.53241,42.66898],[-71.53886,42.67417],[-71.55007,42.67547],[-71.5574,42.67632],[-71.55553,42.6784]]]}},{"type":"Feature","properties":{"unit_id":"25025090100","name":"Census Tract 901 — Suffolk","native_id":"25025090100","source":"census_tract_2025","adm3_name":"Suffolk County","adm3_id":"25025","area_sqm":446964,"split":false},"geometry":{"type":"Polygon","coordinates":[[[-71.08525,42.30345],[-71.08492,42.30443],[-71.0843,42.30701],[-71.0839,42.30759],[-71.08325,42.30847],[-71.08163,42.30634],[-71.08056,42.30544],[-71.07956,42.30462],[-71.07894,42.30394],[-71.07853,42.30339],[-71.07842,42.30323],[-71.07922,42.30119],[-71.07885,42.29671],[-71.07954,42.29656],[-71.08046,42.29639],[-71.08141,42.299],[-71.08391,42.29971],[-71.0847,42.30042],[-71.0859,42.30138],[-71.08525,42.30345]]]}},{"type":"Feature","properties":{"unit_id":"25017316102","name":"Census Tract 3161.02 — Middlesex","native_id":"25017316102","source":"census_tract_2025","adm3_name":"Middlesex County","adm3_id":"25017","area_sqm":9640416,"split":false},"geometry":{"type":"Polygon","coordinates":[[[-71.28576,42.55121],[-71.28478,42.55185],[-71.28219,42.55464],[-71.28201,42.55599],[-71.28411,42.56017],[-71.28413,42.56253],[-71.28414,42.56428],[-71.28158,42.56769],[-71.28187,42.56904],[-71.28188,42.57248],[-71.28047,42.57414],[-71.27867,42.57332],[-71.27632,42.57018],[-71.27625,42.57097],[-71.26785,42.57317],[-71.26435,42.57459],[-71.26206,42.57449],[-71.25761,42.57482],[-71.25568,42.57285],[-71.25505,42.57546],[-71.24104,42.57473],[-71.24184,42.57365],[-71.24123,42.57401],[-71.23494,42.56751],[-71.23866,42.56712],[-71.24099,42.56951],[-71.24282,42.56661],[-71.24089,42.5647],[-71.23903,42.56539],[-71.23646,42.56087],[-71.23782,42.56008],[-71.23576,42.55733],[-71.23695,42.55512],[-71.24098,42.55457],[-71.242,42.55451],[-71.24666,42.55378],[-71.24835,42.55107],[-71.24727,42.54659],[-71.2525,42.54436],[-71.25249,42.54255],[-71.25628,42.54773],[-71.25698,42.54803],[-71.26028,42.54848],[-71.26316,42.55068],[-71.26415,42.55287],[-71.26423,42.55308],[-71.26581,42.55507],[-71.26784,42.55459],[-71.27158,42.55345],[-71.27487,42.54909],[-71.27884,42.54904],[-71.28072,42.54813],[-71.28186,42.54746],[-71.28347,42.54301],[-71.28367,42.54333],[-71.28723,42.5479],[-71.28576,42.55121]]]}},{"type":"Feature","properties":{"unit_id":"25025090600","name":"Census Tract 906 — Suffolk","native_id":"25025090600","source":"census_tract_2025","adm3_name":"Suffolk County","adm3_id":"25025","area_sqm":301665,"split":false},"geometry":{"type":"Polygon","coordinates":[[[-71.07715,42.3222],[-71.07666,42.32289],[-71.07581,42.32415],[-71.07464,42.32324],[-71.07392,42.32376],[-71.07164,42.32465],[-71.07266,42.32602],[-71.07148,42.32669],[-71.06751,42.3233],[-71.06806,42.32128],[-71.06984,42.32157],[-71.0722,42.32136],[-71.07395,42.32077],[-71.07552,42.32057],[-71.07775,42.32043],[-71.07715,42.3222]]]}},{"type":"Feature","properties":{"unit_id":"25017368400","name":"Census Tract 3684 — Middlesex","native_id":"25017368400","source":"census_tract_2025","adm3_name":"Middlesex County","adm3_id":"25017","area_sqm":3397327,"split":false},"geometry":{"type":"Polygon","coordinates":[[[-71.27349,42.36611],[-71.27022,42.36827],[-71.27075,42.36951],[-71.26918,42.37005],[-71.26808,42.37068],[-71.26699,42.37177],[-71.26148,42.37377],[-71.25512,42.37413],[-71.25401,42.37423],[-71.25296,42.37436],[-71.251,42.37437],[-71.25004,42.37438],[-71.2498,42.37278],[-71.24652,42.3731],[-71.24368,42.37401],[-71.24322,42.37286],[-71.24271,42.37202],[-71.23975,42.37322],[-71.238,42.3738],[-71.23652,42.37409],[-71.23658,42.37315],[-71.24096,42.37165],[-71.24368,42.36885],[-71.24539,42.36667],[-71.2462,42.3621],[-71.24937,42.362],[-71.25146,42.35929],[-71.25293,42.35596],[-71.25374,42.35504],[-71.25476,42.35423],[-71.25611,42.35382],[-71.25647,42.35491],[-71.26038,42.35363],[-71.26438,42.35489],[-71.26892,42.35988],[-71.26952,42.36284],[-71.27128,42.36337],[-71.27349,42.36611]]]}},{"type":"Feature","properties":{"unit_id":"25025090901","name":"Census Tract 909.01 — Suffolk","native_id":"25025090901","source":"census_tract_2025","adm3_name":"Suffolk County","adm3_id":"25025","area_sqm":1173210,"split":false},"geometry":{"type":"Polygon","coordinates":[[[-71.0506,42.32076],[-71.05028,42.32186],[-71.05024,42.32202],[-71.04896,42.32343],[-71.04784,42.32259],[-71.04673,42.32307],[-71.04003,42.31965],[-71.0331,42.31612],[-71.03278,42.31347],[-71.03689,42.31051],[-71.0379,42.31043],[-71.04096,42.31215],[-71.04233,42.31169],[-71.04235,42.31153],[-71.0467,42.31302],[-71.05093,42.32088],[-71.0506,42.32076]]]}},{"type":"Feature","properties":{"unit_id":"25017335400","name":"Census Tract 3354 — Middlesex","native_id":"25017335400","source":"census_tract_2025","adm3_name":"Middlesex County","adm3_id":"25017","area_sqm":3641188,"split":false},"geometry":{"type":"Polygon","coordinates":[[[-71.07771,42.47739],[-71.0766,42.47749],[-71.07581,42.48357],[-71.07524,42.48801],[-71.07161,42.48659],[-71.07101,42.48737],[-71.07397,42.48977],[-71.07076,42.49022],[-71.06943,42.48969],[-71.06903,42.4863],[-71.06626,42.48245],[-71.06478,42.48294],[-71.06417,42.48653],[-71.06097,42.48622],[-71.05593,42.49116],[-71.05168,42.49187],[-71.05236,42.49519],[-71.04837,42.49455],[-71.04354,42.49455],[-71.04186,42.49329],[-71.04521,42.48872],[-71.04695,42.48796],[-71.05025,42.48653],[-71.05263,42.48606],[-71.05421,42.4769],[-71.05336,42.47592],[-71.05666,42.47521],[-71.06132,42.4742],[-71.06132,42.47407],[-71.06136,42.47266],[-71.06302,42.47245],[-71.06746,42.47187],[-71.0693,42.47164],[-71.07815,42.47402],[-71.07771,42.47739]]]}},{"type":"Feature","properties":{"unit_id":"25017351404","name":"Census Tract 3514.04 — Middlesex","native_id":"25017351404","source":"census_tract_2025","adm3_name":"Middlesex County","adm3_id":"25017","area_sqm":418800,"split":false},"geometry":{"type":"Polygon","coordinates":[[[-71.09568,42.38813],[-71.09318,42.38736],[-71.09048,42.38652],[-71.08784,42.38569],[-71.08421,42.38456],[-71.08268,42.38414],[-71.08062,42.38376],[-71.07943,42.38332],[-71.08093,42.38213],[-71.08623,42.38132],[-71.08756,42.38099],[-71.08812,42.38082],[-71.08979,42.38027],[-71.09014,42.38143],[-71.09147,42.38328],[-71.09125,42.38417],[-71.09353,42.38638],[-71.09542,42.38743],[-71.09628,42.3883],[-71.09568,42.38813]]]}},{"type":"Feature","properties":{"unit_id":"25017350202","name":"Census Tract 3502.02 — Middlesex","native_id":"25017350202","source":"census_tract_2025","adm3_name":"Middlesex County","adm3_id":"25017","area_sqm":430779,"split":false},"geometry":{"type":"Polygon","coordinates":[[[-71.10176,42.39668],[-71.10039,42.39622],[-71.09865,42.39527],[-71.09765,42.39473],[-71.09342,42.39256],[-71.09308,42.39236],[-71.09363,42.39149],[-71.09566,42.3914],[-71.09691,42.38951],[-71.09568,42.38813],[-71.09628,42.3883],[-71.09542,42.38743],[-71.09763,42.38843],[-71.10204,42.3904],[-71.10151,42.39115],[-71.10398,42.39236],[-71.10176,42.39668]]]}},{"type":"Feature","properties":{"unit_id":"25017368600","name":"Census Tract 3686 — Middlesex","native_id":"25017368600","source":"census_tract_2025","adm3_name":"Middlesex County","adm3_id":"25017","area_sqm":1104230,"split":false},"geometry":{"type":"Polygon","coordinates":[[[-71.25293,42.35596],[-71.25146,42.35929],[-71.24937,42.362],[-71.2462,42.3621],[-71.24539,42.36667],[-71.24368,42.36885],[-71.24244,42.36846],[-71.24314,42.3668],[-71.2409,42.36637],[-71.23812,42.36585],[-71.23797,42.36633],[-71.23494,42.36599],[-71.23449,42.3674],[-71.23271,42.36714],[-71.23147,42.36683],[-71.22858,42.36566],[-71.22623,42.36387],[-71.22664,42.36375],[-71.23148,42.36232],[-71.23659,42.3608],[-71.23762,42.3605],[-71.23932,42.35999],[-71.24308,42.35887],[-71.25244,42.3561],[-71.25293,42.35596]]]}},{"type":"Feature","properties":{"unit_id":"25025170102","name":"Census Tract 1701.02 — Suffolk","native_id":"25025170102","source":"census_tract_2025","adm3_name":"Suffolk County","adm3_id":"25025","area_sqm":684191,"split":false},"geometry":{"type":"Polygon","coordinates":[[[-71.03257,42.41553],[-71.03173,42.41739],[-71.02754,42.41626],[-71.02274,42.41495],[-71.01766,42.41354],[-71.01123,42.41178],[-71.01355,42.40815],[-71.01453,42.40913],[-71.01921,42.41041],[-71.02865,42.41302],[-71.0304,42.4127],[-71.03136,42.41251],[-71.03318,42.41421],[-71.03257,42.41553]]]}},{"type":"Feature","properties":{"unit_id":"25017358600","name":"Census Tract 3586 — Middlesex","native_id":"25017358600","source":"census_tract_2025","adm3_name":"Middlesex County","adm3_id":"25017","area_sqm":8711052,"split":false},"geometry":{"type":"Polygon","coordinates":[[[-71.27269,42.4597],[-71.26765,42.46716],[-71.26531,42.4706],[-71.26479,42.47141],[-71.26331,42.47359],[-71.26106,42.47328],[-71.25486,42.47561],[-71.2538,42.47499],[-71.25166,42.4764],[-71.24675,42.47246],[-71.24491,42.47027],[-71.24118,42.47217],[-71.23763,42.47299],[-71.23546,42.47156],[-71.23283,42.4685],[-71.23211,42.46521],[-71.23278,42.46343],[-71.23095,42.46181],[-71.23044,42.45983],[-71.23191,42.45891],[-71.23087,42.4535],[-71.23043,42.45124],[-71.22998,42.45059],[-71.2305,42.45019],[-71.23275,42.44953],[-71.23564,42.44941],[-71.23714,42.44911],[-71.24731,42.44718],[-71.25419,42.44709],[-71.25554,42.44727],[-71.2583,42.44897],[-71.26006,42.44918],[-71.26493,42.44732],[-71.27052,42.44833],[-71.27096,42.45061],[-71.27124,42.45211],[-71.27269,42.4597]]]}},{"type":"Feature","properties":{"unit_id":"25025100100","name":"Census Tract 1001 — Suffolk","native_id":"25025100100","source":"census_tract_2025","adm3_name":"Suffolk County","adm3_id":"25025","area_sqm":1036588,"split":false},"geometry":{"type":"Polygon","coordinates":[[[-71.09454,42.29302],[-71.09317,42.29461],[-71.08978,42.29287],[-71.08815,42.29442],[-71.088,42.29494],[-71.08784,42.29491],[-71.08249,42.29329],[-71.08088,42.29282],[-71.07815,42.29202],[-71.0782,42.29077],[-71.07854,42.28934],[-71.07919,42.28814],[-71.08125,42.28779],[-71.08577,42.28677],[-71.08599,42.28673],[-71.09111,42.28556],[-71.09157,42.28421],[-71.09286,42.28513],[-71.09389,42.28767],[-71.09576,42.29197],[-71.09454,42.29302]]]}},{"type":"Feature","properties":{"unit_id":"25025130404","name":"Census Tract 1304.04 — Suffolk","native_id":"25025130404","source":"census_tract_2025","adm3_name":"Suffolk County","adm3_id":"25025","area_sqm":1601961,"split":false},"geometry":{"type":"Polygon","coordinates":[[[-71.16354,42.26224],[-71.16271,42.26775],[-71.16185,42.26888],[-71.162,42.26924],[-71.16184,42.27115],[-71.16022,42.2748],[-71.15977,42.27845],[-71.15943,42.27883],[-71.15677,42.27705],[-71.1535,42.27598],[-71.15078,42.27355],[-71.14989,42.27223],[-71.14729,42.26999],[-71.15009,42.26758],[-71.15112,42.26667],[-71.15705,42.2612],[-71.15752,42.26074],[-71.16157,42.25755],[-71.16339,42.25902],[-71.16354,42.26224]]]}},{"type":"Feature","properties":{"unit_id":"25017354902","name":"Census Tract 3549.02 — Middlesex","native_id":"25017354902","source":"census_tract_2025","adm3_name":"Middlesex County","adm3_id":"25017","area_sqm":629379,"split":false},"geometry":{"type":"Polygon","coordinates":[[[-71.14144,42.39896],[-71.14022,42.3982],[-71.13214,42.39773],[-71.1309,42.39774],[-71.13085,42.39578],[-71.13081,42.3936],[-71.13104,42.39338],[-71.13034,42.3903],[-71.13273,42.39069],[-71.13544,42.39112],[-71.13766,42.3915],[-71.14112,42.39209],[-71.14059,42.39408],[-71.14061,42.39468],[-71.14074,42.39589],[-71.1413,42.3972],[-71.1428,42.39788],[-71.14144,42.39896]]]}},{"type":"Feature","properties":{"unit_id":"25017341200","name":"Census Tract 3412 — Middlesex","native_id":"25017341200","source":"census_tract_2025","adm3_name":"Middlesex County","adm3_id":"25017","area_sqm":1103339,"split":false},"geometry":{"type":"Polygon","coordinates":[[[-71.08829,42.42495],[-71.08106,42.42656],[-71.07682,42.42712],[-71.07397,42.42732],[-71.07452,42.42598],[-71.07663,42.42049],[-71.07678,42.41954],[-71.0768,42.4132],[-71.07931,42.41494],[-71.08172,42.41516],[-71.08428,42.41656],[-71.08592,42.41802],[-71.08654,42.41956],[-71.08767,42.42237],[-71.08807,42.42335],[-71.08864,42.4248],[-71.08829,42.42495]]]}},{"type":"Feature","properties":{"unit_id":"25025180101","name":"Census Tract 1801.01 — Suffolk","native_id":"25025180101","source":"census_tract_2025","adm3_name":"Suffolk County","adm3_id":"25025","area_sqm":1137875,"split":false},"geometry":{"type":"Polygon","coordinates":[[[-70.98828,42.38711],[-70.98662,42.38714],[-70.98605,42.38812],[-70.98148,42.39084],[-70.98051,42.39168],[-70.97979,42.39056],[-70.97634,42.38961],[-70.9758,42.38947],[-70.97284,42.38973],[-70.9686,42.39011],[-70.96727,42.38823],[-70.97177,42.38549],[-70.97251,42.38504],[-70.97271,42.38176],[-70.97255,42.38115],[-70.97494,42.38088],[-70.97665,42.38195],[-70.97745,42.38083],[-70.9791,42.37948],[-70.98138,42.38099],[-70.98314,42.38459],[-70.98427,42.38538],[-70.98695,42.38539],[-70.98828,42.38711]]]}},{"type":"Feature","properties":{"unit_id":"25025100400","name":"Census Tract 1004 — Suffolk","native_id":"25025100400","source":"census_tract_2025","adm3_name":"Suffolk County","adm3_id":"25025","area_sqm":626250,"split":false},"geometry":{"type":"Polygon","coordinates":[[[-71.07796,42.27905],[-71.07525,42.27968],[-71.07603,42.28181],[-71.07626,42.28316],[-71.07663,42.28377],[-71.07227,42.28463],[-71.07154,42.2845],[-71.07118,42.28535],[-71.0667,42.28513],[-71.0643,42.2857],[-71.06479,42.284],[-71.06592,42.27993],[-71.0695,42.27881],[-71.07102,42.27831],[-71.07277,42.27807],[-71.07317,42.27805],[-71.07889,42.27857],[-71.07796,42.27905]]]}},{"type":"Feature","properties":{"unit_id":"25025980700","name":"Census Tract 9807 — Suffolk","native_id":"25025980700","source":"census_tract_2025","adm3_name":"Suffolk County","adm3_id":"25025","area_sqm":2888944,"split":false},"geometry":{"type":"Polygon","coordinates":[[[-71.14729,42.26999],[-71.14366,42.27285],[-71.14571,42.27505],[-71.14523,42.27633],[-71.14248,42.27757],[-71.14396,42.2805],[-71.14093,42.27692],[-71.14065,42.27518],[-71.14061,42.27426],[-71.13659,42.27151],[-71.1327,42.27404],[-71.13112,42.27305],[-71.13255,42.2699],[-71.13005,42.26675],[-71.13015,42.26615],[-71.12733,42.2645],[-71.12692,42.26187],[-71.1282,42.26051],[-71.13151,42.26222],[-71.13362,42.26102],[-71.13076,42.2583],[-71.12893,42.25808],[-71.13235,42.25604],[-71.13397,42.25431],[-71.13623,42.25105],[-71.13643,42.24966],[-71.13233,42.24823],[-71.13598,42.24686],[-71.13629,42.24632],[-71.13914,42.24898],[-71.13939,42.25252],[-71.13809,42.25493],[-71.14001,42.25824],[-71.14283,42.25594],[-71.14412,42.25932],[-71.14553,42.25923],[-71.147,42.26142],[-71.14643,42.26458],[-71.15009,42.26758],[-71.14729,42.26999]]]}},{"type":"Feature","properties":{"unit_id":"25025061201","name":"Census Tract 612.01 — Suffolk","native_id":"25025061201","source":"census_tract_2025","adm3_name":"Suffolk County","adm3_id":"25025","area_sqm":562013,"split":false},"geometry":{"type":"Polygon","coordinates":[[[-71.0628,42.33197],[-71.06101,42.33478],[-71.06004,42.33656],[-71.0597,42.33686],[-71.05723,42.3388],[-71.05711,42.33833],[-71.05673,42.33738],[-71.05315,42.33152],[-71.05277,42.33049],[-71.05266,42.32936],[-71.05262,42.3286],[-71.05693,42.32855],[-71.05692,42.32803],[-71.05785,42.32814],[-71.05775,42.32838],[-71.05824,42.32973],[-71.05929,42.32997],[-71.06355,42.33079],[-71.0628,42.33197]]]}},{"type":"Feature","properties":{"unit_id":"25025140400","name":"Census Tract 1404 — Suffolk","native_id":"25025140400","source":"census_tract_2025","adm3_name":"Suffolk County","adm3_id":"25025","area_sqm":1874512,"split":false},"geometry":{"type":"Polygon","coordinates":[[[-71.12491,42.2727],[-71.12146,42.27378],[-71.12144,42.27464],[-71.12029,42.27855],[-71.11999,42.27882],[-71.11953,42.27687],[-71.11721,42.27587],[-71.11573,42.2773],[-71.11663,42.279],[-71.11534,42.27804],[-71.11419,42.2771],[-71.11037,42.27506],[-71.10919,42.27436],[-71.10841,42.27351],[-71.10656,42.27177],[-71.10336,42.271],[-71.10437,42.26953],[-71.10124,42.26683],[-71.09962,42.2655],[-71.09968,42.26484],[-71.0979,42.26288],[-71.10367,42.25972],[-71.10406,42.25986],[-71.105,42.2608],[-71.10841,42.26112],[-71.1069,42.26193],[-71.10774,42.26297],[-71.10842,42.26259],[-71.11083,42.26606],[-71.11162,42.26736],[-71.111,42.26904],[-71.11643,42.26711],[-71.11827,42.2666],[-71.12061,42.27028],[-71.12178,42.27068],[-71.12359,42.27142],[-71.12491,42.2727]]]}},{"type":"Feature","properties":{"unit_id":"25017350109","name":"Census Tract 3501.09 — Middlesex","native_id":"25017350109","source":"census_tract_2025","adm3_name":"Middlesex County","adm3_id":"25017","area_sqm":285286,"split":false},"geometry":{"type":"Polygon","coordinates":[[[-71.09342,42.39256],[-71.09202,42.39434],[-71.08984,42.3965],[-71.09088,42.39757],[-71.08561,42.39359],[-71.08575,42.39288],[-71.08618,42.39176],[-71.0882,42.3896],[-71.08926,42.39008],[-71.09035,42.39061],[-71.09078,42.39084],[-71.09257,42.39211],[-71.09308,42.39236],[-71.09342,42.39256]]]}},{"type":"Feature","properties":{"unit_id":"25017339500","name":"Census Tract 3395 — Middlesex","native_id":"25017339500","source":"census_tract_2025","adm3_name":"Middlesex County","adm3_id":"25017","area_sqm":1199133,"split":false},"geometry":{"type":"Polygon","coordinates":[[[-71.1254,42.4104],[-71.12309,42.40961],[-71.12178,42.41155],[-71.12008,42.41412],[-71.11996,42.41428],[-71.1186,42.41633],[-71.11826,42.41685],[-71.11792,42.41739],[-71.11794,42.4191],[-71.11515,42.41899],[-71.1105,42.41708],[-71.1106,42.41663],[-71.1077,42.4153],[-71.1059,42.41286],[-71.10666,42.41113],[-71.11012,42.41031],[-71.11338,42.41052],[-71.11644,42.40732],[-71.11323,42.40304],[-71.11492,42.40217],[-71.11554,42.40514],[-71.11742,42.40583],[-71.12167,42.40709],[-71.12388,42.40823],[-71.12329,42.40917],[-71.12336,42.40919],[-71.12569,42.40998],[-71.1254,42.4104]]]}},{"type":"Feature","properties":{"unit_id":"25017310700","name":"Census Tract 3107 — Middlesex","native_id":"25017310700","source":"census_tract_2025","adm3_name":"Middlesex County","adm3_id":"25017","area_sqm":882687,"split":false},"geometry":{"type":"Polygon","coordinates":[[[-71.34354,42.64029],[-71.3397,42.64209],[-71.33806,42.64338],[-71.33711,42.64494],[-71.33606,42.64608],[-71.3346,42.64713],[-71.33395,42.64746],[-71.33333,42.64748],[-71.33028,42.64888],[-71.32996,42.64923],[-71.33054,42.64961],[-71.32968,42.65075],[-71.3244,42.65189],[-71.32331,42.65109],[-71.32555,42.64965],[-71.32401,42.64791],[-71.32185,42.64553],[-71.3254,42.64446],[-71.32623,42.64429],[-71.32587,42.6431],[-71.32506,42.64026],[-71.3285,42.64081],[-71.33061,42.64091],[-71.33289,42.64053],[-71.34367,42.63884],[-71.34354,42.64029]]]}},{"type":"Feature","properties":{"unit_id":"25025130101","name":"Census Tract 1301.01 — Suffolk","native_id":"25025130101","source":"census_tract_2025","adm3_name":"Suffolk County","adm3_id":"25025","area_sqm":2667966,"split":false},"geometry":{"type":"Polygon","coordinates":[[[-71.17864,42.2946],[-71.16981,42.30044],[-71.1647,42.30383],[-71.15369,42.29575],[-71.15211,42.29459],[-71.1503,42.29553],[-71.14938,42.2931],[-71.15144,42.29287],[-71.15349,42.29326],[-71.15431,42.29297],[-71.15566,42.29211],[-71.15618,42.29171],[-71.15868,42.29185],[-71.16063,42.29158],[-71.16397,42.28831],[-71.16532,42.28748],[-71.16773,42.28586],[-71.16605,42.28324],[-71.1619,42.27977],[-71.16337,42.27918],[-71.17122,42.27978],[-71.1711,42.28174],[-71.17242,42.28583],[-71.17157,42.28797],[-71.17623,42.29326],[-71.17864,42.2946]]]}},{"type":"Feature","properties":{"unit_id":"25017327101","name":"Census Tract 3271.01 — Middlesex","native_id":"25017327101","source":"census_tract_2025","adm3_name":"Middlesex County","adm3_id":"25017","area_sqm":26558688,"split":false},"geometry":{"type":"Polygon","coordinates":[[[-71.6535,42.67514],[-71.65072,42.69092],[-71.65183,42.70523],[-71.63621,42.70489],[-71.63181,42.70479],[-71.63062,42.70476],[-71.61979,42.7045],[-71.56731,42.70326],[-71.54269,42.70268],[-71.54254,42.70267],[-71.54439,42.69887],[-71.54779,42.69612],[-71.54936,42.69446],[-71.55311,42.69287],[-71.5543,42.69126],[-71.55644,42.68955],[-71.55675,42.68877],[-71.55638,42.68416],[-71.5557,42.68252],[-71.55605,42.68042],[-71.55553,42.6784],[-71.5574,42.67632],[-71.5616,42.67574],[-71.56471,42.67199],[-71.56467,42.67309],[-71.56929,42.67187],[-71.56992,42.67274],[-71.57364,42.67128],[-71.57828,42.67236],[-71.58251,42.67559],[-71.58271,42.67689],[-71.58451,42.67729],[-71.58679,42.68056],[-71.59131,42.68243],[-71.59408,42.684],[-71.5964,42.68442],[-71.59747,42.68275],[-71.60102,42.68048],[-71.59984,42.67426],[-71.60917,42.67571],[-71.61078,42.67252],[-71.60998,42.6693],[-71.61609,42.67077],[-71.62075,42.67121],[-71.63046,42.67134],[-71.6345,42.67325],[-71.63672,42.672],[-71.64168,42.6703],[-71.64521,42.67032],[-71.64528,42.67137],[-71.651,42.67348],[-71.65145,42.67461],[-71.6535,42.67514]]]}},{"type":"Feature","properties":{"unit_id":"25017351102","name":"Census Tract 3511.02 — Middlesex","native_id":"25017351102","source":"census_tract_2025","adm3_name":"Middlesex County","adm3_id":"25017","area_sqm":241469,"split":false},"geometry":{"type":"Polygon","coordinates":[[[-71.11064,42.38483],[-71.10895,42.38746],[-71.10844,42.38719],[-71.1051,42.38603],[-71.10432,42.38716],[-71.09965,42.38552],[-71.1004,42.38436],[-71.10124,42.3832],[-71.10272,42.38362],[-71.1067,42.38369],[-71.10639,42.38415],[-71.10915,42.38513],[-71.11064,42.38483]]]}},{"type":"Feature","properties":{"unit_id":"25017341700","name":"Census Tract 3417 — Middlesex","native_id":"25017341700","source":"census_tract_2025","adm3_name":"Middlesex County","adm3_id":"25017","area_sqm":1098194,"split":false},"geometry":{"type":"Polygon","coordinates":[[[-71.0595,42.43425],[-71.05779,42.43469],[-71.05664,42.43477],[-71.05425,42.43502],[-71.05327,42.43516],[-71.05233,42.43597],[-71.0502,42.43608],[-71.0503,42.4371],[-71.04972,42.43943],[-71.04818,42.43945],[-71.0492,42.4417],[-71.05027,42.4422],[-71.04418,42.44283],[-71.04139,42.44055],[-71.04214,42.43822],[-71.04079,42.43814],[-71.03713,42.43686],[-71.03772,42.43655],[-71.03875,42.43421],[-71.04021,42.43398],[-71.04431,42.43382],[-71.04611,42.43354],[-71.04803,42.43283],[-71.04901,42.43233],[-71.05054,42.43171],[-71.0578,42.43098],[-71.05801,42.43091],[-71.05832,42.43196],[-71.0595,42.43425]]]}},{"type":"Feature","properties":{"unit_id":"25017325101","name":"Census Tract 3251.01 — Middlesex","native_id":"25017325101","source":"census_tract_2025","adm3_name":"Middlesex County","adm3_id":"25017","area_sqm":11015118,"split":false},"geometry":{"type":"Polygon","coordinates":[[[-71.57568,42.55111],[-71.57309,42.55295],[-71.56447,42.55744],[-71.57106,42.55626],[-71.57762,42.55762],[-71.57699,42.55823],[-71.57601,42.56131],[-71.57261,42.56705],[-71.57273,42.56889],[-71.57315,42.57006],[-71.57312,42.57064],[-71.5714,42.57101],[-71.56567,42.57573],[-71.56318,42.57728],[-71.51146,42.56939],[-71.52089,42.56431],[-71.52319,42.55983],[-71.52788,42.55623],[-71.53238,42.55383],[-71.53303,42.55273],[-71.54232,42.55033],[-71.53878,42.54303],[-71.55602,42.54612],[-71.57541,42.54959],[-71.57794,42.55005],[-71.57568,42.55111]]]}},{"type":"Feature","properties":{"unit_id":"25017325102","name":"Census Tract 3251.02 — Middlesex","native_id":"25017325102","source":"census_tract_2025","adm3_name":"Middlesex County","adm3_id":"25017","area_sqm":12161306,"split":false},"geometry":{"type":"Polygon","coordinates":[[[-71.61555,42.55365],[-71.61148,42.55384],[-71.61083,42.55476],[-71.61251,42.55892],[-71.6114,42.56174],[-71.60903,42.56397],[-71.60861,42.56546],[-71.60663,42.56632],[-71.61126,42.56838],[-71.61248,42.57184],[-71.61413,42.57211],[-71.61596,42.57493],[-71.61467,42.57509],[-71.61292,42.57702],[-71.6096,42.57811],[-71.60994,42.57978],[-71.60919,42.58122],[-71.60726,42.58294],[-71.60236,42.58202],[-71.60085,42.583],[-71.58624,42.58078],[-71.56318,42.57728],[-71.56567,42.57573],[-71.5714,42.57101],[-71.57312,42.57064],[-71.57315,42.57006],[-71.57273,42.56889],[-71.57261,42.56705],[-71.57601,42.56131],[-71.57699,42.55823],[-71.57762,42.55762],[-71.57106,42.55626],[-71.56447,42.55744],[-71.57309,42.55295],[-71.57568,42.55111],[-71.57794,42.55005],[-71.58029,42.55047],[-71.58856,42.5463],[-71.59112,42.5445],[-71.59301,42.54389],[-71.59319,42.54383],[-71.59462,42.54338],[-71.60229,42.5452],[-71.60785,42.54538],[-71.61993,42.5525],[-71.61555,42.55365]]]}},{"type":"Feature","properties":{"unit_id":"25017385201","name":"Census Tract 3852.01 — Middlesex","native_id":"25017385201","source":"census_tract_2025","adm3_name":"Middlesex County","adm3_id":"25017","area_sqm":5652562,"split":false},"geometry":{"type":"Polygon","coordinates":[[[-71.48611,42.24133],[-71.47641,42.24575],[-71.47195,42.25124],[-71.46739,42.25525],[-71.46712,42.25569],[-71.46406,42.25954],[-71.45416,42.24965],[-71.45097,42.24469],[-71.44956,42.24273],[-71.44902,42.2369],[-71.44606,42.23407],[-71.45856,42.23211],[-71.46711,42.23077],[-71.47536,42.22948],[-71.48627,42.23221],[-71.48611,42.24133]]]}},{"type":"Feature","properties":{"unit_id":"25025020305","name":"Census Tract 203.05 — Suffolk","native_id":"25025020305","source":"census_tract_2025","adm3_name":"Suffolk County","adm3_id":"25025","area_sqm":297773,"split":false},"geometry":{"type":"Polygon","coordinates":[[[-71.06948,42.36905],[-71.06406,42.369],[-71.06299,42.36839],[-71.05979,42.36877],[-71.05853,42.36695],[-71.06067,42.36578],[-71.06294,42.36455],[-71.06339,42.36419],[-71.06372,42.3622],[-71.06513,42.3624],[-71.06537,42.36483],[-71.0687,42.36549],[-71.06761,42.36643],[-71.07058,42.36801],[-71.06948,42.36905]]]}},{"type":"Feature","properties":{"unit_id":"25025091400","name":"Census Tract 914 — Suffolk","native_id":"25025091400","source":"census_tract_2025","adm3_name":"Suffolk County","adm3_id":"25025","area_sqm":325020,"split":false},"geometry":{"type":"Polygon","coordinates":[[[-71.07214,42.31366],[-71.07314,42.31422],[-71.07282,42.31654],[-71.07301,42.31703],[-71.07039,42.31744],[-71.0697,42.31895],[-71.06875,42.31859],[-71.06684,42.31782],[-71.0652,42.31707],[-71.06743,42.3146],[-71.0685,42.31273],[-71.06972,42.31164],[-71.07022,42.31133],[-71.07162,42.31188],[-71.07317,42.31222],[-71.07214,42.31366]]]}},{"type":"Feature","properties":{"unit_id":"25017314101","name":"Census Tract 3141.01 — Middlesex","native_id":"25017314101","source":"census_tract_2025","adm3_name":"Middlesex County","adm3_id":"25017","area_sqm":8081956,"split":false},"geometry":{"type":"Polygon","coordinates":[[[-71.37876,42.68301],[-71.37401,42.68937],[-71.37437,42.69326],[-71.36973,42.69858],[-71.36743,42.69852],[-71.36519,42.69847],[-71.35187,42.69815],[-71.3518,42.69815],[-71.35162,42.69814],[-71.3503,42.69518],[-71.35038,42.69343],[-71.35425,42.68801],[-71.35499,42.68441],[-71.35443,42.68271],[-71.35294,42.67953],[-71.3509,42.67102],[-71.3496,42.66786],[-71.3488,42.66681],[-71.34458,42.66109],[-71.34312,42.65978],[-71.3418,42.65773],[-71.35752,42.65445],[-71.36888,42.66175],[-71.36643,42.66668],[-71.36963,42.66933],[-71.37158,42.66414],[-71.37337,42.66612],[-71.37673,42.67806],[-71.37876,42.68301]]]}},{"type":"Feature","properties":{"unit_id":"25017361300","name":"Census Tract 3613 — Middlesex","native_id":"25017361300","source":"census_tract_2025","adm3_name":"Middlesex County","adm3_id":"25017","area_sqm":33926663,"split":false},"geometry":{"type":"Polygon","coordinates":[[[-71.40813,42.47004],[-71.39388,42.49121],[-71.38496,42.50447],[-71.36993,42.50372],[-71.35362,42.50292],[-71.31754,42.50243],[-71.3183,42.49819],[-71.31858,42.49116],[-71.3193,42.48629],[-71.31699,42.48418],[-71.31721,42.48356],[-71.31849,42.48267],[-71.32081,42.48218],[-71.32127,42.48051],[-71.31864,42.47862],[-71.31856,42.47854],[-71.31695,42.47668],[-71.31377,42.47418],[-71.30947,42.4764],[-71.30655,42.47443],[-71.3038,42.47444],[-71.30187,42.47327],[-71.30411,42.47304],[-71.30432,42.4714],[-71.30255,42.47126],[-71.29978,42.46683],[-71.30117,42.466],[-71.29885,42.46267],[-71.30228,42.46201],[-71.30319,42.46125],[-71.3048,42.45276],[-71.30959,42.45311],[-71.31078,42.4535],[-71.31132,42.45375],[-71.31267,42.45457],[-71.31362,42.45502],[-71.32013,42.44987],[-71.33357,42.43925],[-71.33428,42.44015],[-71.3393,42.44337],[-71.34339,42.44913],[-71.34979,42.45262],[-71.35608,42.45602],[-71.35901,42.45864],[-71.35605,42.46204],[-71.35837,42.46396],[-71.35797,42.4654],[-71.3622,42.46457],[-71.36373,42.46586],[-71.36365,42.46746],[-71.36256,42.46944],[-71.36276,42.47059],[-71.36523,42.471],[-71.36895,42.47258],[-71.37092,42.47221],[-71.37323,42.47069],[-71.37694,42.47127],[-71.37857,42.47081],[-71.38042,42.46904],[-71.3836,42.46886],[-71.38596,42.46711],[-71.39127,42.4658],[-71.39139,42.46576],[-71.39669,42.46695],[-71.39779,42.46646],[-71.39774,42.46749],[-71.40846,42.46955],[-71.40813,42.47004]]]}},{"type":"Feature","properties":{"unit_id":"25017320106","name":"Census Tract 3201.06 — Middlesex","native_id":"25017320106","source":"census_tract_2025","adm3_name":"Middlesex County","adm3_id":"25017","area_sqm":17823576,"split":false},"geometry":{"type":"Polygon","coordinates":[[[-71.5511,42.23001],[-71.54468,42.2287],[-71.54282,42.22821],[-71.54006,42.2278],[-71.53681,42.22581],[-71.53534,42.22546],[-71.52988,42.22511],[-71.52278,42.22827],[-71.51907,42.22924],[-71.51795,42.23],[-71.51636,42.23179],[-71.51326,42.23306],[-71.50885,42.23487],[-71.50824,42.23321],[-71.50323,42.23213],[-71.50264,42.2294],[-71.50171,42.22876],[-71.50415,42.22675],[-71.50217,42.2248],[-71.49812,42.22266],[-71.49688,42.22145],[-71.49706,42.21967],[-71.49469,42.21849],[-71.49665,42.21541],[-71.49572,42.21],[-71.48297,42.20752],[-71.4808,42.20604],[-71.47959,42.20556],[-71.48234,42.20403],[-71.49634,42.19506],[-71.50263,42.19142],[-71.50689,42.18893],[-71.52322,42.18933],[-71.53589,42.18965],[-71.53891,42.19797],[-71.54196,42.2039],[-71.54416,42.20961],[-71.54647,42.21392],[-71.54996,42.221],[-71.5511,42.23001]]]}},{"type":"Feature","properties":{"unit_id":"25017315200","name":"Census Tract 3152 — Middlesex","native_id":"25017315200","source":"census_tract_2025","adm3_name":"Middlesex County","adm3_id":"25017","area_sqm":15224830,"split":false},"geometry":{"type":"Polygon","coordinates":[[[-71.26547,42.60384],[-71.26078,42.60562],[-71.25799,42.60829],[-71.25278,42.61173],[-71.25067,42.61283],[-71.24834,42.61741],[-71.24816,42.61845],[-71.24666,42.62202],[-71.2404,42.63874],[-71.23829,42.64256],[-71.23906,42.64892],[-71.22926,42.64421],[-71.19895,42.62965],[-71.20073,42.62775],[-71.20144,42.62573],[-71.2047,42.6234],[-71.20862,42.62204],[-71.21046,42.62066],[-71.21408,42.62037],[-71.2155,42.61805],[-71.21514,42.61637],[-71.21517,42.61272],[-71.21568,42.61271],[-71.22128,42.61173],[-71.22577,42.60762],[-71.22617,42.6065],[-71.22461,42.60443],[-71.22786,42.604],[-71.22809,42.60353],[-71.22859,42.60191],[-71.22941,42.60065],[-71.23539,42.59752],[-71.24075,42.59228],[-71.24078,42.59057],[-71.23703,42.58531],[-71.25133,42.59191],[-71.26226,42.59695],[-71.27288,42.60185],[-71.26547,42.60384]]]}},{"type":"Feature","properties":{"unit_id":"25017330202","name":"Census Tract 3302.02 — Middlesex","native_id":"25017330202","source":"census_tract_2025","adm3_name":"Middlesex County","adm3_id":"25017","area_sqm":7280682,"split":false},"geometry":{"type":"Polygon","coordinates":[[[-71.13674,42.55346],[-71.13164,42.57789],[-71.13054,42.58312],[-71.13546,42.59912],[-71.12136,42.60028],[-71.11966,42.59531],[-71.11632,42.58906],[-71.11275,42.58229],[-71.11061,42.57462],[-71.10778,42.56457],[-71.11028,42.56141],[-71.11313,42.56087],[-71.11603,42.56196],[-71.12069,42.56056],[-71.12302,42.55857],[-71.12728,42.55426],[-71.12948,42.55452],[-71.13128,42.55268],[-71.13648,42.55237],[-71.13674,42.55346]]]}},{"type":"Feature","properties":{"unit_id":"25017388200","name":"Census Tract 3882 — Middlesex","native_id":"25017388200","source":"census_tract_2025","adm3_name":"Middlesex County","adm3_id":"25017","area_sqm":40966099,"split":false},"geometry":{"type":"Polygon","coordinates":[[[-71.67769,42.53941],[-71.6719,42.5714],[-71.66803,42.59272],[-71.6646,42.6116],[-71.66047,42.63509],[-71.65904,42.63403],[-71.65824,42.63454],[-71.65769,42.63328],[-71.65309,42.63056],[-71.65176,42.63032],[-71.65036,42.62902],[-71.6496,42.62729],[-71.64794,42.6249],[-71.64714,42.62658],[-71.64589,42.6257],[-71.64604,42.62365],[-71.64421,42.62224],[-71.64373,42.61962],[-71.64467,42.6181],[-71.6433,42.61688],[-71.64402,42.61648],[-71.64232,42.61461],[-71.63802,42.61348],[-71.63571,42.61241],[-71.63384,42.61252],[-71.63537,42.61075],[-71.6348,42.60927],[-71.63227,42.60756],[-71.63008,42.60711],[-71.63035,42.60372],[-71.62893,42.60229],[-71.62761,42.60288],[-71.62831,42.60027],[-71.62619,42.5984],[-71.62604,42.59601],[-71.62665,42.59477],[-71.62604,42.59357],[-71.62331,42.59283],[-71.62414,42.59096],[-71.62037,42.58758],[-71.61888,42.58758],[-71.6193,42.58552],[-71.61825,42.58625],[-71.61559,42.58624],[-71.61383,42.58544],[-71.6148,42.58437],[-71.6133,42.58294],[-71.61348,42.58156],[-71.61083,42.58259],[-71.61085,42.58114],[-71.60919,42.58122],[-71.60994,42.57978],[-71.6096,42.57811],[-71.61292,42.57702],[-71.61467,42.57509],[-71.61596,42.57493],[-71.61413,42.57211],[-71.61248,42.57184],[-71.61126,42.56838],[-71.60663,42.56632],[-71.60861,42.56546],[-71.60903,42.56397],[-71.6114,42.56174],[-71.61251,42.55892],[-71.61083,42.55476],[-71.61148,42.55384],[-71.61555,42.55365],[-71.61993,42.5525],[-71.6211,42.55193],[-71.62513,42.5501],[-71.62847,42.548],[-71.63202,42.54452],[-71.63401,42.54088],[-71.63589,42.54],[-71.63643,42.53437],[-71.63665,42.53313],[-71.63921,42.53096],[-71.63894,42.52878],[-71.63587,42.52402],[-71.66533,42.5284],[-71.67574,42.52995],[-71.67897,42.53043],[-71.67769,42.53941]]]}},{"type":"Feature","properties":{"unit_id":"25025091100","name":"Census Tract 911 — Suffolk","native_id":"25025091100","source":"census_tract_2025","adm3_name":"Suffolk County","adm3_id":"25025","area_sqm":422042,"split":false},"geometry":{"type":"Polygon","coordinates":[[[-71.06002,42.31474],[-71.05962,42.31599],[-71.05954,42.3162],[-71.05883,42.3186],[-71.05872,42.31874],[-71.05673,42.31849],[-71.05672,42.31866],[-71.05257,42.31936],[-71.05217,42.31882],[-71.05198,42.31497],[-71.05217,42.31384],[-71.05315,42.31134],[-71.05498,42.31233],[-71.05539,42.31257],[-71.05721,42.31296],[-71.05888,42.31277],[-71.05996,42.31426],[-71.06002,42.31474]]]}},{"type":"Feature","properties":{"unit_id":"25017374400","name":"Census Tract 3744 — Middlesex","native_id":"25017374400","source":"census_tract_2025","adm3_name":"Middlesex County","adm3_id":"25017","area_sqm":4258902,"split":false},"geometry":{"type":"Polygon","coordinates":[[[-71.24395,42.3344],[-71.24069,42.33422],[-71.24104,42.33758],[-71.23956,42.34006],[-71.23862,42.34105],[-71.23641,42.3432],[-71.23451,42.34455],[-71.23185,42.3425],[-71.2271,42.34525],[-71.22895,42.34787],[-71.22516,42.3482],[-71.22295,42.34847],[-71.21439,42.35021],[-71.21075,42.3507],[-71.2108,42.35056],[-71.2107,42.34913],[-71.21124,42.34419],[-71.21155,42.34241],[-71.21157,42.33802],[-71.21547,42.33693],[-71.21708,42.33704],[-71.21759,42.33389],[-71.21805,42.33306],[-71.21711,42.33199],[-71.2147,42.33206],[-71.21408,42.33106],[-71.21806,42.33065],[-71.21887,42.33056],[-71.22634,42.32899],[-71.22816,42.32823],[-71.22955,42.32746],[-71.23119,42.32625],[-71.23332,42.32783],[-71.23811,42.33031],[-71.24489,42.3337],[-71.24395,42.3344]]]}},{"type":"Feature","properties":{"unit_id":"25017367100","name":"Census Tract 3671 — Middlesex","native_id":"25017367100","source":"census_tract_2025","adm3_name":"Middlesex County","adm3_id":"25017","area_sqm":17694946,"split":false},"geometry":{"type":"Polygon","coordinates":[[[-71.33588,42.39394],[-71.33457,42.39611],[-71.32152,42.39268],[-71.31775,42.39217],[-71.31524,42.39348],[-71.31352,42.39628],[-71.31222,42.39582],[-71.31102,42.39784],[-71.30994,42.39963],[-71.29952,42.40127],[-71.29338,42.40224],[-71.28283,42.39973],[-71.27958,42.39875],[-71.27617,42.39292],[-71.26776,42.39014],[-71.27599,42.37589],[-71.27652,42.37497],[-71.27362,42.37374],[-71.27075,42.36951],[-71.27446,42.36765],[-71.27897,42.36731],[-71.28804,42.36771],[-71.29663,42.36674],[-71.30202,42.36495],[-71.3099,42.36395],[-71.31178,42.36402],[-71.31411,42.36457],[-71.31633,42.36483],[-71.32246,42.36445],[-71.33219,42.36176],[-71.33289,42.36782],[-71.33499,42.38624],[-71.33588,42.39394]]]}},{"type":"Feature","properties":{"unit_id":"25017360300","name":"Census Tract 3603 — Middlesex","native_id":"25017360300","source":"census_tract_2025","adm3_name":"Middlesex County","adm3_id":"25017","area_sqm":36038216,"split":false},"geometry":{"type":"Polygon","coordinates":[[[-71.36521,42.41335],[-71.36393,42.41602],[-71.36457,42.42008],[-71.36256,42.42106],[-71.35915,42.42067],[-71.35708,42.41983],[-71.35451,42.42205],[-71.35256,42.42692],[-71.33538,42.43778],[-71.33357,42.43925],[-71.32013,42.44987],[-71.31362,42.45502],[-71.31267,42.45457],[-71.31132,42.45375],[-71.31078,42.4535],[-71.30959,42.45311],[-71.3048,42.45276],[-71.30319,42.46125],[-71.30228,42.46201],[-71.29885,42.46267],[-71.2965,42.4579],[-71.29523,42.45805],[-71.28958,42.4574],[-71.28771,42.4574],[-71.2873,42.45732],[-71.28384,42.4584],[-71.2804,42.46002],[-71.28035,42.46005],[-71.28012,42.46006],[-71.27789,42.46071],[-71.27269,42.4597],[-71.27124,42.45211],[-71.27096,42.45061],[-71.27052,42.44833],[-71.26902,42.44049],[-71.26667,42.432],[-71.26615,42.42992],[-71.26723,42.42444],[-71.27177,42.41678],[-71.27387,42.4109],[-71.27442,42.40988],[-71.28142,42.41218],[-71.28603,42.4041],[-71.2812,42.40269],[-71.28283,42.39973],[-71.29338,42.40224],[-71.29952,42.40127],[-71.30994,42.39963],[-71.31102,42.39784],[-71.31222,42.39582],[-71.31352,42.39628],[-71.31524,42.39348],[-71.31775,42.39217],[-71.32152,42.39268],[-71.33457,42.39611],[-71.3326,42.39944],[-71.34122,42.40284],[-71.36634,42.41272],[-71.36521,42.41335]]]}},{"type":"Feature","properties":{"unit_id":"25025092000","name":"Census Tract 920 — Suffolk","native_id":"25025092000","source":"census_tract_2025","adm3_name":"Suffolk County","adm3_id":"25025","area_sqm":489739,"split":false},"geometry":{"type":"Polygon","coordinates":[[[-71.07364,42.29937],[-71.07293,42.29958],[-71.0723,42.29994],[-71.07201,42.30146],[-71.07157,42.30243],[-71.07143,42.30341],[-71.06737,42.30101],[-71.06346,42.302],[-71.06058,42.30315],[-71.06015,42.30215],[-71.0598,42.30154],[-71.06002,42.30076],[-71.06016,42.3003],[-71.06343,42.29959],[-71.06432,42.29921],[-71.06554,42.29831],[-71.06641,42.29702],[-71.07025,42.296],[-71.07212,42.29551],[-71.07227,42.29668],[-71.07307,42.29859],[-71.07364,42.29937]]]}},{"type":"Feature","properties":{"unit_id":"25025000301","name":"Census Tract 3.01 — Suffolk","native_id":"25025000301","source":"census_tract_2025","adm3_name":"Suffolk County","adm3_id":"25025","area_sqm":571431,"split":false},"geometry":{"type":"Polygon","coordinates":[[[-71.17394,42.3534],[-71.17139,42.35609],[-71.16947,42.35805],[-71.16289,42.35795],[-71.16177,42.35818],[-71.16256,42.35553],[-71.16278,42.35482],[-71.16422,42.35552],[-71.1652,42.35332],[-71.16764,42.35379],[-71.16781,42.35284],[-71.16758,42.35121],[-71.1676,42.3506],[-71.16811,42.35066],[-71.1697,42.34941],[-71.1748,42.35027],[-71.17394,42.3534]]]}},{"type":"Feature","properties":{"unit_id":"25017359303","name":"Census Tract 3593.03 — Middlesex","native_id":"25017359303","source":"census_tract_2025","adm3_name":"Middlesex County","adm3_id":"25017","area_sqm":20538148,"split":false},"geometry":{"type":"Polygon","coordinates":[[[-71.32081,42.48218],[-71.31849,42.48267],[-71.31721,42.48356],[-71.31699,42.48418],[-71.3193,42.48629],[-71.31858,42.49116],[-71.3183,42.49819],[-71.31754,42.50243],[-71.31771,42.5048],[-71.31661,42.50709],[-71.31409,42.50909],[-71.30866,42.51325],[-71.30665,42.51405],[-71.30623,42.51456],[-71.3069,42.51749],[-71.3067,42.52059],[-71.30413,42.51995],[-71.30351,42.52007],[-71.28348,42.52567],[-71.28212,42.51946],[-71.2759,42.51475],[-71.27555,42.5138],[-71.2754,42.51047],[-71.27665,42.50402],[-71.27545,42.50151],[-71.27559,42.49913],[-71.27509,42.49502],[-71.2761,42.49119],[-71.27653,42.4871],[-71.2775,42.48609],[-71.27748,42.48581],[-71.27522,42.48564],[-71.27362,42.48487],[-71.26242,42.4749],[-71.26331,42.47359],[-71.26479,42.47141],[-71.26531,42.4706],[-71.26765,42.46716],[-71.27269,42.4597],[-71.27789,42.46071],[-71.28012,42.46006],[-71.28035,42.46005],[-71.28058,42.45999],[-71.28184,42.45964],[-71.28294,42.46117],[-71.28747,42.46454],[-71.28968,42.46618],[-71.29872,42.47291],[-71.30082,42.47365],[-71.30187,42.47327],[-71.3038,42.47444],[-71.30655,42.47443],[-71.30947,42.4764],[-71.31377,42.47418],[-71.31695,42.47668],[-71.31856,42.47854],[-71.31864,42.47862],[-71.32127,42.48051],[-71.32081,42.48218]]]}},{"type":"Feature","properties":{"unit_id":"25025100603","name":"Census Tract 1006.03 — Suffolk","native_id":"25025100603","source":"census_tract_2025","adm3_name":"Suffolk County","adm3_id":"25025","area_sqm":872496,"split":false},"geometry":{"type":"Polygon","coordinates":[[[-71.05147,42.28931],[-71.04842,42.29006],[-71.05063,42.29278],[-71.04799,42.29308],[-71.04746,42.29359],[-71.04829,42.29832],[-71.04679,42.29811],[-71.04373,42.29296],[-71.0437,42.2929],[-71.03988,42.29245],[-71.03797,42.28867],[-71.03931,42.28549],[-71.03813,42.28472],[-71.03908,42.28397],[-71.04166,42.28542],[-71.04303,42.28592],[-71.04415,42.28645],[-71.04851,42.28614],[-71.04937,42.28801],[-71.05147,42.28931]]]}},{"type":"Feature","properties":{"unit_id":"25017315402","name":"Census Tract 3154.02 — Middlesex","native_id":"25017315402","source":"census_tract_2025","adm3_name":"Middlesex County","adm3_id":"25017","area_sqm":7847646,"split":false},"geometry":{"type":"Polygon","coordinates":[[[-71.2155,42.61805],[-71.21408,42.62037],[-71.21046,42.62066],[-71.20862,42.62204],[-71.2047,42.6234],[-71.20144,42.62573],[-71.20073,42.62775],[-71.19895,42.62965],[-71.17621,42.61872],[-71.176,42.61862],[-71.17176,42.61655],[-71.17296,42.61501],[-71.17612,42.61461],[-71.17839,42.6108],[-71.17749,42.60896],[-71.18202,42.60843],[-71.18135,42.60837],[-71.16488,42.59802],[-71.16556,42.59762],[-71.1752,42.59227],[-71.1806,42.58363],[-71.186,42.58499],[-71.18671,42.58492],[-71.18682,42.58975],[-71.18465,42.59361],[-71.18265,42.59509],[-71.18479,42.59761],[-71.18673,42.59758],[-71.18965,42.59944],[-71.19067,42.60185],[-71.19279,42.6008],[-71.19306,42.59974],[-71.19356,42.60001],[-71.19394,42.6008],[-71.19154,42.60309],[-71.19355,42.60726],[-71.19571,42.6097],[-71.19595,42.60995],[-71.20191,42.61246],[-71.20234,42.61252],[-71.20919,42.61227],[-71.21517,42.61272],[-71.21514,42.61637],[-71.2155,42.61805]]]}},{"type":"Feature","properties":{"unit_id":"25017314200","name":"Census Tract 3142 — Middlesex","native_id":"25017314200","source":"census_tract_2025","adm3_name":"Middlesex County","adm3_id":"25017","area_sqm":7426702,"split":false},"geometry":{"type":"Polygon","coordinates":[[[-71.33434,42.67606],[-71.33337,42.67703],[-71.33213,42.68125],[-71.33423,42.68384],[-71.33469,42.68541],[-71.33315,42.6876],[-71.33113,42.68907],[-71.33106,42.69088],[-71.32993,42.69468],[-71.33033,42.6972],[-71.33021,42.69719],[-71.31349,42.6971],[-71.31345,42.6971],[-71.31163,42.68978],[-71.31146,42.6871],[-71.30474,42.67188],[-71.3033,42.66893],[-71.30337,42.66572],[-71.31231,42.66388],[-71.31913,42.66244],[-71.32219,42.66181],[-71.32531,42.66116],[-71.32789,42.66063],[-71.32936,42.66032],[-71.33241,42.6622],[-71.331,42.6639],[-71.33138,42.66462],[-71.3317,42.66679],[-71.33254,42.67042],[-71.33217,42.67283],[-71.33485,42.67499],[-71.33434,42.67606]]]}},{"type":"Feature","properties":{"unit_id":"25017387100","name":"Census Tract 3871 — Middlesex","native_id":"25017387100","source":"census_tract_2025","adm3_name":"Middlesex County","adm3_id":"25017","area_sqm":15847967,"split":false},"geometry":{"type":"Polygon","coordinates":[[[-71.4781,42.15866],[-71.47454,42.1626],[-71.47441,42.16341],[-71.47167,42.17088],[-71.47171,42.17217],[-71.46859,42.17441],[-71.46409,42.17566],[-71.45865,42.17824],[-71.4566,42.17892],[-71.44863,42.18013],[-71.44755,42.18063],[-71.44514,42.1827],[-71.44064,42.18548],[-71.4402,42.18618],[-71.43949,42.1892],[-71.43736,42.19107],[-71.43528,42.18884],[-71.43131,42.19239],[-71.42859,42.19559],[-71.42495,42.20015],[-71.4229,42.20328],[-71.41837,42.20843],[-71.41776,42.20966],[-71.41776,42.20984],[-71.41864,42.21191],[-71.42066,42.21348],[-71.41808,42.215],[-71.41254,42.217],[-71.41027,42.21836],[-71.41002,42.21875],[-71.40928,42.21861],[-71.40733,42.21816],[-71.40195,42.21542],[-71.40371,42.21486],[-71.40223,42.21313],[-71.39753,42.2103],[-71.39704,42.20786],[-71.39392,42.20709],[-71.39171,42.20974],[-71.38961,42.20861],[-71.38821,42.2043],[-71.38018,42.20176],[-71.38477,42.19201],[-71.40443,42.18843],[-71.40314,42.18261],[-71.40229,42.17879],[-71.42355,42.17813],[-71.42373,42.17925],[-71.42662,42.17931],[-71.43017,42.17939],[-71.44407,42.17489],[-71.46401,42.1582],[-71.47274,42.15687],[-71.47812,42.15678],[-71.4781,42.15866]]]}},{"type":"Feature","properties":{"unit_id":"25017373400","name":"Census Tract 3734 — Middlesex","native_id":"25017373400","source":"census_tract_2025","adm3_name":"Middlesex County","adm3_id":"25017","area_sqm":1200532,"split":false},"geometry":{"type":"Polygon","coordinates":[[[-71.2107,42.34913],[-71.2108,42.35056],[-71.20648,42.35122],[-71.20204,42.35228],[-71.19681,42.35381],[-71.19549,42.35167],[-71.19286,42.35131],[-71.19528,42.34704],[-71.19385,42.34504],[-71.19627,42.34344],[-71.1987,42.3432],[-71.19942,42.34495],[-71.20576,42.34421],[-71.20592,42.34376],[-71.21124,42.34419],[-71.2107,42.34913]]]}},{"type":"Feature","properties":{"unit_id":"25017327103","name":"Census Tract 3271.03 — Middlesex","native_id":"25017327103","source":"census_tract_2025","adm3_name":"Middlesex County","adm3_id":"25017","area_sqm":22841738,"split":false},"geometry":{"type":"Polygon","coordinates":[[[-71.65793,42.64994],[-71.6535,42.67514],[-71.65145,42.67461],[-71.651,42.67348],[-71.64528,42.67137],[-71.64521,42.67032],[-71.64168,42.6703],[-71.63672,42.672],[-71.6345,42.67325],[-71.63046,42.67134],[-71.62075,42.67121],[-71.61609,42.67077],[-71.60998,42.6693],[-71.60653,42.66849],[-71.60576,42.66769],[-71.60251,42.66671],[-71.59817,42.66784],[-71.5776,42.66484],[-71.5757,42.66533],[-71.57753,42.66355],[-71.57924,42.65667],[-71.57889,42.65441],[-71.57941,42.65344],[-71.5791,42.65138],[-71.57993,42.64929],[-71.57985,42.64791],[-71.58296,42.64414],[-71.58382,42.64603],[-71.58648,42.64642],[-71.58715,42.64496],[-71.58615,42.64417],[-71.58733,42.63941],[-71.58884,42.63715],[-71.59175,42.6374],[-71.59243,42.63657],[-71.59126,42.63573],[-71.59309,42.63383],[-71.59275,42.63295],[-71.58922,42.63291],[-71.58792,42.63083],[-71.59295,42.62927],[-71.5937,42.62803],[-71.59313,42.62651],[-71.59798,42.6259],[-71.60065,42.62611],[-71.60356,42.62986],[-71.60603,42.63097],[-71.60725,42.63022],[-71.60824,42.62739],[-71.61418,42.6285],[-71.61553,42.62927],[-71.63078,42.63516],[-71.64074,42.63927],[-71.64261,42.64073],[-71.64695,42.64415],[-71.64899,42.64423],[-71.65247,42.64576],[-71.65641,42.64972],[-71.65793,42.64994]]]}},{"type":"Feature","properties":{"unit_id":"25017374100","name":"Census Tract 3741 — Middlesex","native_id":"25017374100","source":"census_tract_2025","adm3_name":"Middlesex County","adm3_id":"25017","area_sqm":2242813,"split":false},"geometry":{"type":"Polygon","coordinates":[[[-71.22804,42.31684],[-71.22578,42.31707],[-71.21252,42.31879],[-71.21195,42.31888],[-71.20966,42.3192],[-71.20857,42.31931],[-71.20773,42.31936],[-71.20408,42.3192],[-71.20289,42.31779],[-71.20267,42.31724],[-71.20501,42.31555],[-71.20632,42.31592],[-71.20612,42.31351],[-71.20911,42.31357],[-71.2091,42.31233],[-71.20557,42.30576],[-71.21129,42.30311],[-71.21327,42.30616],[-71.21819,42.3068],[-71.22051,42.30641],[-71.22411,42.3073],[-71.22669,42.30825],[-71.22631,42.31028],[-71.22707,42.3124],[-71.22629,42.31412],[-71.22754,42.3154],[-71.22804,42.31684]]]}},{"type":"Feature","properties":{"unit_id":"25025130402","name":"Census Tract 1304.02 — Suffolk","native_id":"25025130402","source":"census_tract_2025","adm3_name":"Suffolk County","adm3_id":"25025","area_sqm":1863872,"split":false},"geometry":{"type":"Polygon","coordinates":[[[-71.17555,42.28032],[-71.17122,42.27978],[-71.16337,42.27918],[-71.1619,42.27977],[-71.16115,42.28034],[-71.16101,42.28006],[-71.15943,42.27883],[-71.15977,42.27845],[-71.16022,42.2748],[-71.16184,42.27115],[-71.162,42.26924],[-71.16185,42.26888],[-71.16271,42.26775],[-71.16354,42.26224],[-71.16339,42.25902],[-71.16739,42.2622],[-71.1686,42.26316],[-71.17154,42.26614],[-71.17415,42.26702],[-71.17461,42.26837],[-71.17295,42.2703],[-71.17334,42.27085],[-71.17358,42.27141],[-71.17485,42.27373],[-71.17442,42.27504],[-71.17457,42.27558],[-71.17322,42.27535],[-71.17238,42.27687],[-71.17494,42.27809],[-71.17702,42.2804],[-71.17555,42.28032]]]}},{"type":"Feature","properties":{"unit_id":"25025070700","name":"Census Tract 707 — Suffolk","native_id":"25025070700","source":"census_tract_2025","adm3_name":"Suffolk County","adm3_id":"25025","area_sqm":162696,"split":false},"geometry":{"type":"Polygon","coordinates":[[[-71.08008,42.34422],[-71.07809,42.34582],[-71.07603,42.34731],[-71.0762,42.34791],[-71.0751,42.34816],[-71.072,42.34902],[-71.07269,42.34793],[-71.07525,42.34588],[-71.07487,42.3451],[-71.07449,42.3443],[-71.07594,42.34392],[-71.0782,42.34327],[-71.07856,42.34321],[-71.08008,42.34422]]]}},{"type":"Feature","properties":{"unit_id":"25017339300","name":"Census Tract 3393 — Middlesex","native_id":"25017339300","source":"census_tract_2025","adm3_name":"Middlesex County","adm3_id":"25017","area_sqm":677153,"split":false},"geometry":{"type":"Polygon","coordinates":[[[-71.14292,42.42058],[-71.13686,42.42144],[-71.13624,42.42168],[-71.13256,42.4212],[-71.13132,42.42108],[-71.12695,42.42172],[-71.12582,42.41889],[-71.12744,42.41813],[-71.13163,42.41662],[-71.13158,42.41579],[-71.13244,42.41522],[-71.13311,42.41539],[-71.13836,42.41549],[-71.14008,42.41643],[-71.14109,42.41767],[-71.14154,42.41838],[-71.14285,42.41954],[-71.14292,42.42058]]]}},{"type":"Feature","properties":{"unit_id":"25025000202","name":"Census Tract 2.02 — Suffolk","native_id":"25025000202","source":"census_tract_2025","adm3_name":"Suffolk County","adm3_id":"25025","area_sqm":601636,"split":false},"geometry":{"type":"Polygon","coordinates":[[[-71.16057,42.35267],[-71.15859,42.35381],[-71.15806,42.35407],[-71.15671,42.35473],[-71.15614,42.35535],[-71.15427,42.35607],[-71.15376,42.35753],[-71.15319,42.35723],[-71.14908,42.35615],[-71.15036,42.35419],[-71.15088,42.35335],[-71.14674,42.35229],[-71.14786,42.35034],[-71.15192,42.35164],[-71.15238,42.3509],[-71.15342,42.34946],[-71.15345,42.34915],[-71.15575,42.34911],[-71.15961,42.34889],[-71.16044,42.34892],[-71.1603,42.35214],[-71.16057,42.35267]]]}},{"type":"Feature","properties":{"unit_id":"25017385102","name":"Census Tract 3851.02 — Middlesex","native_id":"25017385102","source":"census_tract_2025","adm3_name":"Middlesex County","adm3_id":"25017","area_sqm":10675019,"split":false},"geometry":{"type":"Polygon","coordinates":[[[-71.50593,42.26658],[-71.50588,42.27294],[-71.49957,42.28499],[-71.49901,42.28606],[-71.49705,42.28983],[-71.49143,42.28816],[-71.46086,42.2791],[-71.44567,42.27114],[-71.44462,42.27059],[-71.44859,42.26446],[-71.45086,42.26206],[-71.45251,42.26113],[-71.45579,42.25996],[-71.46003,42.25965],[-71.4645,42.26001],[-71.46406,42.25954],[-71.46712,42.25569],[-71.46752,42.25636],[-71.46758,42.25897],[-71.46774,42.26031],[-71.48407,42.26166],[-71.48897,42.26208],[-71.49873,42.26519],[-71.50135,42.26564],[-71.50402,42.26542],[-71.50648,42.26428],[-71.50593,42.26658]]]}},{"type":"Feature","properties":{"unit_id":"25017384003","name":"Census Tract 3840.03 — Middlesex","native_id":"25017384003","source":"census_tract_2025","adm3_name":"Middlesex County","adm3_id":"25017","area_sqm":7462965,"split":false},"geometry":{"type":"Polygon","coordinates":[[[-71.49318,42.29728],[-71.4899,42.30365],[-71.48945,42.30345],[-71.48793,42.30249],[-71.48531,42.30297],[-71.48291,42.3043],[-71.4764,42.30647],[-71.4749,42.30646],[-71.47234,42.30564],[-71.47156,42.30389],[-71.4706,42.30245],[-71.46998,42.29949],[-71.46443,42.29579],[-71.46086,42.29451],[-71.45762,42.29435],[-71.45015,42.29789],[-71.4497,42.29804],[-71.44959,42.29792],[-71.44741,42.29543],[-71.44898,42.29366],[-71.44403,42.29238],[-71.44811,42.29049],[-71.45054,42.28677],[-71.45047,42.28566],[-71.44781,42.28483],[-71.44308,42.28146],[-71.44301,42.27726],[-71.44423,42.27264],[-71.44567,42.27114],[-71.46086,42.2791],[-71.49143,42.28816],[-71.49705,42.28983],[-71.49318,42.29728]]]}},{"type":"Feature","properties":{"unit_id":"25017323102","name":"Census Tract 3231.02 — Middlesex","native_id":"25017323102","source":"census_tract_2025","adm3_name":"Middlesex County","adm3_id":"25017","area_sqm":20581163,"split":false},"geometry":{"type":"Polygon","coordinates":[[[-71.5591,42.41194],[-71.5507,42.44107],[-71.5489,42.44731],[-71.54339,42.46645],[-71.52298,42.46523],[-71.51878,42.46498],[-71.49855,42.46377],[-71.48807,42.45966],[-71.46435,42.4503],[-71.47838,42.4371],[-71.4776,42.43413],[-71.47481,42.42328],[-71.4778,42.42614],[-71.48069,42.4267],[-71.48296,42.42947],[-71.48324,42.4314],[-71.48452,42.43261],[-71.48275,42.44043],[-71.47687,42.44443],[-71.48057,42.44785],[-71.48274,42.4483],[-71.5007,42.44208],[-71.50312,42.44415],[-71.50638,42.44492],[-71.50757,42.44595],[-71.51112,42.44734],[-71.51166,42.44341],[-71.51055,42.44109],[-71.51192,42.43686],[-71.51476,42.43676],[-71.52055,42.43555],[-71.52551,42.43432],[-71.52923,42.43462],[-71.53137,42.43033],[-71.53451,42.42614],[-71.53895,42.42163],[-71.54099,42.41533],[-71.54445,42.41519],[-71.54699,42.41376],[-71.54955,42.41333],[-71.55127,42.41226],[-71.55105,42.40924],[-71.5591,42.41194]]]}},{"type":"Feature","properties":{"unit_id":"25025170601","name":"Census Tract 1706.01 — Suffolk","native_id":"25025170601","source":"census_tract_2025","adm3_name":"Suffolk County","adm3_id":"25025","area_sqm":1287845,"split":false},"geometry":{"type":"Polygon","coordinates":[[[-71.01813,42.40338],[-71.01454,42.40649],[-71.01419,42.40705],[-71.01355,42.40815],[-71.01123,42.41178],[-71.00987,42.41394],[-71.00838,42.41611],[-71.00474,42.41596],[-71.00439,42.4166],[-71.00321,42.41655],[-71.00369,42.41477],[-71.00206,42.41074],[-71.00129,42.4094],[-71.00017,42.40962],[-71.00021,42.40957],[-71.00252,42.40677],[-71.00261,42.40667],[-71.00348,42.40559],[-71.00428,42.40493],[-71.01127,42.39659],[-71.0134,42.3974],[-71.01243,42.39811],[-71.00963,42.40017],[-71.00938,42.40085],[-71.0094,42.40118],[-71.01086,42.40169],[-71.01089,42.40179],[-71.01301,42.40286],[-71.01783,42.40288],[-71.01813,42.40338]]]}},{"type":"Feature","properties":{"unit_id":"25017339600","name":"Census Tract 3396 — Middlesex","native_id":"25017339600","source":"census_tract_2025","adm3_name":"Middlesex County","adm3_id":"25017","area_sqm":822665,"split":false},"geometry":{"type":"Polygon","coordinates":[[[-71.11338,42.41052],[-71.11012,42.41031],[-71.10916,42.40811],[-71.10889,42.40747],[-71.10824,42.40584],[-71.10793,42.40513],[-71.10759,42.40432],[-71.10688,42.40286],[-71.10593,42.4018],[-71.10447,42.40068],[-71.09961,42.39712],[-71.10039,42.39622],[-71.10176,42.39668],[-71.10446,42.39758],[-71.11075,42.3997],[-71.11387,42.40098],[-71.11492,42.40217],[-71.11323,42.40304],[-71.11644,42.40732],[-71.11338,42.41052]]]}},{"type":"Feature","properties":{"unit_id":"25017339200","name":"Census Tract 3392 — Middlesex","native_id":"25017339200","source":"census_tract_2025","adm3_name":"Middlesex County","adm3_id":"25017","area_sqm":2611658,"split":false},"geometry":{"type":"Polygon","coordinates":[[[-71.14989,42.43584],[-71.146,42.43575],[-71.14533,42.43576],[-71.12977,42.43556],[-71.12906,42.43555],[-71.12904,42.4356],[-71.12885,42.43497],[-71.13191,42.4339],[-71.13101,42.43171],[-71.12947,42.42958],[-71.12651,42.42779],[-71.12575,42.42736],[-71.12332,42.42566],[-71.12291,42.42535],[-71.12103,42.4239],[-71.1179,42.42134],[-71.11794,42.4191],[-71.12499,42.41911],[-71.12582,42.41889],[-71.12695,42.42172],[-71.13132,42.42108],[-71.13256,42.4212],[-71.13624,42.42168],[-71.13686,42.42144],[-71.14292,42.42058],[-71.14276,42.42193],[-71.146,42.42374],[-71.14678,42.42526],[-71.14989,42.43584]]]}},{"type":"Feature","properties":{"unit_id":"25017366100","name":"Census Tract 3661 — Middlesex","native_id":"25017366100","source":"census_tract_2025","adm3_name":"Middlesex County","adm3_id":"25017","area_sqm":5952034,"split":false},"geometry":{"type":"Polygon","coordinates":[[[-71.39487,42.33865],[-71.39476,42.33957],[-71.39445,42.3394],[-71.39286,42.33947],[-71.39195,42.3393],[-71.39079,42.3387],[-71.39038,42.33796],[-71.38544,42.33812],[-71.38114,42.33912],[-71.38005,42.33862],[-71.37887,42.33835],[-71.37861,42.33822],[-71.37785,42.33758],[-71.3773,42.3374],[-71.37647,42.33735],[-71.37551,42.33708],[-71.37447,42.33671],[-71.37277,42.33784],[-71.37015,42.33689],[-71.36704,42.33754],[-71.3656,42.33667],[-71.36352,42.33317],[-71.36136,42.33268],[-71.36149,42.33184],[-71.35801,42.32929],[-71.35567,42.32872],[-71.34928,42.32926],[-71.34808,42.32713],[-71.34458,42.32572],[-71.34456,42.32455],[-71.33876,42.3249],[-71.33752,42.32513],[-71.33852,42.32322],[-71.33903,42.32262],[-71.34216,42.31911],[-71.34589,42.31493],[-71.3552,42.31717],[-71.35991,42.31715],[-71.36308,42.31585],[-71.36409,42.31591],[-71.36849,42.31281],[-71.37061,42.31026],[-71.3734,42.30985],[-71.37769,42.31467],[-71.3818,42.32852],[-71.38883,42.33627],[-71.3939,42.33554],[-71.39495,42.33865],[-71.39487,42.33865]]]}},{"type":"Feature","properties":{"unit_id":"25017320105","name":"Census Tract 3201.05 — Middlesex","native_id":"25017320105","source":"census_tract_2025","adm3_name":"Middlesex County","adm3_id":"25017","area_sqm":13058264,"split":false},"geometry":{"type":"Polygon","coordinates":[[[-71.56456,42.26687],[-71.55853,42.26782],[-71.5585,42.26754],[-71.55658,42.26813],[-71.55241,42.26743],[-71.55012,42.26602],[-71.54795,42.26594],[-71.54462,42.26448],[-71.54169,42.26397],[-71.53963,42.26279],[-71.53801,42.26456],[-71.53394,42.26527],[-71.53226,42.26611],[-71.528,42.26653],[-71.52493,42.2659],[-71.52238,42.26644],[-71.52218,42.26645],[-71.52276,42.25521],[-71.51322,42.25307],[-71.51673,42.25348],[-71.51881,42.25222],[-71.51829,42.24872],[-71.52031,42.24819],[-71.52131,42.24509],[-71.51781,42.24568],[-71.51673,42.24517],[-71.51604,42.24301],[-71.51706,42.24141],[-71.51721,42.2396],[-71.51571,42.2367],[-71.51566,42.23472],[-71.51326,42.23306],[-71.51636,42.23179],[-71.51795,42.23],[-71.51907,42.22924],[-71.52278,42.22827],[-71.52988,42.22511],[-71.53534,42.22546],[-71.53681,42.22581],[-71.54006,42.2278],[-71.54282,42.22821],[-71.54468,42.2287],[-71.5511,42.23001],[-71.55159,42.23388],[-71.55254,42.2368],[-71.55512,42.24204],[-71.5574,42.24905],[-71.56338,42.26254],[-71.56456,42.26687]]]}},{"type":"Feature","properties":{"unit_id":"25017342402","name":"Census Tract 3424.02 — Middlesex","native_id":"25017342402","source":"census_tract_2025","adm3_name":"Middlesex County","adm3_id":"25017","area_sqm":3516736,"split":false},"geometry":{"type":"Polygon","coordinates":[[[-71.07599,42.39971],[-71.07281,42.40381],[-71.0713,42.40692],[-71.07355,42.40939],[-71.07199,42.41188],[-71.0732,42.413],[-71.07282,42.41488],[-71.07112,42.41497],[-71.06813,42.41512],[-71.06813,42.41507],[-71.06861,42.41327],[-71.06652,42.41042],[-71.06496,42.40962],[-71.06421,42.40822],[-71.06498,42.40816],[-71.06342,42.40434],[-71.06386,42.40158],[-71.06172,42.40174],[-71.06104,42.40195],[-71.05976,42.40239],[-71.0573,42.40306],[-71.05296,42.40302],[-71.04763,42.40239],[-71.04151,42.40166],[-71.04089,42.40175],[-71.04615,42.39804],[-71.04616,42.39804],[-71.04815,42.39663],[-71.05195,42.39762],[-71.0533,42.39618],[-71.05,42.39347],[-71.0507,42.392],[-71.0553,42.3871],[-71.05552,42.38712],[-71.05739,42.3873],[-71.0657,42.3866],[-71.0709,42.389],[-71.0707,42.3896],[-71.06708,42.39405],[-71.06694,42.39476],[-71.06932,42.39402],[-71.0727,42.3908],[-71.0735,42.3918],[-71.07559,42.39525],[-71.076,42.3964],[-71.07599,42.39971]]]}},{"type":"Feature","properties":{"unit_id":"25017316101","name":"Census Tract 3161.01 — Middlesex","native_id":"25017316101","source":"census_tract_2025","adm3_name":"Middlesex County","adm3_id":"25017","area_sqm":7233937,"split":false},"geometry":{"type":"Polygon","coordinates":[[[-71.26235,42.57579],[-71.25714,42.5813],[-71.25592,42.5843],[-71.25428,42.58575],[-71.25417,42.58775],[-71.25396,42.58843],[-71.25133,42.59191],[-71.23703,42.58531],[-71.22567,42.58004],[-71.2113,42.57339],[-71.21113,42.57331],[-71.21368,42.57118],[-71.21513,42.57054],[-71.21508,42.56802],[-71.21443,42.56496],[-71.21507,42.56504],[-71.21574,42.56256],[-71.21795,42.56157],[-71.21867,42.56165],[-71.22095,42.56081],[-71.2199,42.55892],[-71.22035,42.55738],[-71.22311,42.55743],[-71.22199,42.55522],[-71.22294,42.54871],[-71.22405,42.54991],[-71.22914,42.56026],[-71.2323,42.55973],[-71.23576,42.55733],[-71.23782,42.56008],[-71.23646,42.56087],[-71.23903,42.56539],[-71.24089,42.5647],[-71.24282,42.56661],[-71.24099,42.56951],[-71.23866,42.56712],[-71.23494,42.56751],[-71.24123,42.57401],[-71.24184,42.57365],[-71.24104,42.57473],[-71.25505,42.57546],[-71.25568,42.57285],[-71.25761,42.57482],[-71.26206,42.57449],[-71.26235,42.57579]]]}},{"type":"Feature","properties":{"unit_id":"25017359100","name":"Census Tract 3591 — Middlesex","native_id":"25017359100","source":"census_tract_2025","adm3_name":"Middlesex County","adm3_id":"25017","area_sqm":14847545,"split":false},"geometry":{"type":"Polygon","coordinates":[[[-71.28348,42.52567],[-71.28105,42.52635],[-71.27811,42.52671],[-71.2658,42.52437],[-71.2641,42.52408],[-71.25823,42.52402],[-71.25457,42.52259],[-71.25249,42.52408],[-71.25014,42.52573],[-71.24949,42.52524],[-71.24258,42.51994],[-71.24144,42.52069],[-71.24006,42.51972],[-71.23692,42.51149],[-71.23354,42.50869],[-71.2319,42.50637],[-71.23208,42.50603],[-71.23735,42.49646],[-71.24091,42.49001],[-71.24418,42.48854],[-71.25199,42.48501],[-71.25669,42.47846],[-71.26152,42.47625],[-71.26242,42.4749],[-71.27362,42.48487],[-71.27522,42.48564],[-71.27748,42.48581],[-71.2775,42.48609],[-71.27653,42.4871],[-71.2761,42.49119],[-71.27509,42.49502],[-71.27559,42.49913],[-71.27545,42.50151],[-71.27665,42.50402],[-71.2754,42.51047],[-71.27555,42.5138],[-71.2759,42.51475],[-71.28212,42.51946],[-71.28348,42.52567]]]}},{"type":"Feature","properties":{"unit_id":"25017318400","name":"Census Tract 3184 — Middlesex","native_id":"25017318400","source":"census_tract_2025","adm3_name":"Middlesex County","adm3_id":"25017","area_sqm":21983719,"split":false},"geometry":{"type":"Polygon","coordinates":[[[-71.44991,42.55605],[-71.44553,42.55703],[-71.44051,42.55879],[-71.43752,42.56055],[-71.42592,42.5694],[-71.42109,42.57314],[-71.41795,42.57513],[-71.41375,42.57708],[-71.39767,42.58267],[-71.39067,42.55805],[-71.38836,42.54995],[-71.38474,42.5387],[-71.39512,42.53541],[-71.39951,42.53401],[-71.42379,42.52619],[-71.42853,42.5288],[-71.44477,42.53804],[-71.46884,42.55175],[-71.44991,42.55605]]]}},{"type":"Feature","properties":{"unit_id":"25025010801","name":"Census Tract 108.01 — Suffolk","native_id":"25025010801","source":"census_tract_2025","adm3_name":"Suffolk County","adm3_id":"25025","area_sqm":132039,"split":false},"geometry":{"type":"Polygon","coordinates":[[[-71.08159,42.3537],[-71.07946,42.35428],[-71.07736,42.35494],[-71.07522,42.35551],[-71.07346,42.35612],[-71.07256,42.35544],[-71.07206,42.35466],[-71.0744,42.35402],[-71.07658,42.35343],[-71.08086,42.35227],[-71.08159,42.3537]]]}},{"type":"Feature","properties":{"unit_id":"25025081900","name":"Census Tract 819 — Suffolk","native_id":"25025081900","source":"census_tract_2025","adm3_name":"Suffolk County","adm3_id":"25025","area_sqm":433381,"split":false},"geometry":{"type":"Polygon","coordinates":[[[-71.09409,42.31414],[-71.09382,42.31454],[-71.09356,42.31551],[-71.09296,42.31675],[-71.09162,42.317],[-71.09129,42.31761],[-71.09024,42.31921],[-71.08622,42.31824],[-71.08602,42.31916],[-71.08192,42.31802],[-71.08237,42.31723],[-71.08285,42.31636],[-71.08458,42.31679],[-71.08651,42.31705],[-71.0869,42.31639],[-71.08833,42.31461],[-71.0894,42.31326],[-71.08993,42.31263],[-71.09217,42.30986],[-71.09313,42.31072],[-71.0936,42.31215],[-71.09515,42.31328],[-71.09409,42.31414]]]}},{"type":"Feature","properties":{"unit_id":"25017310300","name":"Census Tract 3103 — Middlesex","native_id":"25017310300","source":"census_tract_2025","adm3_name":"Middlesex County","adm3_id":"25017","area_sqm":1077954,"split":false},"geometry":{"type":"Polygon","coordinates":[[[-71.32219,42.66181],[-71.31913,42.66244],[-71.31231,42.66388],[-71.30337,42.66572],[-71.30351,42.66048],[-71.3035,42.65752],[-71.30263,42.65508],[-71.30231,42.65369],[-71.30298,42.65187],[-71.30537,42.65261],[-71.30645,42.65375],[-71.30734,42.65389],[-71.31156,42.65664],[-71.3109,42.65698],[-71.31189,42.65834],[-71.3133,42.66024],[-71.31492,42.65914],[-71.31661,42.66052],[-71.31874,42.66],[-71.32105,42.66139],[-71.32219,42.66181]]]}},{"type":"Feature","properties":{"unit_id":"25017373800","name":"Census Tract 3738 — Middlesex","native_id":"25017373800","source":"census_tract_2025","adm3_name":"Middlesex County","adm3_id":"25017","area_sqm":2557476,"split":false},"geometry":{"type":"Polygon","coordinates":[[[-71.20701,42.33082],[-71.19484,42.33006],[-71.19223,42.33044],[-71.18606,42.33147],[-71.18605,42.33036],[-71.17803,42.32884],[-71.17581,42.32665],[-71.17663,42.32393],[-71.17846,42.32392],[-71.17919,42.32067],[-71.18109,42.31934],[-71.17906,42.3194],[-71.18184,42.31919],[-71.18316,42.31909],[-71.18695,42.31861],[-71.18772,42.31858],[-71.19439,42.31895],[-71.20201,42.31918],[-71.20284,42.32183],[-71.20143,42.32277],[-71.20334,42.327],[-71.20617,42.32784],[-71.20618,42.32804],[-71.20701,42.33082]]]}},{"type":"Feature","properties":{"unit_id":"25017332300","name":"Census Tract 3323 — Middlesex","native_id":"25017332300","source":"census_tract_2025","adm3_name":"Middlesex County","adm3_id":"25017","area_sqm":5170814,"split":false},"geometry":{"type":"Polygon","coordinates":[[[-71.2319,42.50637],[-71.22791,42.51385],[-71.22192,42.52514],[-71.22092,42.52481],[-71.2118,42.51968],[-71.21009,42.51844],[-71.20666,42.51579],[-71.20367,42.5142],[-71.20116,42.5111],[-71.19941,42.51011],[-71.19578,42.50645],[-71.19586,42.50499],[-71.20036,42.5049],[-71.20233,42.50428],[-71.20691,42.50405],[-71.20794,42.50347],[-71.20872,42.50197],[-71.2123,42.49999],[-71.21651,42.49901],[-71.22387,42.49675],[-71.22535,42.49401],[-71.22957,42.50179],[-71.23188,42.50482],[-71.23208,42.50603],[-71.2319,42.50637]]]}},{"type":"Feature","properties":{"unit_id":"25017317202","name":"Census Tract 3172.02 — Middlesex","native_id":"25017317202","source":"census_tract_2025","adm3_name":"Middlesex County","adm3_id":"25017","area_sqm":5683081,"split":false},"geometry":{"type":"Polygon","coordinates":[[[-71.39282,42.60521],[-71.38606,42.60818],[-71.38863,42.60929],[-71.38912,42.61311],[-71.38792,42.61393],[-71.38942,42.61548],[-71.39134,42.61486],[-71.39281,42.61759],[-71.392,42.62015],[-71.38695,42.62005],[-71.38042,42.6201],[-71.37904,42.61948],[-71.37414,42.61845],[-71.37055,42.61941],[-71.36698,42.62181],[-71.36573,42.62158],[-71.36606,42.61997],[-71.36356,42.61603],[-71.3621,42.61498],[-71.35991,42.61293],[-71.35789,42.61085],[-71.35709,42.60757],[-71.35497,42.60531],[-71.35395,42.60315],[-71.35375,42.6018],[-71.35512,42.59908],[-71.3558,42.59994],[-71.36078,42.60086],[-71.36325,42.6011],[-71.36495,42.60088],[-71.36707,42.60088],[-71.36817,42.60076],[-71.37081,42.6019],[-71.37184,42.60059],[-71.37664,42.59879],[-71.37934,42.59974],[-71.38182,42.59886],[-71.38453,42.60059],[-71.3867,42.59832],[-71.38897,42.59783],[-71.39117,42.60306],[-71.39282,42.60521]]]}},{"type":"Feature","properties":{"unit_id":"25025092200","name":"Census Tract 922 — Suffolk","native_id":"25025092200","source":"census_tract_2025","adm3_name":"Suffolk County","adm3_id":"25025","area_sqm":582526,"split":false},"geometry":{"type":"Polygon","coordinates":[[[-71.07212,42.29551],[-71.07025,42.296],[-71.06641,42.29702],[-71.06554,42.29831],[-71.06432,42.29921],[-71.06343,42.29959],[-71.06016,42.3003],[-71.06065,42.29865],[-71.06137,42.29607],[-71.06226,42.29301],[-71.06459,42.29235],[-71.06554,42.29204],[-71.06758,42.29143],[-71.07078,42.29015],[-71.0716,42.29022],[-71.07177,42.2923],[-71.07191,42.29393],[-71.07212,42.29551]]]}},{"type":"Feature","properties":{"unit_id":"25017374000","name":"Census Tract 3740 — Middlesex","native_id":"25017374000","source":"census_tract_2025","adm3_name":"Middlesex County","adm3_id":"25017","area_sqm":4957318,"split":false},"geometry":{"type":"Polygon","coordinates":[[[-71.21125,42.30227],[-71.21129,42.30311],[-71.20557,42.30576],[-71.2091,42.31233],[-71.20911,42.31357],[-71.20612,42.31351],[-71.20632,42.31592],[-71.20501,42.31555],[-71.20267,42.31724],[-71.20289,42.31779],[-71.20408,42.3192],[-71.20201,42.31918],[-71.19439,42.31895],[-71.19548,42.31466],[-71.19817,42.30834],[-71.19573,42.30711],[-71.1921,42.30356],[-71.18749,42.29954],[-71.18495,42.29814],[-71.18356,42.29778],[-71.18103,42.2964],[-71.17999,42.29572],[-71.17897,42.29486],[-71.17864,42.2946],[-71.1909,42.28325],[-71.19125,42.28299],[-71.19089,42.28582],[-71.19322,42.28801],[-71.19527,42.28796],[-71.19579,42.2862],[-71.19673,42.28608],[-71.20159,42.28863],[-71.20297,42.28857],[-71.20524,42.28957],[-71.20635,42.29427],[-71.20788,42.29716],[-71.21156,42.29973],[-71.21125,42.30227]]]}},{"type":"Feature","properties":{"unit_id":"25017342401","name":"Census Tract 3424.01 — Middlesex","native_id":"25017342401","source":"census_tract_2025","adm3_name":"Middlesex County","adm3_id":"25017","area_sqm":496102,"split":false},"geometry":{"type":"Polygon","coordinates":[[[-71.06421,42.40822],[-71.06221,42.40834],[-71.06224,42.40849],[-71.06083,42.40862],[-71.0593,42.4089],[-71.05611,42.40953],[-71.0536,42.41192],[-71.05203,42.41081],[-71.05217,42.41065],[-71.05515,42.40746],[-71.05557,42.40706],[-71.05942,42.40299],[-71.05975,42.40255],[-71.05976,42.40239],[-71.06104,42.40195],[-71.06172,42.40174],[-71.06386,42.40158],[-71.06342,42.40434],[-71.06498,42.40816],[-71.06421,42.40822]]]}},{"type":"Feature","properties":{"unit_id":"25017339900","name":"Census Tract 3399 — Middlesex","native_id":"25017339900","source":"census_tract_2025","adm3_name":"Middlesex County","adm3_id":"25017","area_sqm":957324,"split":false},"geometry":{"type":"Polygon","coordinates":[[[-71.1042,42.41875],[-71.10337,42.41892],[-71.09858,42.42089],[-71.0967,42.42163],[-71.09601,42.42177],[-71.09257,42.4224],[-71.09167,42.4228],[-71.08974,42.42409],[-71.08807,42.42335],[-71.08767,42.42237],[-71.08654,42.41956],[-71.08592,42.41802],[-71.08428,42.41656],[-71.08422,42.41547],[-71.08437,42.41412],[-71.09302,42.4156],[-71.0969,42.41619],[-71.09971,42.41685],[-71.10416,42.41737],[-71.1042,42.41875]]]}},{"type":"Feature","properties":{"unit_id":"25017337102","name":"Census Tract 3371.02 — Middlesex","native_id":"25017337102","source":"census_tract_2025","adm3_name":"Middlesex County","adm3_id":"25017","area_sqm":5500342,"split":false},"geometry":{"type":"Polygon","coordinates":[[[-71.10235,42.45719],[-71.10224,42.45904],[-71.10135,42.46021],[-71.10167,42.46305],[-71.10085,42.46578],[-71.10049,42.46721],[-71.0966,42.46724],[-71.09793,42.46974],[-71.09704,42.47375],[-71.0948,42.47456],[-71.09484,42.47582],[-71.09407,42.47684],[-71.09344,42.47911],[-71.09461,42.48133],[-71.09387,42.48122],[-71.09104,42.48155],[-71.08031,42.48271],[-71.07581,42.48357],[-71.0766,42.47749],[-71.07771,42.47739],[-71.07815,42.47402],[-71.07844,42.47061],[-71.07891,42.46498],[-71.07925,42.46132],[-71.0798,42.45798],[-71.0806,42.45314],[-71.08212,42.44394],[-71.08564,42.44469],[-71.10472,42.44885],[-71.10235,42.45719]]]}},{"type":"Feature","properties":{"unit_id":"25017356703","name":"Census Tract 3567.03 — Middlesex","native_id":"25017356703","source":"census_tract_2025","adm3_name":"Middlesex County","adm3_id":"25017","area_sqm":1106008,"split":false},"geometry":{"type":"Polygon","coordinates":[[[-71.16705,42.40834],[-71.16157,42.41201],[-71.16103,42.41298],[-71.15941,42.41443],[-71.1579,42.41643],[-71.15769,42.41781],[-71.1572,42.41902],[-71.15306,42.41929],[-71.15199,42.41947],[-71.15087,42.4176],[-71.15141,42.41665],[-71.15329,42.41544],[-71.1557,42.41349],[-71.1532,42.41128],[-71.1515,42.41151],[-71.14983,42.4104],[-71.14881,42.40597],[-71.15134,42.40735],[-71.15004,42.40377],[-71.15647,42.40257],[-71.15639,42.40253],[-71.15747,42.40243],[-71.16405,42.40546],[-71.16393,42.40572],[-71.1633,42.40602],[-71.16711,42.40785],[-71.16705,42.40834]]]}},{"type":"Feature","properties":{"unit_id":"25025170101","name":"Census Tract 1701.01 — Suffolk","native_id":"25025170101","source":"census_tract_2025","adm3_name":"Suffolk County","adm3_id":"25025","area_sqm":778407,"split":false},"geometry":{"type":"Polygon","coordinates":[[[-71.0304,42.4127],[-71.02865,42.41302],[-71.01921,42.41041],[-71.01453,42.40913],[-71.01355,42.40815],[-71.01419,42.40705],[-71.01454,42.40649],[-71.01813,42.40338],[-71.02083,42.40351],[-71.02163,42.40519],[-71.02393,42.40536],[-71.02647,42.40612],[-71.02689,42.40655],[-71.02901,42.41032],[-71.03136,42.41251],[-71.0304,42.4127]]]}},{"type":"Feature","properties":{"unit_id":"25017382500","name":"Census Tract 3825 — Middlesex","native_id":"25017382500","source":"census_tract_2025","adm3_name":"Middlesex County","adm3_id":"25017","area_sqm":4841996,"split":false},"geometry":{"type":"Polygon","coordinates":[[[-71.38232,42.30873],[-71.37976,42.31199],[-71.37769,42.31467],[-71.3734,42.30985],[-71.37061,42.31026],[-71.36849,42.31281],[-71.36409,42.31591],[-71.36308,42.31585],[-71.36209,42.31507],[-71.36037,42.31406],[-71.36037,42.31235],[-71.36128,42.30966],[-71.36179,42.30745],[-71.36152,42.30407],[-71.35994,42.30003],[-71.35989,42.29993],[-71.35958,42.29929],[-71.35916,42.29743],[-71.35689,42.29198],[-71.35471,42.29048],[-71.35215,42.29015],[-71.34889,42.28626],[-71.34759,42.28566],[-71.34763,42.28525],[-71.34728,42.28378],[-71.34724,42.28341],[-71.35212,42.28172],[-71.35304,42.28144],[-71.35574,42.28089],[-71.3582,42.28034],[-71.36118,42.27963],[-71.3638,42.27936],[-71.37046,42.27817],[-71.3763,42.27815],[-71.37632,42.2796],[-71.37586,42.28257],[-71.37538,42.28381],[-71.3752,42.28787],[-71.37662,42.29262],[-71.37684,42.29621],[-71.37792,42.29753],[-71.38165,42.30399],[-71.38315,42.30767],[-71.38232,42.30873]]]}},{"type":"Feature","properties":{"unit_id":"25017385101","name":"Census Tract 3851.01 — Middlesex","native_id":"25017385101","source":"census_tract_2025","adm3_name":"Middlesex County","adm3_id":"25017","area_sqm":6688816,"split":false},"geometry":{"type":"Polygon","coordinates":[[[-71.52218,42.26645],[-71.51822,42.26772],[-71.51388,42.26758],[-71.51054,42.26623],[-71.51023,42.26552],[-71.50898,42.26449],[-71.50648,42.26428],[-71.50402,42.26542],[-71.50135,42.26564],[-71.49873,42.26519],[-71.48897,42.26208],[-71.48407,42.26166],[-71.46774,42.26031],[-71.46758,42.25897],[-71.46752,42.25636],[-71.46712,42.25569],[-71.46739,42.25525],[-71.47195,42.25124],[-71.47641,42.24575],[-71.48611,42.24133],[-71.486,42.24696],[-71.51322,42.25307],[-71.52276,42.25521],[-71.52218,42.26645]]]}},{"type":"Feature","properties":{"unit_id":"25025110607","name":"Census Tract 1106.07 — Suffolk","native_id":"25025110607","source":"census_tract_2025","adm3_name":"Suffolk County","adm3_id":"25025","area_sqm":1124028,"split":false},"geometry":{"type":"Polygon","coordinates":[[[-71.14775,42.28665],[-71.14732,42.28741],[-71.14512,42.28811],[-71.14305,42.2886],[-71.13975,42.2913],[-71.1373,42.29336],[-71.13601,42.29443],[-71.13298,42.29683],[-71.13007,42.29818],[-71.12933,42.29636],[-71.13046,42.29316],[-71.12785,42.291],[-71.12618,42.29009],[-71.12714,42.28916],[-71.12596,42.28848],[-71.12631,42.28815],[-71.12704,42.28746],[-71.12766,42.28706],[-71.13742,42.28625],[-71.14055,42.28614],[-71.14777,42.28599],[-71.14775,42.28665]]]}},{"type":"Feature","properties":{"unit_id":"25025051101","name":"Census Tract 511.01 — Suffolk","native_id":"25025051101","source":"census_tract_2025","adm3_name":"Suffolk County","adm3_id":"25025","area_sqm":1159397,"split":false},"geometry":{"type":"Polygon","coordinates":[[[-71.0134,42.3829],[-71.01015,42.3851],[-71.01084,42.38613],[-71.00805,42.38712],[-71.01183,42.39009],[-71.01266,42.39098],[-71.01305,42.39147],[-71.01161,42.39349],[-71.00858,42.39339],[-71.00597,42.39282],[-71.00401,42.39259],[-70.99823,42.39027],[-70.99505,42.39357],[-70.99445,42.39332],[-70.99673,42.39029],[-70.99535,42.38936],[-70.99939,42.38833],[-71.00113,42.3871],[-70.99564,42.38509],[-70.99642,42.38435],[-71.00002,42.38563],[-71.00076,42.38451],[-70.99463,42.38271],[-70.99465,42.38115],[-70.99799,42.3782],[-71.00021,42.37775],[-71.00291,42.37853],[-71.01127,42.38065],[-71.0134,42.3829]]]}},{"type":"Feature","properties":{"unit_id":"25025040600","name":"Census Tract 406 — Suffolk","native_id":"25025040600","source":"census_tract_2025","adm3_name":"Suffolk County","adm3_id":"25025","area_sqm":1434873,"split":false},"geometry":{"type":"Polygon","coordinates":[[[-71.08093,42.38213],[-71.07943,42.38332],[-71.07873,42.38431],[-71.07764,42.38584],[-71.0774,42.38617],[-71.0735,42.3918],[-71.0727,42.3908],[-71.06932,42.39402],[-71.06694,42.39476],[-71.06708,42.39405],[-71.0707,42.3896],[-71.0709,42.389],[-71.0657,42.3866],[-71.05739,42.3873],[-71.05552,42.38712],[-71.0585,42.3845],[-71.0616,42.38079],[-71.06236,42.3811],[-71.06419,42.38187],[-71.06534,42.3803],[-71.06494,42.37932],[-71.06793,42.3805],[-71.06911,42.37941],[-71.06999,42.38031],[-71.0709,42.37987],[-71.06822,42.37512],[-71.06791,42.37463],[-71.07054,42.37236],[-71.07247,42.37266],[-71.07269,42.37322],[-71.07566,42.3802],[-71.0807,42.38104],[-71.08093,42.38213]]]}},{"type":"Feature","properties":{"unit_id":"25017335200","name":"Census Tract 3352 — Middlesex","native_id":"25017335200","source":"census_tract_2025","adm3_name":"Middlesex County","adm3_id":"25017","area_sqm":3312992,"split":false},"geometry":{"type":"Polygon","coordinates":[[[-71.09964,42.50643],[-71.09429,42.50709],[-71.09746,42.51025],[-71.09584,42.51262],[-71.09306,42.51553],[-71.08907,42.51377],[-71.08639,42.5122],[-71.08064,42.50781],[-71.07874,42.50576],[-71.07625,42.50291],[-71.07519,42.5017],[-71.07156,42.49753],[-71.07031,42.49555],[-71.06932,42.49079],[-71.06943,42.48969],[-71.07076,42.49022],[-71.07397,42.48977],[-71.07101,42.48737],[-71.07161,42.48659],[-71.07524,42.48801],[-71.08536,42.4922],[-71.08555,42.49234],[-71.08638,42.49398],[-71.09007,42.50118],[-71.10073,42.50224],[-71.09964,42.50643]]]}},{"type":"Feature","properties":{"unit_id":"25017365202","name":"Census Tract 3652.02 — Middlesex","native_id":"25017365202","source":"census_tract_2025","adm3_name":"Middlesex County","adm3_id":"25017","area_sqm":17395782,"split":false},"geometry":{"type":"Polygon","coordinates":[[[-71.48243,42.35619],[-71.47553,42.38053],[-71.4755,42.38063],[-71.4755,42.38065],[-71.45674,42.37448],[-71.43776,42.36833],[-71.42201,42.36321],[-71.41348,42.35962],[-71.41089,42.35934],[-71.40645,42.36026],[-71.4033,42.36027],[-71.39167,42.36098],[-71.39081,42.35524],[-71.38989,42.35389],[-71.38896,42.35002],[-71.38794,42.34864],[-71.38772,42.34483],[-71.39137,42.34521],[-71.39388,42.34397],[-71.39798,42.34322],[-71.39672,42.34105],[-71.40249,42.34185],[-71.41547,42.34368],[-71.42471,42.34497],[-71.43729,42.34671],[-71.4833,42.35313],[-71.48243,42.35619]]]}},{"type":"Feature","properties":{"unit_id":"25025061202","name":"Census Tract 612.02 — Suffolk","native_id":"25025061202","source":"census_tract_2025","adm3_name":"Suffolk County","adm3_id":"25025","area_sqm":380810,"split":false},"geometry":{"type":"Polygon","coordinates":[[[-71.06529,42.33707],[-71.06221,42.34291],[-71.06172,42.34396],[-71.06061,42.34372],[-71.05949,42.34358],[-71.05995,42.34232],[-71.0597,42.33686],[-71.06004,42.33656],[-71.06101,42.33478],[-71.0628,42.33197],[-71.06461,42.33401],[-71.06541,42.33544],[-71.06529,42.33707]]]}},{"type":"Feature","properties":{"unit_id":"25017374500","name":"Census Tract 3745 — Middlesex","native_id":"25017374500","source":"census_tract_2025","adm3_name":"Middlesex County","adm3_id":"25017","area_sqm":1808934,"split":false},"geometry":{"type":"Polygon","coordinates":[[[-71.23761,42.34691],[-71.23521,42.34698],[-71.23213,42.34757],[-71.2319,42.34802],[-71.22634,42.34939],[-71.22636,42.35128],[-71.22401,42.35326],[-71.22369,42.3555],[-71.22241,42.35941],[-71.2227,42.36019],[-71.22329,42.36111],[-71.22623,42.36387],[-71.21719,42.36653],[-71.21706,42.36657],[-71.21634,42.36585],[-71.21328,42.36496],[-71.21359,42.36457],[-71.21406,42.36341],[-71.21652,42.36097],[-71.21697,42.35987],[-71.21673,42.35986],[-71.21694,42.35922],[-71.21361,42.35415],[-71.21439,42.35021],[-71.22295,42.34847],[-71.22516,42.3482],[-71.22895,42.34787],[-71.2271,42.34525],[-71.23185,42.3425],[-71.23451,42.34455],[-71.23641,42.3432],[-71.2396,42.34449],[-71.23761,42.34691]]]}},{"type":"Feature","properties":{"unit_id":"25017374300","name":"Census Tract 3743 — Middlesex","native_id":"25017374300","source":"census_tract_2025","adm3_name":"Middlesex County","adm3_id":"25017","area_sqm":2530160,"split":false},"geometry":{"type":"Polygon","coordinates":[[[-71.25847,42.3253],[-71.25453,42.32644],[-71.2518,42.32836],[-71.25012,42.32944],[-71.24878,42.3299],[-71.24688,42.33213],[-71.24489,42.3337],[-71.23811,42.33031],[-71.23332,42.32783],[-71.23119,42.32625],[-71.22955,42.32746],[-71.22816,42.32823],[-71.22634,42.32899],[-71.21887,42.33056],[-71.21837,42.32833],[-71.22105,42.32325],[-71.21862,42.32235],[-71.22092,42.321],[-71.22675,42.32359],[-71.22688,42.32262],[-71.22578,42.31707],[-71.22804,42.31684],[-71.22826,42.31885],[-71.23091,42.32073],[-71.23442,42.32081],[-71.23842,42.32179],[-71.24079,42.3209],[-71.24615,42.32101],[-71.2468,42.32106],[-71.24919,42.32364],[-71.25294,42.32676],[-71.25459,42.32529],[-71.2574,42.32448],[-71.25847,42.3253]]]}},{"type":"Feature","properties":{"unit_id":"25017333602","name":"Census Tract 3336.02 — Middlesex","native_id":"25017333602","source":"census_tract_2025","adm3_name":"Middlesex County","adm3_id":"25017","area_sqm":4343606,"split":false},"geometry":{"type":"Polygon","coordinates":[[[-71.17003,42.51554],[-71.15808,42.52055],[-71.14918,42.52426],[-71.14539,42.51682],[-71.1477,42.51405],[-71.14719,42.51198],[-71.15066,42.51055],[-71.15191,42.50793],[-71.14857,42.50645],[-71.14605,42.50684],[-71.14675,42.50557],[-71.14108,42.50318],[-71.14224,42.50128],[-71.14854,42.50047],[-71.1581,42.49922],[-71.16849,42.49748],[-71.16846,42.49794],[-71.16899,42.50417],[-71.16992,42.50673],[-71.16939,42.50731],[-71.16967,42.5075],[-71.16954,42.51024],[-71.17003,42.51554]]]}},{"type":"Feature","properties":{"unit_id":"25017322100","name":"Census Tract 3221 — Middlesex","native_id":"25017322100","source":"census_tract_2025","adm3_name":"Middlesex County","adm3_id":"25017","area_sqm":14081915,"split":false},"geometry":{"type":"Polygon","coordinates":[[[-71.55549,42.39081],[-71.54729,42.39463],[-71.54762,42.39516],[-71.54908,42.39657],[-71.54851,42.39821],[-71.54591,42.39973],[-71.54411,42.4015],[-71.53674,42.40338],[-71.53499,42.40342],[-71.53442,42.40366],[-71.52805,42.40152],[-71.52682,42.39607],[-71.52396,42.39674],[-71.51792,42.39815],[-71.51081,42.39752],[-71.50385,42.39748],[-71.50045,42.39542],[-71.49298,42.3964],[-71.49089,42.39523],[-71.48992,42.39633],[-71.48695,42.39602],[-71.48774,42.39497],[-71.48612,42.39327],[-71.47268,42.39003],[-71.4755,42.38065],[-71.4755,42.38063],[-71.51512,42.3765],[-71.52142,42.37584],[-71.52831,42.37512],[-71.5294,42.375],[-71.55408,42.37242],[-71.55343,42.3771],[-71.54899,42.38041],[-71.54893,42.38635],[-71.5493,42.38777],[-71.55978,42.38923],[-71.55549,42.39081]]]}},{"type":"Feature","properties":{"unit_id":"25017318100","name":"Census Tract 3181 — Middlesex","native_id":"25017318100","source":"census_tract_2025","adm3_name":"Middlesex County","adm3_id":"25017","area_sqm":15689696,"split":false},"geometry":{"type":"Polygon","coordinates":[[[-71.46516,42.63101],[-71.42211,42.65163],[-71.41764,42.65377],[-71.41439,42.64228],[-71.4109,42.62992],[-71.40709,42.61643],[-71.4054,42.61039],[-71.41024,42.60764],[-71.41099,42.60998],[-71.42011,42.60322],[-71.42263,42.60162],[-71.43173,42.59762],[-71.43261,42.59743],[-71.43513,42.59732],[-71.438,42.6012],[-71.43883,42.60324],[-71.44147,42.6059],[-71.444,42.60703],[-71.44433,42.60907],[-71.44541,42.61076],[-71.4479,42.61301],[-71.45114,42.61438],[-71.45201,42.61518],[-71.45757,42.61949],[-71.45959,42.62337],[-71.45963,42.62459],[-71.46516,42.63101]]]}},{"type":"Feature","properties":{"unit_id":"25025160601","name":"Census Tract 1606.01 — Suffolk","native_id":"25025160601","source":"census_tract_2025","adm3_name":"Suffolk County","adm3_id":"25025","area_sqm":673912,"split":false},"geometry":{"type":"Polygon","coordinates":[[[-71.03623,42.40246],[-71.0352,42.40322],[-71.02945,42.40411],[-71.02874,42.40433],[-71.02647,42.40612],[-71.02393,42.40536],[-71.02163,42.40519],[-71.02083,42.40351],[-71.01813,42.40338],[-71.01973,42.40197],[-71.02046,42.40243],[-71.02309,42.40013],[-71.02416,42.39932],[-71.02675,42.39783],[-71.02843,42.39947],[-71.02917,42.39906],[-71.02994,42.3997],[-71.031,42.40022],[-71.03219,42.3994],[-71.03536,42.40212],[-71.03623,42.40246]]]}},{"type":"Feature","properties":{"unit_id":"25017383502","name":"Census Tract 3835.02 — Middlesex","native_id":"25017383502","source":"census_tract_2025","adm3_name":"Middlesex County","adm3_id":"25017","area_sqm":1733751,"split":false},"geometry":{"type":"Polygon","coordinates":[[[-71.4497,42.29804],[-71.44279,42.29921],[-71.4422,42.29965],[-71.44548,42.30157],[-71.44609,42.3039],[-71.44322,42.30197],[-71.43716,42.30026],[-71.43585,42.30028],[-71.43451,42.30012],[-71.42684,42.29877],[-71.42747,42.29279],[-71.4266,42.29165],[-71.42794,42.29108],[-71.43122,42.28895],[-71.4332,42.28975],[-71.4354,42.29106],[-71.43929,42.28976],[-71.44187,42.29158],[-71.44403,42.29238],[-71.44898,42.29366],[-71.44741,42.29543],[-71.44959,42.29792],[-71.4497,42.29804]]]}},{"type":"Feature","properties":{"unit_id":"25017315403","name":"Census Tract 3154.03 — Middlesex","native_id":"25017315403","source":"census_tract_2025","adm3_name":"Middlesex County","adm3_id":"25017","area_sqm":2519656,"split":false},"geometry":{"type":"Polygon","coordinates":[[[-71.19785,42.58758],[-71.19521,42.58903],[-71.19492,42.5915],[-71.19234,42.59307],[-71.19508,42.59423],[-71.19497,42.59685],[-71.19306,42.59974],[-71.19279,42.6008],[-71.19067,42.60185],[-71.18965,42.59944],[-71.18673,42.59758],[-71.18479,42.59761],[-71.18265,42.59509],[-71.18465,42.59361],[-71.18682,42.58975],[-71.18671,42.58492],[-71.186,42.58499],[-71.1806,42.58363],[-71.18856,42.57089],[-71.18931,42.57182],[-71.19181,42.57367],[-71.19279,42.57497],[-71.19369,42.5796],[-71.19385,42.5799],[-71.19676,42.58341],[-71.2005,42.58777],[-71.19785,42.58758]]]}},{"type":"Feature","properties":{"unit_id":"25017352101","name":"Census Tract 3521.01 — Middlesex","native_id":"25017352101","source":"census_tract_2025","adm3_name":"Middlesex County","adm3_id":"25017","area_sqm":400468,"split":false},"geometry":{"type":"Polygon","coordinates":[[[-71.08196,42.37362],[-71.08098,42.37404],[-71.07621,42.37398],[-71.07495,42.37292],[-71.07435,42.37255],[-71.07269,42.37322],[-71.07247,42.37266],[-71.07054,42.37236],[-71.06712,42.37182],[-71.06406,42.369],[-71.06948,42.36905],[-71.07058,42.36801],[-71.07064,42.36795],[-71.07311,42.36913],[-71.07483,42.36993],[-71.07557,42.37036],[-71.07606,42.37071],[-71.07865,42.37193],[-71.08104,42.37315],[-71.08196,42.37362]]]}},{"type":"Feature","properties":{"unit_id":"25017336300","name":"Census Tract 3363 — Middlesex","native_id":"25017336300","source":"census_tract_2025","adm3_name":"Middlesex County","adm3_id":"25017","area_sqm":4000990,"split":false},"geometry":{"type":"Polygon","coordinates":[[[-71.06467,42.45615],[-71.06405,42.45621],[-71.06121,42.45698],[-71.053,42.4583],[-71.04708,42.45921],[-71.04238,42.45995],[-71.03997,42.46073],[-71.02757,42.44668],[-71.02584,42.44471],[-71.03368,42.4439],[-71.03683,42.44358],[-71.04418,42.44283],[-71.05027,42.4422],[-71.05196,42.44291],[-71.05483,42.44338],[-71.05652,42.44468],[-71.05804,42.44776],[-71.0592,42.44749],[-71.05959,42.44923],[-71.05972,42.44978],[-71.06174,42.45203],[-71.06329,42.45331],[-71.06646,42.45314],[-71.06467,42.45615]]]}},{"type":"Feature","properties":{"unit_id":"25017354601","name":"Census Tract 3546.01 — Middlesex","native_id":"25017354601","source":"census_tract_2025","adm3_name":"Middlesex County","adm3_id":"25017","area_sqm":767347,"split":false},"geometry":{"type":"Polygon","coordinates":[[[-71.15839,42.39459],[-71.15639,42.39582],[-71.15636,42.39585],[-71.15231,42.39547],[-71.14428,42.39264],[-71.14112,42.39209],[-71.13766,42.3915],[-71.13544,42.39112],[-71.13868,42.39066],[-71.14164,42.38719],[-71.14164,42.38705],[-71.14372,42.38828],[-71.14413,42.38868],[-71.14809,42.38963],[-71.15726,42.39095],[-71.15732,42.39095],[-71.15839,42.39459]]]}},{"type":"Feature","properties":{"unit_id":"25017370302","name":"Census Tract 3703.02 — Middlesex","native_id":"25017370302","source":"census_tract_2025","adm3_name":"Middlesex County","adm3_id":"25017","area_sqm":1158346,"split":false},"geometry":{"type":"Polygon","coordinates":[[[-71.17137,42.36424],[-71.16701,42.36386],[-71.16686,42.36411],[-71.16106,42.36439],[-71.1592,42.36496],[-71.15758,42.36582],[-71.15584,42.36782],[-71.15399,42.37045],[-71.14999,42.36893],[-71.14703,42.36543],[-71.1439,42.36563],[-71.14367,42.36508],[-71.14449,42.36482],[-71.14717,42.36175],[-71.14833,42.36112],[-71.15448,42.36004],[-71.15975,42.35978],[-71.16151,42.35897],[-71.1672,42.36222],[-71.17145,42.36295],[-71.17137,42.36424]]]}},{"type":"Feature","properties":{"unit_id":"25017310101","name":"Census Tract 3101.01 — Middlesex","native_id":"25017310101","source":"census_tract_2025","adm3_name":"Middlesex County","adm3_id":"25017","area_sqm":507958,"split":false},"geometry":{"type":"Polygon","coordinates":[[[-71.31678,42.64063],[-71.31677,42.64121],[-71.3148,42.64352],[-71.31362,42.64488],[-71.31289,42.64467],[-71.30845,42.64434],[-71.30679,42.64626],[-71.30517,42.64811],[-71.30283,42.64728],[-71.30213,42.64709],[-71.30242,42.64652],[-71.30577,42.64438],[-71.30293,42.64175],[-71.30451,42.64163],[-71.30436,42.64029],[-71.30885,42.63925],[-71.30875,42.64105],[-71.31577,42.6383],[-71.31581,42.63838],[-71.31652,42.63921],[-71.31784,42.64001],[-71.31678,42.64063]]]}},{"type":"Feature","properties":{"unit_id":"25025000807","name":"Census Tract 8.07 — Suffolk","native_id":"25025000807","source":"census_tract_2025","adm3_name":"Suffolk County","adm3_id":"25025","area_sqm":218594,"split":false},"geometry":{"type":"Polygon","coordinates":[[[-71.12126,42.35187],[-71.12073,42.35462],[-71.12002,42.35472],[-71.11813,42.35509],[-71.11412,42.35239],[-71.11073,42.35182],[-71.11094,42.35045],[-71.11581,42.35102],[-71.12029,42.35156],[-71.12131,42.35168],[-71.12126,42.35187]]]}},{"type":"Feature","properties":{"unit_id":"25017334200","name":"Census Tract 3342 — Middlesex","native_id":"25017334200","source":"census_tract_2025","adm3_name":"Middlesex County","adm3_id":"25017","area_sqm":2441662,"split":false},"geometry":{"type":"Polygon","coordinates":[[[-71.13129,42.53182],[-71.13248,42.53652],[-71.13059,42.53621],[-71.12959,42.53599],[-71.11914,42.53194],[-71.11418,42.5298],[-71.11131,42.52895],[-71.10853,42.52813],[-71.1062,42.52709],[-71.1035,42.52578],[-71.10302,42.52544],[-71.10279,42.52408],[-71.10299,42.52354],[-71.10305,42.52326],[-71.10321,42.52111],[-71.1058,42.52087],[-71.10759,42.52157],[-71.11478,42.51845],[-71.11964,42.51744],[-71.1198,42.51794],[-71.12061,42.51974],[-71.12455,42.52439],[-71.12492,42.52562],[-71.12621,42.52747],[-71.12855,42.52789],[-71.13252,42.53129],[-71.13129,42.53182]]]}},{"type":"Feature","properties":{"unit_id":"25017313101","name":"Census Tract 3131.01 — Middlesex","native_id":"25017313101","source":"census_tract_2025","adm3_name":"Middlesex County","adm3_id":"25017","area_sqm":28808323,"split":false},"geometry":{"type":"Polygon","coordinates":[[[-71.49748,42.64167],[-71.49648,42.6498],[-71.4963,42.64977],[-71.49246,42.6491],[-71.48903,42.6492],[-71.48251,42.65103],[-71.47948,42.65879],[-71.47715,42.65438],[-71.4759,42.65201],[-71.47478,42.64989],[-71.45719,42.65837],[-71.45868,42.65975],[-71.45493,42.66011],[-71.45544,42.66121],[-71.44975,42.66183],[-71.44696,42.66317],[-71.44783,42.66661],[-71.44862,42.66774],[-71.45234,42.66974],[-71.44642,42.67041],[-71.44728,42.6775],[-71.44796,42.6806],[-71.45028,42.6853],[-71.45209,42.68715],[-71.45612,42.68635],[-71.45703,42.69066],[-71.45924,42.69061],[-71.45958,42.69047],[-71.46103,42.69197],[-71.45634,42.69585],[-71.45769,42.70066],[-71.45171,42.70052],[-71.44917,42.70046],[-71.43235,42.70006],[-71.43234,42.70006],[-71.43118,42.69803],[-71.42954,42.69676],[-71.42767,42.69564],[-71.42274,42.69425],[-71.41569,42.69087],[-71.41406,42.689],[-71.41266,42.68641],[-71.41259,42.68391],[-71.41378,42.68272],[-71.41802,42.68262],[-71.41868,42.6821],[-71.42091,42.67676],[-71.42077,42.67411],[-71.41963,42.67224],[-71.41826,42.67149],[-71.40652,42.66683],[-71.40487,42.66565],[-71.40177,42.66172],[-71.39966,42.65797],[-71.39675,42.65739],[-71.39418,42.65375],[-71.38921,42.649],[-71.39434,42.64847],[-71.39697,42.64964],[-71.39899,42.65247],[-71.40063,42.65202],[-71.40211,42.6516],[-71.40203,42.6511],[-71.4011,42.64912],[-71.39901,42.64628],[-71.39832,42.64549],[-71.39889,42.64495],[-71.40278,42.64677],[-71.40403,42.64841],[-71.40976,42.64878],[-71.41198,42.64797],[-71.41231,42.64941],[-71.41764,42.65377],[-71.42211,42.65163],[-71.46516,42.63101],[-71.49353,42.6174],[-71.49859,42.63879],[-71.49748,42.64167]]]}},{"type":"Feature","properties":{"unit_id":"25017354500","name":"Census Tract 3545 — Middlesex","native_id":"25017354500","source":"census_tract_2025","adm3_name":"Middlesex County","adm3_id":"25017","area_sqm":334459,"split":false},"geometry":{"type":"Polygon","coordinates":[[[-71.13041,42.38292],[-71.13022,42.38307],[-71.12978,42.38346],[-71.12851,42.38569],[-71.12694,42.38635],[-71.12421,42.38721],[-71.12166,42.38791],[-71.11946,42.38816],[-71.11923,42.38702],[-71.11946,42.38483],[-71.12138,42.38445],[-71.12327,42.38552],[-71.12423,42.38444],[-71.12489,42.38289],[-71.1267,42.38204],[-71.12612,42.38138],[-71.1275,42.38041],[-71.12886,42.38113],[-71.12977,42.38168],[-71.13102,42.38241],[-71.13041,42.38292]]]}},{"type":"Feature","properties":{"unit_id":"25025092101","name":"Census Tract 921.01 — Suffolk","native_id":"25025092101","source":"census_tract_2025","adm3_name":"Suffolk County","adm3_id":"25025","area_sqm":1306107,"split":false},"geometry":{"type":"Polygon","coordinates":[[[-71.06226,42.29301],[-71.06137,42.29607],[-71.06065,42.29865],[-71.06016,42.3003],[-71.06002,42.30076],[-71.0598,42.30154],[-71.05943,42.30313],[-71.05597,42.30452],[-71.05543,42.30432],[-71.05256,42.30294],[-71.04927,42.3012],[-71.04748,42.30442],[-71.04744,42.30375],[-71.04762,42.30338],[-71.04449,42.3015],[-71.04597,42.29931],[-71.04679,42.29811],[-71.04829,42.29832],[-71.04746,42.29359],[-71.04799,42.29308],[-71.05063,42.29278],[-71.05243,42.29448],[-71.05465,42.2937],[-71.0573,42.29313],[-71.06036,42.29235],[-71.06261,42.29181],[-71.06226,42.29301]]]}},{"type":"Feature","properties":{"unit_id":"25017341901","name":"Census Tract 3419.01 — Middlesex","native_id":"25017341901","source":"census_tract_2025","adm3_name":"Middlesex County","adm3_id":"25017","area_sqm":1058078,"split":false},"geometry":{"type":"Polygon","coordinates":[[[-71.04226,42.42479],[-71.03996,42.43097],[-71.03189,42.43153],[-71.02715,42.43207],[-71.026,42.43239],[-71.02404,42.43308],[-71.023,42.43352],[-71.02304,42.43346],[-71.02409,42.43158],[-71.02823,42.4242],[-71.04093,42.42345],[-71.04279,42.42334],[-71.04226,42.42479]]]}},{"type":"Feature","properties":{"unit_id":"25025071101","name":"Census Tract 711.01 — Suffolk","native_id":"25025071101","source":"census_tract_2025","adm3_name":"Suffolk County","adm3_id":"25025","area_sqm":359031,"split":false},"geometry":{"type":"Polygon","coordinates":[[[-71.07694,42.33653],[-71.07567,42.33747],[-71.075,42.33793],[-71.0725,42.33962],[-71.07095,42.33831],[-71.07036,42.33878],[-71.06835,42.33717],[-71.06941,42.33641],[-71.06848,42.33572],[-71.06713,42.33529],[-71.07215,42.33273],[-71.07337,42.33361],[-71.07436,42.33285],[-71.07504,42.33349],[-71.07612,42.33281],[-71.07578,42.33449],[-71.07762,42.336],[-71.07694,42.33653]]]}},{"type":"Feature","properties":{"unit_id":"25025130300","name":"Census Tract 1303 — Suffolk","native_id":"25025130300","source":"census_tract_2025","adm3_name":"Suffolk County","adm3_id":"25025","area_sqm":1442464,"split":false},"geometry":{"type":"Polygon","coordinates":[[[-71.16115,42.28034],[-71.15981,42.28152],[-71.15889,42.28214],[-71.15637,42.28356],[-71.15498,42.28435],[-71.1499,42.28676],[-71.15007,42.28729],[-71.14869,42.28715],[-71.14775,42.28665],[-71.14777,42.28599],[-71.1475,42.28418],[-71.14702,42.28328],[-71.14552,42.2818],[-71.14396,42.2805],[-71.14248,42.27757],[-71.14523,42.27633],[-71.14571,42.27505],[-71.14366,42.27285],[-71.14729,42.26999],[-71.14989,42.27223],[-71.15078,42.27355],[-71.1535,42.27598],[-71.15677,42.27705],[-71.15943,42.27883],[-71.16101,42.28006],[-71.16115,42.28034]]]}},{"type":"Feature","properties":{"unit_id":"25017383401","name":"Census Tract 3834.01 — Middlesex","native_id":"25017383401","source":"census_tract_2025","adm3_name":"Middlesex County","adm3_id":"25017","area_sqm":837750,"split":false},"geometry":{"type":"Polygon","coordinates":[[[-71.42403,42.28954],[-71.41885,42.29067],[-71.41556,42.28965],[-71.41475,42.28812],[-71.41015,42.28748],[-71.41074,42.28663],[-71.41275,42.28378],[-71.41481,42.2825],[-71.40623,42.27924],[-71.41497,42.27735],[-71.4168,42.27697],[-71.41674,42.27906],[-71.41947,42.28238],[-71.42437,42.28872],[-71.42403,42.28954]]]}},{"type":"Feature","properties":{"unit_id":"25025081700","name":"Census Tract 817 — Suffolk","native_id":"25025081700","source":"census_tract_2025","adm3_name":"Suffolk County","adm3_id":"25025","area_sqm":633875,"split":false},"geometry":{"type":"Polygon","coordinates":[[[-71.09248,42.32131],[-71.0896,42.32339],[-71.08879,42.32422],[-71.08789,42.32571],[-71.087,42.32778],[-71.0851,42.3289],[-71.08345,42.32865],[-71.08311,42.32812],[-71.08327,42.32613],[-71.08331,42.32596],[-71.08192,42.32173],[-71.08162,42.32073],[-71.08138,42.3198],[-71.08179,42.31827],[-71.08192,42.31802],[-71.08602,42.31916],[-71.08622,42.31824],[-71.09024,42.31921],[-71.09161,42.32065],[-71.09248,42.32131]]]}},{"type":"Feature","properties":{"unit_id":"25025081800","name":"Census Tract 818 — Suffolk","native_id":"25025081800","source":"census_tract_2025","adm3_name":"Suffolk County","adm3_id":"25025","area_sqm":373922,"split":false},"geometry":{"type":"Polygon","coordinates":[[[-71.08331,42.32596],[-71.0816,42.32555],[-71.0796,42.32416],[-71.07752,42.32326],[-71.07666,42.32289],[-71.07715,42.3222],[-71.07775,42.32043],[-71.07775,42.31928],[-71.07781,42.3183],[-71.07822,42.31587],[-71.07882,42.31461],[-71.081,42.31576],[-71.08285,42.31636],[-71.08237,42.31723],[-71.08192,42.31802],[-71.08179,42.31827],[-71.08138,42.3198],[-71.08162,42.32073],[-71.08192,42.32173],[-71.08331,42.32596]]]}},{"type":"Feature","properties":{"unit_id":"25017333400","name":"Census Tract 3334 — Middlesex","native_id":"25017333400","source":"census_tract_2025","adm3_name":"Middlesex County","adm3_id":"25017","area_sqm":4886856,"split":false},"geometry":{"type":"Polygon","coordinates":[[[-71.14662,42.48095],[-71.14027,42.48216],[-71.13726,42.48206],[-71.13612,42.48148],[-71.13308,42.48101],[-71.13315,42.48199],[-71.13573,42.48773],[-71.13522,42.48792],[-71.13247,42.48904],[-71.1293,42.49119],[-71.12445,42.49514],[-71.12405,42.49553],[-71.1215,42.49854],[-71.11678,42.49455],[-71.11564,42.48959],[-71.11317,42.4787],[-71.11206,42.47382],[-71.12377,42.47339],[-71.13393,42.46994],[-71.1379,42.46858],[-71.14146,42.47052],[-71.14338,42.4743],[-71.1438,42.4756],[-71.14432,42.47843],[-71.14662,42.48095]]]}},{"type":"Feature","properties":{"unit_id":"25025091800","name":"Census Tract 918 — Suffolk","native_id":"25025091800","source":"census_tract_2025","adm3_name":"Suffolk County","adm3_id":"25025","area_sqm":432066,"split":false},"geometry":{"type":"Polygon","coordinates":[[[-71.07678,42.30519],[-71.07391,42.30768],[-71.07335,42.30847],[-71.07282,42.30947],[-71.07256,42.31007],[-71.07233,42.31021],[-71.07022,42.31133],[-71.06842,42.31066],[-71.0663,42.30916],[-71.06503,42.30808],[-71.06649,42.30671],[-71.06701,42.30624],[-71.06834,42.30521],[-71.0688,42.30489],[-71.07,42.30407],[-71.07143,42.30341],[-71.07312,42.30467],[-71.07416,42.30491],[-71.07618,42.30505],[-71.07678,42.30519]]]}},{"type":"Feature","properties":{"unit_id":"25017368500","name":"Census Tract 3685 — Middlesex","native_id":"25017368500","source":"census_tract_2025","adm3_name":"Middlesex County","adm3_id":"25017","area_sqm":465881,"split":false},"geometry":{"type":"Polygon","coordinates":[[[-71.24368,42.36885],[-71.24096,42.37165],[-71.23658,42.37315],[-71.23661,42.37301],[-71.23484,42.37248],[-71.23312,42.37284],[-71.23132,42.37047],[-71.23372,42.37102],[-71.23428,42.36831],[-71.23449,42.3674],[-71.23494,42.36599],[-71.23797,42.36633],[-71.23812,42.36585],[-71.2409,42.36637],[-71.24314,42.3668],[-71.24244,42.36846],[-71.24368,42.36885]]]}},{"type":"Feature","properties":{"unit_id":"25017324102","name":"Census Tract 3241.02 — Middlesex","native_id":"25017324102","source":"census_tract_2025","adm3_name":"Middlesex County","adm3_id":"25017","area_sqm":20122793,"split":false},"geometry":{"type":"Polygon","coordinates":[[[-71.54232,42.55033],[-71.53303,42.55273],[-71.53238,42.55383],[-71.52788,42.55623],[-71.52319,42.55983],[-71.52089,42.56431],[-71.51146,42.56939],[-71.51141,42.56942],[-71.50641,42.57217],[-71.50304,42.57547],[-71.49801,42.57686],[-71.48377,42.57379],[-71.48183,42.56569],[-71.48119,42.563],[-71.48002,42.55809],[-71.47738,42.5566],[-71.47734,42.55657],[-71.46884,42.55175],[-71.47808,42.54958],[-71.48398,42.54727],[-71.48995,42.54329],[-71.49321,42.53982],[-71.49932,42.53142],[-71.5049,42.52444],[-71.50798,42.52074],[-71.51622,42.51344],[-71.51781,42.51562],[-71.52984,42.51984],[-71.53138,42.52035],[-71.53376,42.52765],[-71.53878,42.54303],[-71.54232,42.55033]]]}},{"type":"Feature","properties":{"unit_id":"25025070202","name":"Census Tract 702.02 — Suffolk","native_id":"25025070202","source":"census_tract_2025","adm3_name":"Suffolk County","adm3_id":"25025","area_sqm":178542,"split":false},"geometry":{"type":"Polygon","coordinates":[[[-71.06456,42.35238],[-71.06257,42.3524],[-71.06105,42.35252],[-71.05983,42.35255],[-71.05801,42.35235],[-71.05951,42.35115],[-71.06119,42.34793],[-71.06245,42.34698],[-71.06304,42.34685],[-71.06443,42.34719],[-71.06415,42.3484],[-71.06276,42.35151],[-71.06456,42.35238]]]}},{"type":"Feature","properties":{"unit_id":"25017311700","name":"Census Tract 3117 — Middlesex","native_id":"25017311700","source":"census_tract_2025","adm3_name":"Middlesex County","adm3_id":"25017","area_sqm":749316,"split":false},"geometry":{"type":"Polygon","coordinates":[[[-71.33099,42.63452],[-71.32898,42.63477],[-71.32723,42.63497],[-71.32514,42.63541],[-71.32515,42.63329],[-71.3244,42.6329],[-71.32225,42.63225],[-71.31994,42.6319],[-71.32124,42.63018],[-71.31892,42.63017],[-71.318,42.62828],[-71.31877,42.62732],[-71.31914,42.62496],[-71.32136,42.6256],[-71.32301,42.62608],[-71.32432,42.62643],[-71.32956,42.62675],[-71.32981,42.62791],[-71.33022,42.62981],[-71.33044,42.63101],[-71.33067,42.63352],[-71.33099,42.63452]]]}},{"type":"Feature","properties":{"unit_id":"25017339700","name":"Census Tract 3397 — Middlesex","native_id":"25017339700","source":"census_tract_2025","adm3_name":"Middlesex County","adm3_id":"25017","area_sqm":1268220,"split":false},"geometry":{"type":"Polygon","coordinates":[[[-71.1105,42.41708],[-71.10396,42.41371],[-71.10402,42.41477],[-71.1033,42.41475],[-71.10107,42.41296],[-71.09977,42.4083],[-71.09393,42.40405],[-71.09553,42.40011],[-71.0963,42.40034],[-71.09835,42.39856],[-71.09961,42.39712],[-71.10447,42.40068],[-71.10593,42.4018],[-71.10688,42.40286],[-71.10759,42.40432],[-71.10793,42.40513],[-71.10824,42.40584],[-71.10889,42.40747],[-71.10916,42.40811],[-71.11012,42.41031],[-71.10666,42.41113],[-71.1059,42.41286],[-71.1077,42.4153],[-71.1106,42.41663],[-71.1105,42.41708]]]}},{"type":"Feature","properties":{"unit_id":"25025091300","name":"Census Tract 913 — Suffolk","native_id":"25025091300","source":"census_tract_2025","adm3_name":"Suffolk County","adm3_id":"25025","area_sqm":262560,"split":false},"geometry":{"type":"Polygon","coordinates":[[[-71.0722,42.32136],[-71.06984,42.32157],[-71.06806,42.32128],[-71.06751,42.3233],[-71.06594,42.3215],[-71.06538,42.32123],[-71.06213,42.32056],[-71.06148,42.3205],[-71.06211,42.32019],[-71.06357,42.31862],[-71.06464,42.31737],[-71.0652,42.31707],[-71.06684,42.31782],[-71.06875,42.31859],[-71.0697,42.31895],[-71.07128,42.32016],[-71.0722,42.32136]]]}},{"type":"Feature","properties":{"unit_id":"25017316201","name":"Census Tract 3162.01 — Middlesex","native_id":"25017316201","source":"census_tract_2025","adm3_name":"Middlesex County","adm3_id":"25017","area_sqm":7158354,"split":false},"geometry":{"type":"Polygon","coordinates":[[[-71.2525,42.54436],[-71.24727,42.54659],[-71.24835,42.55107],[-71.24666,42.55378],[-71.242,42.55451],[-71.24098,42.55457],[-71.23695,42.55512],[-71.23576,42.55733],[-71.2323,42.55973],[-71.22914,42.56026],[-71.22405,42.54991],[-71.22294,42.54871],[-71.22199,42.55522],[-71.22311,42.55743],[-71.22035,42.55738],[-71.2199,42.55892],[-71.22095,42.56081],[-71.21867,42.56165],[-71.21802,42.56102],[-71.21135,42.55629],[-71.21625,42.55431],[-71.21854,42.55134],[-71.21652,42.54789],[-71.21787,42.54505],[-71.22002,42.54422],[-71.22068,42.54382],[-71.23016,42.53435],[-71.23173,42.5333],[-71.23348,42.53451],[-71.23746,42.5351],[-71.23686,42.5329],[-71.23815,42.52804],[-71.23553,42.52638],[-71.23842,42.5229],[-71.24144,42.52069],[-71.24258,42.51994],[-71.24949,42.52524],[-71.24897,42.52635],[-71.24876,42.53023],[-71.24921,42.53273],[-71.2509,42.53582],[-71.25248,42.54008],[-71.25249,42.54255],[-71.2525,42.54436]]]}},{"type":"Feature","properties":{"unit_id":"25025981800","name":"Census Tract 9818 — Suffolk","native_id":"25025981800","source":"census_tract_2025","adm3_name":"Suffolk County","adm3_id":"25025","area_sqm":714668,"split":false},"geometry":{"type":"Polygon","coordinates":[[[-71.12572,42.31843],[-71.11982,42.32158],[-71.11952,42.32205],[-71.11954,42.32274],[-71.11654,42.32394],[-71.11593,42.32585],[-71.11556,42.32678],[-71.11455,42.32837],[-71.11327,42.33222],[-71.11141,42.33452],[-71.11081,42.33559],[-71.11075,42.33617],[-71.11155,42.3373],[-71.1106,42.3404],[-71.10823,42.34227],[-71.10552,42.34381],[-71.10434,42.34417],[-71.10431,42.34408],[-71.10252,42.34338],[-71.10182,42.3425],[-71.09906,42.34061],[-71.09841,42.34079],[-71.09649,42.34184],[-71.09461,42.34294],[-71.09464,42.34455],[-71.09445,42.34519],[-71.0943,42.34558],[-71.09204,42.34685],[-71.0909,42.34654],[-71.09084,42.34408],[-71.09221,42.34134],[-71.09322,42.34089],[-71.09621,42.33983],[-71.09689,42.33903],[-71.09899,42.3391],[-71.1006,42.3402],[-71.10327,42.34274],[-71.10472,42.34337],[-71.11,42.34032],[-71.1107,42.33718],[-71.11006,42.33631],[-71.10989,42.33538],[-71.11302,42.33193],[-71.11315,42.33132],[-71.11228,42.32981],[-71.11283,42.32588],[-71.11508,42.32357],[-71.11674,42.32263],[-71.11657,42.32102],[-71.11711,42.31998],[-71.11647,42.31858],[-71.11674,42.31764],[-71.117,42.31558],[-71.1185,42.3145],[-71.12101,42.31316],[-71.1219,42.31291],[-71.12443,42.3173],[-71.12572,42.31843]]]}},{"type":"Feature","properties":{"unit_id":"25017326101","name":"Census Tract 3261.01 — Middlesex","native_id":"25017326101","source":"census_tract_2025","adm3_name":"Middlesex County","adm3_id":"25017","area_sqm":36017060,"split":false},"geometry":{"type":"Polygon","coordinates":[[[-71.66047,42.63509],[-71.65798,42.64966],[-71.65793,42.64994],[-71.65641,42.64972],[-71.65247,42.64576],[-71.64899,42.64423],[-71.64695,42.64415],[-71.64261,42.64073],[-71.64074,42.63927],[-71.63078,42.63516],[-71.61553,42.62927],[-71.61418,42.6285],[-71.60824,42.62739],[-71.60725,42.63022],[-71.60603,42.63097],[-71.60356,42.62986],[-71.60065,42.62611],[-71.59798,42.6259],[-71.59313,42.62651],[-71.59092,42.62524],[-71.58424,42.61876],[-71.58416,42.61868],[-71.58142,42.61569],[-71.57874,42.61418],[-71.57624,42.61238],[-71.57554,42.61167],[-71.56928,42.60671],[-71.56848,42.60589],[-71.56795,42.60513],[-71.56748,42.60184],[-71.56627,42.59996],[-71.56293,42.59765],[-71.5615,42.59745],[-71.55856,42.59624],[-71.55388,42.59689],[-71.54946,42.59519],[-71.54781,42.59391],[-71.54146,42.59428],[-71.54014,42.59371],[-71.53828,42.5904],[-71.53577,42.58872],[-71.53305,42.58633],[-71.52829,42.58313],[-71.52421,42.58134],[-71.52072,42.57903],[-71.51653,42.57349],[-71.51141,42.56942],[-71.51146,42.56939],[-71.56318,42.57728],[-71.58624,42.58078],[-71.60085,42.583],[-71.60236,42.58202],[-71.60726,42.58294],[-71.60919,42.58122],[-71.61085,42.58114],[-71.61083,42.58259],[-71.61348,42.58156],[-71.6133,42.58294],[-71.6148,42.58437],[-71.61383,42.58544],[-71.61559,42.58624],[-71.61825,42.58625],[-71.6193,42.58552],[-71.61888,42.58758],[-71.62037,42.58758],[-71.62414,42.59096],[-71.62331,42.59283],[-71.62604,42.59357],[-71.62665,42.59477],[-71.62604,42.59601],[-71.62619,42.5984],[-71.62831,42.60027],[-71.62761,42.60288],[-71.62893,42.60229],[-71.63035,42.60372],[-71.63008,42.60711],[-71.63227,42.60756],[-71.6348,42.60927],[-71.63537,42.61075],[-71.63384,42.61252],[-71.63571,42.61241],[-71.63802,42.61348],[-71.64232,42.61461],[-71.64402,42.61648],[-71.6433,42.61688],[-71.64467,42.6181],[-71.64373,42.61962],[-71.64421,42.62224],[-71.64604,42.62365],[-71.64589,42.6257],[-71.64714,42.62658],[-71.64794,42.6249],[-71.6496,42.62729],[-71.65036,42.62902],[-71.65176,42.63032],[-71.65309,42.63056],[-71.65769,42.63328],[-71.65824,42.63454],[-71.65904,42.63403],[-71.66047,42.63509]]]}},{"type":"Feature","properties":{"unit_id":"25017316300","name":"Census Tract 3163 — Middlesex","native_id":"25017316300","source":"census_tract_2025","adm3_name":"Middlesex County","adm3_id":"25017","area_sqm":10387608,"split":false},"geometry":{"type":"Polygon","coordinates":[[[-71.30675,42.52269],[-71.305,42.52648],[-71.30461,42.52929],[-71.29944,42.53487],[-71.29676,42.53673],[-71.29659,42.54066],[-71.29598,42.54154],[-71.29106,42.54549],[-71.28723,42.5479],[-71.28367,42.54333],[-71.28347,42.54301],[-71.28186,42.54746],[-71.28072,42.54813],[-71.27884,42.54904],[-71.27487,42.54909],[-71.27158,42.55345],[-71.26784,42.55459],[-71.26581,42.55507],[-71.26423,42.55308],[-71.26415,42.55287],[-71.26316,42.55068],[-71.26028,42.54848],[-71.25698,42.54803],[-71.25628,42.54773],[-71.25249,42.54255],[-71.25248,42.54008],[-71.2509,42.53582],[-71.24921,42.53273],[-71.24876,42.53023],[-71.24897,42.52635],[-71.24949,42.52524],[-71.25014,42.52573],[-71.25249,42.52408],[-71.25457,42.52259],[-71.25823,42.52402],[-71.2641,42.52408],[-71.2658,42.52437],[-71.27811,42.52671],[-71.28105,42.52635],[-71.28348,42.52567],[-71.30351,42.52007],[-71.30413,42.51995],[-71.3067,42.52059],[-71.30675,42.52269]]]}},{"type":"Feature","properties":{"unit_id":"25017383300","name":"Census Tract 3833 — Middlesex","native_id":"25017383300","source":"census_tract_2025","adm3_name":"Middlesex County","adm3_id":"25017","area_sqm":2844746,"split":false},"geometry":{"type":"Polygon","coordinates":[[[-71.45054,42.28677],[-71.44811,42.29049],[-71.44403,42.29238],[-71.44187,42.29158],[-71.43929,42.28976],[-71.4354,42.29106],[-71.4332,42.28975],[-71.43122,42.28895],[-71.42794,42.29108],[-71.4266,42.29165],[-71.42437,42.28872],[-71.41947,42.28238],[-71.41674,42.27906],[-71.4168,42.27697],[-71.41679,42.27672],[-71.42071,42.27563],[-71.42343,42.27519],[-71.42683,42.27503],[-71.43712,42.27451],[-71.43971,42.27393],[-71.44315,42.27207],[-71.44462,42.27059],[-71.44567,42.27114],[-71.44423,42.27264],[-71.44301,42.27726],[-71.44308,42.28146],[-71.44781,42.28483],[-71.45047,42.28566],[-71.45054,42.28677]]]}},{"type":"Feature","properties":{"unit_id":"25017350107","name":"Census Tract 3501.07 — Middlesex","native_id":"25017350107","source":"census_tract_2025","adm3_name":"Middlesex County","adm3_id":"25017","area_sqm":259259,"split":false},"geometry":{"type":"Polygon","coordinates":[[[-71.08618,42.39176],[-71.08575,42.39288],[-71.08561,42.39359],[-71.08268,42.39061],[-71.0774,42.38617],[-71.07764,42.38584],[-71.08081,42.38674],[-71.08234,42.38717],[-71.08419,42.3878],[-71.08597,42.38863],[-71.0882,42.3896],[-71.08618,42.39176]]]}},{"type":"Feature","properties":{"unit_id":"25025040300","name":"Census Tract 403 — Suffolk","native_id":"25025040300","source":"census_tract_2025","adm3_name":"Suffolk County","adm3_id":"25025","area_sqm":279606,"split":false},"geometry":{"type":"Polygon","coordinates":[[[-71.06793,42.3805],[-71.06494,42.37932],[-71.06534,42.3803],[-71.06419,42.38187],[-71.06236,42.3811],[-71.0616,42.38079],[-71.06139,42.3807],[-71.05896,42.37967],[-71.05989,42.37806],[-71.06049,42.37692],[-71.06123,42.37715],[-71.06187,42.37595],[-71.06309,42.37469],[-71.06426,42.37684],[-71.06497,42.3773],[-71.0655,42.37779],[-71.06783,42.37821],[-71.06911,42.37941],[-71.06793,42.3805]]]}},{"type":"Feature","properties":{"unit_id":"25017316500","name":"Census Tract 3165 — Middlesex","native_id":"25017316500","source":"census_tract_2025","adm3_name":"Middlesex County","adm3_id":"25017","area_sqm":13404585,"split":false},"geometry":{"type":"Polygon","coordinates":[[[-71.31076,42.58626],[-71.29826,42.60088],[-71.29457,42.60518],[-71.29509,42.60634],[-71.29703,42.61301],[-71.29632,42.61267],[-71.28023,42.60524],[-71.27288,42.60185],[-71.26226,42.59695],[-71.25133,42.59191],[-71.25396,42.58843],[-71.25417,42.58775],[-71.25428,42.58575],[-71.25592,42.5843],[-71.25714,42.5813],[-71.26235,42.57579],[-71.26206,42.57449],[-71.26435,42.57459],[-71.26785,42.57317],[-71.27625,42.57097],[-71.27632,42.57018],[-71.27867,42.57332],[-71.28047,42.57414],[-71.28147,42.57466],[-71.28271,42.57411],[-71.29455,42.57215],[-71.2968,42.56933],[-71.29726,42.56654],[-71.29743,42.56463],[-71.29709,42.563],[-71.29696,42.56168],[-71.29701,42.56027],[-71.30051,42.56497],[-71.30159,42.56693],[-71.3084,42.58236],[-71.31076,42.58626]]]}},{"type":"Feature","properties":{"unit_id":"25017322400","name":"Census Tract 3224 — Middlesex","native_id":"25017322400","source":"census_tract_2025","adm3_name":"Middlesex County","adm3_id":"25017","area_sqm":3750068,"split":false},"geometry":{"type":"Polygon","coordinates":[[[-71.57137,42.3941],[-71.56988,42.3937],[-71.56497,42.39339],[-71.56521,42.39564],[-71.56677,42.39638],[-71.56494,42.4],[-71.56458,42.41093],[-71.5591,42.41194],[-71.55105,42.40924],[-71.54456,42.40706],[-71.53442,42.40366],[-71.53499,42.40342],[-71.53674,42.40338],[-71.54411,42.4015],[-71.54591,42.39973],[-71.54851,42.39821],[-71.54908,42.39657],[-71.54762,42.39516],[-71.54729,42.39463],[-71.55549,42.39081],[-71.55978,42.38923],[-71.55952,42.38836],[-71.56153,42.3873],[-71.56537,42.38835],[-71.57023,42.39044],[-71.57003,42.391],[-71.57116,42.39294],[-71.57137,42.3941]]]}},{"type":"Feature","properties":{"unit_id":"25025081102","name":"Census Tract 811.02 — Suffolk","native_id":"25025081102","source":"census_tract_2025","adm3_name":"Suffolk County","adm3_id":"25025","area_sqm":376868,"split":false},"geometry":{"type":"Polygon","coordinates":[[[-71.1123,42.332],[-71.11024,42.33304],[-71.10959,42.3332],[-71.10956,42.33097],[-71.1089,42.33071],[-71.1085,42.3306],[-71.10626,42.33062],[-71.10128,42.32935],[-71.09937,42.328],[-71.10011,42.32642],[-71.10135,42.32642],[-71.10462,42.32609],[-71.10523,42.32611],[-71.10718,42.3269],[-71.10833,42.32732],[-71.11083,42.32907],[-71.1113,42.33007],[-71.1123,42.332]]]}},{"type":"Feature","properties":{"unit_id":"25025060400","name":"Census Tract 604 — Suffolk","native_id":"25025060400","source":"census_tract_2025","adm3_name":"Suffolk County","adm3_id":"25025","area_sqm":399279,"split":false},"geometry":{"type":"Polygon","coordinates":[[[-71.04751,42.3346],[-71.04569,42.33545],[-71.04544,42.33545],[-71.04427,42.33547],[-71.04155,42.33552],[-71.04151,42.33383],[-71.04148,42.33302],[-71.03734,42.33308],[-71.03731,42.33226],[-71.03729,42.33143],[-71.03725,42.32952],[-71.03954,42.33005],[-71.04153,42.33023],[-71.04405,42.33019],[-71.04738,42.33042],[-71.04742,42.33125],[-71.04746,42.33297],[-71.04751,42.3346]]]}},{"type":"Feature","properties":{"unit_id":"25017367200","name":"Census Tract 3672 — Middlesex","native_id":"25017367200","source":"census_tract_2025","adm3_name":"Middlesex County","adm3_id":"25017","area_sqm":25869068,"split":false},"geometry":{"type":"Polygon","coordinates":[[[-71.33219,42.36176],[-71.32246,42.36445],[-71.31633,42.36483],[-71.31411,42.36457],[-71.31178,42.36402],[-71.3099,42.36395],[-71.30202,42.36495],[-71.29663,42.36674],[-71.28804,42.36771],[-71.27897,42.36731],[-71.27446,42.36765],[-71.27075,42.36951],[-71.27022,42.36827],[-71.27349,42.36611],[-71.27128,42.36337],[-71.26952,42.36284],[-71.26892,42.35988],[-71.26438,42.35489],[-71.26038,42.35363],[-71.25863,42.35005],[-71.26019,42.34838],[-71.25976,42.34611],[-71.26188,42.34215],[-71.26092,42.34098],[-71.25825,42.34119],[-71.25583,42.339],[-71.25858,42.33683],[-71.2592,42.33542],[-71.26122,42.33461],[-71.26385,42.33472],[-71.26513,42.33183],[-71.26782,42.33058],[-71.26977,42.33118],[-71.26996,42.32809],[-71.28137,42.32523],[-71.29179,42.3226],[-71.30598,42.31907],[-71.31721,42.31626],[-71.32733,42.31375],[-71.32744,42.32111],[-71.32841,42.32893],[-71.32878,42.33168],[-71.33219,42.36176]]]}},{"type":"Feature","properties":{"unit_id":"25017311400","name":"Census Tract 3114 — Middlesex","native_id":"25017311400","source":"census_tract_2025","adm3_name":"Middlesex County","adm3_id":"25017","area_sqm":2142624,"split":false},"geometry":{"type":"Polygon","coordinates":[[[-71.36474,42.6376],[-71.36255,42.63777],[-71.35685,42.63864],[-71.35471,42.63899],[-71.35281,42.63905],[-71.34354,42.64029],[-71.34367,42.63884],[-71.34125,42.6383],[-71.34011,42.63337],[-71.339,42.63033],[-71.34166,42.63002],[-71.3439,42.63119],[-71.34455,42.62912],[-71.34807,42.62846],[-71.34866,42.63013],[-71.3498,42.62955],[-71.35029,42.62634],[-71.3518,42.62278],[-71.35994,42.62597],[-71.3631,42.63368],[-71.36385,42.63546],[-71.36435,42.6367],[-71.36474,42.6376]]]}},{"type":"Feature","properties":{"unit_id":"25017368902","name":"Census Tract 3689.02 — Middlesex","native_id":"25017368902","source":"census_tract_2025","adm3_name":"Middlesex County","adm3_id":"25017","area_sqm":1048924,"split":false},"geometry":{"type":"Polygon","coordinates":[[[-71.23947,42.37941],[-71.23601,42.37979],[-71.23606,42.38005],[-71.23703,42.38348],[-71.2381,42.38676],[-71.23658,42.38632],[-71.23282,42.38551],[-71.23065,42.38396],[-71.22855,42.38516],[-71.22759,42.3855],[-71.22587,42.38449],[-71.2253,42.38248],[-71.22399,42.38193],[-71.22245,42.38364],[-71.22012,42.38182],[-71.21946,42.38076],[-71.22488,42.37817],[-71.22556,42.37771],[-71.22917,42.37729],[-71.23041,42.37712],[-71.23189,42.37695],[-71.23301,42.37683],[-71.23494,42.37649],[-71.2368,42.37621],[-71.23899,42.37618],[-71.23947,42.37941]]]}},{"type":"Feature","properties":{"unit_id":"25017311500","name":"Census Tract 3115 — Middlesex","native_id":"25017311500","source":"census_tract_2025","adm3_name":"Middlesex County","adm3_id":"25017","area_sqm":557030,"split":false},"geometry":{"type":"Polygon","coordinates":[[[-71.34011,42.63337],[-71.33647,42.63383],[-71.33594,42.63389],[-71.3338,42.63416],[-71.33099,42.63452],[-71.33067,42.63352],[-71.33044,42.63101],[-71.33022,42.62981],[-71.32981,42.62791],[-71.32956,42.62675],[-71.33158,42.62729],[-71.3322,42.62734],[-71.33329,42.62707],[-71.33549,42.62678],[-71.33769,42.62654],[-71.339,42.63033],[-71.34011,42.63337]]]}},{"type":"Feature","properties":{"unit_id":"25017352102","name":"Census Tract 3521.02 — Middlesex","native_id":"25017352102","source":"census_tract_2025","adm3_name":"Middlesex County","adm3_id":"25017","area_sqm":413262,"split":false},"geometry":{"type":"Polygon","coordinates":[[[-71.08346,42.37007],[-71.08281,42.37281],[-71.08104,42.37315],[-71.07865,42.37193],[-71.07606,42.37071],[-71.07557,42.37036],[-71.07483,42.36993],[-71.07311,42.36913],[-71.07064,42.36795],[-71.07154,42.36711],[-71.07479,42.36377],[-71.07566,42.36161],[-71.07824,42.36182],[-71.07882,42.36263],[-71.07824,42.36522],[-71.07739,42.36858],[-71.07906,42.36879],[-71.08031,42.36897],[-71.08362,42.36938],[-71.08346,42.37007]]]}},{"type":"Feature","properties":{"unit_id":"25025110601","name":"Census Tract 1106.01 — Suffolk","native_id":"25025110601","source":"census_tract_2025","adm3_name":"Suffolk County","adm3_id":"25025","area_sqm":1406478,"split":false},"geometry":{"type":"Polygon","coordinates":[[[-71.1503,42.29553],[-71.14688,42.29728],[-71.14014,42.30215],[-71.13692,42.30119],[-71.13487,42.30172],[-71.1309,42.30127],[-71.12793,42.30016],[-71.12962,42.29853],[-71.13007,42.29818],[-71.13298,42.29683],[-71.13601,42.29443],[-71.1373,42.29336],[-71.13975,42.2913],[-71.14305,42.2886],[-71.14512,42.28811],[-71.14549,42.28881],[-71.14706,42.29013],[-71.14808,42.29097],[-71.14938,42.2931],[-71.1503,42.29553]]]}},{"type":"Feature","properties":{"unit_id":"25017383902","name":"Census Tract 3839.02 — Middlesex","native_id":"25017383902","source":"census_tract_2025","adm3_name":"Middlesex County","adm3_id":"25017","area_sqm":11771579,"split":false},"geometry":{"type":"Polygon","coordinates":[[[-71.4899,42.30365],[-71.48635,42.31045],[-71.48511,42.32316],[-71.48674,42.32994],[-71.48509,42.33041],[-71.48283,42.32966],[-71.47701,42.33104],[-71.47427,42.33221],[-71.47115,42.33472],[-71.46671,42.33597],[-71.45848,42.33731],[-71.45501,42.33598],[-71.45233,42.33349],[-71.44555,42.32983],[-71.44393,42.32914],[-71.44325,42.32902],[-71.43588,42.32877],[-71.43385,42.32896],[-71.43146,42.32961],[-71.43206,42.3281],[-71.43536,42.32337],[-71.44468,42.31141],[-71.44538,42.31057],[-71.44666,42.30828],[-71.44609,42.3039],[-71.45148,42.3047],[-71.46124,42.30403],[-71.46489,42.30516],[-71.46845,42.30675],[-71.46926,42.30662],[-71.47156,42.30389],[-71.47234,42.30564],[-71.4749,42.30646],[-71.4764,42.30647],[-71.48291,42.3043],[-71.48531,42.30297],[-71.48793,42.30249],[-71.48945,42.30345],[-71.4899,42.30365]]]}},{"type":"Feature","properties":{"unit_id":"25017382200","name":"Census Tract 3822 — Middlesex","native_id":"25017382200","source":"census_tract_2025","adm3_name":"Middlesex County","adm3_id":"25017","area_sqm":4371887,"split":false},"geometry":{"type":"Polygon","coordinates":[[[-71.35989,42.29993],[-71.35231,42.30076],[-71.34104,42.30197],[-71.33636,42.30248],[-71.33261,42.30337],[-71.33204,42.3035],[-71.32962,42.30405],[-71.32635,42.30429],[-71.32366,42.29742],[-71.32166,42.29389],[-71.32154,42.29369],[-71.33124,42.2887],[-71.34009,42.2852],[-71.34081,42.28502],[-71.34195,42.2848],[-71.34728,42.28378],[-71.34763,42.28525],[-71.34759,42.28566],[-71.34889,42.28626],[-71.35215,42.29015],[-71.35471,42.29048],[-71.35689,42.29198],[-71.35916,42.29743],[-71.35958,42.29929],[-71.35989,42.29993]]]}},{"type":"Feature","properties":{"unit_id":"25017353300","name":"Census Tract 3533 — Middlesex","native_id":"25017353300","source":"census_tract_2025","adm3_name":"Middlesex County","adm3_id":"25017","area_sqm":474775,"split":false},"geometry":{"type":"Polygon","coordinates":[[[-71.11716,42.357],[-71.11668,42.35874],[-71.11382,42.3592],[-71.11278,42.36013],[-71.11093,42.36174],[-71.11033,42.36221],[-71.10975,42.36272],[-71.10824,42.36405],[-71.10668,42.36456],[-71.1057,42.36398],[-71.10431,42.36314],[-71.10654,42.36109],[-71.10767,42.36006],[-71.10958,42.35826],[-71.11204,42.356],[-71.1103,42.35512],[-71.11059,42.35262],[-71.1132,42.35311],[-71.11685,42.35538],[-71.11716,42.357]]]}},{"type":"Feature","properties":{"unit_id":"25017363105","name":"Census Tract 3631.05 — Middlesex","native_id":"25017363105","source":"census_tract_2025","adm3_name":"Middlesex County","adm3_id":"25017","area_sqm":8742311,"split":false},"geometry":{"type":"Polygon","coordinates":[[[-71.41886,42.50285],[-71.41701,42.50429],[-71.41382,42.50787],[-71.41299,42.51142],[-71.40704,42.51468],[-71.40468,42.51857],[-71.40217,42.51961],[-71.39986,42.52414],[-71.39794,42.52628],[-71.39156,42.50682],[-71.38496,42.50447],[-71.39388,42.49121],[-71.40813,42.47004],[-71.41148,42.47576],[-71.41492,42.47916],[-71.41762,42.48587],[-71.41801,42.4898],[-71.41869,42.49283],[-71.41863,42.49617],[-71.41816,42.49875],[-71.41949,42.50193],[-71.41886,42.50285]]]}},{"type":"Feature","properties":{"unit_id":"25017352200","name":"Census Tract 3522 — Middlesex","native_id":"25017352200","source":"census_tract_2025","adm3_name":"Middlesex County","adm3_id":"25017","area_sqm":145606,"split":false},"geometry":{"type":"Polygon","coordinates":[[[-71.08787,42.37204],[-71.08751,42.3734],[-71.08698,42.37327],[-71.08544,42.37405],[-71.08196,42.37362],[-71.08104,42.37315],[-71.08281,42.37281],[-71.08346,42.37007],[-71.08826,42.37065],[-71.08787,42.37204]]]}},{"type":"Feature","properties":{"unit_id":"25017368101","name":"Census Tract 3681.01 — Middlesex","native_id":"25017368101","source":"census_tract_2025","adm3_name":"Middlesex County","adm3_id":"25017","area_sqm":2307692,"split":false},"geometry":{"type":"Polygon","coordinates":[[[-71.25713,42.41529],[-71.25669,42.41851],[-71.25699,42.42108],[-71.23292,42.41318],[-71.23344,42.41201],[-71.23377,42.41097],[-71.23413,42.40984],[-71.23438,42.40893],[-71.23406,42.40212],[-71.23661,42.40262],[-71.23684,42.4027],[-71.2394,42.40358],[-71.24851,42.40515],[-71.24976,42.40562],[-71.25477,42.4105],[-71.2575,42.41271],[-71.25713,42.41529]]]}},{"type":"Feature","properties":{"unit_id":"25025100200","name":"Census Tract 1002 — Suffolk","native_id":"25025100200","source":"census_tract_2025","adm3_name":"Suffolk County","adm3_id":"25025","area_sqm":350641,"split":false},"geometry":{"type":"Polygon","coordinates":[[[-71.09111,42.28556],[-71.08599,42.28673],[-71.08577,42.28677],[-71.08125,42.28779],[-71.07919,42.28814],[-71.07986,42.28726],[-71.08205,42.28527],[-71.0828,42.28453],[-71.08382,42.28324],[-71.0855,42.28099],[-71.08705,42.28157],[-71.08911,42.28313],[-71.0893,42.28357],[-71.08979,42.28394],[-71.09157,42.28421],[-71.09111,42.28556]]]}},{"type":"Feature","properties":{"unit_id":"25025060200","name":"Census Tract 602 — Suffolk","native_id":"25025060200","source":"census_tract_2025","adm3_name":"Suffolk County","adm3_id":"25025","area_sqm":170385,"split":false},"geometry":{"type":"Polygon","coordinates":[[[-71.0353,42.33229],[-71.03326,42.33233],[-71.03328,42.33315],[-71.0333,42.33398],[-71.03335,42.33566],[-71.02923,42.33573],[-71.03128,42.33483],[-71.03125,42.334],[-71.03123,42.33319],[-71.03119,42.33236],[-71.03114,42.33065],[-71.03431,42.32949],[-71.03521,42.32935],[-71.0353,42.33229]]]}},{"type":"Feature","properties":{"unit_id":"25025070501","name":"Census Tract 705.01 — Suffolk","native_id":"25025070501","source":"census_tract_2025","adm3_name":"Suffolk County","adm3_id":"25025","area_sqm":122863,"split":false},"geometry":{"type":"Polygon","coordinates":[[[-71.07207,42.34129],[-71.0699,42.34255],[-71.07158,42.34398],[-71.07021,42.34486],[-71.06986,42.34527],[-71.06707,42.34431],[-71.06593,42.34394],[-71.06808,42.34201],[-71.07071,42.34079],[-71.07207,42.34129]]]}},{"type":"Feature","properties":{"unit_id":"25025010403","name":"Census Tract 104.03 — Suffolk","native_id":"25025010403","source":"census_tract_2025","adm3_name":"Suffolk County","adm3_id":"25025","area_sqm":88555,"split":false},"geometry":{"type":"Polygon","coordinates":[[[-71.08955,42.34541],[-71.08926,42.34689],[-71.08776,42.3473],[-71.08746,42.34663],[-71.0858,42.34333],[-71.0868,42.34344],[-71.08997,42.34392],[-71.08955,42.34541]]]}},{"type":"Feature","properties":{"unit_id":"25025000102","name":"Census Tract 1.02 — Suffolk","native_id":"25025000102","source":"census_tract_2025","adm3_name":"Suffolk County","adm3_id":"25025","area_sqm":1067435,"split":false},"geometry":{"type":"Polygon","coordinates":[[[-71.15478,42.35916],[-71.14722,42.36089],[-71.14423,42.36302],[-71.13955,42.3637],[-71.13545,42.36485],[-71.13533,42.36317],[-71.13627,42.3609],[-71.1366,42.36016],[-71.13696,42.35932],[-71.13798,42.35761],[-71.13907,42.35379],[-71.14068,42.354],[-71.14418,42.35489],[-71.14908,42.35615],[-71.15319,42.35723],[-71.15376,42.35753],[-71.15469,42.35814],[-71.1609,42.35863],[-71.15478,42.35916]]]}},{"type":"Feature","properties":{"unit_id":"25017352500","name":"Census Tract 3525 — Middlesex","native_id":"25017352500","source":"census_tract_2025","adm3_name":"Middlesex County","adm3_id":"25017","area_sqm":240701,"split":false},"geometry":{"type":"Polygon","coordinates":[[[-71.10101,42.36932],[-71.09898,42.37219],[-71.09479,42.36877],[-71.09542,42.36711],[-71.09628,42.36488],[-71.0988,42.36541],[-71.10072,42.36603],[-71.099,42.36852],[-71.10101,42.36932]]]}},{"type":"Feature","properties":{"unit_id":"25017382400","name":"Census Tract 3824 — Middlesex","native_id":"25017382400","source":"census_tract_2025","adm3_name":"Middlesex County","adm3_id":"25017","area_sqm":4662565,"split":false},"geometry":{"type":"Polygon","coordinates":[[[-71.37999,42.27202],[-71.3763,42.27815],[-71.37046,42.27817],[-71.3638,42.27936],[-71.36118,42.27963],[-71.3582,42.28034],[-71.35574,42.28089],[-71.35304,42.28144],[-71.35212,42.28172],[-71.34724,42.28341],[-71.34729,42.28074],[-71.34698,42.27912],[-71.34653,42.27684],[-71.34542,42.27405],[-71.34508,42.26857],[-71.34307,42.26535],[-71.34232,42.25874],[-71.34535,42.25938],[-71.34964,42.25906],[-71.35553,42.25975],[-71.35641,42.25956],[-71.35711,42.26159],[-71.35661,42.26304],[-71.36124,42.26481],[-71.37683,42.26949],[-71.38173,42.27038],[-71.37999,42.27202]]]}},{"type":"Feature","properties":{"unit_id":"25025100800","name":"Census Tract 1008 — Suffolk","native_id":"25025100800","source":"census_tract_2025","adm3_name":"Suffolk County","adm3_id":"25025","area_sqm":1746759,"split":false},"geometry":{"type":"Polygon","coordinates":[[[-71.06802,42.27222],[-71.06719,42.2755],[-71.0665,42.2779],[-71.06592,42.27993],[-71.06479,42.284],[-71.0643,42.2857],[-71.0638,42.28749],[-71.06049,42.28829],[-71.05862,42.28844],[-71.0557,42.28916],[-71.05535,42.28824],[-71.05455,42.28661],[-71.05496,42.28558],[-71.056,42.28292],[-71.05654,42.28258],[-71.05728,42.28245],[-71.05893,42.28199],[-71.05853,42.28006],[-71.05469,42.28034],[-71.05375,42.278],[-71.05328,42.2775],[-71.05558,42.27505],[-71.05349,42.27246],[-71.05384,42.2717],[-71.06219,42.26716],[-71.0647,42.26861],[-71.0651,42.27066],[-71.06781,42.2714],[-71.06814,42.271],[-71.06802,42.27222]]]}},{"type":"Feature","properties":{"unit_id":"25017374800","name":"Census Tract 3748 — Middlesex","native_id":"25017374800","source":"census_tract_2025","adm3_name":"Middlesex County","adm3_id":"25017","area_sqm":3149115,"split":false},"geometry":{"type":"Polygon","coordinates":[[[-71.26977,42.33118],[-71.26782,42.33058],[-71.26513,42.33183],[-71.26385,42.33472],[-71.26122,42.33461],[-71.2592,42.33542],[-71.25858,42.33683],[-71.25583,42.339],[-71.25825,42.34119],[-71.26092,42.34098],[-71.25435,42.34329],[-71.25193,42.34484],[-71.24982,42.34569],[-71.24667,42.3461],[-71.23761,42.34691],[-71.2396,42.34449],[-71.23641,42.3432],[-71.23862,42.34105],[-71.23956,42.34006],[-71.24104,42.33758],[-71.24069,42.33422],[-71.24395,42.3344],[-71.24489,42.3337],[-71.24688,42.33213],[-71.24878,42.3299],[-71.25012,42.32944],[-71.2518,42.32836],[-71.25453,42.32644],[-71.25847,42.3253],[-71.259,42.32634],[-71.26309,42.32605],[-71.26569,42.32724],[-71.26996,42.32809],[-71.26977,42.33118]]]}},{"type":"Feature","properties":{"unit_id":"25017370101","name":"Census Tract 3701.01 — Middlesex","native_id":"25017370101","source":"census_tract_2025","adm3_name":"Middlesex County","adm3_id":"25017","area_sqm":1419322,"split":false},"geometry":{"type":"Polygon","coordinates":[[[-71.20535,42.37653],[-71.2029,42.37861],[-71.19835,42.38248],[-71.19418,42.38603],[-71.1928,42.38456],[-71.19022,42.38179],[-71.18924,42.38073],[-71.1905,42.37987],[-71.18988,42.3792],[-71.18804,42.37735],[-71.19154,42.37494],[-71.18938,42.37429],[-71.18973,42.37369],[-71.1906,42.37266],[-71.19089,42.3716],[-71.19437,42.37273],[-71.19533,42.37101],[-71.19941,42.37199],[-71.20113,42.3728],[-71.20313,42.37332],[-71.20852,42.37385],[-71.20535,42.37653]]]}},{"type":"Feature","properties":{"unit_id":"25025120103","name":"Census Tract 1201.03 — Suffolk","native_id":"25025120103","source":"census_tract_2025","adm3_name":"Suffolk County","adm3_id":"25025","area_sqm":340186,"split":false},"geometry":{"type":"Polygon","coordinates":[[[-71.1219,42.31291],[-71.12101,42.31316],[-71.1185,42.3145],[-71.117,42.31558],[-71.11567,42.31513],[-71.11629,42.31407],[-71.1141,42.31323],[-71.1144,42.31162],[-71.11513,42.31011],[-71.11547,42.30967],[-71.11825,42.30877],[-71.12073,42.30901],[-71.12161,42.3098],[-71.1219,42.31291]]]}},{"type":"Feature","properties":{"unit_id":"25017341903","name":"Census Tract 3419.03 — Middlesex","native_id":"25017341903","source":"census_tract_2025","adm3_name":"Middlesex County","adm3_id":"25017","area_sqm":1392267,"split":false},"geometry":{"type":"Polygon","coordinates":[[[-71.04418,42.44283],[-71.03683,42.44358],[-71.03368,42.4439],[-71.02584,42.44471],[-71.025,42.44371],[-71.02038,42.43825],[-71.02101,42.43712],[-71.02135,42.4365],[-71.02512,42.43763],[-71.02803,42.43579],[-71.02943,42.43518],[-71.03132,42.43472],[-71.03235,42.43463],[-71.03612,42.43464],[-71.03693,42.43693],[-71.03713,42.43686],[-71.04079,42.43814],[-71.04214,42.43822],[-71.04139,42.44055],[-71.04418,42.44283]]]}},{"type":"Feature","properties":{"unit_id":"25017354100","name":"Census Tract 3541 — Middlesex","native_id":"25017354100","source":"census_tract_2025","adm3_name":"Middlesex County","adm3_id":"25017","area_sqm":633922,"split":false},"geometry":{"type":"Polygon","coordinates":[[[-71.13058,42.3747],[-71.13014,42.37784],[-71.12986,42.37781],[-71.12964,42.38084],[-71.12886,42.38113],[-71.1275,42.38041],[-71.12372,42.37834],[-71.12215,42.37653],[-71.11914,42.37515],[-71.11882,42.37436],[-71.11858,42.37337],[-71.12015,42.37258],[-71.12096,42.37163],[-71.12245,42.36982],[-71.1232,42.36894],[-71.1282,42.37357],[-71.131,42.37389],[-71.13058,42.3747]]]}},{"type":"Feature","properties":{"unit_id":"25025180500","name":"Census Tract 1805 — Suffolk","native_id":"25025180500","source":"census_tract_2025","adm3_name":"Suffolk County","adm3_id":"25025","area_sqm":823354,"split":false},"geometry":{"type":"Polygon","coordinates":[[[-70.97538,42.36229],[-70.97401,42.3647],[-70.97128,42.36948],[-70.97066,42.37058],[-70.97283,42.37193],[-70.97297,42.3719],[-70.97115,42.37272],[-70.97242,42.37452],[-70.97482,42.37807],[-70.97494,42.38088],[-70.97255,42.38115],[-70.97157,42.37738],[-70.97047,42.37521],[-70.96734,42.369],[-70.96663,42.3676],[-70.96921,42.36425],[-70.96878,42.36183],[-70.96803,42.35759],[-70.96687,42.35706],[-70.96705,42.35695],[-70.96726,42.35707],[-70.96894,42.35592],[-70.97002,42.35528],[-70.97241,42.35722],[-70.97454,42.35925],[-70.97538,42.36229]]]}},{"type":"Feature","properties":{"unit_id":"25025070902","name":"Census Tract 709.02 — Suffolk","native_id":"25025070902","source":"census_tract_2025","adm3_name":"Suffolk County","adm3_id":"25025","area_sqm":110956,"split":false},"geometry":{"type":"Polygon","coordinates":[[[-71.07964,42.33975],[-71.07883,42.34011],[-71.07734,42.34095],[-71.07527,42.33921],[-71.075,42.33793],[-71.07567,42.33747],[-71.07694,42.33653],[-71.08035,42.33936],[-71.07964,42.33975]]]}},{"type":"Feature","properties":{"unit_id":"25017350108","name":"Census Tract 3501.08 — Middlesex","native_id":"25017350108","source":"census_tract_2025","adm3_name":"Middlesex County","adm3_id":"25017","area_sqm":412320,"split":false},"geometry":{"type":"Polygon","coordinates":[[[-71.09961,42.39712],[-71.09835,42.39856],[-71.0963,42.40034],[-71.09553,42.40011],[-71.09388,42.39963],[-71.09301,42.39923],[-71.09088,42.39757],[-71.08984,42.3965],[-71.09202,42.39434],[-71.09342,42.39256],[-71.09765,42.39473],[-71.09865,42.39527],[-71.10039,42.39622],[-71.09961,42.39712]]]}},{"type":"Feature","properties":{"unit_id":"25017312100","name":"Census Tract 3121 — Middlesex","native_id":"25017312100","source":"census_tract_2025","adm3_name":"Middlesex County","adm3_id":"25017","area_sqm":680160,"split":false},"geometry":{"type":"Polygon","coordinates":[[[-71.31253,42.63252],[-71.30895,42.63162],[-71.30552,42.63174],[-71.30492,42.63259],[-71.30409,42.63381],[-71.30264,42.63424],[-71.30339,42.63613],[-71.30149,42.63602],[-71.30121,42.63605],[-71.30051,42.63401],[-71.29849,42.63191],[-71.29748,42.62696],[-71.29606,42.62594],[-71.29631,42.62597],[-71.29778,42.62615],[-71.29973,42.62599],[-71.30164,42.62595],[-71.30313,42.62631],[-71.30469,42.62669],[-71.3081,42.62835],[-71.31158,42.6313],[-71.31253,42.63252]]]}},{"type":"Feature","properties":{"unit_id":"25017334100","name":"Census Tract 3341 — Middlesex","native_id":"25017334100","source":"census_tract_2025","adm3_name":"Middlesex County","adm3_id":"25017","area_sqm":4410077,"split":false},"geometry":{"type":"Polygon","coordinates":[[[-71.13252,42.53129],[-71.12855,42.52789],[-71.12621,42.52747],[-71.12492,42.52562],[-71.12455,42.52439],[-71.12061,42.51974],[-71.1198,42.51794],[-71.11964,42.51744],[-71.11478,42.51845],[-71.10759,42.52157],[-71.1058,42.52087],[-71.10321,42.52111],[-71.10331,42.52002],[-71.1042,42.50798],[-71.10336,42.5056],[-71.10179,42.50213],[-71.11976,42.50029],[-71.12239,42.50415],[-71.12419,42.50832],[-71.12993,42.51938],[-71.13545,42.53],[-71.13252,42.53129]]]}},{"type":"Feature","properties":{"unit_id":"25017353102","name":"Census Tract 3531.02 — Middlesex","native_id":"25017353102","source":"census_tract_2025","adm3_name":"Middlesex County","adm3_id":"25017","area_sqm":983737,"split":false},"geometry":{"type":"Polygon","coordinates":[[[-71.10828,42.35406],[-71.09934,42.35856],[-71.09541,42.3605],[-71.09078,42.36275],[-71.09035,42.36317],[-71.0897,42.36489],[-71.08943,42.36479],[-71.08733,42.36395],[-71.08439,42.36271],[-71.08346,42.36223],[-71.07824,42.36182],[-71.07566,42.36161],[-71.07609,42.36038],[-71.07795,42.35874],[-71.08518,42.35633],[-71.08751,42.35556],[-71.09123,42.35434],[-71.093,42.35389],[-71.09789,42.35312],[-71.10303,42.35251],[-71.10432,42.3524],[-71.11036,42.35259],[-71.10828,42.35406]]]}},{"type":"Feature","properties":{"unit_id":"25017351204","name":"Census Tract 3512.04 — Middlesex","native_id":"25017351204","source":"census_tract_2025","adm3_name":"Middlesex County","adm3_id":"25017","area_sqm":579327,"split":false},"geometry":{"type":"Polygon","coordinates":[[[-71.11177,42.38455],[-71.11064,42.38483],[-71.10915,42.38513],[-71.10639,42.38415],[-71.1067,42.38369],[-71.10272,42.38362],[-71.10124,42.3832],[-71.1004,42.38436],[-71.09751,42.38148],[-71.09717,42.38102],[-71.09592,42.37966],[-71.09639,42.37964],[-71.09948,42.37932],[-71.10143,42.3794],[-71.1028,42.37915],[-71.10727,42.37809],[-71.10846,42.37911],[-71.10786,42.37937],[-71.10965,42.38083],[-71.11064,42.38164],[-71.11266,42.38338],[-71.11177,42.38455]]]}},{"type":"Feature","properties":{"unit_id":"25025010701","name":"Census Tract 107.01 — Suffolk","native_id":"25025010701","source":"census_tract_2025","adm3_name":"Suffolk County","adm3_id":"25025","area_sqm":202021,"split":false},"geometry":{"type":"Polygon","coordinates":[[[-71.08871,42.34925],[-71.08624,42.34991],[-71.0847,42.3503],[-71.08513,42.35114],[-71.08317,42.35165],[-71.08086,42.35227],[-71.0803,42.35112],[-71.07986,42.3503],[-71.07951,42.34951],[-71.08375,42.34838],[-71.0856,42.34788],[-71.08776,42.3473],[-71.08792,42.34746],[-71.08871,42.34925]]]}},{"type":"Feature","properties":{"unit_id":"25025000601","name":"Census Tract 6.01 — Suffolk","native_id":"25025000601","source":"census_tract_2025","adm3_name":"Suffolk County","adm3_id":"25025","area_sqm":495266,"split":false},"geometry":{"type":"Polygon","coordinates":[[[-71.15399,42.34793],[-71.15345,42.34915],[-71.15342,42.34946],[-71.15238,42.3509],[-71.15192,42.35164],[-71.14786,42.35034],[-71.14674,42.35229],[-71.15088,42.35335],[-71.15036,42.35419],[-71.14908,42.35615],[-71.14418,42.35489],[-71.14068,42.354],[-71.13907,42.35379],[-71.13734,42.35359],[-71.14027,42.35254],[-71.14398,42.35143],[-71.14561,42.35079],[-71.14708,42.35016],[-71.14994,42.34904],[-71.14975,42.34819],[-71.15123,42.34581],[-71.15307,42.34615],[-71.15379,42.34726],[-71.15399,42.34793]]]}},{"type":"Feature","properties":{"unit_id":"25017338400","name":"Census Tract 3384 — Middlesex","native_id":"25017338400","source":"census_tract_2025","adm3_name":"Middlesex County","adm3_id":"25017","area_sqm":6100904,"split":false},"geometry":{"type":"Polygon","coordinates":[[[-71.18963,42.44983],[-71.17567,42.45531],[-71.16434,42.45976],[-71.16005,42.45686],[-71.15904,42.45426],[-71.15703,42.45166],[-71.15641,42.45085],[-71.15413,42.44734],[-71.14811,42.44968],[-71.14741,42.44884],[-71.14404,42.44698],[-71.1401,42.44491],[-71.1421,42.44239],[-71.14533,42.43576],[-71.146,42.43575],[-71.14989,42.43584],[-71.15568,42.43583],[-71.16485,42.43599],[-71.17371,42.43614],[-71.18228,42.43628],[-71.17789,42.4402],[-71.18238,42.4435],[-71.18349,42.44412],[-71.18346,42.44419],[-71.18395,42.44429],[-71.18571,42.445],[-71.18963,42.44983]]]}},{"type":"Feature","properties":{"unit_id":"25017370202","name":"Census Tract 3702.02 — Middlesex","native_id":"25017370202","source":"census_tract_2025","adm3_name":"Middlesex County","adm3_id":"25017","area_sqm":1066365,"split":false},"geometry":{"type":"Polygon","coordinates":[[[-71.19154,42.37494],[-71.18804,42.37735],[-71.18988,42.3792],[-71.1905,42.37987],[-71.18924,42.38073],[-71.18711,42.38036],[-71.18646,42.38033],[-71.18516,42.38039],[-71.183,42.38032],[-71.18111,42.38018],[-71.17953,42.38017],[-71.17765,42.37974],[-71.17548,42.37938],[-71.17569,42.37914],[-71.17764,42.37475],[-71.17928,42.36974],[-71.17829,42.36817],[-71.17983,42.36747],[-71.18126,42.36857],[-71.18256,42.3695],[-71.18329,42.37003],[-71.18466,42.37104],[-71.18748,42.37311],[-71.18938,42.37429],[-71.19154,42.37494]]]}},{"type":"Feature","properties":{"unit_id":"25025160102","name":"Census Tract 1601.02 — Suffolk","native_id":"25025160102","source":"census_tract_2025","adm3_name":"Suffolk County","adm3_id":"25025","area_sqm":225365,"split":false},"geometry":{"type":"Polygon","coordinates":[[[-71.03272,42.39355],[-71.03215,42.39388],[-71.03038,42.39488],[-71.02892,42.39437],[-71.02618,42.39238],[-71.02549,42.39134],[-71.025,42.39053],[-71.02288,42.39014],[-71.02309,42.38947],[-71.02934,42.39066],[-71.03263,42.39159],[-71.0323,42.39222],[-71.03295,42.3931],[-71.03272,42.39355]]]}},{"type":"Feature","properties":{"unit_id":"25017351002","name":"Census Tract 3510.02 — Middlesex","native_id":"25017351002","source":"census_tract_2025","adm3_name":"Middlesex County","adm3_id":"25017","area_sqm":273796,"split":false},"geometry":{"type":"Polygon","coordinates":[[[-71.11514,42.39278],[-71.1149,42.39329],[-71.11368,42.39483],[-71.11109,42.39401],[-71.11124,42.39377],[-71.10666,42.39207],[-71.10794,42.3902],[-71.10941,42.39087],[-71.11037,42.38946],[-71.10962,42.38779],[-71.11167,42.38912],[-71.11362,42.39047],[-71.11498,42.39141],[-71.11574,42.39184],[-71.11514,42.39278]]]}},{"type":"Feature","properties":{"unit_id":"25017342502","name":"Census Tract 3425.02 — Middlesex","native_id":"25017342502","source":"census_tract_2025","adm3_name":"Middlesex County","adm3_id":"25017","area_sqm":265318,"split":false},"geometry":{"type":"Polygon","coordinates":[[[-71.05203,42.41081],[-71.05048,42.41252],[-71.05009,42.41292],[-71.0482,42.41515],[-71.04623,42.41342],[-71.04567,42.41242],[-71.04567,42.41012],[-71.04619,42.40841],[-71.04648,42.40775],[-71.04879,42.4082],[-71.05217,42.41065],[-71.05203,42.41081]]]}},{"type":"Feature","properties":{"unit_id":"25025070402","name":"Census Tract 704.02 — Suffolk","native_id":"25025070402","source":"census_tract_2025","adm3_name":"Suffolk County","adm3_id":"25025","area_sqm":247190,"split":false},"geometry":{"type":"Polygon","coordinates":[[[-71.0685,42.3476],[-71.06819,42.34787],[-71.06616,42.34759],[-71.06443,42.34719],[-71.06304,42.34685],[-71.0607,42.34625],[-71.06091,42.34571],[-71.06172,42.34396],[-71.06221,42.34291],[-71.06253,42.34301],[-71.06441,42.3435],[-71.06593,42.34394],[-71.06707,42.34431],[-71.06986,42.34527],[-71.0685,42.3476]]]}},{"type":"Feature","properties":{"unit_id":"25017352800","name":"Census Tract 3528 — Middlesex","native_id":"25017352800","source":"census_tract_2025","adm3_name":"Middlesex County","adm3_id":"25017","area_sqm":144694,"split":false},"geometry":{"type":"Polygon","coordinates":[[[-71.10083,42.37375],[-71.09328,42.37275],[-71.09479,42.36877],[-71.09898,42.37219],[-71.10083,42.37375]]]}},{"type":"Feature","properties":{"unit_id":"25017357400","name":"Census Tract 3574 — Middlesex","native_id":"25017357400","source":"census_tract_2025","adm3_name":"Middlesex County","adm3_id":"25017","area_sqm":669600,"split":false},"geometry":{"type":"Polygon","coordinates":[[[-71.1756,42.37944],[-71.17459,42.38051],[-71.17502,42.38186],[-71.17078,42.3832],[-71.1694,42.38644],[-71.16754,42.3864],[-71.16526,42.386],[-71.16533,42.38565],[-71.16354,42.38248],[-71.16334,42.38177],[-71.1635,42.37702],[-71.16336,42.3768],[-71.16448,42.37689],[-71.16647,42.37718],[-71.17,42.37781],[-71.17123,42.37828],[-71.17137,42.37829],[-71.17342,42.37892],[-71.17548,42.37938],[-71.17546,42.37941],[-71.1756,42.37944]]]}},{"type":"Feature","properties":{"unit_id":"25025050700","name":"Census Tract 507 — Suffolk","native_id":"25025050700","source":"census_tract_2025","adm3_name":"Suffolk County","adm3_id":"25025","area_sqm":267935,"split":false},"geometry":{"type":"Polygon","coordinates":[[[-71.03878,42.37493],[-71.03583,42.37603],[-71.03626,42.37665],[-71.0341,42.37745],[-71.03368,42.37683],[-71.03104,42.37732],[-71.03054,42.37701],[-71.02919,42.37813],[-71.02773,42.37721],[-71.0321,42.37349],[-71.03354,42.37262],[-71.03445,42.37271],[-71.0379,42.37445],[-71.03878,42.37493]]]}},{"type":"Feature","properties":{"unit_id":"25017383700","name":"Census Tract 3837 — Middlesex","native_id":"25017383700","source":"census_tract_2025","adm3_name":"Middlesex County","adm3_id":"25017","area_sqm":4293519,"split":false},"geometry":{"type":"Polygon","coordinates":[[[-71.41666,42.31235],[-71.41595,42.31304],[-71.41544,42.31454],[-71.41504,42.31621],[-71.4115,42.32014],[-71.40764,42.32245],[-71.40521,42.323],[-71.40085,42.32496],[-71.39992,42.32521],[-71.39973,42.32509],[-71.39599,42.32504],[-71.3912,42.32619],[-71.38611,42.32596],[-71.3849,42.32698],[-71.3818,42.32852],[-71.37769,42.31467],[-71.37976,42.31199],[-71.38232,42.30873],[-71.38315,42.30767],[-71.38352,42.30855],[-71.38499,42.31053],[-71.38999,42.31154],[-71.39211,42.31245],[-71.40101,42.30782],[-71.4018,42.30971],[-71.40202,42.31194],[-71.40445,42.3105],[-71.4063,42.30979],[-71.40748,42.30968],[-71.41124,42.30911],[-71.41181,42.30915],[-71.41344,42.3097],[-71.41702,42.31124],[-71.41666,42.31235]]]}},{"type":"Feature","properties":{"unit_id":"25025060603","name":"Census Tract 606.03 — Suffolk","native_id":"25025060603","source":"census_tract_2025","adm3_name":"Suffolk County","adm3_id":"25025","area_sqm":398230,"split":false},"geometry":{"type":"Polygon","coordinates":[[[-71.04764,42.34896],[-71.04557,42.35171],[-71.03599,42.3477],[-71.03513,42.3466],[-71.03745,42.34321],[-71.03949,42.34449],[-71.04208,42.34617],[-71.04608,42.34826],[-71.04764,42.34896]]]}},{"type":"Feature","properties":{"unit_id":"25017331200","name":"Census Tract 3312 — Middlesex","native_id":"25017331200","source":"census_tract_2025","adm3_name":"Middlesex County","adm3_id":"25017","area_sqm":6337629,"split":false},"geometry":{"type":"Polygon","coordinates":[[[-71.21368,42.57118],[-71.21113,42.57331],[-71.19885,42.56752],[-71.19265,42.56458],[-71.19082,42.56727],[-71.18856,42.57089],[-71.1806,42.58363],[-71.1752,42.59227],[-71.16556,42.59762],[-71.16647,42.59153],[-71.16803,42.58385],[-71.1699,42.57201],[-71.17194,42.56013],[-71.17538,42.54914],[-71.17639,42.54905],[-71.17884,42.55199],[-71.18567,42.55685],[-71.19199,42.5613],[-71.20613,42.56673],[-71.21513,42.57054],[-71.21368,42.57118]]]}}]}