{"type":"FeatureCollection","features":[{"type":"Feature","properties":{"unit_id":"a5_84461885","name":"Libas Pur (CT)","native_id":"84461885","source":"geoboundaries_adm5","adm3_name":"Alipur","adm3_id":"7132399B85719344731300","split":false},"geometry":{"type":"Polygon","coordinates":[[[77.16235,28.75548],[77.14795,28.75687],[77.14448,28.75161],[77.15417,28.74583],[77.16207,28.74834],[77.16235,28.75548]]]}},{"type":"Feature","properties":{"unit_id":"a5_82038794","name":"Hastsal (CT)","native_id":"82038794","source":"geoboundaries_adm5","adm3_name":"Patel Nagar","adm3_id":"7132399B921144202524","split":false},"geometry":{"type":"Polygon","coordinates":[[[77.05043,28.63543],[77.05246,28.63485],[77.05262,28.63189],[77.05623,28.63168],[77.05831,28.62946],[77.05848,28.62473],[77.06318,28.62509],[77.06227,28.62985],[77.05868,28.63406],[77.05964,28.63898],[77.05652,28.63947],[77.05652,28.64539],[77.05158,28.65033],[77.04615,28.65115],[77.0399,28.65033],[77.04351,28.64081],[77.05027,28.63761],[77.05043,28.63543]]]}},{"type":"Feature","properties":{"unit_id":"a5_54221951","name":"Khajoori Khas (CT)","native_id":"54221951","source":"geoboundaries_adm5","adm3_name":"Seelam Pur","adm3_id":"7132399B3411190247591","split":false},"geometry":{"type":"Polygon","coordinates":[[[77.26386,28.69954],[77.26746,28.70678],[77.25569,28.70902],[77.25547,28.70156],[77.26386,28.69954]]]}},{"type":"Feature","properties":{"unit_id":"a5_64728096","name":"Tilang Pur Kotla (CT)","native_id":"64728096","source":"geoboundaries_adm5","adm3_name":"Punjabi Bagh","adm3_id":"7132399B77907528818240","split":false},"geometry":{"type":"Polygon","coordinates":[[[77.04615,28.65115],[77.0461,28.65263],[77.04237,28.65522],[77.02943,28.65899],[77.02582,28.65291],[77.02071,28.64828],[77.02995,28.64443],[77.0399,28.65033],[77.04615,28.65115]]]}},{"type":"Feature","properties":{"unit_id":"a5_37795230","name":"Maidan Garhi (CT)","native_id":"37795230","source":"geoboundaries_adm5","adm3_name":"Saket","adm3_id":"7132399B1702903600735","split":false},"geometry":{"type":"Polygon","coordinates":[[[77.19623,28.50224],[77.19458,28.48232],[77.19136,28.47939],[77.19692,28.47662],[77.20432,28.49177],[77.19795,28.5019],[77.19623,28.50224]]]}},{"type":"Feature","properties":{"unit_id":"a5_68320848","name":"Mitraon (CT)","native_id":"68320848","source":"geoboundaries_adm5","adm3_name":"Najafgarh","adm3_id":"7132399B36698820051377","split":false},"geometry":{"type":"Polygon","coordinates":[[[76.96421,28.61993],[76.9505,28.61614],[76.9421,28.61702],[76.93825,28.61101],[76.94331,28.61103],[76.96002,28.60204],[76.96271,28.60692],[76.96421,28.61993]]]}},{"type":"Feature","properties":{"unit_id":"a5_88060656","name":"Raja Pur Kalan","native_id":"88060656","source":"geoboundaries_adm5","adm3_name":"Narela","adm3_id":"7132399B91704180473431","split":false},"geometry":{"type":"Polygon","coordinates":[[[77.09621,28.81499],[77.10183,28.81555],[77.10015,28.82356],[77.08813,28.82881],[77.0768,28.82909],[77.07538,28.82245],[77.08285,28.82201],[77.09621,28.81499]]]}},{"type":"Feature","properties":{"unit_id":"a5_29679784","name":"Nangal Dewat (CT)","native_id":"29679784","source":"geoboundaries_adm5","adm3_name":"Vasant Vihar","adm3_id":"7132399B56421203728232","split":false},"geometry":{"type":"Polygon","coordinates":[[[77.09423,28.53327],[77.11196,28.52835],[77.11723,28.53064],[77.12058,28.53677],[77.11078,28.53892],[77.10668,28.54195],[77.1049,28.54711],[77.09759,28.55053],[77.09512,28.54512],[77.09723,28.54338],[77.0979,28.53687],[77.09423,28.53327]]]}},{"type":"Feature","properties":{"unit_id":"a5_09837192","name":"Ghalib Pur","native_id":"09837192","source":"geoboundaries_adm5","adm3_name":"Najafgarh","adm3_id":"7132399B36698820051377","split":false},"geometry":{"type":"Polygon","coordinates":[[[76.88421,28.52457],[76.88967,28.52683],[76.89415,28.52682],[76.89563,28.52924],[76.89243,28.53327],[76.89276,28.53749],[76.89,28.53737],[76.87892,28.54407],[76.86765,28.5395],[76.86877,28.5368],[76.88421,28.52457]]]}},{"type":"Feature","properties":{"unit_id":"a5_55762061","name":"Jaffar Pur alias Hiran Kudna","native_id":"55762061","source":"geoboundaries_adm5","adm3_name":"Punjabi Bagh","adm3_id":"7132399B77907528818240","split":false},"geometry":{"type":"Polygon","coordinates":[[[76.99515,28.66603],[76.99688,28.65526],[77.00244,28.65143],[77.01285,28.67397],[77.00233,28.68083],[76.99832,28.68083],[76.99054,28.67302],[76.99515,28.66603]]]}},{"type":"Feature","properties":{"unit_id":"a5_92931269","name":"Rajokri (CT)","native_id":"92931269","source":"geoboundaries_adm5","adm3_name":"Vasant Vihar","adm3_id":"7132399B56421203728232","split":false},"geometry":{"type":"Polygon","coordinates":[[[77.11738,28.48852],[77.11958,28.49069],[77.11939,28.49335],[77.11991,28.49704],[77.12603,28.5049],[77.11876,28.51047],[77.11992,28.51492],[77.11614,28.52026],[77.11291,28.51646],[77.106,28.51597],[77.09705,28.50384],[77.10002,28.50012],[77.11738,28.48852]]]}},{"type":"Feature","properties":{"unit_id":"a5_76163400","name":"Ghitorni (CT)","native_id":"76163400","source":"geoboundaries_adm5","adm3_name":"Vasant Vihar","adm3_id":"7132399B56421203728232","split":false},"geometry":{"type":"Polygon","coordinates":[[[77.11243,28.47562],[77.1112,28.47114],[77.12077,28.46947],[77.13102,28.47727],[77.15706,28.48704],[77.16212,28.48609],[77.16435,28.48851],[77.16617,28.48851],[77.17098,28.49393],[77.17101,28.49701],[77.16714,28.49817],[77.15664,28.50529],[77.14741,28.5051],[77.13897,28.50092],[77.13284,28.50138],[77.11939,28.49335],[77.11958,28.49069],[77.11738,28.48852],[77.11243,28.47562]]]}},{"type":"Feature","properties":{"unit_id":"a5_57925705","name":"Pul Pehlad (CT)","native_id":"57925705","source":"geoboundaries_adm5","adm3_name":"Kalkaji","adm3_id":"7132399B83413688422431","split":false},"geometry":{"type":"Polygon","coordinates":[[[77.27856,28.50132],[77.29006,28.49982],[77.29357,28.49699],[77.3032,28.50136],[77.30862,28.50171],[77.30539,28.51486],[77.29386,28.5256],[77.28961,28.52263],[77.28764,28.52489],[77.28253,28.52431],[77.28615,28.51083],[77.2823,28.50948],[77.27856,28.50132]]]}},{"type":"Feature","properties":{"unit_id":"a5_47487015","name":"Jiwan Pur alias Johri Pur (CT)","native_id":"47487015","source":"geoboundaries_adm5","adm3_name":"Karawal Nagar","adm3_id":"7132399B35613475184062","split":false},"geometry":{"type":"Polygon","coordinates":[[[77.29297,28.72122],[77.28667,28.71211],[77.28719,28.70971],[77.28876,28.70675],[77.2913,28.70591],[77.29441,28.71063],[77.29462,28.71851],[77.29297,28.72122]]]}},{"type":"Feature","properties":{"unit_id":"a5_35930040","name":"Pehlad Pur Bangar (CT)","native_id":"35930040","source":"geoboundaries_adm5","adm3_name":"Narela","adm3_id":"7132399B91704180473431","split":false},"geometry":{"type":"Polygon","coordinates":[[[77.09898,28.74248],[77.09924,28.7441],[77.09347,28.74735],[77.0936,28.76299],[77.09062,28.76528],[77.08625,28.7639],[77.08167,28.76004],[77.08077,28.76065],[77.07815,28.7579],[77.07827,28.75454],[77.07537,28.7531],[77.07574,28.7486],[77.07375,28.74562],[77.08304,28.74194],[77.08482,28.74366],[77.0878,28.74142],[77.08906,28.74272],[77.09335,28.74093],[77.09898,28.74248]]]}},{"type":"Feature","properties":{"unit_id":"a5_38355361","name":"Kureni","native_id":"38355361","source":"geoboundaries_adm5","adm3_name":"Narela","adm3_id":"7132399B91704180473431","split":false},"geometry":{"type":"Polygon","coordinates":[[[77.09023,28.84283],[77.08559,28.83612],[77.10578,28.83549],[77.10995,28.83656],[77.11489,28.84494],[77.09442,28.84467],[77.09023,28.84283]]]}},{"type":"Feature","properties":{"unit_id":"a5_50999491","name":"Bazid Pur Thakran","native_id":"50999491","source":"geoboundaries_adm5","adm3_name":"Narela","adm3_id":"7132399B91704180473431","split":false},"geometry":{"type":"Polygon","coordinates":[[[77.00016,28.78562],[77.015,28.78125],[77.01682,28.79396],[77.01253,28.80848],[77.001,28.81258],[76.99831,28.8082],[77.00195,28.80517],[77.0024,28.79746],[76.99917,28.79111],[77.00016,28.78562]]]}},{"type":"Feature","properties":{"unit_id":"a5_27131774","name":"Zind Pur","native_id":"27131774","source":"geoboundaries_adm5","adm3_name":"Alipur","adm3_id":"7132399B85719344731300","split":false},"geometry":{"type":"Polygon","coordinates":[[[77.14027,28.79242],[77.14799,28.78916],[77.1558,28.7895],[77.16107,28.7919],[77.16542,28.79628],[77.17115,28.7952],[77.17136,28.79825],[77.16875,28.80054],[77.16185,28.79976],[77.15327,28.79562],[77.14027,28.79242]]]}},{"type":"Feature","properties":{"unit_id":"a5_07871412","name":"Chatesar","native_id":"07871412","source":"geoboundaries_adm5","adm3_name":"Kanjhawala","adm3_id":"7132399B3309272879411","split":false},"geometry":{"type":"Polygon","coordinates":[[[76.95438,28.76514],[76.97105,28.75472],[76.97956,28.75669],[76.98364,28.76487],[76.97609,28.76455],[76.97052,28.76952],[76.96476,28.7715],[76.95658,28.76891],[76.95438,28.76514]]]}},{"type":"Feature","properties":{"unit_id":"a5_27672542","name":"Sher Pur","native_id":"27672542","source":"geoboundaries_adm5","adm3_name":"Seelam Pur","adm3_id":"7132399B3411190247591","split":false},"geometry":{"type":"Polygon","coordinates":[[[77.26746,28.70678],[77.26831,28.70723],[77.26423,28.71166],[77.2633,28.70756],[77.26746,28.70678]]]}},{"type":"Feature","properties":{"unit_id":"a5_79754736","name":"Bhalswa Jahangir Pur (CT)","native_id":"79754736","source":"geoboundaries_adm5","adm3_name":"Model Town","adm3_id":"7132399B67629467490473","split":false},"geometry":{"type":"Polygon","coordinates":[[[77.15417,28.74583],[77.15855,28.73576],[77.16485,28.731],[77.16933,28.73303],[77.17264,28.72938],[77.17898,28.73225],[77.18315,28.73715],[77.17225,28.73993],[77.17068,28.74158],[77.18347,28.75308],[77.18474,28.75574],[77.18128,28.75722],[77.18126,28.75992],[77.17736,28.76064],[77.17683,28.76323],[77.17357,28.76406],[77.16708,28.7624],[77.16279,28.76351],[77.16207,28.74834],[77.15417,28.74583]]]}},{"type":"Feature","properties":{"unit_id":"a5_63036404","name":"Roshan Pura alias Dichaon Khurd (CT)","native_id":"63036404","source":"geoboundaries_adm5","adm3_name":"Najafgarh","adm3_id":"7132399B36698820051377","split":false},"geometry":{"type":"Polygon","coordinates":[[[76.98828,28.59366],[77.00053,28.59804],[77.02106,28.59623],[77.02141,28.59778],[77.01835,28.60258],[77.00777,28.60413],[76.99712,28.60688],[76.98687,28.60104],[76.98491,28.60196],[76.98423,28.59591],[76.98741,28.59609],[76.98828,28.59366]]]}},{"type":"Feature","properties":{"unit_id":"a5_57905971","name":"Kanjhawala (CT)","native_id":"57905971","source":"geoboundaries_adm5","adm3_name":"Kanjhawala","adm3_id":"7132399B3309272879411","split":false},"geometry":{"type":"Polygon","coordinates":[[[77.00521,28.71228],[77.0125,28.72505],[77.01537,28.73449],[77.03111,28.75397],[77.01868,28.75787],[77.01587,28.74848],[77.01274,28.74995],[77.01177,28.75245],[77.00996,28.75254],[77.00619,28.73806],[76.99992,28.7273],[76.99359,28.72042],[76.9896,28.71877],[76.98412,28.71378],[76.99341,28.71442],[77.00521,28.71228]]]}},{"type":"Feature","properties":{"unit_id":"a5_16469873","name":"Jaffrabad (CT)","native_id":"16469873","source":"geoboundaries_adm5","adm3_name":"Shahdara","adm3_id":"7132399B41248712520740","split":false},"geometry":{"type":"Polygon","coordinates":[[[77.29277,28.68052],[77.28957,28.67928],[77.29283,28.67659],[77.29277,28.68052]]]}},{"type":"Feature","properties":{"unit_id":"a5_23292651","name":"Babar Pur (CT)","native_id":"23292651","source":"geoboundaries_adm5","adm3_name":"Shahdara","adm3_id":"7132399B41248712520740","split":false},"geometry":{"type":"Polygon","coordinates":[[[77.29277,28.68052],[77.29237,28.6846],[77.28623,28.68607],[77.28509,28.68364],[77.28957,28.67928],[77.29277,28.68052]]]}},{"type":"Feature","properties":{"unit_id":"a5_77608789","name":"Gokal Pur (CT)","native_id":"77608789","source":"geoboundaries_adm5","adm3_name":"Yamuna Vihar","adm3_id":"7132399B85415315674850","split":false},"geometry":{"type":"Polygon","coordinates":[[[77.29441,28.71063],[77.2913,28.70591],[77.28917,28.70418],[77.28935,28.70172],[77.28675,28.70084],[77.28666,28.69751],[77.28815,28.69742],[77.28818,28.69388],[77.29715,28.69139],[77.30183,28.68854],[77.30349,28.69091],[77.30312,28.70434],[77.29509,28.70704],[77.29441,28.71063]]]}},{"type":"Feature","properties":{"unit_id":"a5_83046464","name":"Gharonda Neemka Bangar alias Patpar Ganj (CT)","native_id":"83046464","source":"geoboundaries_adm5","adm3_name":"Preet Vihar","adm3_id":"7132399B14866638222551","split":false},"geometry":{"type":"Polygon","coordinates":[[[77.29307,28.59725],[77.29249,28.5985],[77.29601,28.6009],[77.29562,28.60282],[77.29126,28.60558],[77.29313,28.61939],[77.28348,28.61602],[77.28688,28.61031],[77.282,28.60667],[77.28424,28.60358],[77.28898,28.5955],[77.29307,28.59725]]]}},{"type":"Feature","properties":{"unit_id":"a5_63915341","name":"Mundka (CT)","native_id":"63915341","source":"geoboundaries_adm5","adm3_name":"Punjabi Bagh","adm3_id":"7132399B77907528818240","split":false},"geometry":{"type":"Polygon","coordinates":[[[77.01285,28.67397],[77.02369,28.67403],[77.03113,28.67242],[77.04643,28.67809],[77.04897,28.67763],[77.04823,28.68745],[77.04279,28.68755],[77.02723,28.69663],[77.02636,28.69769],[77.01549,28.69784],[77.01149,28.69398],[77.01163,28.69112],[77.00762,28.68741],[77.00476,28.68712],[77.00462,28.68355],[77.00233,28.68083],[77.01285,28.67397]]]}},{"type":"Feature","properties":{"unit_id":"a5_11714908","name":"Nangloi Jat (CT)","native_id":"11714908","source":"geoboundaries_adm5","adm3_name":"Punjabi Bagh","adm3_id":"7132399B77907528818240","split":false},"geometry":{"type":"Polygon","coordinates":[[[77.04886,28.68091],[77.06356,28.67466],[77.06794,28.6709],[77.06856,28.67245],[77.07418,28.67182],[77.07497,28.66619],[77.08414,28.66873],[77.08096,28.68362],[77.07397,28.68469],[77.07383,28.68326],[77.06868,28.6834],[77.06854,28.68483],[77.06029,28.68553],[77.04823,28.68745],[77.04886,28.68091]]]}},{"type":"Feature","properties":{"unit_id":"a5_63731485","name":"Sultan Pur (CT)","native_id":"63731485","source":"geoboundaries_adm5","adm3_name":"Mehrauli","adm3_id":"7132399B38015290776987","split":false},"geometry":{"type":"Polygon","coordinates":[[[77.15706,28.48704],[77.15534,28.48367],[77.16318,28.4806],[77.16515,28.47749],[77.1685,28.47759],[77.17523,28.48838],[77.17419,28.49807],[77.17101,28.49701],[77.17098,28.49393],[77.16617,28.48851],[77.16435,28.48851],[77.16212,28.48609],[77.15706,28.48704]]]}},{"type":"Feature","properties":{"unit_id":"a5_91234755","name":"Asola (CT)","native_id":"91234755","source":"geoboundaries_adm5","adm3_name":"Saket","adm3_id":"7132399B1702903600735","split":false},"geometry":{"type":"Polygon","coordinates":[[[77.2382,28.45457],[77.2264,28.44739],[77.2132,28.44336],[77.20968,28.44316],[77.19467,28.45052],[77.1886,28.44974],[77.18625,28.44435],[77.19459,28.44268],[77.22382,28.43047],[77.25291,28.42823],[77.25403,28.43621],[77.25303,28.44204],[77.24962,28.44816],[77.24286,28.45401],[77.2382,28.45457]]]}},{"type":"Feature","properties":{"unit_id":"a5_03149975","name":"Aya Nagar (CT)","native_id":"03149975","source":"geoboundaries_adm5","adm3_name":"Mehrauli","adm3_id":"7132399B38015290776987","split":false},"geometry":{"type":"Polygon","coordinates":[[[77.1112,28.47114],[77.11167,28.46879],[77.11927,28.45033],[77.13954,28.45319],[77.14341,28.45505],[77.14802,28.46131],[77.14929,28.46979],[77.14856,28.47328],[77.15534,28.48367],[77.15706,28.48704],[77.13102,28.47727],[77.12077,28.46947],[77.1112,28.47114]]]}},{"type":"Feature","properties":{"unit_id":"a5_60505273","name":"Malik Pur Kohi alias Rang Puri (CT)","native_id":"60505273","source":"geoboundaries_adm5","adm3_name":"Vasant Vihar","adm3_id":"7132399B56421203728232","split":false},"geometry":{"type":"Polygon","coordinates":[[[77.11196,28.52835],[77.11097,28.52651],[77.11614,28.52026],[77.11992,28.51492],[77.12985,28.52098],[77.1354,28.5263],[77.13944,28.53677],[77.13814,28.54326],[77.13316,28.54397],[77.12781,28.54022],[77.12058,28.53677],[77.11723,28.53064],[77.11196,28.52835]]]}},{"type":"Feature","properties":{"unit_id":"a5_40078532","name":"Chand Pur","native_id":"40078532","source":"geoboundaries_adm5","adm3_name":"Kanjhawala","adm3_id":"7132399B3309272879411","split":false},"geometry":{"type":"Polygon","coordinates":[[[77.00822,28.78313],[77.00834,28.77782],[77.01199,28.76747],[77.00996,28.75254],[77.01177,28.75245],[77.01274,28.74995],[77.01587,28.74848],[77.01868,28.75787],[77.01806,28.76247],[77.01554,28.76552],[77.01606,28.78028],[77.015,28.78125],[77.00822,28.78313]]]}},{"type":"Feature","properties":{"unit_id":"a5_13194330","name":"Mundhela Khurd","native_id":"13194330","source":"geoboundaries_adm5","adm3_name":"Najafgarh","adm3_id":"7132399B36698820051377","split":false},"geometry":{"type":"Polygon","coordinates":[[[76.88766,28.63253],[76.8832,28.62338],[76.92042,28.61027],[76.9237,28.61287],[76.90937,28.62947],[76.90701,28.62767],[76.90398,28.62763],[76.88766,28.63253]]]}},{"type":"Feature","properties":{"unit_id":"a5_21195336","name":"Jain Pur","native_id":"21195336","source":"geoboundaries_adm5","adm3_name":"Kapeshera","adm3_id":"7132399B6806265883243","split":false},"geometry":{"type":"Polygon","coordinates":[[[76.94121,28.52496],[76.9488,28.53936],[76.93822,28.54205],[76.93532,28.53931],[76.93152,28.52775],[76.94121,28.52496]]]}},{"type":"Feature","properties":{"unit_id":"a5_76810977","name":"Mandi","native_id":"76810977","source":"geoboundaries_adm5","adm3_name":"Mehrauli","adm3_id":"7132399B38015290776987","split":false},"geometry":{"type":"Polygon","coordinates":[[[77.18913,28.40696],[77.20487,28.4071],[77.19323,28.41776],[77.18111,28.43536],[77.17595,28.44133],[77.16245,28.44386],[77.15804,28.43978],[77.15918,28.43238],[77.15604,28.4272],[77.1615,28.42292],[77.16398,28.4159],[77.17538,28.40305],[77.18913,28.40696]]]}},{"type":"Feature","properties":{"unit_id":"a5_60928303","name":"Badar Pur Majra Burari","native_id":"60928303","source":"geoboundaries_adm5","adm3_name":"Civil Lines","adm3_id":"7132399B52831242342236","split":false},"geometry":{"type":"Polygon","coordinates":[[[77.20955,28.78752],[77.20506,28.78325],[77.20279,28.78406],[77.19796,28.77794],[77.20562,28.77222],[77.2116,28.76476],[77.21711,28.76596],[77.21814,28.7686],[77.2068,28.77813],[77.20757,28.78402],[77.21062,28.78641],[77.20955,28.78752]]]}},{"type":"Feature","properties":{"unit_id":"a5_50728564","name":"Pur Shahdara","native_id":"50728564","source":"geoboundaries_adm5","adm3_name":"Karawal Nagar","adm3_id":"7132399B35613475184062","split":false},"geometry":{"type":"Polygon","coordinates":[[[77.23407,28.77057],[77.21814,28.7686],[77.21711,28.76596],[77.22029,28.75932],[77.22031,28.7519],[77.22521,28.75161],[77.22597,28.74841],[77.23683,28.7495],[77.23925,28.75704],[77.24767,28.75464],[77.24045,28.76532],[77.23407,28.77057]]]}},{"type":"Feature","properties":{"unit_id":"a5_98688558","name":"Sher Pur Deri","native_id":"98688558","source":"geoboundaries_adm5","adm3_name":"Kapeshera","adm3_id":"7132399B6806265883243","split":false},"geometry":{"type":"Polygon","coordinates":[[[76.936,28.56864],[76.93669,28.56409],[76.94062,28.56011],[76.94273,28.55852],[76.95109,28.5574],[76.94907,28.5668],[76.94792,28.56918],[76.94521,28.56819],[76.9372,28.56922],[76.936,28.56864]]]}},{"type":"Feature","properties":{"unit_id":"a5_17276593","name":"Shanjar Pur","native_id":"17276593","source":"geoboundaries_adm5","adm3_name":"Civil Lines","adm3_id":"7132399B52831242342236","split":false},"geometry":{"type":"Polygon","coordinates":[[[77.17898,28.73225],[77.18246,28.73306],[77.19275,28.73036],[77.19561,28.73187],[77.19551,28.73326],[77.18315,28.73715],[77.17898,28.73225]]]}},{"type":"Feature","properties":{"unit_id":"a5_29325777","name":"Sungar Pur Shahdara","native_id":"29325777","source":"geoboundaries_adm5","adm3_name":"Alipur","adm3_id":"7132399B85719344731300","split":false},"geometry":{"type":"Polygon","coordinates":[[[77.22701,28.82629],[77.21308,28.8212],[77.21238,28.80929],[77.22326,28.80823],[77.22486,28.81366],[77.22701,28.82629]]]}},{"type":"Feature","properties":{"unit_id":"a5_28197878","name":"Jagat Pur Ilaqa Shahdara","native_id":"28197878","source":"geoboundaries_adm5","adm3_name":"Civil Lines","adm3_id":"7132399B52831242342236","split":false},"geometry":{"type":"Polygon","coordinates":[[[77.22031,28.7519],[77.21892,28.74631],[77.22076,28.73584],[77.22471,28.72638],[77.22862,28.72733],[77.23067,28.73066],[77.23075,28.73455],[77.22671,28.74177],[77.22597,28.74841],[77.22521,28.75161],[77.22031,28.7519]]]}},{"type":"Feature","properties":{"unit_id":"a5_80652044","name":"Tehri Daulat Pur","native_id":"80652044","source":"geoboundaries_adm5","adm3_name":"Alipur","adm3_id":"7132399B85719344731300","split":false},"geometry":{"type":"Polygon","coordinates":[[[77.20475,28.80083],[77.19876,28.79878],[77.19662,28.79399],[77.19413,28.79072],[77.19896,28.79128],[77.19975,28.78762],[77.20279,28.78406],[77.20506,28.78325],[77.20955,28.78752],[77.20717,28.78995],[77.20475,28.80083]]]}},{"type":"Feature","properties":{"unit_id":"a5_62508545","name":"Darya Pur Khurd","native_id":"62508545","source":"geoboundaries_adm5","adm3_name":"Kapeshera","adm3_id":"7132399B6806265883243","split":false},"geometry":{"type":"Polygon","coordinates":[[[76.91242,28.54953],[76.91821,28.55128],[76.92138,28.55543],[76.92025,28.56505],[76.9086,28.56052],[76.90902,28.54967],[76.91242,28.54953]]]}},{"type":"Feature","properties":{"unit_id":"a5_88686071","name":"Surera","native_id":"88686071","source":"geoboundaries_adm5","adm3_name":"Najafgarh","adm3_id":"7132399B36698820051377","split":false},"geometry":{"type":"Polygon","coordinates":[[[76.94331,28.61103],[76.92852,28.61041],[76.9237,28.61287],[76.92042,28.61027],[76.92854,28.60733],[76.9339,28.60005],[76.94238,28.59318],[76.95266,28.59697],[76.96002,28.60204],[76.94331,28.61103]]]}},{"type":"Feature","properties":{"unit_id":"a5_24329536","name":"Taj Pul (CT)","native_id":"24329536","source":"geoboundaries_adm5","adm3_name":"Sarita Vihar","adm3_id":"7132399B48945131257373","split":false},"geometry":{"type":"Polygon","coordinates":[[[77.31434,28.48497],[77.31703,28.48594],[77.31231,28.50193],[77.3032,28.50136],[77.29357,28.49699],[77.29006,28.49982],[77.27856,28.50132],[77.27037,28.49143],[77.26991,28.48297],[77.28096,28.49156],[77.2879,28.49268],[77.29564,28.49079],[77.30612,28.48567],[77.31434,28.48497]]]}},{"type":"Feature","properties":{"unit_id":"a5_65160790","name":"Molar Band (CT)","native_id":"65160790","source":"geoboundaries_adm5","adm3_name":"Sarita Vihar","adm3_id":"7132399B48945131257373","split":false},"geometry":{"type":"Polygon","coordinates":[[[77.34082,28.50379],[77.32885,28.50799],[77.32101,28.50884],[77.31133,28.51747],[77.30539,28.51486],[77.30862,28.50171],[77.31231,28.50193],[77.32673,28.50552],[77.3389,28.50283],[77.34082,28.50379]]]}},{"type":"Feature","properties":{"unit_id":"a5_51371648","name":"Kharkhari Rond","native_id":"51371648","source":"geoboundaries_adm5","adm3_name":"Kapeshera","adm3_id":"7132399B6806265883243","split":false},"geometry":{"type":"Polygon","coordinates":[[[76.94907,28.5668],[76.95994,28.57036],[76.96381,28.57695],[76.96032,28.57843],[76.95853,28.57817],[76.95541,28.57683],[76.9514,28.57771],[76.9503,28.57116],[76.94792,28.56918],[76.94907,28.5668]]]}},{"type":"Feature","properties":{"unit_id":"a5_56653025","name":"Sultan Pur Majra (CT)","native_id":"56653025","source":"geoboundaries_adm5","adm3_name":"Rohini","adm3_id":"7132399B38909788095823","split":false},"geometry":{"type":"Polygon","coordinates":[[[77.08096,28.68362],[77.08304,28.69338],[77.08573,28.69533],[77.08194,28.69779],[77.08283,28.70079],[77.08688,28.70232],[77.09016,28.70632],[77.07826,28.70968],[77.07824,28.70631],[77.07555,28.70126],[77.07235,28.70231],[77.06674,28.69865],[77.06304,28.68736],[77.06029,28.68553],[77.06854,28.68483],[77.06868,28.6834],[77.07383,28.68326],[77.07397,28.68469],[77.08096,28.68362]]]}},{"type":"Feature","properties":{"unit_id":"a5_63527719","name":"Shamas Pur","native_id":"63527719","source":"geoboundaries_adm5","adm3_name":"Preet Vihar","adm3_id":"7132399B14866638222551","split":false},"geometry":{"type":"Polygon","coordinates":[[[77.28898,28.5955],[77.28623,28.59527],[77.27878,28.59027],[77.27019,28.58252],[77.27477,28.58007],[77.28557,28.58005],[77.29076,28.57742],[77.29684,28.584],[77.29992,28.58617],[77.30374,28.58814],[77.30196,28.58944],[77.30049,28.59181],[77.29741,28.59103],[77.29366,28.59712],[77.29307,28.59725],[77.28898,28.5955]]]}},{"type":"Feature","properties":{"unit_id":"a5_10095064","name":"Dichaon Kalan","native_id":"10095064","source":"geoboundaries_adm5","adm3_name":"Najafgarh","adm3_id":"7132399B36698820051377","split":false},"geometry":{"type":"Polygon","coordinates":[[[76.95811,28.63683],[76.95981,28.62806],[76.96421,28.61993],[76.96601,28.62399],[76.97605,28.62966],[76.98923,28.63225],[76.99576,28.63102],[77.00542,28.63448],[76.99342,28.64532],[76.99009,28.65077],[76.98605,28.65371],[76.97955,28.65572],[76.96997,28.64254],[76.95811,28.63683]]]}},{"type":"Feature","properties":{"unit_id":"a5_97393025","name":"Samas Pur Khalsa","native_id":"97393025","source":"geoboundaries_adm5","adm3_name":"Najafgarh","adm3_id":"7132399B36698820051377","split":false},"geometry":{"type":"Polygon","coordinates":[[[76.90007,28.57793],[76.9052,28.57514],[76.90975,28.57516],[76.91241,28.57692],[76.91843,28.58478],[76.90968,28.59025],[76.90451,28.59685],[76.90019,28.59108],[76.89359,28.58595],[76.90007,28.57793]]]}},{"type":"Feature","properties":{"unit_id":"a5_74701905","name":"Pindwala Khurd","native_id":"74701905","source":"geoboundaries_adm5","adm3_name":"Kapeshera","adm3_id":"7132399B6806265883243","split":false},"geometry":{"type":"Polygon","coordinates":[[[76.97776,28.55283],[76.98627,28.55871],[76.98322,28.55992],[76.97885,28.57033],[76.9646,28.56405],[76.96155,28.55593],[76.97776,28.55283]]]}},{"type":"Feature","properties":{"unit_id":"a5_31065219","name":"Jhuljhuli","native_id":"31065219","source":"geoboundaries_adm5","adm3_name":"Najafgarh","adm3_id":"7132399B36698820051377","split":false},"geometry":{"type":"Polygon","coordinates":[[[76.91242,28.54953],[76.89801,28.54937],[76.89276,28.53749],[76.91081,28.53213],[76.91376,28.5333],[76.91578,28.53878],[76.91157,28.54186],[76.91242,28.54953]]]}},{"type":"Feature","properties":{"unit_id":"a5_14824047","name":"Sunger Pur Delhi","native_id":"14824047","source":"geoboundaries_adm5","adm3_name":"Alipur","adm3_id":"7132399B85719344731300","split":false},"geometry":{"type":"Polygon","coordinates":[[[77.21238,28.80929],[77.21308,28.8212],[77.20435,28.81641],[77.20094,28.81314],[77.20488,28.81002],[77.21238,28.80929]]]}},{"type":"Feature","properties":{"unit_id":"a5_20831632","name":"Fateh Pur Jat","native_id":"20831632","source":"geoboundaries_adm5","adm3_name":"Alipur","adm3_id":"7132399B85719344731300","split":false},"geometry":{"type":"Polygon","coordinates":[[[77.20378,28.81582],[77.19045,28.81742],[77.18417,28.81757],[77.18325,28.8113],[77.20094,28.81314],[77.20378,28.81582]]]}},{"type":"Feature","properties":{"unit_id":"a5_58666723","name":"Jat Khor","native_id":"58666723","source":"geoboundaries_adm5","adm3_name":"Kanjhawala","adm3_id":"7132399B3309272879411","split":false},"geometry":{"type":"Polygon","coordinates":[[[76.98334,28.77626],[76.99543,28.77869],[76.99568,28.78727],[76.97568,28.79784],[76.97398,28.79366],[76.96684,28.7892],[76.97064,28.78774],[76.97193,28.78358],[76.97788,28.78192],[76.98334,28.77626]]]}},{"type":"Feature","properties":{"unit_id":"a5_64367959","name":"Rasool Pur","native_id":"64367959","source":"geoboundaries_adm5","adm3_name":"Rohini","adm3_id":"7132399B38909788095823","split":false},"geometry":{"type":"Polygon","coordinates":[[[77.02723,28.69663],[77.02492,28.71157],[77.00521,28.71228],[77.01089,28.69872],[77.01361,28.69603],[77.01549,28.69784],[77.02636,28.69769],[77.02723,28.69663]]]}},{"type":"Feature","properties":{"unit_id":"a5_97756296","name":"Khera Dabar","native_id":"97756296","source":"geoboundaries_adm5","adm3_name":"Najafgarh","adm3_id":"7132399B36698820051377","split":false},"geometry":{"type":"Polygon","coordinates":[[[76.94238,28.59318],[76.93806,28.59115],[76.93398,28.5856],[76.9552,28.58377],[76.95733,28.58297],[76.95853,28.57817],[76.96032,28.57843],[76.96182,28.58369],[76.96093,28.586],[76.95528,28.58945],[76.95266,28.59697],[76.94238,28.59318]]]}},{"type":"Feature","properties":{"unit_id":"a5_77773933","name":"Akbar Pur Majra","native_id":"77773933","source":"geoboundaries_adm5","adm3_name":"Alipur","adm3_id":"7132399B85719344731300","split":false},"geometry":{"type":"Polygon","coordinates":[[[77.20138,28.82631],[77.20105,28.831],[77.2031,28.83323],[77.20696,28.83426],[77.20758,28.83612],[77.20212,28.84347],[77.19367,28.83765],[77.18243,28.83667],[77.18293,28.83014],[77.18524,28.82691],[77.20138,28.82631]]]}},{"type":"Feature","properties":{"unit_id":"a5_39228219","name":"Nanak Heri","native_id":"39228219","source":"geoboundaries_adm5","adm3_name":"Kapeshera","adm3_id":"7132399B6806265883243","split":false},"geometry":{"type":"Polygon","coordinates":[[[77.00202,28.5138],[77.00367,28.52164],[76.99853,28.52471],[76.9908,28.52801],[76.97832,28.52718],[76.97399,28.52633],[76.97544,28.52081],[76.9781,28.52236],[76.98997,28.51746],[77.00202,28.5138]]]}},{"type":"Feature","properties":{"unit_id":"a5_83123074","name":"Kham Pur","native_id":"83123074","source":"geoboundaries_adm5","adm3_name":"Alipur","adm3_id":"7132399B85719344731300","split":false},"geometry":{"type":"Polygon","coordinates":[[[77.11868,28.81647],[77.12968,28.81521],[77.14524,28.82547],[77.14125,28.83419],[77.13592,28.83305],[77.1286,28.82602],[77.12003,28.82476],[77.11849,28.82111],[77.11868,28.81647]]]}},{"type":"Feature","properties":{"unit_id":"a5_40029023","name":"Sultan Pur Dabas","native_id":"40029023","source":"geoboundaries_adm5","adm3_name":"Narela","adm3_id":"7132399B91704180473431","split":false},"geometry":{"type":"Polygon","coordinates":[[[77.03111,28.75397],[77.03686,28.75982],[77.03987,28.76029],[77.04545,28.76567],[77.05139,28.76815],[77.0524,28.77456],[77.05572,28.77777],[77.05585,28.77986],[77.04559,28.79005],[77.0397,28.78816],[77.02622,28.78696],[77.02662,28.78191],[77.01606,28.78028],[77.01554,28.76552],[77.01806,28.76247],[77.01868,28.75787],[77.03111,28.75397]]]}},{"type":"Feature","properties":{"unit_id":"a5_01026114","name":"Kankar Khera","native_id":"01026114","source":"geoboundaries_adm5","adm3_name":"Narela","adm3_id":"7132399B91704180473431","split":false},"geometry":{"type":"Polygon","coordinates":[[[77.10414,28.76788],[77.10019,28.76161],[77.10161,28.75953],[77.10332,28.76057],[77.11089,28.75761],[77.11509,28.75346],[77.12085,28.75204],[77.12184,28.75424],[77.10414,28.76788]]]}},{"type":"Feature","properties":{"unit_id":"a5_55462371","name":"Pansali","native_id":"55462371","source":"geoboundaries_adm5","adm3_name":"Narela","adm3_id":"7132399B91704180473431","split":false},"geometry":{"type":"Polygon","coordinates":[[[77.07375,28.74562],[77.0729,28.74426],[77.07315,28.73847],[77.08452,28.73126],[77.09335,28.74093],[77.08906,28.74272],[77.0878,28.74142],[77.08482,28.74366],[77.08304,28.74194],[77.07375,28.74562]]]}},{"type":"Feature","properties":{"unit_id":"a5_87472199","name":"Saba Pur Delhi","native_id":"87472199","source":"geoboundaries_adm5","adm3_name":"Karawal Nagar","adm3_id":"7132399B35613475184062","split":false},"geometry":{"type":"Polygon","coordinates":[[[77.22597,28.74841],[77.22671,28.74177],[77.24322,28.74556],[77.24824,28.7452],[77.24672,28.75165],[77.24767,28.75464],[77.23925,28.75704],[77.23683,28.7495],[77.22597,28.74841]]]}},{"type":"Feature","properties":{"unit_id":"a5_24210869","name":"Raota","native_id":"24210869","source":"geoboundaries_adm5","adm3_name":"Kapeshera","adm3_id":"7132399B6806265883243","split":false},"geometry":{"type":"Polygon","coordinates":[[[76.92777,28.51272],[76.91081,28.53213],[76.89276,28.53749],[76.89243,28.53327],[76.89563,28.52924],[76.89415,28.52682],[76.88967,28.52683],[76.88421,28.52457],[76.8863,28.52265],[76.89332,28.52181],[76.89899,28.51934],[76.907,28.51261],[76.91802,28.50974],[76.92777,28.51272]]]}},{"type":"Feature","properties":{"unit_id":"a5_81215235","name":"Jhangola","native_id":"81215235","source":"geoboundaries_adm5","adm3_name":"Alipur","adm3_id":"7132399B85719344731300","split":false},"geometry":{"type":"Polygon","coordinates":[[[77.22094,28.83996],[77.21195,28.84549],[77.20611,28.84591],[77.20197,28.84361],[77.20758,28.83612],[77.20696,28.83426],[77.2031,28.83323],[77.20105,28.831],[77.20138,28.82631],[77.20435,28.81641],[77.21308,28.8212],[77.22701,28.82629],[77.22764,28.82995],[77.22094,28.83996]]]}},{"type":"Feature","properties":{"unit_id":"a5_55842709","name":"Shah Pur Garhi","native_id":"55842709","source":"geoboundaries_adm5","adm3_name":"Narela","adm3_id":"7132399B91704180473431","split":false},"geometry":{"type":"Polygon","coordinates":[[[77.11849,28.82111],[77.10792,28.82395],[77.10637,28.82245],[77.10564,28.81299],[77.11235,28.81155],[77.11306,28.81503],[77.11868,28.81647],[77.11849,28.82111]]]}},{"type":"Feature","properties":{"unit_id":"a5_89096138","name":"Kangan Heri","native_id":"89096138","source":"geoboundaries_adm5","adm3_name":"Kapeshera","adm3_id":"7132399B6806265883243","split":false},"geometry":{"type":"Polygon","coordinates":[[[76.97776,28.55283],[76.97332,28.54528],[76.97084,28.54416],[77.00142,28.52928],[77.00562,28.53166],[77.00782,28.5383],[77.0155,28.54523],[77.00018,28.55234],[76.99113,28.55941],[76.98627,28.55871],[76.97776,28.55283]]]}},{"type":"Feature","properties":{"unit_id":"a5_31745036","name":"Badhosra","native_id":"31745036","source":"geoboundaries_adm5","adm3_name":"Kapeshera","adm3_id":"7132399B6806265883243","split":false},"geometry":{"type":"Polygon","coordinates":[[[76.99853,28.52471],[77.00142,28.52928],[76.9816,28.53875],[76.98106,28.536],[76.97681,28.53314],[76.97832,28.52718],[76.9908,28.52801],[76.99853,28.52471]]]}},{"type":"Feature","properties":{"unit_id":"a5_73628978","name":"Lam Pur","native_id":"73628978","source":"geoboundaries_adm5","adm3_name":"Narela","adm3_id":"7132399B91704180473431","split":false},"geometry":{"type":"Polygon","coordinates":[[[77.05999,28.868],[77.04931,28.85004],[77.04171,28.83161],[77.05984,28.83975],[77.06768,28.84778],[77.06944,28.85299],[77.06403,28.86522],[77.06678,28.86792],[77.05999,28.868]]]}},{"type":"Feature","properties":{"unit_id":"a5_21973488","name":"Iradat Nagar alias Naya Bans","native_id":"21973488","source":"geoboundaries_adm5","adm3_name":"Narela","adm3_id":"7132399B91704180473431","split":false},"geometry":{"type":"Polygon","coordinates":[[[77.06561,28.78938],[77.07742,28.7888],[77.09004,28.78198],[77.09609,28.78374],[77.10397,28.79216],[77.09523,28.79385],[77.08582,28.79258],[77.07012,28.79558],[77.06561,28.78938]]]}},{"type":"Feature","properties":{"unit_id":"a5_82212345","name":"Holambi Kalan","native_id":"82212345","source":"geoboundaries_adm5","adm3_name":"Narela","adm3_id":"7132399B91704180473431","split":false},"geometry":{"type":"Polygon","coordinates":[[[77.09621,28.81499],[77.09505,28.81171],[77.08591,28.81134],[77.07624,28.80694],[77.07668,28.80181],[77.08747,28.80063],[77.10569,28.8012],[77.11348,28.8023],[77.11936,28.80566],[77.11235,28.81155],[77.10564,28.81299],[77.10183,28.81555],[77.09621,28.81499]]]}},{"type":"Feature","properties":{"unit_id":"a5_85978391","name":"Bodh Pur Bija Pur","native_id":"85978391","source":"geoboundaries_adm5","adm3_name":"Alipur","adm3_id":"7132399B85719344731300","split":false},"geometry":{"type":"Polygon","coordinates":[[[77.14027,28.79242],[77.13029,28.78796],[77.13053,28.78016],[77.13273,28.77741],[77.14867,28.78168],[77.14799,28.78916],[77.14027,28.79242]]]}},{"type":"Feature","properties":{"unit_id":"a5_27125051","name":"Punjab Khor","native_id":"27125051","source":"geoboundaries_adm5","adm3_name":"Kanjhawala","adm3_id":"7132399B3309272879411","split":false},"geometry":{"type":"Polygon","coordinates":[[[76.95267,28.78576],[76.95397,28.77341],[76.95658,28.76891],[76.96476,28.7715],[76.97052,28.76952],[76.97609,28.76455],[76.98364,28.76487],[76.98816,28.7642],[76.98469,28.76971],[76.98334,28.77626],[76.97788,28.78192],[76.97193,28.78358],[76.97064,28.78774],[76.96684,28.7892],[76.95267,28.78576]]]}},{"type":"Feature","properties":{"unit_id":"a5_75586915","name":"Budhan Pur","native_id":"75586915","source":"geoboundaries_adm5","adm3_name":"Kanjhawala","adm3_id":"7132399B3309272879411","split":false},"geometry":{"type":"Polygon","coordinates":[[[77.00217,28.78498],[77.00111,28.77557],[77.0025,28.75113],[77.00885,28.74818],[77.00996,28.75254],[77.01199,28.76747],[77.00834,28.77782],[77.00822,28.78313],[77.00217,28.78498]]]}},{"type":"Feature","properties":{"unit_id":"a5_45774803","name":"Jonti","native_id":"45774803","source":"geoboundaries_adm5","adm3_name":"Kanjhawala","adm3_id":"7132399B3309272879411","split":false},"geometry":{"type":"Polygon","coordinates":[[[76.95948,28.74274],[76.96027,28.74151],[76.98641,28.74053],[76.99173,28.74247],[76.99103,28.76245],[76.98816,28.7642],[76.98364,28.76487],[76.97956,28.75669],[76.97105,28.75472],[76.95438,28.76514],[76.94817,28.7545],[76.95948,28.74274]]]}},{"type":"Feature","properties":{"unit_id":"a5_52021496","name":"Jagat Pur ilaqa Delhi","native_id":"52021496","source":"geoboundaries_adm5","adm3_name":"Civil Lines","adm3_id":"7132399B52831242342236","split":false},"geometry":{"type":"Polygon","coordinates":[[[77.22029,28.75932],[77.21174,28.75347],[77.21046,28.74897],[77.21161,28.7463],[77.20784,28.74494],[77.21628,28.73687],[77.22076,28.73584],[77.21892,28.74631],[77.22031,28.7519],[77.22029,28.75932]]]}},{"type":"Feature","properties":{"unit_id":"a5_71383745","name":"Saba Pur Shahdara","native_id":"71383745","source":"geoboundaries_adm5","adm3_name":"Karawal Nagar","adm3_id":"7132399B35613475184062","split":false},"geometry":{"type":"Polygon","coordinates":[[[77.24767,28.75464],[77.24672,28.75165],[77.24824,28.7452],[77.25339,28.74216],[77.25375,28.73807],[77.252,28.73457],[77.26387,28.73779],[77.26208,28.74011],[77.26249,28.74832],[77.25868,28.75215],[77.24788,28.75433],[77.24767,28.75464]]]}},{"type":"Feature","properties":{"unit_id":"a5_43924832","name":"Mundhela Kalan","native_id":"43924832","source":"geoboundaries_adm5","adm3_name":"Najafgarh","adm3_id":"7132399B36698820051377","split":false},"geometry":{"type":"Polygon","coordinates":[[[76.8832,28.62338],[76.87586,28.6083],[76.89324,28.60031],[76.90374,28.59868],[76.91233,28.60111],[76.91669,28.60665],[76.91606,28.61196],[76.8832,28.62338]]]}},{"type":"Feature","properties":{"unit_id":"a5_03934161","name":"Rewla Kham Pur","native_id":"03934161","source":"geoboundaries_adm5","adm3_name":"Kapeshera","adm3_id":"7132399B6806265883243","split":false},"geometry":{"type":"Polygon","coordinates":[[[76.98627,28.55871],[76.99113,28.55941],[77.00497,28.57051],[77.00863,28.56889],[77.01057,28.56925],[77.01133,28.57122],[77.01045,28.57666],[77.00528,28.58144],[76.99776,28.58545],[76.99302,28.57677],[76.98818,28.57309],[76.97885,28.57033],[76.98322,28.55992],[76.98627,28.55871]]]}},{"type":"Feature","properties":{"unit_id":"a5_48048366","name":"Pindwala Kalan","native_id":"48048366","source":"geoboundaries_adm5","adm3_name":"Kapeshera","adm3_id":"7132399B6806265883243","split":false},"geometry":{"type":"Polygon","coordinates":[[[76.95109,28.5574],[76.96155,28.55593],[76.9646,28.56405],[76.97885,28.57033],[76.97741,28.57264],[76.96642,28.57835],[76.96381,28.57695],[76.95994,28.57036],[76.94907,28.5668],[76.95109,28.5574]]]}},{"type":"Feature","properties":{"unit_id":"a5_11767865","name":"Isa Pur","native_id":"11767865","source":"geoboundaries_adm5","adm3_name":"Najafgarh","adm3_id":"7132399B36698820051377","split":false},"geometry":{"type":"Polygon","coordinates":[[[76.84275,28.5784],[76.84529,28.57461],[76.85324,28.56874],[76.87407,28.56177],[76.87675,28.55481],[76.87603,28.55251],[76.8828,28.5501],[76.88885,28.55213],[76.88713,28.5589],[76.88826,28.56382],[76.88422,28.56867],[76.8763,28.57131],[76.87552,28.57358],[76.88331,28.58921],[76.86758,28.59246],[76.86445,28.58724],[76.85986,28.58502],[76.84464,28.58632],[76.84275,28.5784]]]}},{"type":"Feature","properties":{"unit_id":"a5_12901561","name":"Daulat Pur","native_id":"12901561","source":"geoboundaries_adm5","adm3_name":"Kapeshera","adm3_id":"7132399B6806265883243","split":false},"geometry":{"type":"Polygon","coordinates":[[[76.96155,28.55593],[76.95202,28.55721],[76.95556,28.55026],[76.95992,28.54353],[76.97026,28.54407],[76.97332,28.54528],[76.97776,28.55283],[76.96155,28.55593]]]}},{"type":"Feature","properties":{"unit_id":"a5_55431766","name":"Jhatikra","native_id":"55431766","source":"geoboundaries_adm5","adm3_name":"Kapeshera","adm3_id":"7132399B6806265883243","split":false},"geometry":{"type":"Polygon","coordinates":[[[76.95422,28.50843],[76.97544,28.52081],[76.97399,28.52633],[76.97832,28.52718],[76.97681,28.53314],[76.98106,28.536],[76.9816,28.53875],[76.97084,28.54416],[76.97026,28.54407],[76.95977,28.52806],[76.95745,28.52154],[76.9483,28.50968],[76.95422,28.50843]]]}},{"type":"Feature","properties":{"unit_id":"a5_99218048","name":"Palla","native_id":"99218048","source":"geoboundaries_adm5","adm3_name":"Alipur","adm3_id":"7132399B85719344731300","split":false},"geometry":{"type":"Polygon","coordinates":[[[77.16991,28.85215],[77.18083,28.84326],[77.18095,28.8396],[77.18243,28.83667],[77.19367,28.83765],[77.20212,28.84347],[77.19421,28.84989],[77.19399,28.857],[77.17491,28.85535],[77.16991,28.85215]]]}},{"type":"Feature","properties":{"unit_id":"a5_64672022","name":"Qullak Pur","native_id":"64672022","source":"geoboundaries_adm5","adm3_name":"Alipur","adm3_id":"7132399B85719344731300","split":false},"geometry":{"type":"Polygon","coordinates":[[[77.19399,28.857],[77.19421,28.84989],[77.20197,28.84361],[77.20611,28.84591],[77.21195,28.84549],[77.22094,28.83996],[77.22181,28.84961],[77.21516,28.85759],[77.19721,28.86152],[77.19399,28.857]]]}},{"type":"Feature","properties":{"unit_id":"a5_74847929","name":"Mungesh Pur","native_id":"74847929","source":"geoboundaries_adm5","adm3_name":"Narela","adm3_id":"7132399B91704180473431","split":false},"geometry":{"type":"Polygon","coordinates":[[[76.96585,28.81491],[76.96988,28.80357],[76.9742,28.79969],[76.98711,28.80615],[76.98904,28.80957],[76.98706,28.81659],[76.98066,28.81998],[76.97093,28.82655],[76.96811,28.82522],[76.96585,28.81491]]]}},{"type":"Feature","properties":{"unit_id":"a5_44495997","name":"Mohd. Pur Ramzan Pur","native_id":"44495997","source":"geoboundaries_adm5","adm3_name":"Alipur","adm3_id":"7132399B85719344731300","split":false},"geometry":{"type":"Polygon","coordinates":[[[77.20488,28.81002],[77.20094,28.81314],[77.18325,28.8113],[77.18143,28.81013],[77.1805,28.80741],[77.18229,28.80571],[77.18635,28.80704],[77.18858,28.80581],[77.19165,28.80187],[77.18969,28.79854],[77.19662,28.79399],[77.19876,28.79878],[77.20475,28.80083],[77.20488,28.81002]]]}},{"type":"Feature","properties":{"unit_id":"a5_34468261","name":"Madan Pur Dabas","native_id":"34468261","source":"geoboundaries_adm5","adm3_name":"Rohini","adm3_id":"7132399B38909788095823","split":false},"geometry":{"type":"Polygon","coordinates":[[[77.00521,28.71228],[77.02868,28.71144],[77.03206,28.71839],[77.03636,28.72045],[77.03776,28.72285],[77.02117,28.72465],[77.0125,28.72505],[77.00521,28.71228]]]}},{"type":"Feature","properties":{"unit_id":"a5_85608020","name":"Saoda","native_id":"85608020","source":"geoboundaries_adm5","adm3_name":"Kanjhawala","adm3_id":"7132399B3309272879411","split":false},"geometry":{"type":"Polygon","coordinates":[[[76.98412,28.71378],[76.97944,28.70276],[76.98964,28.70112],[77.00066,28.70225],[77.00521,28.71228],[76.99341,28.71442],[76.98412,28.71378]]]}},{"type":"Feature","properties":{"unit_id":"a5_25778096","name":"Nizam Pur Rashid Pur","native_id":"25778096","source":"geoboundaries_adm5","adm3_name":"Kanjhawala","adm3_id":"7132399B3309272879411","split":false},"geometry":{"type":"Polygon","coordinates":[[[76.96028,28.73064],[76.95117,28.71189],[76.96086,28.70462],[76.9645,28.70021],[76.96871,28.70141],[76.96885,28.70327],[76.97801,28.7017],[76.97944,28.70276],[76.98412,28.71378],[76.9896,28.71877],[76.98518,28.72957],[76.97703,28.72659],[76.97047,28.72712],[76.96028,28.73064]]]}},{"type":"Feature","properties":{"unit_id":"a5_53724493","name":"Salem Pur Majra Burari","native_id":"53724493","source":"geoboundaries_adm5","adm3_name":"Civil Lines","adm3_id":"7132399B52831242342236","split":false},"geometry":{"type":"Polygon","coordinates":[[[77.19796,28.77794],[77.18681,28.77129],[77.20275,28.7593],[77.2116,28.76476],[77.20562,28.77222],[77.19796,28.77794]]]}},{"type":"Feature","properties":{"unit_id":"a5_11979501","name":"Neel Wal","native_id":"11979501","source":"geoboundaries_adm5","adm3_name":"Punjabi Bagh","adm3_id":"7132399B77907528818240","split":false},"geometry":{"type":"Polygon","coordinates":[[[76.99515,28.66603],[76.98128,28.66971],[76.96744,28.66958],[76.9571,28.67201],[76.96553,28.66249],[76.97432,28.66124],[76.97955,28.65572],[76.98605,28.65371],[76.99009,28.65077],[76.99342,28.64532],[77.00498,28.63502],[77.00893,28.63922],[77.00244,28.65143],[76.99688,28.65526],[76.99515,28.66603]]]}},{"type":"Feature","properties":{"unit_id":"a5_09197676","name":"Surakh Pur","native_id":"09197676","source":"geoboundaries_adm5","adm3_name":"Najafgarh","adm3_id":"7132399B36698820051377","split":false},"geometry":{"type":"Polygon","coordinates":[[[76.93781,28.62631],[76.9421,28.61702],[76.9505,28.61614],[76.96421,28.61993],[76.95981,28.62806],[76.95811,28.63683],[76.95208,28.63756],[76.94192,28.63423],[76.94367,28.63249],[76.93781,28.62631]]]}},{"type":"Feature","properties":{"unit_id":"a5_36128758","name":"Goela Khurd","native_id":"36128758","source":"geoboundaries_adm5","adm3_name":"Kapeshera","adm3_id":"7132399B6806265883243","split":false},"geometry":{"type":"Polygon","coordinates":[[[77.01045,28.57666],[77.01812,28.57821],[77.02533,28.58449],[77.02426,28.58556],[77.02561,28.59097],[77.02323,28.59216],[77.01743,28.59191],[77.01107,28.58806],[77.00528,28.58144],[77.01045,28.57666]]]}},{"type":"Feature","properties":{"unit_id":"a5_88408292","name":"Taj Pur Khurd","native_id":"88408292","source":"geoboundaries_adm5","adm3_name":"Kapeshera","adm3_id":"7132399B6806265883243","split":false},"geometry":{"type":"Polygon","coordinates":[[[77.01133,28.57122],[77.01938,28.56978],[77.02153,28.56608],[77.02779,28.5592],[77.0344,28.56744],[77.02662,28.57148],[77.0249,28.57778],[77.01812,28.57821],[77.01045,28.57666],[77.01133,28.57122]]]}},{"type":"Feature","properties":{"unit_id":"a5_40266235","name":"Malik Pur zer-Najafgarh","native_id":"40266235","source":"geoboundaries_adm5","adm3_name":"Najafgarh","adm3_id":"7132399B36698820051377","split":false},"geometry":{"type":"Polygon","coordinates":[[[76.9086,28.56052],[76.9052,28.56851],[76.9052,28.57514],[76.90007,28.57793],[76.89912,28.57479],[76.89143,28.56917],[76.88826,28.56382],[76.88713,28.5589],[76.88885,28.55213],[76.89801,28.54937],[76.90902,28.54967],[76.9086,28.56052]]]}},{"type":"Feature","properties":{"unit_id":"a5_41186929","name":"Asalat Pur Khawad","native_id":"41186929","source":"geoboundaries_adm5","adm3_name":"Kapeshera","adm3_id":"7132399B6806265883243","split":false},"geometry":{"type":"Polygon","coordinates":[[[76.9488,28.53936],[76.95992,28.54353],[76.95556,28.55026],[76.93888,28.54704],[76.93985,28.54521],[76.93822,28.54205],[76.9488,28.53936]]]}},{"type":"Feature","properties":{"unit_id":"a5_01409591","name":"Mamoor Pur","native_id":"01409591","source":"geoboundaries_adm5","adm3_name":"Narela","adm3_id":"7132399B91704180473431","split":false},"geometry":{"type":"Polygon","coordinates":[[[77.10973,28.86722],[77.09361,28.8694],[77.08612,28.87932],[77.08008,28.87427],[77.08229,28.8699],[77.08712,28.86672],[77.09695,28.86308],[77.11058,28.85506],[77.12075,28.85155],[77.12463,28.8607],[77.11997,28.86089],[77.11742,28.86322],[77.10973,28.86722]]]}},{"type":"Feature","properties":{"unit_id":"a5_34132701","name":"Singhola","native_id":"34132701","source":"geoboundaries_adm5","adm3_name":"Alipur","adm3_id":"7132399B85719344731300","split":false},"geometry":{"type":"Polygon","coordinates":[[[77.14423,28.84019],[77.13748,28.84317],[77.13077,28.84881],[77.12809,28.84894],[77.12665,28.85518],[77.12388,28.85636],[77.12463,28.8607],[77.12075,28.85155],[77.11618,28.84595],[77.12039,28.8379],[77.12882,28.83712],[77.13592,28.83305],[77.14125,28.83419],[77.14719,28.83768],[77.14423,28.84019]]]}},{"type":"Feature","properties":{"unit_id":"a5_11078733","name":"Tigi Pur","native_id":"11078733","source":"geoboundaries_adm5","adm3_name":"Alipur","adm3_id":"7132399B85719344731300","split":false},"geometry":{"type":"Polygon","coordinates":[[[77.20435,28.81641],[77.20138,28.82631],[77.19122,28.82659],[77.19045,28.81742],[77.20378,28.81582],[77.20435,28.81641]]]}},{"type":"Feature","properties":{"unit_id":"a5_44720584","name":"Ochandi","native_id":"44720584","source":"geoboundaries_adm5","adm3_name":"Narela","adm3_id":"7132399B91704180473431","split":false},"geometry":{"type":"Polygon","coordinates":[[[76.98066,28.81998],[76.98706,28.81659],[76.98904,28.80957],[76.9946,28.81012],[76.99831,28.8082],[77.001,28.81258],[77.00214,28.81644],[77.00027,28.8238],[76.99438,28.82766],[76.99133,28.83257],[76.9877,28.82793],[76.9838,28.82071],[76.98066,28.81998]]]}},{"type":"Feature","properties":{"unit_id":"a5_40380312","name":"Katewara","native_id":"40380312","source":"geoboundaries_adm5","adm3_name":"Narela","adm3_id":"7132399B91704180473431","split":false},"geometry":{"type":"Polygon","coordinates":[[[76.99831,28.8082],[76.9946,28.81012],[76.98904,28.80957],[76.98711,28.80615],[76.9742,28.79969],[76.97568,28.79784],[76.99568,28.78727],[77.00016,28.78562],[76.99917,28.79111],[77.0024,28.79746],[77.00195,28.80517],[76.99831,28.8082]]]}},{"type":"Feature","properties":{"unit_id":"a5_55946244","name":"Holambi Khurd","native_id":"55946244","source":"geoboundaries_adm5","adm3_name":"Narela","adm3_id":"7132399B91704180473431","split":false},"geometry":{"type":"Polygon","coordinates":[[[77.10397,28.79216],[77.12169,28.79721],[77.12205,28.80121],[77.11936,28.80566],[77.11348,28.8023],[77.10569,28.8012],[77.08747,28.80063],[77.07668,28.80181],[77.07282,28.79977],[77.07012,28.79558],[77.08582,28.79258],[77.09523,28.79385],[77.10397,28.79216]]]}},{"type":"Feature","properties":{"unit_id":"a5_88913848","name":"Nangli Poona","native_id":"88913848","source":"geoboundaries_adm5","adm3_name":"Alipur","adm3_id":"7132399B85719344731300","split":false},"geometry":{"type":"Polygon","coordinates":[[[77.13273,28.77741],[77.13211,28.77388],[77.13361,28.77278],[77.13872,28.775],[77.13768,28.77018],[77.15149,28.76781],[77.15131,28.77766],[77.14867,28.78168],[77.13273,28.77741]]]}},{"type":"Feature","properties":{"unit_id":"a5_34532012","name":"Garhi Rindhala","native_id":"34532012","source":"geoboundaries_adm5","adm3_name":"Kanjhawala","adm3_id":"7132399B3309272879411","split":false},"geometry":{"type":"Polygon","coordinates":[[[76.96028,28.73064],[76.97047,28.72712],[76.97703,28.72659],[76.98518,28.72957],[76.9871,28.733],[76.99123,28.7355],[76.99173,28.74247],[76.98641,28.74053],[76.96027,28.74151],[76.95915,28.73636],[76.96028,28.73064]]]}},{"type":"Feature","properties":{"unit_id":"a5_57431931","name":"Qazi Pur","native_id":"57431931","source":"geoboundaries_adm5","adm3_name":"Najafgarh","adm3_id":"7132399B36698820051377","split":false},"geometry":{"type":"Polygon","coordinates":[[[76.89359,28.58595],[76.88331,28.58921],[76.87552,28.57358],[76.8763,28.57131],[76.88422,28.56867],[76.88826,28.56382],[76.89143,28.56917],[76.89912,28.57479],[76.90007,28.57793],[76.89359,28.58595]]]}},{"type":"Feature","properties":{"unit_id":"a5_41545327","name":"Salah Pur","native_id":"41545327","source":"geoboundaries_adm5","adm3_name":"Kapeshera","adm3_id":"7132399B6806265883243","split":false},"geometry":{"type":"Polygon","coordinates":[[[77.07626,28.51475],[77.07409,28.51674],[77.0634,28.5198],[77.05092,28.51782],[77.04928,28.51596],[77.05845,28.50995],[77.06664,28.50857],[77.07626,28.51475]]]}},{"type":"Feature","properties":{"unit_id":"a5_12484970","name":"Goman Hera","native_id":"12484970","source":"geoboundaries_adm5","adm3_name":"Kapeshera","adm3_id":"7132399B6806265883243","split":false},"geometry":{"type":"Polygon","coordinates":[[[76.93744,28.51249],[76.94121,28.52496],[76.93152,28.52775],[76.93532,28.53931],[76.93822,28.54205],[76.93985,28.54521],[76.93888,28.54704],[76.93202,28.55091],[76.94062,28.56011],[76.93669,28.56409],[76.936,28.56864],[76.92025,28.56505],[76.92138,28.55543],[76.91821,28.55128],[76.91242,28.54953],[76.91157,28.54186],[76.91578,28.53878],[76.91376,28.5333],[76.91081,28.53213],[76.92777,28.51272],[76.93223,28.51408],[76.93744,28.51249]]]}},{"type":"Feature","properties":{"unit_id":"a5_00950326","name":"Sarang Pur","native_id":"00950326","source":"geoboundaries_adm5","adm3_name":"Najafgarh","adm3_id":"7132399B36698820051377","split":false},"geometry":{"type":"Polygon","coordinates":[[[76.89276,28.53749],[76.89801,28.54937],[76.88885,28.55213],[76.8828,28.5501],[76.87603,28.55251],[76.87478,28.55157],[76.87892,28.54407],[76.89,28.53737],[76.89276,28.53749]]]}},{"type":"Feature","properties":{"unit_id":"a5_04089245","name":"Dhansa","native_id":"04089245","source":"geoboundaries_adm5","adm3_name":"Najafgarh","adm3_id":"7132399B36698820051377","split":false},"geometry":{"type":"Polygon","coordinates":[[[76.84401,28.56924],[76.84703,28.55264],[76.8546,28.54833],[76.86631,28.5427],[76.86765,28.5395],[76.87892,28.54407],[76.87478,28.55157],[76.87603,28.55251],[76.87675,28.55481],[76.87407,28.56177],[76.85324,28.56874],[76.84529,28.57461],[76.84275,28.5784],[76.84401,28.56924]]]}},{"type":"Feature","properties":{"unit_id":"a5_94771429","name":"Singhu","native_id":"94771429","source":"geoboundaries_adm5","adm3_name":"Alipur","adm3_id":"7132399B85719344731300","split":false},"geometry":{"type":"Polygon","coordinates":[[[77.12463,28.8607],[77.12388,28.85636],[77.12665,28.85518],[77.12809,28.84894],[77.13077,28.84881],[77.13748,28.84317],[77.14423,28.84019],[77.14536,28.85323],[77.13884,28.86013],[77.12463,28.8607]]]}},{"type":"Feature","properties":{"unit_id":"a5_79443978","name":"Pur Delhi","native_id":"79443978","source":"geoboundaries_adm5","adm3_name":"Karawal Nagar","adm3_id":"7132399B35613475184062","split":false},"geometry":{"type":"Polygon","coordinates":[[[77.21062,28.78641],[77.20757,28.78402],[77.2068,28.77813],[77.21814,28.7686],[77.23407,28.77057],[77.22732,28.77633],[77.22441,28.77676],[77.21882,28.78182],[77.21062,28.78641]]]}},{"type":"Feature","properties":{"unit_id":"a5_15168759","name":"Bihari Pur","native_id":"15168759","source":"geoboundaries_adm5","adm3_name":"Karawal Nagar","adm3_id":"7132399B35613475184062","split":false},"geometry":{"type":"Polygon","coordinates":[[[77.26384,28.71201],[77.26537,28.72793],[77.2588,28.72682],[77.25708,28.71268],[77.26384,28.71201]]]}},{"type":"Feature","properties":{"unit_id":"a5_43194295","name":"Paprawat","native_id":"43194295","source":"geoboundaries_adm5","adm3_name":"Kapeshera","adm3_id":"7132399B6806265883243","split":false},"geometry":{"type":"Polygon","coordinates":[[[76.98423,28.59591],[76.97653,28.59117],[76.96642,28.57835],[76.97741,28.57264],[76.97885,28.57033],[76.98818,28.57309],[76.99302,28.57677],[76.99776,28.58545],[76.98828,28.59366],[76.98741,28.59609],[76.98423,28.59591]]]}},{"type":"Feature","properties":{"unit_id":"a5_02726163","name":"Qutab Pur","native_id":"02726163","source":"geoboundaries_adm5","adm3_name":"Kapeshera","adm3_id":"7132399B6806265883243","split":false},"geometry":{"type":"Polygon","coordinates":[[[77.01812,28.57821],[77.0249,28.57778],[77.02662,28.57148],[77.0344,28.56744],[77.03847,28.57058],[77.04325,28.5775],[77.03615,28.58195],[77.02533,28.58449],[77.01812,28.57821]]]}},{"type":"Feature","properties":{"unit_id":"a5_48730246","name":"Kharkhari Jatmal","native_id":"48730246","source":"geoboundaries_adm5","adm3_name":"Kapeshera","adm3_id":"7132399B6806265883243","split":false},"geometry":{"type":"Polygon","coordinates":[[[76.94792,28.56918],[76.9503,28.57116],[76.9514,28.57771],[76.95541,28.57683],[76.95853,28.57817],[76.95733,28.58297],[76.9552,28.58377],[76.93398,28.5856],[76.93002,28.58056],[76.93045,28.5742],[76.9372,28.56922],[76.94521,28.56819],[76.94792,28.56918]]]}},{"type":"Feature","properties":{"unit_id":"a5_01678749","name":"Baqar Garh","native_id":"01678749","source":"geoboundaries_adm5","adm3_name":"Najafgarh","adm3_id":"7132399B36698820051377","split":false},"geometry":{"type":"Polygon","coordinates":[[[76.86758,28.59246],[76.88331,28.58921],[76.89359,28.58595],[76.90019,28.59108],[76.90451,28.59685],[76.90374,28.59868],[76.89324,28.60031],[76.87586,28.6083],[76.87015,28.59673],[76.86758,28.59246]]]}},{"type":"Feature","properties":{"unit_id":"a5_21348453","name":"Shikar Pur","native_id":"21348453","source":"geoboundaries_adm5","adm3_name":"Kapeshera","adm3_id":"7132399B6806265883243","split":false},"geometry":{"type":"Polygon","coordinates":[[[76.9483,28.50968],[76.95745,28.52154],[76.95977,28.52806],[76.97026,28.54407],[76.95992,28.54353],[76.9488,28.53936],[76.94121,28.52496],[76.93744,28.51249],[76.9483,28.50968]]]}},{"type":"Feature","properties":{"unit_id":"a5_20263972","name":"Sadat Pur Musalmanan","native_id":"20263972","source":"geoboundaries_adm5","adm3_name":"Karawal Nagar","adm3_id":"7132399B35613475184062","split":false},"geometry":{"type":"Polygon","coordinates":[[[77.26387,28.73779],[77.252,28.73457],[77.24012,28.72811],[77.24125,28.72425],[77.25367,28.7271],[77.2588,28.72682],[77.26537,28.72793],[77.26756,28.73397],[77.26387,28.73779]]]}},{"type":"Feature","properties":{"unit_id":"a5_18181044","name":"Kamal Pur Majra Burari (CT)","native_id":"18181044","source":"geoboundaries_adm5","adm3_name":"Civil Lines","adm3_id":"7132399B52831242342236","split":false},"geometry":{"type":"Polygon","coordinates":[[[77.19775,28.74223],[77.19996,28.75509],[77.19849,28.75716],[77.19335,28.75292],[77.19004,28.75205],[77.19468,28.74205],[77.19775,28.74223]]]}},{"type":"Feature","properties":{"unit_id":"a5_75719565","name":"Badar Pur Khadar","native_id":"75719565","source":"geoboundaries_adm5","adm3_name":"Karawal Nagar","adm3_id":"7132399B35613475184062","split":false},"geometry":{"type":"Polygon","coordinates":[[[77.23493,28.78228],[77.21882,28.78182],[77.22441,28.77676],[77.22732,28.77633],[77.23232,28.77838],[77.23493,28.78228]]]}},{"type":"Feature","properties":{"unit_id":"a5_54506136","name":"Shahur Pur","native_id":"54506136","source":"geoboundaries_adm5","adm3_name":"Saket","adm3_id":"7132399B1702903600735","split":false},"geometry":{"type":"Polygon","coordinates":[[[77.23602,28.45573],[77.22412,28.45345],[77.21529,28.4536],[77.21468,28.45462],[77.20982,28.45304],[77.20463,28.45419],[77.19456,28.46156],[77.18971,28.46262],[77.18525,28.45297],[77.1886,28.44974],[77.19467,28.45052],[77.20968,28.44316],[77.2132,28.44336],[77.2264,28.44739],[77.2382,28.45457],[77.23602,28.45573]]]}},{"type":"Feature","properties":{"unit_id":"a5_77015999","name":"Kharkhari Nahar","native_id":"77015999","source":"geoboundaries_adm5","adm3_name":"Najafgarh","adm3_id":"7132399B36698820051377","split":false},"geometry":{"type":"Polygon","coordinates":[[[76.95266,28.59697],[76.95528,28.58945],[76.96093,28.586],[76.96182,28.58369],[76.96032,28.57843],[76.96381,28.57695],[76.96642,28.57835],[76.97653,28.59117],[76.9731,28.59689],[76.96772,28.59768],[76.96002,28.60204],[76.95266,28.59697]]]}},{"type":"Feature","properties":{"unit_id":"a5_44776880","name":"Hamid Pur","native_id":"44776880","source":"geoboundaries_adm5","adm3_name":"Alipur","adm3_id":"7132399B85719344731300","split":false},"geometry":{"type":"Polygon","coordinates":[[[77.14719,28.83768],[77.14125,28.83419],[77.14524,28.82547],[77.15775,28.82294],[77.16644,28.82744],[77.15796,28.84103],[77.15265,28.83719],[77.14946,28.8364],[77.14719,28.83768]]]}},{"type":"Feature","properties":{"unit_id":"a5_43048884","name":"Salah Pur Majra","native_id":"43048884","source":"geoboundaries_adm5","adm3_name":"Kanjhawala","adm3_id":"7132399B3309272879411","split":false},"geometry":{"type":"Polygon","coordinates":[[[77.00217,28.78498],[76.99568,28.78727],[76.99543,28.77869],[76.98334,28.77626],[76.98469,28.76971],[76.98816,28.7642],[76.99103,28.76245],[77.00053,28.75349],[76.99991,28.74966],[77.0025,28.75113],[77.00111,28.77557],[77.00217,28.78498]]]}},{"type":"Feature","properties":{"unit_id":"a5_16429249","name":"Lad Pur (CT)","native_id":"16429249","source":"geoboundaries_adm5","adm3_name":"Kanjhawala","adm3_id":"7132399B3309272879411","split":false},"geometry":{"type":"Polygon","coordinates":[[[77.00885,28.74818],[77.0025,28.75113],[76.99991,28.74966],[77.00053,28.75349],[76.99103,28.76245],[76.99173,28.74247],[76.99123,28.7355],[76.9871,28.733],[76.98518,28.72957],[76.9896,28.71877],[76.99359,28.72042],[76.99992,28.7273],[77.00619,28.73806],[77.00885,28.74818]]]}},{"type":"Feature","properties":{"unit_id":"a5_80703551","name":"Shakar Pur Baramad (CT)","native_id":"80703551","source":"geoboundaries_adm5","adm3_name":"Gandhi Nagar","adm3_id":"7132399B7098432082239","split":false},"geometry":{"type":"Polygon","coordinates":[[[77.28478,28.61388],[77.28426,28.61013],[77.28227,28.60904],[77.28054,28.61037],[77.25862,28.59865],[77.25134,28.59698],[77.25657,28.59042],[77.26072,28.58987],[77.27019,28.58252],[77.27878,28.59027],[77.28623,28.59527],[77.28898,28.5955],[77.28424,28.60358],[77.282,28.60667],[77.28688,28.61031],[77.28478,28.61388]]]}},{"type":"Feature","properties":{"unit_id":"a5_95960652","name":"Baqiabad (CT)","native_id":"95960652","source":"geoboundaries_adm5","adm3_name":"Karawal Nagar","adm3_id":"7132399B35613475184062","split":false},"geometry":{"type":"Polygon","coordinates":[[[77.22862,28.72733],[77.24012,28.72811],[77.252,28.73457],[77.25375,28.73807],[77.25339,28.74216],[77.24824,28.7452],[77.24322,28.74556],[77.22671,28.74177],[77.23075,28.73455],[77.23067,28.73066],[77.22862,28.72733]]]}},{"type":"Feature","properties":{"unit_id":"a5_43926333","name":"Kapas Hera (CT)","native_id":"43926333","source":"geoboundaries_adm5","adm3_name":"Vasant Vihar","adm3_id":"7132399B56421203728232","split":false},"geometry":{"type":"Polygon","coordinates":[[[77.09705,28.50384],[77.106,28.51597],[77.08996,28.52374],[77.08485,28.52454],[77.08467,28.52265],[77.07753,28.51531],[77.08218,28.51497],[77.09705,28.50384]]]}},{"type":"Feature","properties":{"unit_id":"a5_93498758","name":"Sambhalka (CT)","native_id":"93498758","source":"geoboundaries_adm5","adm3_name":"Vasant Vihar","adm3_id":"7132399B56421203728232","split":false},"geometry":{"type":"Polygon","coordinates":[[[77.09423,28.53327],[77.0873,28.5348],[77.08411,28.53374],[77.08485,28.52454],[77.08996,28.52374],[77.106,28.51597],[77.11291,28.51646],[77.11614,28.52026],[77.11097,28.52651],[77.11196,28.52835],[77.09423,28.53327]]]}},{"type":"Feature","properties":{"unit_id":"a5_94379634","name":"Mithe Pur (CT)","native_id":"94379634","source":"geoboundaries_adm5","adm3_name":"Sarita Vihar","adm3_id":"7132399B48945131257373","split":false},"geometry":{"type":"Polygon","coordinates":[[[77.3389,28.50283],[77.32673,28.50552],[77.31231,28.50193],[77.31703,28.48594],[77.31434,28.48497],[77.31673,28.48519],[77.32474,28.48906],[77.33159,28.49388],[77.33657,28.49796],[77.3389,28.50283]]]}},{"type":"Feature","properties":{"unit_id":"a5_94530191","name":"Siras Pur (CT)","native_id":"94530191","source":"geoboundaries_adm5","adm3_name":"Alipur","adm3_id":"7132399B85719344731300","split":false},"geometry":{"type":"Polygon","coordinates":[[[77.16235,28.75548],[77.16279,28.76351],[77.16247,28.76699],[77.15826,28.76414],[77.15149,28.76781],[77.13768,28.77018],[77.12991,28.76784],[77.12846,28.76509],[77.13008,28.76058],[77.12924,28.75886],[77.12257,28.75476],[77.12861,28.75059],[77.14448,28.75161],[77.14795,28.75687],[77.16235,28.75548]]]}},{"type":"Feature","properties":{"unit_id":"a5_73460818","name":"Begum Pur (CT)","native_id":"73460818","source":"geoboundaries_adm5","adm3_name":"Rohini","adm3_id":"7132399B38909788095823","split":false},"geometry":{"type":"Polygon","coordinates":[[[77.0729,28.74426],[77.06773,28.74615],[77.05726,28.74574],[77.0563,28.74414],[77.06025,28.73884],[77.05888,28.72983],[77.06213,28.72792],[77.07243,28.72489],[77.07315,28.73847],[77.0729,28.74426]]]}},{"type":"Feature","properties":{"unit_id":"a5_50549081","name":"Raja Pur Khurd (CT)","native_id":"50549081","source":"geoboundaries_adm5","adm3_name":"Patel Nagar","adm3_id":"7132399B921144202524","split":false},"geometry":{"type":"Polygon","coordinates":[[[77.0399,28.65033],[77.02995,28.64443],[77.02526,28.64079],[77.02526,28.63273],[77.03493,28.63482],[77.04316,28.63404],[77.05043,28.63543],[77.05027,28.63761],[77.04351,28.64081],[77.0399,28.65033]]]}},{"type":"Feature","properties":{"unit_id":"a5_64063091","name":"Khera Khurd (CT)","native_id":"64063091","source":"geoboundaries_adm5","adm3_name":"Narela","adm3_id":"7132399B91704180473431","split":false},"geometry":{"type":"Polygon","coordinates":[[[77.0936,28.76299],[77.09422,28.76594],[77.09838,28.76965],[77.10387,28.76762],[77.11731,28.78328],[77.12099,28.78639],[77.12794,28.78909],[77.12595,28.79353],[77.12282,28.79469],[77.12169,28.79721],[77.10397,28.79216],[77.09609,28.78374],[77.09004,28.78198],[77.07742,28.7888],[77.06561,28.78938],[77.06519,28.78786],[77.07156,28.78474],[77.07235,28.78133],[77.07654,28.77787],[77.07839,28.77084],[77.08215,28.76688],[77.08077,28.76065],[77.08167,28.76004],[77.08625,28.7639],[77.09062,28.76528],[77.0936,28.76299]]]}},{"type":"Feature","properties":{"unit_id":"a5_21818669","name":"Sahibabad Daulat Pur (CT)","native_id":"21818669","source":"geoboundaries_adm5","adm3_name":"Alipur","adm3_id":"7132399B85719344731300","split":false},"geometry":{"type":"Polygon","coordinates":[[[77.09898,28.74248],[77.10502,28.73847],[77.11336,28.74841],[77.13193,28.74694],[77.12861,28.75059],[77.12257,28.75476],[77.12184,28.75424],[77.12085,28.75204],[77.11509,28.75346],[77.11089,28.75761],[77.10332,28.76057],[77.10161,28.75953],[77.10019,28.76161],[77.10387,28.76762],[77.09838,28.76965],[77.09422,28.76594],[77.0936,28.76299],[77.09347,28.74735],[77.09924,28.7441],[77.09898,28.74248]]]}},{"type":"Feature","properties":{"unit_id":"a5_17659912","name":"Fateh Pur Beri (CT)","native_id":"17659912","source":"geoboundaries_adm5","adm3_name":"Mehrauli","adm3_id":"7132399B38015290776987","split":false},"geometry":{"type":"Polygon","coordinates":[[[77.1886,28.44974],[77.18525,28.45297],[77.17779,28.45598],[77.16962,28.45592],[77.16529,28.44632],[77.16364,28.44435],[77.16344,28.44531],[77.16245,28.44386],[77.17595,28.44133],[77.18111,28.43536],[77.18625,28.44435],[77.1886,28.44974]]]}},{"type":"Feature","properties":{"unit_id":"a5_57343677","name":"Bankner (CT)","native_id":"57343677","source":"geoboundaries_adm5","adm3_name":"Narela","adm3_id":"7132399B91704180473431","split":false},"geometry":{"type":"Polygon","coordinates":[[[77.06678,28.86792],[77.06403,28.86522],[77.06944,28.85299],[77.06768,28.84778],[77.05984,28.83975],[77.04171,28.83161],[77.04063,28.83153],[77.04405,28.83068],[77.05294,28.83284],[77.061,28.83287],[77.06247,28.82986],[77.06598,28.82925],[77.06287,28.82427],[77.06411,28.82183],[77.0704,28.82496],[77.07799,28.83736],[77.08412,28.85772],[77.08231,28.86579],[77.07721,28.86981],[77.07592,28.86781],[77.06678,28.86792]]]}},{"type":"Feature","properties":{"unit_id":"a5_95466649","name":"Burari  (CT)","native_id":"95466649","source":"geoboundaries_adm5","adm3_name":"Civil Lines","adm3_id":"7132399B52831242342236","split":false},"geometry":{"type":"Polygon","coordinates":[[[77.18347,28.75308],[77.19004,28.75205],[77.19335,28.75292],[77.19849,28.75716],[77.19996,28.75509],[77.19808,28.74503],[77.20784,28.74494],[77.21161,28.7463],[77.21046,28.74897],[77.21174,28.75347],[77.22029,28.75932],[77.21711,28.76596],[77.2116,28.76476],[77.20275,28.7593],[77.18681,28.77129],[77.17485,28.77343],[77.17386,28.769],[77.17694,28.76632],[77.17683,28.76323],[77.17736,28.76064],[77.18126,28.75992],[77.18128,28.75722],[77.18474,28.75574],[77.18347,28.75308]]]}},{"type":"Feature","properties":{"unit_id":"a5_63935046","name":"Jharoda Majra Burari  (CT)","native_id":"63935046","source":"geoboundaries_adm5","adm3_name":"Civil Lines","adm3_id":"7132399B52831242342236","split":false},"geometry":{"type":"Polygon","coordinates":[[[77.19551,28.73326],[77.19622,28.73415],[77.20024,28.73314],[77.21266,28.72797],[77.20902,28.73449],[77.21502,28.73472],[77.21628,28.73687],[77.20784,28.74494],[77.19808,28.74503],[77.19775,28.74223],[77.19468,28.74205],[77.19267,28.7408],[77.19334,28.73405],[77.19551,28.73326]]]}},{"type":"Feature","properties":{"unit_id":"a5_53406741","name":"Saidul Azaib (CT)","native_id":"53406741","source":"geoboundaries_adm5","adm3_name":"Hauz Khas","adm3_id":"7132399B8308156936447","split":false},"geometry":{"type":"Polygon","coordinates":[[[77.19779,28.51021],[77.20328,28.50897],[77.20891,28.5046],[77.21262,28.50381],[77.21474,28.50571],[77.21601,28.50816],[77.21442,28.51289],[77.20147,28.51609],[77.1986,28.51282],[77.19779,28.51021]]]}},{"type":"Feature","properties":{"unit_id":"a5_43756925","name":"Gheora (CT)","native_id":"43756925","source":"geoboundaries_adm5","adm3_name":"Kanjhawala","adm3_id":"7132399B3309272879411","split":false},"geometry":{"type":"Polygon","coordinates":[[[77.00233,28.68083],[77.00462,28.68355],[77.00476,28.68712],[77.00762,28.68741],[77.01163,28.69112],[77.01149,28.69398],[77.01361,28.69603],[77.01089,28.69872],[77.00521,28.71228],[77.00066,28.70225],[76.98964,28.70112],[76.97941,28.70276],[76.97801,28.7017],[76.97815,28.70041],[76.98116,28.70041],[76.98388,28.69369],[76.98802,28.69255],[76.99203,28.68912],[76.99389,28.68455],[76.99618,28.68455],[76.99832,28.68083],[77.00233,28.68083]]]}},{"type":"Feature","properties":{"unit_id":"a5_41258252","name":"Kirari Suleman Nagar (CT)","native_id":"41258252","source":"geoboundaries_adm5","adm3_name":"Rohini","adm3_id":"7132399B38909788095823","split":false},"geometry":{"type":"Polygon","coordinates":[[[77.04823,28.68745],[77.06029,28.68553],[77.06304,28.68736],[77.06674,28.69865],[77.07235,28.70231],[77.07555,28.70126],[77.07824,28.70631],[77.07826,28.70968],[77.07307,28.71105],[77.06033,28.71935],[77.05781,28.71187],[77.04995,28.70296],[77.04427,28.70502],[77.03931,28.7009],[77.03666,28.69111],[77.04279,28.68755],[77.04823,28.68745]]]}},{"type":"Feature","properties":{"unit_id":"a5_00946134","name":"Jaffar Pur Kalan (CT)","native_id":"00946134","source":"geoboundaries_adm5","adm3_name":"Najafgarh","adm3_id":"7132399B36698820051377","split":false},"geometry":{"type":"Polygon","coordinates":[[[76.91606,28.61196],[76.91669,28.60665],[76.91233,28.60111],[76.90374,28.59868],[76.90451,28.59685],[76.90968,28.59025],[76.91843,28.58478],[76.93002,28.58056],[76.93806,28.59115],[76.94238,28.59318],[76.9339,28.60005],[76.92854,28.60733],[76.91606,28.61196]]]}},{"type":"Feature","properties":{"unit_id":"a5_64362182","name":"Pooth Kalan (CT)","native_id":"64362182","source":"geoboundaries_adm5","adm3_name":"Rohini","adm3_id":"7132399B38909788095823","split":false},"geometry":{"type":"Polygon","coordinates":[[[77.09335,28.74093],[77.08452,28.73126],[77.07315,28.73847],[77.07243,28.72489],[77.06213,28.72792],[77.058,28.72203],[77.06033,28.71935],[77.07307,28.71105],[77.09016,28.70632],[77.08353,28.71615],[77.08066,28.7176],[77.08112,28.72315],[77.08569,28.72213],[77.08879,28.72581],[77.09248,28.72475],[77.10013,28.72706],[77.10502,28.73847],[77.09898,28.74248],[77.09335,28.74093]]]}},{"type":"Feature","properties":{"unit_id":"a5_58591171","name":"Mir Pur Turk (CT)","native_id":"58591171","source":"geoboundaries_adm5","adm3_name":"Seelam Pur","adm3_id":"7132399B3411190247591","split":false},"geometry":{"type":"Polygon","coordinates":[[[77.26386,28.69954],[77.27738,28.69838],[77.27829,28.70259],[77.27185,28.70152],[77.27052,28.70102],[77.26831,28.70723],[77.26746,28.70678],[77.26386,28.69954]]]}},{"type":"Feature","properties":{"unit_id":"a5_17159127","name":"Sadat Pur Gujran (CT)","native_id":"17159127","source":"geoboundaries_adm5","adm3_name":"Karawal Nagar","adm3_id":"7132399B35613475184062","split":false},"geometry":{"type":"MultiPolygon","coordinates":[[[[77.2633,28.70756],[77.26423,28.71166],[77.26384,28.71201],[77.25708,28.71268],[77.2588,28.72682],[77.25367,28.7271],[77.24125,28.72425],[77.23826,28.71446],[77.23853,28.70981],[77.23579,28.70655],[77.25547,28.70156],[77.25569,28.70902],[77.2633,28.70756]]],[[[77.27339,28.71937],[77.27444,28.72088],[77.273,28.72131],[77.27192,28.71962],[77.27339,28.71937]]]]}},{"type":"Feature","properties":{"unit_id":"a5_51995033","name":"Karawal Nagar (CT)","native_id":"51995033","source":"geoboundaries_adm5","adm3_name":"Karawal Nagar","adm3_id":"7132399B35613475184062","split":false},"geometry":{"type":"Polygon","coordinates":[[[77.26756,28.73397],[77.26537,28.72793],[77.264,28.71358],[77.27181,28.71508],[77.27334,28.71463],[77.27269,28.71345],[77.28056,28.70989],[77.28433,28.71039],[77.28719,28.70971],[77.28667,28.71211],[77.29297,28.72122],[77.28706,28.72899],[77.28133,28.73278],[77.27657,28.73388],[77.27013,28.73272],[77.26756,28.73397]],[[77.27339,28.71937],[77.27192,28.71962],[77.273,28.72131],[77.27444,28.72088],[77.27339,28.71937]]]}},{"type":"Feature","properties":{"unit_id":"a5_12921459","name":"Dayal Pur (CT)","native_id":"12921459","source":"geoboundaries_adm5","adm3_name":"Seelam Pur","adm3_id":"7132399B3411190247591","split":false},"geometry":{"type":"Polygon","coordinates":[[[77.26399,28.7133],[77.2678,28.71235],[77.26906,28.70836],[77.27037,28.71303],[77.27269,28.71345],[77.27334,28.71463],[77.27181,28.71508],[77.264,28.71358],[77.26399,28.7133]]]}},{"type":"Feature","properties":{"unit_id":"a5_91980771","name":"Mustafabad (CT)","native_id":"91980771","source":"geoboundaries_adm5","adm3_name":"Yamuna Vihar","adm3_id":"7132399B85415315674850","split":false},"geometry":{"type":"Polygon","coordinates":[[[77.27738,28.69838],[77.28094,28.69819],[77.28433,28.71039],[77.28056,28.70989],[77.27269,28.71345],[77.27037,28.71303],[77.26906,28.70836],[77.27215,28.70418],[77.27185,28.70152],[77.27829,28.70259],[77.27738,28.69838]]]}},{"type":"Feature","properties":{"unit_id":"a5_16145043","name":"Ziauddin Pur (CT)","native_id":"16145043","source":"geoboundaries_adm5","adm3_name":"Yamuna Vihar","adm3_id":"7132399B85415315674850","split":false},"geometry":{"type":"Polygon","coordinates":[[[77.28719,28.70971],[77.28433,28.71039],[77.28094,28.69819],[77.27759,28.69837],[77.2783,28.69037],[77.28385,28.68932],[77.28537,28.69324],[77.2853,28.69761],[77.28666,28.69751],[77.28675,28.70084],[77.28935,28.70172],[77.28917,28.70418],[77.2913,28.70591],[77.28876,28.70675],[77.28719,28.70971]]]}},{"type":"Feature","properties":{"unit_id":"a5_56225558","name":"Gharoli (CT)","native_id":"56225558","source":"geoboundaries_adm5","adm3_name":"Mayur Vihar","adm3_id":"7132399B60528361631165","split":false},"geometry":{"type":"Polygon","coordinates":[[[77.3285,28.63305],[77.31694,28.62849],[77.32247,28.61736],[77.32115,28.61527],[77.32816,28.61244],[77.33112,28.61686],[77.33447,28.61495],[77.33322,28.61269],[77.33605,28.60842],[77.33957,28.60606],[77.34167,28.60778],[77.3465,28.60497],[77.34763,28.61201],[77.34717,28.61641],[77.34056,28.62593],[77.33106,28.63056],[77.3285,28.63305]]]}},{"type":"Feature","properties":{"unit_id":"a5_02120326","name":"Dallo Pura (CT)","native_id":"02120326","source":"geoboundaries_adm5","adm3_name":"Mayur Vihar","adm3_id":"7132399B60528361631165","split":false},"geometry":{"type":"Polygon","coordinates":[[[77.33272,28.59707],[77.32249,28.60679],[77.32008,28.60428],[77.3166,28.60634],[77.32253,28.61467],[77.32115,28.61527],[77.31509,28.61286],[77.30681,28.61225],[77.30815,28.60884],[77.30092,28.60503],[77.30399,28.59798],[77.30613,28.59867],[77.30498,28.59551],[77.30635,28.59372],[77.31041,28.59592],[77.31599,28.59005],[77.31996,28.59349],[77.32697,28.59448],[77.33272,28.59707]]]}},{"type":"Feature","properties":{"unit_id":"a5_78963024","name":"Chilla Saroda Bangar (CT)","native_id":"78963024","source":"geoboundaries_adm5","adm3_name":"Mayur Vihar","adm3_id":"7132399B60528361631165","split":false},"geometry":{"type":"Polygon","coordinates":[[[77.31599,28.59005],[77.31041,28.59592],[77.30635,28.59372],[77.30498,28.59551],[77.30613,28.59867],[77.30399,28.59798],[77.30092,28.60503],[77.29562,28.60282],[77.29601,28.6009],[77.29249,28.5985],[77.29307,28.59725],[77.29366,28.59712],[77.29741,28.59103],[77.30049,28.59181],[77.30196,28.58944],[77.30455,28.58754],[77.30084,28.58035],[77.30613,28.57841],[77.31599,28.59005]]]}},{"type":"Feature","properties":{"unit_id":"a5_67826937","name":"Kondli (CT)","native_id":"67826937","source":"geoboundaries_adm5","adm3_name":"Mayur Vihar","adm3_id":"7132399B60528361631165","split":false},"geometry":{"type":"Polygon","coordinates":[[[77.3465,28.60497],[77.34167,28.60778],[77.33957,28.60606],[77.33605,28.60842],[77.33322,28.61269],[77.33447,28.61495],[77.33112,28.61686],[77.32816,28.61244],[77.32253,28.61467],[77.3166,28.60634],[77.32008,28.60428],[77.32249,28.60679],[77.33272,28.59707],[77.34625,28.60339],[77.3465,28.60497]]]}},{"type":"Feature","properties":{"unit_id":"a5_40806173","name":"Quammruddin Nagar (CT)","native_id":"40806173","source":"geoboundaries_adm5","adm3_name":"Punjabi Bagh","adm3_id":"7132399B77907528818240","split":false},"geometry":{"type":"Polygon","coordinates":[[[77.04897,28.67763],[77.05207,28.66518],[77.06076,28.6642],[77.06557,28.6643],[77.06794,28.6709],[77.06356,28.67466],[77.04886,28.68091],[77.04897,28.67763]]]}},{"type":"Feature","properties":{"unit_id":"a5_35079370","name":"Jona Pur (CT)","native_id":"35079370","source":"geoboundaries_adm5","adm3_name":"Mehrauli","adm3_id":"7132399B38015290776987","split":false},"geometry":{"type":"Polygon","coordinates":[[[77.14341,28.45505],[77.14806,28.45549],[77.15237,28.45277],[77.15671,28.4527],[77.16269,28.44893],[77.16364,28.44435],[77.16529,28.44632],[77.16962,28.45592],[77.17039,28.46885],[77.15569,28.46723],[77.14929,28.46979],[77.14802,28.46131],[77.14341,28.45505]]]}},{"type":"Feature","properties":{"unit_id":"a5_69219322","name":"Bhati (CT)","native_id":"69219322","source":"geoboundaries_adm5","adm3_name":"Saket","adm3_id":"7132399B1702903600735","split":false},"geometry":{"type":"Polygon","coordinates":[[[77.22328,28.40988],[77.25034,28.4234],[77.25291,28.42823],[77.22382,28.43047],[77.19459,28.44268],[77.18625,28.44435],[77.18111,28.43536],[77.19323,28.41776],[77.20487,28.4071],[77.22328,28.40988]]]}},{"type":"Feature","properties":{"unit_id":"a5_87770459","name":"Chhawala (CT)","native_id":"87770459","source":"geoboundaries_adm5","adm3_name":"Kapeshera","adm3_id":"7132399B6806265883243","split":false},"geometry":{"type":"Polygon","coordinates":[[[77.0155,28.54523],[77.02779,28.5592],[77.02153,28.56608],[77.01938,28.56978],[77.01133,28.57122],[77.01057,28.56925],[77.00863,28.56889],[77.00497,28.57051],[76.99113,28.55941],[77.00018,28.55234],[77.0155,28.54523]]]}},{"type":"Feature","properties":{"unit_id":"a5_00602044","name":"Chattar Pur (CT)","native_id":"00602044","source":"geoboundaries_adm5","adm3_name":"Saket","adm3_id":"7132399B1702903600735","split":false},"geometry":{"type":"Polygon","coordinates":[[[77.19623,28.50224],[77.19328,28.50565],[77.18926,28.5087],[77.17419,28.49807],[77.17523,28.48838],[77.1685,28.47759],[77.17313,28.47068],[77.17769,28.46983],[77.18126,28.47164],[77.18767,28.47967],[77.19136,28.47939],[77.19458,28.48232],[77.19623,28.50224]]]}},{"type":"Feature","properties":{"unit_id":"a5_92532420","name":"Raj Pur Khurd (CT)","native_id":"92532420","source":"geoboundaries_adm5","adm3_name":"Saket","adm3_id":"7132399B1702903600735","split":false},"geometry":{"type":"Polygon","coordinates":[[[77.23793,28.46499],[77.22998,28.47007],[77.22541,28.47177],[77.21627,28.47222],[77.21097,28.4759],[77.20958,28.47805],[77.21237,28.48637],[77.20763,28.49099],[77.20432,28.49177],[77.19692,28.47662],[77.20805,28.46632],[77.21529,28.4536],[77.22412,28.45345],[77.23602,28.45573],[77.2355,28.45857],[77.23793,28.46499]]]}},{"type":"Feature","properties":{"unit_id":"a5_98389083","name":"Chandan Hola (CT)","native_id":"98389083","source":"geoboundaries_adm5","adm3_name":"Mehrauli","adm3_id":"7132399B38015290776987","split":false},"geometry":{"type":"Polygon","coordinates":[[[77.18971,28.46262],[77.18126,28.47164],[77.17769,28.46983],[77.17313,28.47068],[77.17039,28.46885],[77.16962,28.45592],[77.17779,28.45598],[77.18525,28.45297],[77.18971,28.46262]]]}},{"type":"Feature","properties":{"unit_id":"a5_69682415","name":"Bapraula (CT)","native_id":"69682415","source":"geoboundaries_adm5","adm3_name":"Punjabi Bagh","adm3_id":"7132399B77907528818240","split":false},"geometry":{"type":"Polygon","coordinates":[[[77.02071,28.64828],[77.01627,28.6472],[77.01122,28.6479],[77.00827,28.649],[77.00433,28.64813],[77.00893,28.63922],[77.00498,28.63502],[77.00542,28.63448],[77.00646,28.63474],[77.01169,28.62613],[77.01773,28.62372],[77.02146,28.62432],[77.02181,28.62763],[77.02526,28.63273],[77.02526,28.64079],[77.02995,28.64443],[77.02071,28.64828]]]}},{"type":"Feature","properties":{"unit_id":"a5_75020479","name":"Shafi Pur Ranhola (CT)","native_id":"75020479","source":"geoboundaries_adm5","adm3_name":"Punjabi Bagh","adm3_id":"7132399B77907528818240","split":false},"geometry":{"type":"Polygon","coordinates":[[[77.05645,28.64421],[77.06121,28.6492],[77.06187,28.65207],[77.06076,28.6642],[77.05207,28.66518],[77.04897,28.67763],[77.04643,28.67809],[77.03113,28.67242],[77.03246,28.6647],[77.02943,28.65899],[77.04237,28.65522],[77.0461,28.65263],[77.04615,28.65115],[77.05158,28.65033],[77.05652,28.64539],[77.05645,28.64421]]]}},{"type":"Feature","properties":{"unit_id":"a5_82027716","name":"Qutab Garh (CT)","native_id":"82027716","source":"geoboundaries_adm5","adm3_name":"Kanjhawala","adm3_id":"7132399B3309272879411","split":false},"geometry":{"type":"Polygon","coordinates":[[[76.95268,28.78586],[76.96684,28.7892],[76.97398,28.79366],[76.97568,28.79784],[76.9742,28.79969],[76.96988,28.80357],[76.96585,28.81491],[76.95829,28.81255],[76.95237,28.81557],[76.9474,28.80405],[76.94751,28.79839],[76.95312,28.79],[76.95268,28.78586]]]}},{"type":"Feature","properties":{"unit_id":"a5_54585980","name":"Saidabad (CT)","native_id":"54585980","source":"geoboundaries_adm5","adm3_name":"Defence Colony","adm3_id":"7132399B54403339513296","split":false},"geometry":{"type":"Polygon","coordinates":[[[77.31279,28.54527],[77.30873,28.54313],[77.30398,28.54546],[77.29879,28.54303],[77.30127,28.53812],[77.28622,28.5303],[77.28764,28.52489],[77.28961,28.52263],[77.29386,28.5256],[77.30143,28.53011],[77.31319,28.53057],[77.32286,28.53704],[77.31279,28.54527]]]}},{"type":"Feature","properties":{"unit_id":"a5_13168628","name":"Bhor Garh (CT)","native_id":"13168628","source":"geoboundaries_adm5","adm3_name":"Narela","adm3_id":"7132399B91704180473431","split":false},"geometry":{"type":"Polygon","coordinates":[[[77.10183,28.81555],[77.10564,28.81299],[77.10637,28.82245],[77.10792,28.82395],[77.10995,28.83656],[77.10578,28.83549],[77.08559,28.83612],[77.09023,28.84283],[77.08609,28.84194],[77.08276,28.83544],[77.07799,28.83736],[77.0704,28.82496],[77.07538,28.82245],[77.0768,28.82909],[77.08813,28.82881],[77.10015,28.82356],[77.10183,28.81555]]]}},{"type":"Feature","properties":{"unit_id":"a5_42351811","name":"Qadi Pur (CT)","native_id":"42351811","source":"geoboundaries_adm5","adm3_name":"Alipur","adm3_id":"7132399B85719344731300","split":false},"geometry":{"type":"Polygon","coordinates":[[[77.17683,28.76323],[77.17694,28.76632],[77.17386,28.769],[77.17485,28.77343],[77.1775,28.77899],[77.17311,28.78381],[77.16452,28.78425],[77.14867,28.78168],[77.15131,28.77766],[77.15149,28.76781],[77.15826,28.76414],[77.16247,28.76699],[77.16279,28.76351],[77.16708,28.7624],[77.17357,28.76406],[77.17683,28.76323]]]}},{"type":"Feature","properties":{"unit_id":"a5_81050959","name":"Bankauli (CT)","native_id":"81050959","source":"geoboundaries_adm5","adm3_name":"Alipur","adm3_id":"7132399B85719344731300","split":false},"geometry":{"type":"Polygon","coordinates":[[[77.12968,28.81521],[77.13612,28.81208],[77.13937,28.80713],[77.14371,28.80458],[77.16002,28.80521],[77.16174,28.81001],[77.15829,28.81636],[77.15775,28.82294],[77.14524,28.82547],[77.12968,28.81521]]]}},{"type":"Feature","properties":{"unit_id":"a5_36108046","name":"Mukhmel Pur (CT)","native_id":"36108046","source":"geoboundaries_adm5","adm3_name":"Alipur","adm3_id":"7132399B85719344731300","split":false},"geometry":{"type":"Polygon","coordinates":[[[77.14799,28.78916],[77.14867,28.78168],[77.16452,28.78425],[77.17311,28.78381],[77.17621,28.78792],[77.17536,28.79293],[77.17115,28.7952],[77.16542,28.79628],[77.16107,28.7919],[77.1558,28.7895],[77.14799,28.78916]]]}},{"type":"Feature","properties":{"unit_id":"a5_33000799","name":"Darya Pur Kalan (CT)","native_id":"33000799","source":"geoboundaries_adm5","adm3_name":"Narela","adm3_id":"7132399B91704180473431","split":false},"geometry":{"type":"Polygon","coordinates":[[[77.01272,28.83105],[77.01405,28.82601],[77.01241,28.82281],[77.00027,28.8238],[77.00214,28.81644],[77.01083,28.81327],[77.02458,28.81271],[77.0194,28.83049],[77.01674,28.83012],[77.01272,28.83105]]]}},{"type":"Feature","properties":{"unit_id":"a5_05880204","name":"Khera Kalan (CT)","native_id":"05880204","source":"geoboundaries_adm5","adm3_name":"Alipur","adm3_id":"7132399B85719344731300","split":false},"geometry":{"type":"Polygon","coordinates":[[[77.12184,28.75424],[77.12924,28.75886],[77.13008,28.76058],[77.12846,28.76509],[77.12991,28.76784],[77.13768,28.77018],[77.13872,28.775],[77.13361,28.77278],[77.13211,28.77388],[77.13273,28.77741],[77.13053,28.78016],[77.13029,28.78796],[77.12794,28.78909],[77.12099,28.78639],[77.11731,28.78328],[77.10414,28.76788],[77.12184,28.75424]]]}},{"type":"Feature","properties":{"unit_id":"a5_82401803","name":"Jait Pur (CT)","native_id":"82401803","source":"geoboundaries_adm5","adm3_name":"Sarita Vihar","adm3_id":"7132399B48945131257373","split":false},"geometry":{"type":"Polygon","coordinates":[[[77.34765,28.50346],[77.34676,28.51017],[77.33419,28.52679],[77.32193,28.52299],[77.3183,28.51953],[77.31133,28.51747],[77.32101,28.50884],[77.32885,28.50799],[77.34082,28.50379],[77.34437,28.50558],[77.34765,28.50346]]]}},{"type":"Feature","properties":{"unit_id":"a5_55737311","name":"Nangli Sakrawati (CT)","native_id":"55737311","source":"geoboundaries_adm5","adm3_name":"Dwarka","adm3_id":"7132399B96078031896903","split":false},"geometry":{"type":"Polygon","coordinates":[[[76.99576,28.63102],[77.00297,28.6216],[77.01751,28.61089],[77.02124,28.6101],[77.03035,28.61992],[77.0301,28.62528],[77.02461,28.62482],[77.01773,28.62372],[77.01169,28.62613],[77.00646,28.63474],[76.99576,28.63102]]]}},{"type":"Feature","properties":{"unit_id":"a5_03259559","name":"Dindar Pur (CT)","native_id":"03259559","source":"geoboundaries_adm5","adm3_name":"Kapeshera","adm3_id":"7132399B6806265883243","split":false},"geometry":{"type":"Polygon","coordinates":[[[76.98828,28.59366],[76.99776,28.58545],[77.00528,28.58144],[77.01107,28.58806],[77.01743,28.59191],[77.02106,28.59623],[77.00053,28.59804],[76.98828,28.59366]]]}},{"type":"Feature","properties":{"unit_id":"a5_42131811","name":"Mukand Pur (CT)","native_id":"42131811","source":"geoboundaries_adm5","adm3_name":"Civil Lines","adm3_id":"7132399B52831242342236","split":false},"geometry":{"type":"Polygon","coordinates":[[[77.18315,28.73715],[77.19334,28.73405],[77.19267,28.7408],[77.19468,28.74205],[77.19004,28.75205],[77.18347,28.75308],[77.17068,28.74158],[77.17225,28.73993],[77.18315,28.73715]]]}},{"type":"Feature","properties":{"unit_id":"a5_47697344","name":"Mohammad Pur Majri (CT)","native_id":"47697344","source":"geoboundaries_adm5","adm3_name":"Kanjhawala","adm3_id":"7132399B3309272879411","split":false},"geometry":{"type":"Polygon","coordinates":[[[77.03776,28.72285],[77.04363,28.72323],[77.04699,28.72884],[77.04661,28.732],[77.04492,28.73432],[77.04207,28.73477],[77.03502,28.73431],[77.03243,28.7316],[77.02567,28.73021],[77.02181,28.72746],[77.02117,28.72465],[77.03776,28.72285]]]}},{"type":"Feature","properties":{"unit_id":"a5_86926498","name":"Nithari (CT)","native_id":"86926498","source":"geoboundaries_adm5","adm3_name":"Rohini","adm3_id":"7132399B38909788095823","split":false},"geometry":{"type":"Polygon","coordinates":[[[77.06033,28.71935],[77.058,28.72203],[77.05036,28.71956],[77.05029,28.7174],[77.0471,28.71615],[77.0372,28.70725],[77.03931,28.7009],[77.04427,28.70502],[77.04995,28.70296],[77.05781,28.71187],[77.06033,28.71935]]]}},{"type":"Feature","properties":{"unit_id":"a5_31490421","name":"Jharoda Kalan (CT)","native_id":"31490421","source":"geoboundaries_adm5","adm3_name":"Najafgarh","adm3_id":"7132399B36698820051377","split":false},"geometry":{"type":"Polygon","coordinates":[[[76.94192,28.63423],[76.95208,28.63756],[76.95811,28.63683],[76.96997,28.64254],[76.97955,28.65572],[76.97432,28.66124],[76.96553,28.66249],[76.9571,28.67201],[76.95239,28.66996],[76.93955,28.66928],[76.93291,28.66408],[76.92728,28.65213],[76.92798,28.64813],[76.94192,28.63423]]]}},{"type":"Feature","properties":{"unit_id":"a5_61105466","name":"Karala (CT)","native_id":"61105466","source":"geoboundaries_adm5","adm3_name":"Kanjhawala","adm3_id":"7132399B3309272879411","split":false},"geometry":{"type":"Polygon","coordinates":[[[77.0125,28.72505],[77.02117,28.72465],[77.02181,28.72746],[77.02567,28.73021],[77.03243,28.7316],[77.03502,28.73431],[77.04207,28.73477],[77.04492,28.73432],[77.04661,28.732],[77.04699,28.72884],[77.04363,28.72323],[77.05036,28.71956],[77.058,28.72203],[77.06213,28.72792],[77.05888,28.72983],[77.06025,28.73884],[77.0563,28.74414],[77.05726,28.74574],[77.05852,28.75807],[77.05139,28.76815],[77.04545,28.76567],[77.03987,28.76029],[77.03686,28.75982],[77.03111,28.75397],[77.01537,28.73449],[77.0125,28.72505]]]}},{"type":"Feature","properties":{"unit_id":"a5_68552128","name":"Rani Khera (CT)","native_id":"68552128","source":"geoboundaries_adm5","adm3_name":"Rohini","adm3_id":"7132399B38909788095823","split":false},"geometry":{"type":"Polygon","coordinates":[[[77.03666,28.69111],[77.03931,28.7009],[77.0372,28.70725],[77.03427,28.70724],[77.03371,28.70962],[77.02873,28.70948],[77.02868,28.71144],[77.02492,28.71157],[77.02723,28.69663],[77.03666,28.69111]]]}},{"type":"Feature","properties":{"unit_id":"a5_35992153","name":"Khan Pur Dhani (CT)","native_id":"35992153","source":"geoboundaries_adm5","adm3_name":"Shahdara","adm3_id":"7132399B41248712520740","split":false},"geometry":{"type":"Polygon","coordinates":[[[77.29237,28.6846],[77.29104,28.68645],[77.29227,28.69261],[77.28818,28.69388],[77.28815,28.69742],[77.2853,28.69761],[77.28537,28.69324],[77.28941,28.69214],[77.28623,28.68607],[77.29237,28.6846]]]}},{"type":"Feature","properties":{"unit_id":"a5_00487060","name":"Tukhmir Pur (CT)","native_id":"00487060","source":"geoboundaries_adm5","adm3_name":"Seelam Pur","adm3_id":"7132399B3411190247591","split":false},"geometry":{"type":"Polygon","coordinates":[[[77.26831,28.70723],[77.27052,28.70102],[77.27185,28.70152],[77.27215,28.70418],[77.26906,28.70836],[77.2678,28.71235],[77.26399,28.7133],[77.26384,28.71201],[77.26831,28.70723]]]}},{"type":"Feature","properties":{"unit_id":"a5_34437713","name":"Bakkar Wala (CT)","native_id":"34437713","source":"geoboundaries_adm5","adm3_name":"Punjabi Bagh","adm3_id":"7132399B77907528818240","split":false},"geometry":{"type":"Polygon","coordinates":[[[77.02582,28.65291],[77.03246,28.6647],[77.03113,28.67242],[77.02369,28.67403],[77.01285,28.67397],[77.00244,28.65143],[77.00433,28.64813],[77.00827,28.649],[77.01122,28.6479],[77.01627,28.6472],[77.02071,28.64828],[77.02582,28.65291]]]}},{"type":"Feature","properties":{"unit_id":"a5_16513409","name":"Tikri Kalan (CT)","native_id":"16513409","source":"geoboundaries_adm5","adm3_name":"Punjabi Bagh","adm3_id":"7132399B77907528818240","split":false},"geometry":{"type":"Polygon","coordinates":[[[76.9571,28.67201],[76.96744,28.66958],[76.98128,28.66971],[76.99515,28.66603],[76.99054,28.67302],[76.99832,28.68083],[76.99618,28.68455],[76.99389,28.68455],[76.99203,28.68912],[76.98802,28.69255],[76.98388,28.69369],[76.98116,28.70041],[76.97815,28.70041],[76.97801,28.7017],[76.96885,28.70327],[76.96871,28.70141],[76.9645,28.70021],[76.9641,28.69537],[76.95988,28.68898],[76.95642,28.67947],[76.9571,28.67201]]]}},{"type":"Feature","properties":{"unit_id":"a5_08132374","name":"Nilothi (CT)","native_id":"08132374","source":"geoboundaries_adm5","adm3_name":"Punjabi Bagh","adm3_id":"7132399B77907528818240","split":false},"geometry":{"type":"Polygon","coordinates":[[[77.05964,28.63898],[77.07725,28.65411],[77.08465,28.65609],[77.08472,28.65768],[77.08918,28.65998],[77.08414,28.66873],[77.07497,28.66619],[77.07418,28.67182],[77.06856,28.67245],[77.06557,28.6643],[77.06076,28.6642],[77.06187,28.65207],[77.06121,28.6492],[77.05645,28.64421],[77.05635,28.64243],[77.05652,28.63947],[77.05964,28.63898]]]}},{"type":"Feature","properties":{"unit_id":"a5_45073065","name":"Neb Sarai (CT)","native_id":"45073065","source":"geoboundaries_adm5","adm3_name":"Saket","adm3_id":"7132399B1702903600735","split":false},"geometry":{"type":"Polygon","coordinates":[[[77.20432,28.49177],[77.20763,28.49099],[77.21018,28.49872],[77.20958,28.50083],[77.21262,28.50381],[77.20891,28.5046],[77.20328,28.50897],[77.19779,28.51021],[77.19328,28.50565],[77.19623,28.50224],[77.19795,28.5019],[77.20432,28.49177]]]}},{"type":"Feature","properties":{"unit_id":"a5_77948347","name":"Ujwa (CT)","native_id":"77948347","source":"geoboundaries_adm5","adm3_name":"Najafgarh","adm3_id":"7132399B36698820051377","split":false},"geometry":{"type":"Polygon","coordinates":[[[76.9372,28.56922],[76.93045,28.5742],[76.93002,28.58056],[76.91843,28.58478],[76.91241,28.57692],[76.90975,28.57516],[76.9052,28.57514],[76.9052,28.56851],[76.9086,28.56052],[76.92025,28.56505],[76.936,28.56864],[76.9372,28.56922]]]}},{"type":"Feature","properties":{"unit_id":"a5_31897867","name":"Khera (CT)","native_id":"31897867","source":"geoboundaries_adm5","adm3_name":"Najafgarh","adm3_id":"7132399B36698820051377","split":false},"geometry":{"type":"Polygon","coordinates":[[[76.96002,28.60204],[76.96772,28.59768],[76.9731,28.59689],[76.97653,28.59117],[76.98423,28.59591],[76.98491,28.60196],[76.97871,28.60664],[76.96271,28.60692],[76.96002,28.60204]]]}},{"type":"Feature","properties":{"unit_id":"a5_95850012","name":"Kair (CT)","native_id":"95850012","source":"geoboundaries_adm5","adm3_name":"Najafgarh","adm3_id":"7132399B36698820051377","split":false},"geometry":{"type":"Polygon","coordinates":[[[76.90937,28.62947],[76.9237,28.61287],[76.92852,28.61041],[76.93825,28.61101],[76.9421,28.61702],[76.93781,28.62631],[76.93341,28.6235],[76.9201,28.63269],[76.91437,28.6328],[76.90937,28.62947]]]}},{"type":"Feature","properties":{"unit_id":"a5_37743170","name":"Kusum Pur (CT)","native_id":"37743170","source":"geoboundaries_adm5","adm3_name":"Vasant Vihar","adm3_id":"7132399B56421203728232","split":false},"geometry":{"type":"Polygon","coordinates":[[[77.13944,28.53677],[77.14095,28.53823],[77.14337,28.53804],[77.14988,28.53483],[77.15261,28.53448],[77.15387,28.53237],[77.15736,28.52981],[77.16254,28.53584],[77.15892,28.54007],[77.16098,28.54429],[77.15806,28.54451],[77.15494,28.55008],[77.13548,28.5507],[77.13316,28.54397],[77.13814,28.54326],[77.13944,28.53677]]]}},{"type":"Feature","properties":{"unit_id":"a5_75469110","name":"Kotla Mahigiran (CT)","native_id":"75469110","source":"geoboundaries_adm5","adm3_name":"Sarita Vihar","adm3_id":"7132399B48945131257373","split":false},"geometry":{"type":"Polygon","coordinates":[[[77.28764,28.52489],[77.28622,28.5303],[77.30127,28.53812],[77.29879,28.54303],[77.29183,28.53996],[77.28521,28.53909],[77.28204,28.54141],[77.27877,28.54058],[77.27593,28.54317],[77.27532,28.54177],[77.28192,28.52978],[77.28253,28.52431],[77.28764,28.52489]]]}},{"type":"Feature","properties":{"unit_id":"a5_92222854","name":"Aali (CT)","native_id":"92222854","source":"geoboundaries_adm5","adm3_name":"Sarita Vihar","adm3_id":"7132399B48945131257373","split":false},"geometry":{"type":"Polygon","coordinates":[[[77.32286,28.53704],[77.31319,28.53057],[77.30143,28.53011],[77.29386,28.5256],[77.30539,28.51486],[77.31133,28.51747],[77.3183,28.51953],[77.32193,28.52299],[77.33419,28.52679],[77.32286,28.53704]]]}},{"type":"Feature","properties":{"unit_id":"a5_12912751","name":"Sanoth","native_id":"12912751","source":"geoboundaries_adm5","adm3_name":"Narela","adm3_id":"7132399B91704180473431","split":false},"geometry":{"type":"Polygon","coordinates":[[[77.07538,28.82245],[77.0704,28.82496],[77.06411,28.82183],[77.06103,28.8199],[77.06295,28.81653],[77.06604,28.81675],[77.06738,28.81547],[77.0675,28.81151],[77.07336,28.80717],[77.07624,28.80694],[77.08591,28.81134],[77.09505,28.81171],[77.09621,28.81499],[77.08285,28.82201],[77.07538,28.82245]]]}},{"type":"Feature","properties":{"unit_id":"a5_95790656","name":"Bakhtawar Pur (CT)","native_id":"95790656","source":"geoboundaries_adm5","adm3_name":"Alipur","adm3_id":"7132399B85719344731300","split":false},"geometry":{"type":"Polygon","coordinates":[[[77.16875,28.80054],[77.17444,28.80918],[77.1778,28.81085],[77.18143,28.81013],[77.18325,28.8113],[77.18417,28.81757],[77.19045,28.81742],[77.19122,28.82659],[77.18524,28.82691],[77.18293,28.83014],[77.18243,28.83667],[77.18095,28.8396],[77.17678,28.83749],[77.17303,28.83131],[77.16644,28.82744],[77.15775,28.82294],[77.15829,28.81636],[77.16174,28.81001],[77.16002,28.80521],[77.15991,28.80198],[77.16185,28.79976],[77.16875,28.80054]]]}},{"type":"Feature","properties":{"unit_id":"a5_00493306","name":"Barwala (CT)","native_id":"00493306","source":"geoboundaries_adm5","adm3_name":"Narela","adm3_id":"7132399B91704180473431","split":false},"geometry":{"type":"Polygon","coordinates":[[[77.08077,28.76065],[77.08215,28.76688],[77.07839,28.77084],[77.06807,28.77206],[77.06277,28.76169],[77.05852,28.75807],[77.05726,28.74574],[77.06773,28.74615],[77.0729,28.74426],[77.07574,28.7486],[77.07537,28.7531],[77.07827,28.75454],[77.07815,28.7579],[77.08077,28.76065]]]}},{"type":"Feature","properties":{"unit_id":"a5_30433393","name":"Ibrahim Pur (CT)","native_id":"30433393","source":"geoboundaries_adm5","adm3_name":"Alipur","adm3_id":"7132399B85719344731300","split":false},"geometry":{"type":"Polygon","coordinates":[[[77.20279,28.78406],[77.19975,28.78762],[77.19896,28.79128],[77.19413,28.79072],[77.18397,28.77945],[77.1775,28.77899],[77.17485,28.77343],[77.18681,28.77129],[77.19796,28.77794],[77.20279,28.78406]]]}},{"type":"Feature","properties":{"unit_id":"a5_01594964","name":"Tikri Khurd (CT)","native_id":"01594964","source":"geoboundaries_adm5","adm3_name":"Narela","adm3_id":"7132399B91704180473431","split":false},"geometry":{"type":"Polygon","coordinates":[[[77.10995,28.83656],[77.10792,28.82395],[77.11849,28.82111],[77.12003,28.82476],[77.1286,28.82602],[77.13592,28.83305],[77.12882,28.83712],[77.12039,28.8379],[77.11618,28.84595],[77.11489,28.84494],[77.10995,28.83656]]]}},{"type":"Feature","properties":{"unit_id":"a5_28255388","name":"Moradabad Pahari (CT)","native_id":"28255388","source":"geoboundaries_adm5","adm3_name":"Vasant Vihar","adm3_id":"7132399B56421203728232","split":false},"geometry":{"type":"Polygon","coordinates":[[[77.16254,28.53584],[77.16727,28.54155],[77.17466,28.54056],[77.17756,28.54365],[77.1779,28.54549],[77.17216,28.55166],[77.16814,28.56058],[77.16497,28.56139],[77.16188,28.55803],[77.15356,28.55608],[77.15168,28.55005],[77.15494,28.55008],[77.15806,28.54451],[77.16098,28.54429],[77.15892,28.54007],[77.16254,28.53584]]]}},{"type":"Feature","properties":{"unit_id":"a5_37925917","name":"Mubarak Pur Dabas (CT)","native_id":"37925917","source":"geoboundaries_adm5","adm3_name":"Rohini","adm3_id":"7132399B38909788095823","split":false},"geometry":{"type":"Polygon","coordinates":[[[77.02868,28.71144],[77.02873,28.70948],[77.03371,28.70962],[77.03427,28.70724],[77.0372,28.70725],[77.0471,28.71615],[77.05029,28.7174],[77.05036,28.71956],[77.04363,28.72323],[77.03776,28.72285],[77.03636,28.72045],[77.03206,28.71839],[77.02868,28.71144]]]}},{"type":"Feature","properties":{"unit_id":"a5_00714395","name":"Gadai Pur","native_id":"00714395","source":"geoboundaries_adm5","adm3_name":"Mehrauli","adm3_id":"7132399B38015290776987","split":false},"geometry":{"type":"Polygon","coordinates":[[[77.15534,28.48367],[77.14856,28.47328],[77.14929,28.46979],[77.15569,28.46723],[77.17039,28.46885],[77.17313,28.47068],[77.1685,28.47759],[77.16515,28.47749],[77.16318,28.4806],[77.15534,28.48367]]]}},{"type":"Feature","properties":{"unit_id":"a5_35824091","name":"Dera Mandi (CT)","native_id":"35824091","source":"geoboundaries_adm5","adm3_name":"Mehrauli","adm3_id":"7132399B38015290776987","split":false},"geometry":{"type":"Polygon","coordinates":[[[77.12167,28.44579],[77.12793,28.43707],[77.13484,28.43378],[77.15205,28.43033],[77.15604,28.4272],[77.15918,28.43238],[77.15804,28.43978],[77.16245,28.44386],[77.16344,28.44531],[77.16269,28.44893],[77.15671,28.4527],[77.15237,28.45277],[77.14806,28.45549],[77.14341,28.45505],[77.13954,28.45319],[77.11927,28.45033],[77.12167,28.44579]]]}},{"type":"Feature","properties":{"unit_id":"a5_21994466","name":"Garhi Mendu","native_id":"21994466","source":"geoboundaries_adm5","adm3_name":"Seelam Pur","adm3_id":"7132399B3411190247591","split":false},"geometry":{"type":"Polygon","coordinates":[[[77.26297,28.69976],[77.23579,28.70655],[77.23439,28.70291],[77.23427,28.69182],[77.23634,28.68021],[77.26072,28.68171],[77.26197,28.69465],[77.26448,28.69623],[77.26242,28.69764],[77.26297,28.69976]]]}},{"type":"Feature","properties":{"unit_id":"a5_95376973","name":"Ghoga","native_id":"95376973","source":"geoboundaries_adm5","adm3_name":"Narela","adm3_id":"7132399B91704180473431","split":false},"geometry":{"type":"Polygon","coordinates":[[[77.04405,28.83068],[77.04662,28.82616],[77.0497,28.82418],[77.05709,28.82257],[77.06103,28.8199],[77.06411,28.82183],[77.06287,28.82427],[77.06598,28.82925],[77.06247,28.82986],[77.061,28.83287],[77.05294,28.83284],[77.04405,28.83068]]]}},{"type":"Feature","properties":{"unit_id":"a5_86589202","name":"Nangal Thakran","native_id":"86589202","source":"geoboundaries_adm5","adm3_name":"Narela","adm3_id":"7132399B91704180473431","split":false},"geometry":{"type":"Polygon","coordinates":[[[77.015,28.78125],[77.01606,28.78028],[77.02662,28.78191],[77.02622,28.78696],[77.02637,28.79957],[77.02874,28.80576],[77.02458,28.81271],[77.01083,28.81327],[77.00214,28.81644],[77.001,28.81258],[77.01253,28.80848],[77.01682,28.79396],[77.015,28.78125]]]}},{"type":"Feature","properties":{"unit_id":"a5_58212481","name":"Satberi","native_id":"58212481","source":"geoboundaries_adm5","adm3_name":"Saket","adm3_id":"7132399B1702903600735","split":false},"geometry":{"type":"Polygon","coordinates":[[[77.19136,28.47939],[77.18767,28.47967],[77.18126,28.47164],[77.18971,28.46262],[77.19456,28.46156],[77.20463,28.45419],[77.20982,28.45304],[77.21468,28.45462],[77.20805,28.46632],[77.19692,28.47662],[77.19136,28.47939]]]}},{"type":"Feature","properties":{"unit_id":"a5_27894585","name":"Deorala","native_id":"27894585","source":"geoboundaries_adm5","adm3_name":"Kapeshera","adm3_id":"7132399B6806265883243","split":false},"geometry":{"type":"Polygon","coordinates":[[[76.88889,28.50391],[76.89634,28.50608],[76.907,28.51261],[76.89899,28.51934],[76.89332,28.52181],[76.8863,28.52265],[76.88899,28.51885],[76.88333,28.50925],[76.88889,28.50391]]]}},{"type":"Feature","properties":{"unit_id":"a5_96314037","name":"Taj Pur Kalan","native_id":"96314037","source":"geoboundaries_adm5","adm3_name":"Alipur","adm3_id":"7132399B85719344731300","split":false},"geometry":{"type":"Polygon","coordinates":[[[77.16991,28.85215],[77.15796,28.84103],[77.16644,28.82744],[77.17303,28.83131],[77.17678,28.83749],[77.18095,28.8396],[77.18083,28.84326],[77.16991,28.85215]]]}},{"type":"Feature","properties":{"unit_id":"a5_90048113","name":"Garhi Khasru","native_id":"90048113","source":"geoboundaries_adm5","adm3_name":"Alipur","adm3_id":"7132399B85719344731300","split":false},"geometry":{"type":"Polygon","coordinates":[[[77.1775,28.77899],[77.18397,28.77945],[77.19205,28.78856],[77.17621,28.78792],[77.17311,28.78381],[77.1775,28.77899]]]}},{"type":"Feature","properties":{"unit_id":"a5_29288199","name":"Hasan Pur","native_id":"29288199","source":"geoboundaries_adm5","adm3_name":"Kapeshera","adm3_id":"7132399B6806265883243","split":false},"geometry":{"type":"Polygon","coordinates":[[[76.94062,28.56011],[76.93202,28.55091],[76.93888,28.54704],[76.95556,28.55026],[76.95202,28.55721],[76.94273,28.55852],[76.94062,28.56011]]]}},{"type":"Feature","properties":{"unit_id":"a5_65138267","name":"Raghu Pur","native_id":"65138267","source":"geoboundaries_adm5","adm3_name":"Kapeshera","adm3_id":"7132399B6806265883243","split":false},"geometry":{"type":"Polygon","coordinates":[[[77.00202,28.5138],[77.01519,28.50919],[77.02059,28.51277],[77.02105,28.51886],[77.00787,28.5269],[77.00562,28.53166],[77.00142,28.52928],[76.99853,28.52471],[77.00367,28.52164],[77.00202,28.5138]]]}},{"type":"Feature","properties":{"unit_id":"a5_92239690","name":"Hareoli","native_id":"92239690","source":"geoboundaries_adm5","adm3_name":"Narela","adm3_id":"7132399B91704180473431","split":false},"geometry":{"type":"Polygon","coordinates":[[[76.99364,28.83396],[76.99133,28.83257],[76.99438,28.82766],[77.00027,28.8238],[77.01241,28.82281],[77.01405,28.82601],[77.01272,28.83105],[76.99986,28.83402],[76.99364,28.83396]]]}},{"type":"Feature","properties":{"unit_id":"a5_37308071","name":"Hiranki","native_id":"37308071","source":"geoboundaries_adm5","adm3_name":"Alipur","adm3_id":"7132399B85719344731300","split":false},"geometry":{"type":"Polygon","coordinates":[[[77.17115,28.7952],[77.17536,28.79293],[77.17621,28.78792],[77.19205,28.78856],[77.19662,28.79399],[77.18969,28.79854],[77.19165,28.80187],[77.18858,28.80581],[77.18635,28.80704],[77.18229,28.80571],[77.1805,28.80741],[77.18143,28.81013],[77.1778,28.81085],[77.17444,28.80918],[77.16875,28.80054],[77.17136,28.79825],[77.17115,28.7952]]]}},{"type":"Feature","properties":{"unit_id":"a5_13318828","name":"Pooth Khurd (CT)","native_id":"13318828","source":"geoboundaries_adm5","adm3_name":"Narela","adm3_id":"7132399B91704180473431","split":false},"geometry":{"type":"Polygon","coordinates":[[[77.05139,28.76815],[77.05852,28.75807],[77.06277,28.76169],[77.06807,28.77206],[77.07839,28.77084],[77.07654,28.77787],[77.07235,28.78133],[77.07156,28.78474],[77.06519,28.78786],[77.06561,28.78938],[77.07282,28.79977],[77.07668,28.80181],[77.07624,28.80694],[77.07336,28.80717],[77.0675,28.81151],[77.05462,28.7951],[77.05179,28.79241],[77.04559,28.79005],[77.05585,28.77986],[77.05572,28.77777],[77.0524,28.77456],[77.05139,28.76815]]]}},{"type":"Feature","properties":{"unit_id":"a5_29342296","name":"Bawana (CT)","native_id":"29342296","source":"geoboundaries_adm5","adm3_name":"Narela","adm3_id":"7132399B91704180473431","split":false},"geometry":{"type":"Polygon","coordinates":[[[77.0194,28.83049],[77.02458,28.81271],[77.02874,28.80576],[77.02637,28.79957],[77.02622,28.78696],[77.0397,28.78816],[77.05179,28.79241],[77.05462,28.7951],[77.0675,28.81151],[77.06738,28.81547],[77.06604,28.81675],[77.06295,28.81653],[77.06103,28.8199],[77.05709,28.82257],[77.0497,28.82418],[77.04662,28.82616],[77.04405,28.83068],[77.04063,28.83153],[77.02895,28.83189],[77.0194,28.83049]]]}},{"type":"Feature","properties":{"unit_id":"a5_90383477","name":"Ali Pur (CT)","native_id":"90383477","source":"geoboundaries_adm5","adm3_name":"Alipur","adm3_id":"7132399B85719344731300","split":false},"geometry":{"type":"Polygon","coordinates":[[[77.16185,28.79976],[77.15991,28.80198],[77.16002,28.80521],[77.14371,28.80458],[77.13937,28.80713],[77.13612,28.81208],[77.12968,28.81521],[77.11868,28.81647],[77.11306,28.81503],[77.11235,28.81155],[77.11936,28.80566],[77.12205,28.80121],[77.12169,28.79721],[77.12282,28.79469],[77.12595,28.79353],[77.12794,28.78909],[77.13029,28.78796],[77.14027,28.79242],[77.15327,28.79562],[77.16185,28.79976]]]}},{"type":"Feature","properties":{"unit_id":"a5_06002885","name":"Deoli (CT)","native_id":"06002885","source":"geoboundaries_adm5","adm3_name":"Hauz Khas","adm3_id":"7132399B8308156936447","split":false},"geometry":{"type":"Polygon","coordinates":[[[77.24908,28.47636],[77.24519,28.47927],[77.24325,28.4894],[77.24248,28.49107],[77.24393,28.4957],[77.23974,28.49795],[77.23784,28.49687],[77.23051,28.49868],[77.22909,28.4982],[77.22372,28.49793],[77.21018,28.49872],[77.20763,28.49099],[77.21237,28.48637],[77.20958,28.47805],[77.21097,28.4759],[77.21627,28.47222],[77.22541,28.47177],[77.22998,28.47007],[77.23793,28.46499],[77.24908,28.47636]]]}},{"type":"Feature","properties":{"unit_id":"a5_37575374","name":"Tigri (CT)","native_id":"37575374","source":"geoboundaries_adm5","adm3_name":"Hauz Khas","adm3_id":"7132399B8308156936447","split":false},"geometry":{"type":"Polygon","coordinates":[[[77.24393,28.4957],[77.24507,28.50027],[77.24295,28.50808],[77.23464,28.50877],[77.23399,28.50136],[77.23051,28.49868],[77.23784,28.49687],[77.23974,28.49795],[77.24393,28.4957]]]}},{"type":"Feature","properties":{"unit_id":"ward_100.01","name":"FATEH NAGAR","native_id":"100","source":"delhi_mcd_ward_2022","adm3_name":"Rajouri Garden","adm3_id":"7132399B79483166602631","split":true},"geometry":{"type":"Polygon","coordinates":[[[77.10332,28.63439],[77.10334,28.63313],[77.10409,28.63314],[77.10408,28.63241],[77.10436,28.63223],[77.10507,28.63256],[77.10553,28.6324],[77.10607,28.63292],[77.10736,28.63235],[77.10812,28.63265],[77.109,28.63212],[77.10872,28.63129],[77.10773,28.6315],[77.10718,28.63086],[77.10842,28.63012],[77.1091,28.63106],[77.1102,28.63138],[77.11025,28.63191],[77.11128,28.63198],[77.11138,28.63174],[77.11098,28.63085],[77.11066,28.62499],[77.11087,28.62443],[77.11077,28.61876],[77.11138,28.61766],[77.10742,28.61479],[77.10264,28.62224],[77.10037,28.62751],[77.09928,28.62747],[77.09927,28.62841],[77.09996,28.62841],[77.09889,28.63094],[77.09774,28.63094],[77.09756,28.63139],[77.09653,28.63102],[77.09636,28.62935],[77.09454,28.62939],[77.09443,28.62393],[77.09403,28.62391],[77.09462,28.62256],[77.09379,28.62229],[77.09338,28.62435],[77.08656,28.62905],[77.08827,28.63122],[77.09081,28.63042],[77.09264,28.63444],[77.09192,28.63494],[77.09538,28.63642],[77.09553,28.63611],[77.09664,28.63615],[77.0974,28.63433],[77.10332,28.63439]]]}},{"type":"Feature","properties":{"unit_id":"ward_100.02","name":"FATEH NAGAR (2)","native_id":"100","source":"delhi_mcd_ward_2022","adm3_name":"Patel Nagar","adm3_id":"7132399B921144202524","split":true,"orig_name":"FATEH NAGAR"},"geometry":{"type":"Polygon","coordinates":[[[77.09366,28.62225],[77.09089,28.62161],[77.0878,28.62184],[77.08749,28.62415],[77.08189,28.63125],[77.08569,28.63281],[77.08647,28.63257],[77.08763,28.63329],[77.08752,28.63351],[77.09192,28.63494],[77.09264,28.63444],[77.09081,28.63042],[77.08827,28.63122],[77.08656,28.62905],[77.09338,28.62435],[77.09366,28.62225]]]}},{"type":"Feature","properties":{"unit_id":"ward_113.01","name":"MOHAN GARDEN","native_id":"113","source":"delhi_mcd_ward_2022","adm3_name":"Patel Nagar","adm3_id":"7132399B921144202524","split":true},"geometry":{"type":"Polygon","coordinates":[[[77.03528,28.62543],[77.03126,28.62543],[77.03123,28.62396],[77.03464,28.62398],[77.03467,28.61949],[77.03153,28.61902],[77.02983,28.61918],[77.0301,28.62528],[77.02218,28.6244],[77.02239,28.62849],[77.02526,28.63273],[77.02526,28.63434],[77.027,28.63437],[77.0277,28.63364],[77.02934,28.63356],[77.02933,28.63322],[77.03037,28.63324],[77.03035,28.63287],[77.03203,28.63284],[77.03201,28.63136],[77.03894,28.63128],[77.03888,28.62765],[77.03547,28.62887],[77.03528,28.62543]]]}},{"type":"Feature","properties":{"unit_id":"ward_113.02","name":"MOHAN GARDEN (2)","native_id":"113","source":"delhi_mcd_ward_2022","adm3_name":"Dwarka","adm3_id":"7132399B96078031896903","split":true,"orig_name":"MOHAN GARDEN"},"geometry":{"type":"Polygon","coordinates":[[[77.02994,28.6191],[77.02623,28.61943],[77.02195,28.62055],[77.02218,28.6244],[77.0301,28.62528],[77.02994,28.6191]]]}},{"type":"Feature","properties":{"unit_id":"ward_115.01","name":"UTTAM NAGAR","native_id":"115","source":"delhi_mcd_ward_2022","adm3_name":"Dwarka","adm3_id":"7132399B96078031896903","split":true},"geometry":{"type":"MultiPolygon","coordinates":[[[[77.05276,28.61773],[77.05791,28.6177],[77.05791,28.61729],[77.05846,28.6173],[77.06061,28.61768],[77.06176,28.61895],[77.06682,28.61883],[77.06718,28.61876],[77.06718,28.61842],[77.06882,28.61841],[77.06879,28.61508],[77.06857,28.6152],[77.06755,28.61448],[77.06069,28.61457],[77.0606,28.6131],[77.0588,28.61312],[77.0588,28.61279],[77.05782,28.61263],[77.0544,28.61299],[77.05232,28.61558],[77.05308,28.61556],[77.05313,28.61738],[77.05247,28.61738],[77.05276,28.61773]]],[[[77.03405,28.61649],[77.03282,28.61443],[77.03172,28.61798],[77.03405,28.61649]]]]}},{"type":"Feature","properties":{"unit_id":"ward_115.02","name":"UTTAM NAGAR (2)","native_id":"115","source":"delhi_mcd_ward_2022","adm3_name":"Patel Nagar","adm3_id":"7132399B921144202524","split":true,"orig_name":"UTTAM NAGAR"},"geometry":{"type":"MultiPolygon","coordinates":[[[[77.05277,28.62116],[77.05276,28.61774],[77.05247,28.61738],[77.04765,28.61753],[77.04758,28.61541],[77.0448,28.61539],[77.04488,28.61772],[77.04328,28.61772],[77.04328,28.61916],[77.03896,28.61953],[77.03737,28.61912],[77.03734,28.61826],[77.03788,28.61825],[77.03786,28.61759],[77.03593,28.61763],[77.03591,28.61653],[77.03679,28.61652],[77.03668,28.6138],[77.03382,28.61381],[77.03383,28.61441],[77.03302,28.61443],[77.03405,28.61649],[77.03172,28.61798],[77.03141,28.61901],[77.03967,28.62018],[77.04418,28.62012],[77.05277,28.62116]]],[[[77.05719,28.61772],[77.057,28.61951],[77.05793,28.61953],[77.05791,28.6177],[77.05719,28.61772]]],[[[77.0544,28.61299],[77.05436,28.61299],[77.05436,28.61303],[77.0544,28.61299]]],[[[77.05435,28.61305],[77.05304,28.61308],[77.05309,28.61461],[77.05435,28.61305]]],[[[77.05293,28.61471],[77.05059,28.61472],[77.05061,28.61537],[77.05232,28.61558],[77.05293,28.61471]]]]}},{"type":"Feature","properties":{"unit_id":"ward_116","name":"BINDA PUR","native_id":"116","source":"delhi_mcd_ward_2022","adm3_name":"Dwarka","adm3_id":"7132399B96078031896903","split":false},"geometry":{"type":"Polygon","coordinates":[[[77.06046,28.60954],[77.06069,28.61457],[77.06755,28.61448],[77.06857,28.6152],[77.06876,28.61504],[77.0688,28.61541],[77.07555,28.6153],[77.07553,28.61423],[77.07508,28.61427],[77.07507,28.61402],[77.07618,28.61397],[77.07615,28.61324],[77.07652,28.61323],[77.07642,28.61078],[77.07284,28.6107],[77.0728,28.60841],[77.07373,28.60843],[77.07372,28.60783],[77.07234,28.60745],[77.07034,28.60758],[77.06864,28.60712],[77.06865,28.60673],[77.06836,28.60671],[77.06837,28.60803],[77.06796,28.60792],[77.06798,28.60666],[77.0658,28.60618],[77.06479,28.60681],[77.06462,28.60758],[77.06395,28.60762],[77.06388,28.60794],[77.06256,28.60863],[77.06255,28.60955],[77.06046,28.60954]]]}},{"type":"Feature","properties":{"unit_id":"ward_12","name":"MALKA GANJ","native_id":"12","source":"delhi_mcd_ward_2022","adm3_name":"Civil Lines","adm3_id":"7132399B52831242342236","split":false},"geometry":{"type":"Polygon","coordinates":[[[77.21049,28.67505],[77.21142,28.67489],[77.21207,28.67431],[77.21024,28.671],[77.21,28.66945],[77.20897,28.66676],[77.20581,28.66894],[77.20317,28.66955],[77.20196,28.67125],[77.20047,28.67132],[77.20178,28.67262],[77.20169,28.67514],[77.20256,28.6764],[77.2049,28.67763],[77.20801,28.67827],[77.20856,28.68012],[77.20655,28.68254],[77.20303,28.68452],[77.20347,28.68545],[77.20296,28.68565],[77.20403,28.68784],[77.20359,28.68819],[77.20269,28.68762],[77.20174,28.68875],[77.20603,28.69246],[77.20908,28.69717],[77.21984,28.69331],[77.22095,28.6922],[77.22009,28.69132],[77.21924,28.68901],[77.21608,28.68615],[77.21653,28.68433],[77.21547,28.68205],[77.21473,28.68172],[77.21507,28.68066],[77.21479,28.68049],[77.21512,28.68023],[77.21388,28.67725],[77.21143,28.67739],[77.21047,28.67584],[77.21049,28.67505]]]}},{"type":"Feature","properties":{"unit_id":"ward_13","name":"MUKHERJEE NAGAR","native_id":"13","source":"delhi_mcd_ward_2022","adm3_name":"Model Town","adm3_id":"7132399B67629467490473","split":false},"geometry":{"type":"Polygon","coordinates":[[[77.21765,28.7189],[77.21855,28.71729],[77.21917,28.71743],[77.21981,28.7171],[77.21939,28.71599],[77.21998,28.7161],[77.22111,28.71571],[77.2178,28.70806],[77.21603,28.70587],[77.2143,28.70268],[77.21126,28.70029],[77.20603,28.69246],[77.19958,28.68685],[77.19815,28.68823],[77.19869,28.68869],[77.19847,28.6895],[77.19982,28.69059],[77.20133,28.69112],[77.20101,28.69258],[77.20279,28.69533],[77.20406,28.6949],[77.20469,28.69881],[77.19521,28.70232],[77.19554,28.70946],[77.19875,28.70828],[77.20013,28.70727],[77.20069,28.71371],[77.20419,28.71367],[77.20402,28.71529],[77.20692,28.71552],[77.21151,28.71478],[77.21574,28.71539],[77.21502,28.71681],[77.21547,28.71851],[77.21765,28.7189]]]}},{"type":"Feature","properties":{"unit_id":"ward_130.01","name":"DWARKA-C","native_id":"130","source":"delhi_mcd_ward_2022","adm3_name":"Kapeshera","adm3_id":"7132399B6806265883243","split":true},"geometry":{"type":"Polygon","coordinates":[[[77.06382,28.55136],[77.04908,28.53408],[77.04558,28.53521],[77.04546,28.53372],[77.04616,28.53369],[77.0461,28.53146],[77.04669,28.53144],[77.04196,28.52576],[77.03245,28.53103],[77.02418,28.53298],[77.02099,28.53553],[77.01762,28.53745],[77.01691,28.53896],[77.01443,28.53987],[77.01352,28.54057],[77.01223,28.54003],[77.01009,28.54027],[77.00967,28.53978],[77.00746,28.54107],[77.00876,28.54351],[77.01295,28.54634],[77.01566,28.55084],[77.02067,28.55486],[77.0219,28.55629],[77.02583,28.56325],[77.02923,28.5677],[77.03417,28.56716],[77.02779,28.5592],[77.02439,28.55396],[77.01903,28.54945],[77.02081,28.54834],[77.03438,28.55011],[77.03804,28.55543],[77.04107,28.55381],[77.04322,28.55595],[77.04532,28.55479],[77.04679,28.55714],[77.04828,28.55641],[77.05041,28.55868],[77.05821,28.55359],[77.05868,28.55416],[77.06382,28.55136]]]}},{"type":"Feature","properties":{"unit_id":"ward_130.02","name":"DWARKA-C (2)","native_id":"130","source":"delhi_mcd_ward_2022","adm3_name":"Dwarka","adm3_id":"7132399B96078031896903","split":true,"orig_name":"DWARKA-C"},"geometry":{"type":"MultiPolygon","coordinates":[[[[77.03418,28.56715],[77.03983,28.56665],[77.03905,28.56053],[77.04319,28.55912],[77.04679,28.55714],[77.04532,28.55479],[77.04322,28.55595],[77.04107,28.55381],[77.03804,28.55543],[77.03438,28.55011],[77.02081,28.54834],[77.01903,28.54945],[77.02439,28.55396],[77.02779,28.5592],[77.03418,28.56715]]],[[[77.0469,28.55716],[77.04729,28.55919],[77.04988,28.55817],[77.04828,28.55641],[77.0469,28.55716]]],[[[77.06467,28.57251],[77.05774,28.57717],[77.0655,28.58628],[77.0665,28.58556],[77.06665,28.58406],[77.07378,28.57933],[77.07476,28.57895],[77.07732,28.57882],[77.07618,28.57353],[77.06932,28.57738],[77.06467,28.57251]]]]}},{"type":"Feature","properties":{"unit_id":"ward_134","name":"RAJ NAGAR","native_id":"134","source":"delhi_mcd_ward_2022","adm3_name":"Dwarka","adm3_id":"7132399B96078031896903","split":false},"geometry":{"type":"Polygon","coordinates":[[[77.07803,28.58685],[77.08189,28.58639],[77.09001,28.58209],[77.08003,28.57045],[77.07602,28.57287],[77.07773,28.58047],[77.07789,28.58655],[77.07803,28.58685]]]}},{"type":"Feature","properties":{"unit_id":"ward_135","name":"PALAM","native_id":"135","source":"delhi_mcd_ward_2022","adm3_name":"Dwarka","adm3_id":"7132399B96078031896903","split":false},"geometry":{"type":"Polygon","coordinates":[[[77.07185,28.59487],[77.08107,28.59263],[77.08156,28.59049],[77.08263,28.59054],[77.08257,28.5919],[77.08483,28.59211],[77.08522,28.59242],[77.08555,28.5922],[77.0852,28.59187],[77.0827,28.59057],[77.08636,28.59],[77.08633,28.58907],[77.08478,28.58929],[77.08481,28.58748],[77.08673,28.58697],[77.08682,28.58716],[77.09152,28.58384],[77.09001,28.58209],[77.08189,28.58639],[77.07803,28.58685],[77.07773,28.58047],[77.07732,28.57882],[77.07476,28.57895],[77.07378,28.57933],[77.06665,28.58406],[77.0665,28.58556],[77.0655,28.58628],[77.07063,28.59234],[77.07185,28.59487]]]}},{"type":"Feature","properties":{"unit_id":"ward_136","name":"MADHU VIHAR","native_id":"136","source":"delhi_mcd_ward_2022","adm3_name":"Dwarka","adm3_id":"7132399B96078031896903","split":false},"geometry":{"type":"Polygon","coordinates":[[[77.06353,28.60809],[77.06357,28.60486],[77.06553,28.60486],[77.06551,28.60256],[77.06624,28.60255],[77.06622,28.60144],[77.06585,28.6012],[77.06627,28.60067],[77.07012,28.6031],[77.07194,28.59852],[77.07212,28.59658],[77.07184,28.59481],[77.0652,28.59715],[77.06181,28.59941],[77.06351,28.60002],[77.06351,28.60144],[77.06163,28.60177],[77.06099,28.59993],[77.05567,28.60351],[77.05279,28.60481],[77.05324,28.6059],[77.05472,28.60475],[77.05491,28.60496],[77.05499,28.6074],[77.05562,28.60739],[77.05549,28.61299],[77.05782,28.61263],[77.0588,28.61279],[77.0588,28.61312],[77.0606,28.6131],[77.06046,28.60954],[77.06255,28.60955],[77.06256,28.60863],[77.06353,28.60809]]]}},{"type":"Feature","properties":{"unit_id":"ward_138","name":"SADH NAGAR","native_id":"138","source":"delhi_mcd_ward_2022","adm3_name":"Dwarka","adm3_id":"7132399B96078031896903","split":false},"geometry":{"type":"Polygon","coordinates":[[[77.10101,28.59799],[77.10264,28.5969],[77.09152,28.58384],[77.08678,28.58695],[77.08683,28.58719],[77.08752,28.58715],[77.08752,28.58815],[77.08885,28.58811],[77.08883,28.59157],[77.08921,28.59266],[77.08888,28.5928],[77.08996,28.59509],[77.09044,28.59491],[77.09117,28.59622],[77.0925,28.59583],[77.09266,28.59623],[77.09448,28.59523],[77.0952,28.59614],[77.09482,28.59637],[77.09616,28.59795],[77.09726,28.59722],[77.09768,28.59762],[77.09732,28.59791],[77.0975,28.59804],[77.09948,28.5962],[77.1005,28.59703],[77.10101,28.59799]]]}},{"type":"Feature","properties":{"unit_id":"ward_139.01","name":"NARAINA","native_id":"139","source":"delhi_mcd_ward_2022","adm3_name":"Delhi Cantonment","adm3_id":"7132399B26804271309069","split":true},"geometry":{"type":"Polygon","coordinates":[[[77.14516,28.64124],[77.14131,28.63636],[77.14427,28.62467],[77.14409,28.62214],[77.14103,28.61751],[77.13983,28.61755],[77.13905,28.61678],[77.13839,28.61777],[77.13744,28.6172],[77.13643,28.61713],[77.13636,28.62077],[77.13228,28.63155],[77.13813,28.63843],[77.13855,28.63814],[77.14362,28.64247],[77.14516,28.64124]]]}},{"type":"Feature","properties":{"unit_id":"ward_139.02","name":"NARAINA (2)","native_id":"139","source":"delhi_mcd_ward_2022","adm3_name":"Patel Nagar","adm3_id":"7132399B921144202524","split":true,"orig_name":"NARAINA"},"geometry":{"type":"Polygon","coordinates":[[[77.15109,28.64871],[77.14516,28.64124],[77.14362,28.64247],[77.13855,28.63814],[77.13813,28.63843],[77.15235,28.65509],[77.15706,28.65224],[77.15109,28.64871]]]}},{"type":"Feature","properties":{"unit_id":"ward_140.01","name":"INDER PURI","native_id":"140","source":"delhi_mcd_ward_2022","adm3_name":"Delhi Cantonment","adm3_id":"7132399B26804271309069","split":true},"geometry":{"type":"Polygon","coordinates":[[[77.16521,28.62853],[77.16376,28.62729],[77.1604,28.62344],[77.15961,28.62294],[77.1584,28.62296],[77.15695,28.6238],[77.15577,28.62402],[77.15472,28.62504],[77.15357,28.62421],[77.15329,28.62454],[77.15096,28.62493],[77.14892,28.62264],[77.14638,28.62408],[77.14661,28.62441],[77.14576,28.62482],[77.14436,28.62386],[77.14131,28.63636],[77.14516,28.64124],[77.15038,28.63705],[77.15498,28.64016],[77.16428,28.63283],[77.16521,28.62853]]]}},{"type":"Feature","properties":{"unit_id":"ward_140.02","name":"INDER PURI (2)","native_id":"140","source":"delhi_mcd_ward_2022","adm3_name":"Patel Nagar","adm3_id":"7132399B921144202524","split":true,"orig_name":"INDER PURI"},"geometry":{"type":"Polygon","coordinates":[[[77.1653,28.64318],[77.16668,28.64448],[77.16991,28.64304],[77.17356,28.64088],[77.17419,28.64206],[77.17489,28.6417],[77.17428,28.64024],[77.17464,28.63821],[77.17426,28.63491],[77.17379,28.63362],[77.17055,28.63088],[77.16724,28.63018],[77.16527,28.62859],[77.16428,28.63283],[77.15498,28.64016],[77.15038,28.63705],[77.14516,28.64124],[77.15109,28.64871],[77.15335,28.65],[77.16014,28.64445],[77.1653,28.64318]]]}},{"type":"Feature","properties":{"unit_id":"ward_141.01","name":"RAJINDER NAGAR","native_id":"141","source":"delhi_mcd_ward_2022","adm3_name":"Delhi Cantonment","adm3_id":"7132399B26804271309069","split":true},"geometry":{"type":"Polygon","coordinates":[[[77.18079,28.62374],[77.17903,28.62243],[77.17659,28.61955],[77.17625,28.61713],[77.17483,28.61435],[77.17473,28.61173],[77.17161,28.60799],[77.16932,28.60314],[77.16629,28.60407],[77.1644,28.60353],[77.1638,28.60418],[77.16381,28.61122],[77.16255,28.61559],[77.15627,28.62013],[77.15701,28.62089],[77.15357,28.62421],[77.15472,28.62504],[77.15577,28.62402],[77.15695,28.6238],[77.1584,28.62296],[77.15961,28.62294],[77.1604,28.62344],[77.16376,28.62729],[77.16527,28.62859],[77.16543,28.62788],[77.17598,28.63024],[77.17899,28.62547],[77.18079,28.62374]]]}},{"type":"Feature","properties":{"unit_id":"ward_141.02","name":"RAJINDER NAGAR (2)","native_id":"141","source":"delhi_mcd_ward_2022","adm3_name":"Patel Nagar","adm3_id":"7132399B921144202524","split":true,"orig_name":"RAJINDER NAGAR"},"geometry":{"type":"Polygon","coordinates":[[[77.16542,28.62871],[77.16724,28.63018],[77.17055,28.63088],[77.17379,28.63362],[77.17446,28.6365],[77.17464,28.63843],[77.17428,28.64024],[77.17476,28.64195],[77.17548,28.64199],[77.17529,28.64173],[77.19694,28.64486],[77.18969,28.63441],[77.18606,28.63389],[77.17899,28.62547],[77.17598,28.63024],[77.16543,28.62788],[77.16542,28.62871]]]}},{"type":"Feature","properties":{"unit_id":"ward_152","name":"R.K. PURAM","native_id":"152","source":"delhi_mcd_ward_2022","adm3_name":"Vasant Vihar","adm3_id":"7132399B56421203728232","split":false},"geometry":{"type":"Polygon","coordinates":[[[77.18096,28.57161],[77.18031,28.57095],[77.17864,28.57013],[77.18007,28.56966],[77.18145,28.56879],[77.18136,28.56868],[77.17868,28.56858],[77.17793,28.5677],[77.17585,28.56696],[77.17924,28.56362],[77.17536,28.56052],[77.173,28.55776],[77.16884,28.56166],[77.16663,28.56559],[77.16192,28.57219],[77.176,28.57856],[77.17881,28.57376],[77.18096,28.57161]]]}},{"type":"Feature","properties":{"unit_id":"ward_49","name":"MANGOLPURI-A","native_id":"49","source":"delhi_mcd_ward_2022","adm3_name":"Rohini","adm3_id":"7132399B38909788095823","split":false},"geometry":{"type":"Polygon","coordinates":[[[77.07679,28.68639],[77.07985,28.68902],[77.07813,28.68906],[77.07819,28.6924],[77.07765,28.69244],[77.07861,28.69315],[77.07948,28.69658],[77.08201,28.69723],[77.08302,28.698],[77.08454,28.69678],[77.09184,28.69663],[77.09172,28.6924],[77.08665,28.69249],[77.08655,28.68914],[77.08673,28.6869],[77.08796,28.68689],[77.08796,28.68646],[77.08824,28.68645],[77.08822,28.68689],[77.08893,28.687],[77.08899,28.68491],[77.09154,28.68485],[77.09153,28.68358],[77.07679,28.68485],[77.07679,28.68639]]]}},{"type":"Feature","properties":{"unit_id":"ward_50.01","name":"MANGOLPURI-B","native_id":"50","source":"delhi_mcd_ward_2022","adm3_name":"Rohini","adm3_id":"7132399B38909788095823","split":true},"geometry":{"type":"Polygon","coordinates":[[[77.09048,28.68564],[77.088,28.68743],[77.08674,28.68747],[77.08665,28.69249],[77.09172,28.6924],[77.09163,28.6983],[77.09213,28.69962],[77.09296,28.7006],[77.09598,28.69904],[77.09552,28.69656],[77.09743,28.69651],[77.0974,28.69723],[77.09844,28.69754],[77.09908,28.69703],[77.09876,28.69587],[77.0999,28.69312],[77.09745,28.69104],[77.09634,28.68916],[77.09356,28.68952],[77.09048,28.68564]]]}},{"type":"Feature","properties":{"unit_id":"ward_50.02","name":"MANGOLPURI-B (2)","native_id":"50","source":"delhi_mcd_ward_2022","adm3_name":"Punjabi Bagh","adm3_id":"7132399B77907528818240","split":true,"orig_name":"MANGOLPURI-B"},"geometry":{"type":"MultiPolygon","coordinates":[[[[77.09153,28.68358],[77.09154,28.68485],[77.08899,28.68491],[77.089,28.6867],[77.09048,28.68564],[77.09356,28.68952],[77.09634,28.68916],[77.09527,28.68328],[77.09153,28.68358]]],[[[77.08856,28.68701],[77.08796,28.68646],[77.08796,28.68689],[77.08673,28.6869],[77.08674,28.68747],[77.088,28.68743],[77.08856,28.68701]]]]}},{"type":"Feature","properties":{"unit_id":"ward_51.01","name":"ROHINI-C","native_id":"51","source":"delhi_mcd_ward_2022","adm3_name":"Saraswati Vihar","adm3_id":"7132399B47966460917350","split":true},"geometry":{"type":"Polygon","coordinates":[[[77.11078,28.70621],[77.11788,28.70127],[77.11876,28.69798],[77.10546,28.69433],[77.10536,28.69471],[77.10433,28.69466],[77.10122,28.69559],[77.09921,28.69686],[77.09983,28.69819],[77.10125,28.6978],[77.10362,28.6999],[77.10465,28.70556],[77.10906,28.7041],[77.11078,28.70621]]]}},{"type":"Feature","properties":{"unit_id":"ward_51.02","name":"ROHINI-C (2)","native_id":"51","source":"delhi_mcd_ward_2022","adm3_name":"Rohini","adm3_id":"7132399B38909788095823","split":true,"orig_name":"ROHINI-C"},"geometry":{"type":"Polygon","coordinates":[[[77.10231,28.71208],[77.11078,28.70621],[77.10906,28.7041],[77.10465,28.70556],[77.10362,28.6999],[77.10125,28.6978],[77.09983,28.69819],[77.09921,28.69686],[77.09844,28.69754],[77.0974,28.69723],[77.09743,28.69651],[77.09552,28.69656],[77.09598,28.69904],[77.09667,28.69866],[77.10153,28.70475],[77.09935,28.70625],[77.10231,28.71208]]]}},{"type":"Feature","properties":{"unit_id":"ward_52.01","name":"ROHINI-F","native_id":"52","source":"delhi_mcd_ward_2022","adm3_name":"Alipur","adm3_id":"7132399B85719344731300","split":true},"geometry":{"type":"Polygon","coordinates":[[[77.12279,28.72129],[77.13103,28.71556],[77.12342,28.7069],[77.12117,28.70986],[77.12239,28.71327],[77.12157,28.71993],[77.12279,28.72129]]]}},{"type":"Feature","properties":{"unit_id":"ward_52.02","name":"ROHINI-F (2)","native_id":"52","source":"delhi_mcd_ward_2022","adm3_name":"Saraswati Vihar","adm3_id":"7132399B47966460917350","split":true,"orig_name":"ROHINI-F"},"geometry":{"type":"Polygon","coordinates":[[[77.12339,28.70687],[77.11805,28.70094],[77.11078,28.70621],[77.11312,28.70907],[77.11797,28.70926],[77.12239,28.71327],[77.12117,28.70986],[77.12339,28.70687]]]}},{"type":"Feature","properties":{"unit_id":"ward_52.03","name":"ROHINI-F (3)","native_id":"52","source":"delhi_mcd_ward_2022","adm3_name":"Rohini","adm3_id":"7132399B38909788095823","split":true,"orig_name":"ROHINI-F"},"geometry":{"type":"Polygon","coordinates":[[[77.11069,28.70626],[77.10989,28.70682],[77.12157,28.71993],[77.12239,28.71327],[77.11797,28.70926],[77.11312,28.70907],[77.11069,28.70626]]]}},{"type":"Feature","properties":{"unit_id":"ward_53.01","name":"ROHINI-E","native_id":"53","source":"delhi_mcd_ward_2022","adm3_name":"Alipur","adm3_id":"7132399B85719344731300","split":true},"geometry":{"type":"Polygon","coordinates":[[[77.13327,28.70639],[77.13199,28.70496],[77.12563,28.70401],[77.12342,28.7069],[77.13103,28.71556],[77.12279,28.72129],[77.12708,28.7261],[77.1369,28.7193],[77.13878,28.71878],[77.1328,28.70891],[77.13327,28.70639]]]}},{"type":"Feature","properties":{"unit_id":"ward_53.02","name":"ROHINI-E (2)","native_id":"53","source":"delhi_mcd_ward_2022","adm3_name":"Saraswati Vihar","adm3_id":"7132399B47966460917350","split":true,"orig_name":"ROHINI-E"},"geometry":{"type":"MultiPolygon","coordinates":[[[[77.13995,28.71854],[77.13812,28.71226],[77.13327,28.70639],[77.1328,28.70891],[77.13878,28.71878],[77.13995,28.71854]]],[[[77.13199,28.70496],[77.13,28.70304],[77.12475,28.70001],[77.11876,28.69798],[77.11805,28.70094],[77.12342,28.7069],[77.12563,28.70401],[77.13199,28.70496]]]]}},{"type":"Feature","properties":{"unit_id":"ward_54","name":"ROHINI-D","native_id":"54","source":"delhi_mcd_ward_2022","adm3_name":"Alipur","adm3_id":"7132399B85719344731300","split":false},"geometry":{"type":"Polygon","coordinates":[[[77.14576,28.7283],[77.14318,28.7262],[77.14145,28.72369],[77.13995,28.71854],[77.1369,28.7193],[77.12276,28.72915],[77.13169,28.73926],[77.1269,28.74674],[77.11907,28.75308],[77.12171,28.75521],[77.1226,28.75478],[77.12362,28.75516],[77.12679,28.75772],[77.14363,28.7395],[77.14338,28.73822],[77.13873,28.73395],[77.13975,28.7331],[77.14046,28.73086],[77.1441,28.72918],[77.1456,28.72891],[77.14576,28.7283]]]}},{"type":"Feature","properties":{"unit_id":"ward_55","name":"SHALIMAR BAGH-A","native_id":"55","source":"delhi_mcd_ward_2022","adm3_name":"Saraswati Vihar","adm3_id":"7132399B47966460917350","split":false},"geometry":{"type":"MultiPolygon","coordinates":[[[[77.16056,28.71458],[77.16191,28.71442],[77.16242,28.71406],[77.16093,28.71373],[77.16056,28.71458]]],[[[77.16056,28.71458],[77.1599,28.7145],[77.15944,28.71502],[77.15893,28.71506],[77.15897,28.71577],[77.15792,28.71721],[77.15805,28.71752],[77.15658,28.71799],[77.1561,28.71743],[77.15633,28.7163],[77.15301,28.71445],[77.15284,28.71467],[77.15125,28.71464],[77.15055,28.71411],[77.15077,28.71377],[77.1501,28.71342],[77.14963,28.71341],[77.14905,28.71465],[77.14826,28.71466],[77.14768,28.7141],[77.14149,28.72376],[77.14398,28.72691],[77.15086,28.73164],[77.16025,28.72164],[77.15937,28.72048],[77.16085,28.71987],[77.16006,28.71809],[77.16084,28.71683],[77.16065,28.71614],[77.16102,28.71606],[77.16056,28.71458]]]]}},{"type":"Feature","properties":{"unit_id":"ward_56.01","name":"SHALIMAR BAGH-B","native_id":"56","source":"delhi_mcd_ward_2022","adm3_name":"Saraswati Vihar","adm3_id":"7132399B47966460917350","split":true},"geometry":{"type":"Polygon","coordinates":[[[77.15805,28.71751],[77.15792,28.71721],[77.15897,28.71577],[77.1589,28.71509],[77.15944,28.71502],[77.1599,28.7145],[77.16056,28.71458],[77.16102,28.71606],[77.16065,28.71614],[77.16084,28.71683],[77.16019,28.71757],[77.16015,28.71857],[77.16263,28.71759],[77.16522,28.71387],[77.1626,28.71248],[77.16446,28.709],[77.16236,28.70707],[77.16862,28.70341],[77.16413,28.70172],[77.15807,28.7],[77.15704,28.69914],[77.14768,28.7141],[77.14826,28.71466],[77.14905,28.71465],[77.14963,28.71341],[77.15017,28.71344],[77.15077,28.71377],[77.15055,28.71411],[77.15125,28.71464],[77.15284,28.71467],[77.15301,28.71445],[77.15633,28.7163],[77.1561,28.71743],[77.15658,28.71799],[77.15805,28.71751]],[[77.16051,28.71448],[77.16093,28.71373],[77.16242,28.71406],[77.16191,28.71442],[77.16051,28.71448]]]}},{"type":"Feature","properties":{"unit_id":"ward_56.02","name":"SHALIMAR BAGH-B (2)","native_id":"56","source":"delhi_mcd_ward_2022","adm3_name":"Model Town","adm3_id":"7132399B67629467490473","split":true,"orig_name":"SHALIMAR BAGH-B"},"geometry":{"type":"Polygon","coordinates":[[[77.16016,28.71864],[77.16085,28.71987],[77.15937,28.72048],[77.16025,28.72164],[77.17352,28.70717],[77.17115,28.70443],[77.16862,28.70341],[77.16236,28.70707],[77.16446,28.709],[77.1626,28.71248],[77.16522,28.71387],[77.16263,28.71759],[77.16016,28.71864]]]}},{"type":"Feature","properties":{"unit_id":"ward_57","name":"PITAM PURA","native_id":"57","source":"delhi_mcd_ward_2022","adm3_name":"Saraswati Vihar","adm3_id":"7132399B47966460917350","split":false},"geometry":{"type":"Polygon","coordinates":[[[77.13116,28.70403],[77.13812,28.71226],[77.13891,28.71411],[77.14089,28.72236],[77.14149,28.72376],[77.15704,28.69914],[77.15402,28.69288],[77.14646,28.69535],[77.13929,28.69849],[77.13729,28.6996],[77.13116,28.70403]]]}},{"type":"Feature","properties":{"unit_id":"ward_58.01","name":"SARASWATI VIHAR","native_id":"58","source":"delhi_mcd_ward_2022","adm3_name":"Saraswati Vihar","adm3_id":"7132399B47966460917350","split":true},"geometry":{"type":"Polygon","coordinates":[[[77.12624,28.70079],[77.12699,28.69983],[77.12974,28.69769],[77.13042,28.69474],[77.11997,28.69282],[77.12131,28.68684],[77.11133,28.68829],[77.10268,28.68861],[77.1025,28.68519],[77.09735,28.68903],[77.09982,28.6927],[77.11823,28.69782],[77.12253,28.69914],[77.12624,28.70079]]]}},{"type":"Feature","properties":{"unit_id":"ward_58.02","name":"SARASWATI VIHAR (2)","native_id":"58","source":"delhi_mcd_ward_2022","adm3_name":"Punjabi Bagh","adm3_id":"7132399B77907528818240","split":true,"orig_name":"SARASWATI VIHAR"},"geometry":{"type":"Polygon","coordinates":[[[77.1025,28.68519],[77.10194,28.68272],[77.10153,28.68276],[77.10144,28.67876],[77.10491,28.67834],[77.10203,28.6686],[77.09288,28.66925],[77.09634,28.68916],[77.09735,28.68903],[77.1025,28.68519]]]}},{"type":"Feature","properties":{"unit_id":"ward_59","name":"PASCHIM VIHAR","native_id":"59","source":"delhi_mcd_ward_2022","adm3_name":"Punjabi Bagh","adm3_id":"7132399B77907528818240","split":false},"geometry":{"type":"Polygon","coordinates":[[[77.09084,28.65789],[77.09288,28.66925],[77.10203,28.6686],[77.10491,28.67834],[77.11428,28.67713],[77.11393,28.6771],[77.11188,28.66542],[77.11533,28.66498],[77.11509,28.66352],[77.11671,28.6633],[77.11644,28.66192],[77.11078,28.66066],[77.10414,28.66117],[77.09926,28.66083],[77.09648,28.65893],[77.09325,28.65582],[77.09171,28.65501],[77.089,28.65465],[77.09084,28.65789]]]}},{"type":"Feature","properties":{"unit_id":"ward_60.01","name":"RANI BAGH","native_id":"60","source":"delhi_mcd_ward_2022","adm3_name":"Punjabi Bagh","adm3_id":"7132399B77907528818240","split":true},"geometry":{"type":"Polygon","coordinates":[[[77.13842,28.67397],[77.10144,28.67876],[77.10153,28.68276],[77.10194,28.68272],[77.1025,28.68519],[77.1043,28.68385],[77.10862,28.68634],[77.11875,28.68156],[77.12421,28.68737],[77.12739,28.68584],[77.12455,28.6826],[77.13406,28.67843],[77.13608,28.67883],[77.13528,28.67783],[77.13715,28.6767],[77.13842,28.67397]]]}},{"type":"Feature","properties":{"unit_id":"ward_60.02","name":"RANI BAGH (2)","native_id":"60","source":"delhi_mcd_ward_2022","adm3_name":"Saraswati Vihar","adm3_id":"7132399B47966460917350","split":true,"orig_name":"RANI BAGH"},"geometry":{"type":"Polygon","coordinates":[[[77.13842,28.67397],[77.13715,28.6767],[77.13528,28.67783],[77.13608,28.67883],[77.13406,28.67843],[77.12455,28.6826],[77.12739,28.68584],[77.12421,28.68737],[77.11875,28.68156],[77.10862,28.68634],[77.1043,28.68385],[77.1025,28.68519],[77.10268,28.68861],[77.11133,28.68829],[77.12131,28.68684],[77.11997,28.69282],[77.13043,28.69475],[77.1309,28.69271],[77.13065,28.69188],[77.13548,28.69019],[77.13535,28.687],[77.133,28.68771],[77.13157,28.68494],[77.13118,28.68503],[77.13047,28.68377],[77.13295,28.68356],[77.13256,28.68012],[77.14171,28.6789],[77.1401,28.67376],[77.13842,28.67397]]]}},{"type":"Feature","properties":{"unit_id":"ward_64","name":"KESHAV PURAM","native_id":"64","source":"delhi_mcd_ward_2022","adm3_name":"Saraswati Vihar","adm3_id":"7132399B47966460917350","split":false},"geometry":{"type":"Polygon","coordinates":[[[77.16046,28.68192],[77.15974,28.68098],[77.16054,28.68014],[77.15918,28.67932],[77.15654,28.68098],[77.15465,28.6815],[77.15398,28.68646],[77.15404,28.68868],[77.1545,28.68997],[77.15316,28.69026],[77.15323,28.69056],[77.1541,28.69305],[77.15744,28.69961],[77.16681,28.70273],[77.16958,28.69727],[77.17241,28.69442],[77.17097,28.69328],[77.17238,28.69193],[77.17219,28.69072],[77.17082,28.68983],[77.17025,28.69109],[77.16752,28.69029],[77.16876,28.68767],[77.16609,28.6867],[77.16493,28.68892],[77.16429,28.68866],[77.16448,28.68824],[77.16402,28.68806],[77.16341,28.68784],[77.1632,28.68826],[77.16226,28.68794],[77.16435,28.68374],[77.16046,28.68192]]]}},{"type":"Feature","properties":{"unit_id":"ward_65.01","name":"ASHOK VIHAR","native_id":"65","source":"delhi_mcd_ward_2022","adm3_name":"Saraswati Vihar","adm3_id":"7132399B47966460917350","split":true},"geometry":{"type":"Polygon","coordinates":[[[77.18042,28.69644],[77.17393,28.68732],[77.16435,28.68374],[77.16226,28.68794],[77.1632,28.68826],[77.16341,28.68784],[77.16402,28.68806],[77.16448,28.68824],[77.16429,28.68866],[77.16493,28.68892],[77.16602,28.68669],[77.16876,28.68767],[77.16752,28.69029],[77.17025,28.69109],[77.17082,28.68983],[77.17218,28.6907],[77.17238,28.69193],[77.17097,28.69328],[77.17241,28.69442],[77.16958,28.69727],[77.16681,28.70273],[77.16862,28.70341],[77.18042,28.69644]]]}},{"type":"Feature","properties":{"unit_id":"ward_65.02","name":"ASHOK VIHAR (2)","native_id":"65","source":"delhi_mcd_ward_2022","adm3_name":"Model Town","adm3_id":"7132399B67629467490473","split":true,"orig_name":"ASHOK VIHAR"},"geometry":{"type":"Polygon","coordinates":[[[77.18124,28.69887],[77.18237,28.69703],[77.18047,28.69648],[77.16862,28.70341],[77.17115,28.70443],[77.17352,28.70717],[77.18124,28.69887]]]}},{"type":"Feature","properties":{"unit_id":"ward_66.01","name":"WAZIR PUR","native_id":"66","source":"delhi_mcd_ward_2022","adm3_name":"Saraswati Vihar","adm3_id":"7132399B47966460917350","split":true},"geometry":{"type":"Polygon","coordinates":[[[77.16821,28.67601],[77.16441,28.68373],[77.17393,28.68732],[77.18047,28.69648],[77.18357,28.69467],[77.18704,28.68777],[77.18499,28.68515],[77.17846,28.68756],[77.17717,28.68967],[77.17647,28.68726],[77.18236,28.67969],[77.17618,28.67778],[77.17197,28.67737],[77.16821,28.67601]]]}},{"type":"Feature","properties":{"unit_id":"ward_66.02","name":"WAZIR PUR (2)","native_id":"66","source":"delhi_mcd_ward_2022","adm3_name":"Civil Lines","adm3_id":"7132399B52831242342236","split":true,"orig_name":"WAZIR PUR"},"geometry":{"type":"Polygon","coordinates":[[[77.18704,28.68777],[77.18985,28.68212],[77.18236,28.67969],[77.17647,28.68726],[77.17717,28.68967],[77.17846,28.68756],[77.18499,28.68515],[77.18704,28.68777]]]}},{"type":"Feature","properties":{"unit_id":"ward_67","name":"SANGAM PARK","native_id":"67","source":"delhi_mcd_ward_2022","adm3_name":"Model Town","adm3_id":"7132399B67629467490473","split":false},"geometry":{"type":"Polygon","coordinates":[[[77.17854,28.70723],[77.19226,28.69044],[77.19247,28.68968],[77.19109,28.68825],[77.18937,28.68915],[77.18914,28.68866],[77.18789,28.68898],[77.18814,28.68701],[77.18839,28.68703],[77.18814,28.68678],[77.18825,28.68618],[77.19021,28.68223],[77.18985,28.68212],[77.18166,28.69834],[77.17648,28.70381],[77.17711,28.70409],[77.17673,28.70483],[77.17719,28.70489],[77.17716,28.70536],[77.17646,28.70582],[77.1768,28.70663],[77.17706,28.70691],[77.17775,28.70652],[77.17854,28.70723]]]}},{"type":"Feature","properties":{"unit_id":"ward_68","name":"MODEL TOWN","native_id":"68","source":"delhi_mcd_ward_2022","adm3_name":"Model Town","adm3_id":"7132399B67629467490473","split":false},"geometry":{"type":"Polygon","coordinates":[[[77.18328,28.71254],[77.18392,28.71163],[77.18568,28.71154],[77.18576,28.71175],[77.18852,28.71076],[77.19554,28.70946],[77.19521,28.70232],[77.20469,28.69881],[77.20406,28.6949],[77.20279,28.69533],[77.20101,28.69258],[77.20133,28.69112],[77.19982,28.69059],[77.19847,28.6895],[77.19869,28.68869],[77.19815,28.68823],[77.19936,28.68705],[77.19636,28.68445],[77.19226,28.69044],[77.17771,28.70842],[77.17864,28.70911],[77.17915,28.70897],[77.18055,28.70966],[77.18276,28.71158],[77.18244,28.71188],[77.18328,28.71254]]]}},{"type":"Feature","properties":{"unit_id":"ward_69","name":"KAMLA NAGAR","native_id":"69","source":"delhi_mcd_ward_2022","adm3_name":"Civil Lines","adm3_id":"7132399B52831242342236","split":false},"geometry":{"type":"Polygon","coordinates":[[[77.18343,28.66987],[77.1842,28.67113],[77.18746,28.67366],[77.1873,28.67424],[77.18616,28.67505],[77.18545,28.67694],[77.18387,28.67941],[77.18282,28.67984],[77.19021,28.68223],[77.18825,28.68618],[77.18814,28.68678],[77.18839,28.68703],[77.18814,28.68701],[77.18789,28.68898],[77.18914,28.68866],[77.18937,28.68915],[77.19109,28.68825],[77.19247,28.68968],[77.19225,28.69043],[77.19635,28.68445],[77.20174,28.68875],[77.20269,28.68762],[77.20359,28.68819],[77.20403,28.68784],[77.20296,28.68565],[77.20347,28.68545],[77.20303,28.68452],[77.20655,28.68254],[77.20856,28.68012],[77.20801,28.67827],[77.2049,28.67763],[77.20256,28.6764],[77.20169,28.67514],[77.20178,28.67262],[77.20062,28.67155],[77.19963,28.66958],[77.19906,28.66917],[77.19737,28.67023],[77.19646,28.66945],[77.19561,28.66981],[77.19568,28.67043],[77.19326,28.6711],[77.19417,28.67312],[77.19383,28.67385],[77.18895,28.67563],[77.1875,28.67362],[77.1878,28.67226],[77.18742,28.67121],[77.19164,28.66974],[77.19139,28.6692],[77.19233,28.66887],[77.19217,28.66838],[77.18747,28.66963],[77.18343,28.66987]]]}},{"type":"Feature","properties":{"unit_id":"ward_82","name":"PAHAR GANJ","native_id":"82","source":"delhi_mcd_ward_2022","adm3_name":"Karol Bagh","adm3_id":"7132399B69977553802111","split":false},"geometry":{"type":"Polygon","coordinates":[[[77.20464,28.65242],[77.20508,28.65081],[77.2067,28.65221],[77.20891,28.65179],[77.20863,28.65052],[77.21008,28.6503],[77.21028,28.6484],[77.21003,28.64729],[77.21308,28.64691],[77.21366,28.64619],[77.21794,28.64559],[77.21846,28.64193],[77.21617,28.63942],[77.21394,28.63624],[77.2049,28.64139],[77.2035,28.64274],[77.19688,28.64573],[77.19944,28.64883],[77.20263,28.65345],[77.20464,28.65242]]]}},{"type":"Feature","properties":{"unit_id":"ward_83.01","name":"KAROL BAGH","native_id":"83","source":"delhi_mcd_ward_2022","adm3_name":"Karol Bagh","adm3_id":"7132399B69977553802111","split":true},"geometry":{"type":"Polygon","coordinates":[[[77.20477,28.65247],[77.20263,28.65345],[77.19944,28.64883],[77.19688,28.64573],[77.18667,28.65167],[77.18821,28.65413],[77.1869,28.65486],[77.18753,28.65571],[77.1865,28.65624],[77.18992,28.65937],[77.20477,28.65247]]]}},{"type":"Feature","properties":{"unit_id":"ward_83.02","name":"KAROL BAGH (2)","native_id":"83","source":"delhi_mcd_ward_2022","adm3_name":"Civil Lines","adm3_id":"7132399B52831242342236","split":true,"orig_name":"KAROL BAGH"},"geometry":{"type":"Polygon","coordinates":[[[77.18058,28.66364],[77.18076,28.6644],[77.18617,28.66246],[77.19147,28.66141],[77.19513,28.66157],[77.19811,28.66272],[77.20536,28.66255],[77.20486,28.66154],[77.20377,28.66063],[77.20304,28.65909],[77.20476,28.65255],[77.18992,28.65937],[77.1865,28.65624],[77.18253,28.65841],[77.18402,28.66155],[77.18268,28.6621],[77.18058,28.66364]]]}},{"type":"Feature","properties":{"unit_id":"ward_84.01","name":"DEV NAGAR","native_id":"84","source":"delhi_mcd_ward_2022","adm3_name":"Civil Lines","adm3_id":"7132399B52831242342236","split":true},"geometry":{"type":"Polygon","coordinates":[[[77.18192,28.65203],[77.18016,28.64969],[77.17827,28.65061],[77.17742,28.6489],[77.17608,28.64894],[77.17585,28.64966],[77.17505,28.64976],[77.17477,28.65022],[77.17411,28.65],[77.17316,28.65308],[77.17872,28.65474],[77.18136,28.65693],[77.18253,28.65841],[77.1865,28.65624],[77.18192,28.65203]]]}},{"type":"Feature","properties":{"unit_id":"ward_84.02","name":"DEV NAGAR (2)","native_id":"84","source":"delhi_mcd_ward_2022","adm3_name":"Karol Bagh","adm3_id":"7132399B69977553802111","split":true,"orig_name":"DEV NAGAR"},"geometry":{"type":"Polygon","coordinates":[[[77.18879,28.6505],[77.187,28.648],[77.18343,28.64992],[77.18263,28.6486],[77.18137,28.6493],[77.18168,28.64979],[77.1813,28.65],[77.181,28.64956],[77.18055,28.64981],[77.18192,28.65203],[77.1865,28.65624],[77.18753,28.65571],[77.1869,28.65486],[77.18821,28.65413],[77.18655,28.65181],[77.18879,28.6505]]]}},{"type":"Feature","properties":{"unit_id":"ward_85.01","name":"WEST PATEL NAGAR","native_id":"85","source":"delhi_mcd_ward_2022","adm3_name":"Civil Lines","adm3_id":"7132399B52831242342236","split":true},"geometry":{"type":"Polygon","coordinates":[[[77.18059,28.66301],[77.1814,28.66325],[77.18268,28.6621],[77.18402,28.66155],[77.18229,28.65803],[77.17893,28.65487],[77.17399,28.65325],[77.16928,28.65216],[77.16943,28.65297],[77.16916,28.654],[77.16806,28.6547],[77.16788,28.65447],[77.16678,28.6549],[77.16789,28.65642],[77.16747,28.65688],[77.16614,28.65736],[77.16613,28.65811],[77.16795,28.65983],[77.16699,28.65987],[77.16975,28.6634],[77.17038,28.66301],[77.16916,28.66099],[77.16891,28.65992],[77.17599,28.65741],[77.17712,28.6574],[77.17718,28.65928],[77.1781,28.65925],[77.1781,28.65862],[77.17926,28.65864],[77.17972,28.6589],[77.17981,28.66009],[77.18116,28.66041],[77.18059,28.66301]]]}},{"type":"Feature","properties":{"unit_id":"ward_85.02","name":"WEST PATEL NAGAR (2)","native_id":"85","source":"delhi_mcd_ward_2022","adm3_name":"Saraswati Vihar","adm3_id":"7132399B47966460917350","split":true,"orig_name":"WEST PATEL NAGAR"},"geometry":{"type":"Polygon","coordinates":[[[77.1668,28.65988],[77.16527,28.65925],[77.1632,28.66004],[77.16257,28.65978],[77.16208,28.66008],[77.16331,28.66073],[77.1629,28.66173],[77.16493,28.66314],[77.16461,28.66441],[77.16922,28.6664],[77.16996,28.66506],[77.16975,28.6634],[77.1668,28.65988]]]}},{"type":"Feature","properties":{"unit_id":"ward_86.01","name":"EAST PATEL NAGAR","native_id":"86","source":"delhi_mcd_ward_2022","adm3_name":"Patel Nagar","adm3_id":"7132399B921144202524","split":true},"geometry":{"type":"Polygon","coordinates":[[[77.1654,28.65715],[77.17082,28.64836],[77.17742,28.64474],[77.17548,28.64199],[77.17415,28.642],[77.16233,28.64917],[77.16283,28.64987],[77.16254,28.65002],[77.16303,28.65042],[77.16297,28.65081],[77.16345,28.6506],[77.16475,28.65227],[77.16169,28.65424],[77.15883,28.65335],[77.1571,28.65231],[77.1563,28.65278],[77.15724,28.65422],[77.16024,28.65613],[77.16088,28.65597],[77.16156,28.65632],[77.16267,28.65518],[77.16411,28.65701],[77.16468,28.65671],[77.1654,28.65715]]]}},{"type":"Feature","properties":{"unit_id":"ward_86.02","name":"EAST PATEL NAGAR (2)","native_id":"86","source":"delhi_mcd_ward_2022","adm3_name":"Civil Lines","adm3_id":"7132399B52831242342236","split":true,"orig_name":"EAST PATEL NAGAR"},"geometry":{"type":"MultiPolygon","coordinates":[[[[77.16614,28.65736],[77.16747,28.65688],[77.16789,28.65642],[77.16678,28.6549],[77.16531,28.65749],[77.16613,28.65811],[77.16614,28.65736]]],[[[77.1669,28.65474],[77.16713,28.65492],[77.16788,28.65447],[77.16806,28.6547],[77.16916,28.654],[77.16943,28.65297],[77.16928,28.65216],[77.17316,28.65308],[77.17411,28.65],[77.17477,28.65022],[77.17505,28.64976],[77.17585,28.64966],[77.17608,28.64894],[77.17742,28.6489],[77.17827,28.65061],[77.18016,28.64969],[77.18055,28.64981],[77.17742,28.64474],[77.17082,28.64836],[77.1669,28.65474]]]]}},{"type":"Feature","properties":{"unit_id":"ward_87","name":"RANJEET NAGAR","native_id":"87","source":"delhi_mcd_ward_2022","adm3_name":"Patel Nagar","adm3_id":"7132399B921144202524","split":false},"geometry":{"type":"Polygon","coordinates":[[[77.16169,28.65424],[77.16475,28.65227],[77.16345,28.6506],[77.16297,28.65081],[77.16303,28.65042],[77.16254,28.65002],[77.16283,28.64987],[77.16233,28.64917],[77.17402,28.64212],[77.17356,28.64088],[77.16991,28.64304],[77.16668,28.64448],[77.16531,28.64318],[77.16014,28.64445],[77.15335,28.65],[77.15883,28.65335],[77.16169,28.65424]]]}},{"type":"Feature","properties":{"unit_id":"ward_88.01","name":"BALJEET NAGAR","native_id":"88","source":"delhi_mcd_ward_2022","adm3_name":"Patel Nagar","adm3_id":"7132399B921144202524","split":true},"geometry":{"type":"Polygon","coordinates":[[[77.16526,28.65709],[77.16468,28.65671],[77.16405,28.65699],[77.16267,28.65518],[77.16156,28.65632],[77.16088,28.65597],[77.16024,28.65613],[77.15708,28.65407],[77.1563,28.65278],[77.15706,28.65224],[77.15235,28.65509],[77.15644,28.66008],[77.15829,28.66158],[77.16516,28.65752],[77.16526,28.65709]]]}},{"type":"Feature","properties":{"unit_id":"ward_88.02","name":"BALJEET NAGAR (2)","native_id":"88","source":"delhi_mcd_ward_2022","adm3_name":"Saraswati Vihar","adm3_id":"7132399B47966460917350","split":true,"orig_name":"BALJEET NAGAR"},"geometry":{"type":"Polygon","coordinates":[[[77.16491,28.66314],[77.1629,28.66173],[77.16331,28.66073],[77.16208,28.66008],[77.16257,28.65978],[77.1632,28.66004],[77.16527,28.65925],[77.16652,28.65993],[77.16699,28.65987],[77.16516,28.65752],[77.15829,28.66158],[77.16461,28.66441],[77.16491,28.66314]]]}},{"type":"Feature","properties":{"unit_id":"ward_89.01","name":"KARAM PURA","native_id":"89","source":"delhi_mcd_ward_2022","adm3_name":"Patel Nagar","adm3_id":"7132399B921144202524","split":true},"geometry":{"type":"Polygon","coordinates":[[[77.15829,28.66158],[77.15644,28.66008],[77.15235,28.65509],[77.1428,28.66078],[77.13802,28.6671],[77.14137,28.66759],[77.15199,28.67032],[77.15432,28.67172],[77.15653,28.67137],[77.15951,28.66453],[77.15611,28.66286],[77.15829,28.66158]]]}},{"type":"Feature","properties":{"unit_id":"ward_89.02","name":"KARAM PURA (2)","native_id":"89","source":"delhi_mcd_ward_2022","adm3_name":"Saraswati Vihar","adm3_id":"7132399B47966460917350","split":true,"orig_name":"KARAM PURA"},"geometry":{"type":"MultiPolygon","coordinates":[[[[77.15931,28.67213],[77.17256,28.66701],[77.16953,28.66662],[77.16742,28.66754],[77.16674,28.66564],[77.16692,28.6654],[77.15829,28.66158],[77.15611,28.66286],[77.15951,28.66453],[77.15653,28.67137],[77.15752,28.6712],[77.15931,28.67213]]],[[[77.13937,28.67197],[77.1401,28.67376],[77.15432,28.67172],[77.15199,28.67032],[77.14137,28.66759],[77.13937,28.67197]]]]}},{"type":"Feature","properties":{"unit_id":"ward_90","name":"MOTI NAGAR","native_id":"90","source":"delhi_mcd_ward_2022","adm3_name":"Patel Nagar","adm3_id":"7132399B921144202524","split":false},"geometry":{"type":"Polygon","coordinates":[[[77.1422,28.66136],[77.15235,28.65509],[77.1444,28.64584],[77.1434,28.64642],[77.14267,28.64793],[77.14217,28.64762],[77.1405,28.64865],[77.13557,28.65253],[77.13504,28.65235],[77.1345,28.65354],[77.13427,28.65345],[77.13778,28.6584],[77.13581,28.6594],[77.1351,28.65862],[77.134,28.65809],[77.13344,28.65856],[77.13191,28.65789],[77.13171,28.65848],[77.13245,28.65915],[77.12993,28.66128],[77.13786,28.66722],[77.1422,28.66136]]]}},{"type":"Feature","properties":{"unit_id":"ward_91","name":"RAMESH NAGAR","native_id":"91","source":"delhi_mcd_ward_2022","adm3_name":"Patel Nagar","adm3_id":"7132399B921144202524","split":false},"geometry":{"type":"Polygon","coordinates":[[[77.1345,28.65354],[77.13504,28.65235],[77.13557,28.65253],[77.1405,28.64865],[77.14217,28.64762],[77.14267,28.64793],[77.1434,28.64642],[77.1444,28.64584],[77.13228,28.63155],[77.12504,28.65025],[77.12751,28.65164],[77.13125,28.65279],[77.13117,28.65304],[77.1319,28.65325],[77.13255,28.65297],[77.1345,28.65354]]]}},{"type":"Feature","properties":{"unit_id":"ward_92.01","name":"PUNJABI BAGH","native_id":"92","source":"delhi_mcd_ward_2022","adm3_name":"Patel Nagar","adm3_id":"7132399B921144202524","split":true},"geometry":{"type":"Polygon","coordinates":[[[77.13345,28.65855],[77.134,28.65809],[77.1351,28.65862],[77.13581,28.6594],[77.13778,28.6584],[77.13427,28.65345],[77.13255,28.65297],[77.1319,28.65325],[77.13117,28.65304],[77.13125,28.65279],[77.12751,28.65164],[77.12503,28.65025],[77.12415,28.65244],[77.12456,28.65407],[77.12213,28.65476],[77.11525,28.6538],[77.1147,28.65645],[77.11605,28.65649],[77.11606,28.65676],[77.11453,28.65703],[77.11479,28.65758],[77.11415,28.6577],[77.11711,28.65885],[77.11876,28.66049],[77.11809,28.66068],[77.12451,28.66511],[77.13763,28.66704],[77.12993,28.66128],[77.13245,28.65915],[77.13171,28.65848],[77.13191,28.65789],[77.13345,28.65855]]]}},{"type":"Feature","properties":{"unit_id":"ward_92.02","name":"PUNJABI BAGH (2)","native_id":"92","source":"delhi_mcd_ward_2022","adm3_name":"Punjabi Bagh","adm3_id":"7132399B77907528818240","split":true,"orig_name":"PUNJABI BAGH"},"geometry":{"type":"Polygon","coordinates":[[[77.11808,28.66068],[77.11773,28.66076],[77.11761,28.6614],[77.11643,28.66126],[77.11744,28.66704],[77.11947,28.66699],[77.11937,28.66669],[77.12082,28.66652],[77.12114,28.66675],[77.12147,28.66671],[77.12142,28.66645],[77.12338,28.66622],[77.12352,28.66796],[77.12268,28.66811],[77.1235,28.67129],[77.12856,28.67065],[77.12921,28.6751],[77.13842,28.67397],[77.13936,28.67194],[77.13841,28.67007],[77.13654,28.66831],[77.13799,28.66729],[77.13763,28.66704],[77.12451,28.66511],[77.11808,28.66068]]]}},{"type":"Feature","properties":{"unit_id":"ward_93","name":"MADIPUR","native_id":"93","source":"delhi_mcd_ward_2022","adm3_name":"Punjabi Bagh","adm3_id":"7132399B77907528818240","split":false},"geometry":{"type":"Polygon","coordinates":[[[77.12921,28.6751],[77.12856,28.67065],[77.1235,28.67129],[77.12268,28.66811],[77.12352,28.66796],[77.12341,28.66625],[77.12142,28.66645],[77.12147,28.66671],[77.12085,28.66678],[77.12082,28.66652],[77.11937,28.66669],[77.11947,28.66699],[77.11744,28.66704],[77.11676,28.66329],[77.11509,28.66352],[77.11533,28.66498],[77.11188,28.66542],[77.11393,28.6771],[77.12921,28.6751]]]}},{"type":"Feature","properties":{"unit_id":"ward_94","name":"RAGHUBIR NAGAR","native_id":"94","source":"delhi_mcd_ward_2022","adm3_name":"Patel Nagar","adm3_id":"7132399B921144202524","split":false},"geometry":{"type":"Polygon","coordinates":[[[77.11645,28.66192],[77.11643,28.66126],[77.11761,28.6614],[77.11773,28.66076],[77.11876,28.66049],[77.11711,28.65885],[77.11417,28.6579],[77.11479,28.65758],[77.11453,28.65703],[77.11606,28.65676],[77.11605,28.65649],[77.1147,28.65645],[77.11525,28.6538],[77.12154,28.65473],[77.12362,28.65448],[77.12456,28.65407],[77.12415,28.65244],[77.12503,28.65025],[77.12378,28.64956],[77.12365,28.64976],[77.12305,28.64945],[77.12287,28.64974],[77.12232,28.64951],[77.12206,28.64937],[77.12226,28.64898],[77.11698,28.64642],[77.11187,28.65304],[77.10932,28.6525],[77.10871,28.65854],[77.10884,28.66073],[77.11215,28.66086],[77.11645,28.66192]]]}},{"type":"Feature","properties":{"unit_id":"ward_98.01","name":"SUBHASH NAGAR","native_id":"98","source":"delhi_mcd_ward_2022","adm3_name":"Rajouri Garden","adm3_id":"7132399B79483166602631","split":true},"geometry":{"type":"Polygon","coordinates":[[[77.11198,28.63891],[77.11339,28.63904],[77.11383,28.63944],[77.11867,28.63651],[77.11985,28.63703],[77.12,28.63784],[77.12514,28.6378],[77.126,28.63637],[77.12238,28.63068],[77.11332,28.63097],[77.11225,28.63125],[77.11128,28.63198],[77.11025,28.63191],[77.1102,28.63138],[77.1091,28.63106],[77.10842,28.63012],[77.10718,28.63086],[77.10773,28.6315],[77.10872,28.63129],[77.109,28.63212],[77.10812,28.63265],[77.10736,28.63235],[77.10607,28.63292],[77.10553,28.6324],[77.10507,28.63256],[77.10438,28.63222],[77.10408,28.63241],[77.10409,28.63314],[77.10334,28.63313],[77.10332,28.63439],[77.10483,28.63444],[77.10562,28.63528],[77.10582,28.63738],[77.1077,28.63747],[77.10776,28.64087],[77.10896,28.64062],[77.11198,28.63891]]]}},{"type":"Feature","properties":{"unit_id":"ward_98.02","name":"SUBHASH NAGAR (2)","native_id":"98","source":"delhi_mcd_ward_2022","adm3_name":"Delhi Cantonment","adm3_id":"7132399B26804271309069","split":true,"orig_name":"SUBHASH NAGAR"},"geometry":{"type":"Polygon","coordinates":[[[77.126,28.63637],[77.12974,28.63832],[77.13228,28.63155],[77.12512,28.62319],[77.12483,28.62324],[77.12049,28.62611],[77.12365,28.62981],[77.12238,28.63068],[77.126,28.63637]]]}},{"type":"Feature","properties":{"unit_id":"ward_99.01","name":"HARI NAGAR","native_id":"99","source":"delhi_mcd_ward_2022","adm3_name":"Delhi Cantonment","adm3_id":"7132399B26804271309069","split":true},"geometry":{"type":"Polygon","coordinates":[[[77.12495,28.62299],[77.12017,28.61734],[77.11607,28.61318],[77.11329,28.6093],[77.10985,28.60532],[77.10211,28.60857],[77.10225,28.61155],[77.10832,28.6146],[77.11403,28.6201],[77.11427,28.62254],[77.11629,28.62249],[77.11853,28.62749],[77.11997,28.6269],[77.12238,28.63068],[77.12365,28.62981],[77.12049,28.62611],[77.12492,28.62334],[77.12495,28.62299]]]}},{"type":"Feature","properties":{"unit_id":"ward_99.02","name":"HARI NAGAR (2)","native_id":"99","source":"delhi_mcd_ward_2022","adm3_name":"Rajouri Garden","adm3_id":"7132399B79483166602631","split":true,"orig_name":"HARI NAGAR"},"geometry":{"type":"Polygon","coordinates":[[[77.10504,28.61311],[77.11138,28.61766],[77.11077,28.61876],[77.11087,28.62443],[77.11066,28.62499],[77.11128,28.63198],[77.11225,28.63125],[77.11332,28.63097],[77.12238,28.63068],[77.11997,28.6269],[77.11853,28.62749],[77.11629,28.62249],[77.11427,28.62254],[77.11403,28.6201],[77.10832,28.6146],[77.10504,28.61311]]]}},{"type":"Feature","properties":{"unit_id":"ward_0","name":"Polygon 297","native_id":"0","source":"delhi_mcd_ward_2022","adm3_name":"Delhi Cantonment","adm3_id":"7132399B26804271309069","split":false},"geometry":{"type":"Polygon","coordinates":[[[77.1677,28.59198],[77.16631,28.59192],[77.16585,28.59041],[77.16524,28.58998],[77.16428,28.58848],[77.16065,28.58889],[77.1598,28.58433],[77.16019,28.58368],[77.16017,28.58282],[77.15797,28.57872],[77.1582,28.57714],[77.15761,28.57588],[77.15088,28.56547],[77.1508,28.56273],[77.14932,28.56265],[77.14818,28.56138],[77.14473,28.55596],[77.14873,28.55452],[77.14929,28.55364],[77.14973,28.5536],[77.14877,28.54966],[77.14796,28.5495],[77.14718,28.54782],[77.14818,28.54671],[77.14804,28.5464],[77.14542,28.54639],[77.14557,28.54067],[77.14237,28.542],[77.14157,28.54125],[77.13961,28.544],[77.13698,28.54449],[77.1372,28.54551],[77.13616,28.54545],[77.13664,28.54928],[77.13602,28.54948],[77.13647,28.55339],[77.13323,28.55396],[77.13287,28.55303],[77.13144,28.55331],[77.13363,28.55963],[77.13449,28.56993],[77.13516,28.57094],[77.138,28.5729],[77.14325,28.57562],[77.14482,28.57912],[77.14664,28.5861],[77.16639,28.5944],[77.1677,28.59198]]]}},{"type":"Feature","properties":{"unit_id":"ward_114","name":"NAWADA","native_id":"114","source":"delhi_mcd_ward_2022","adm3_name":"Patel Nagar","adm3_id":"7132399B921144202524","split":false},"geometry":{"type":"MultiPolygon","coordinates":[[[[77.04495,28.63643],[77.04454,28.63639],[77.04448,28.63391],[77.04719,28.63387],[77.04696,28.6311],[77.04491,28.63111],[77.04489,28.63038],[77.04395,28.6304],[77.04392,28.62924],[77.04487,28.62922],[77.04445,28.62737],[77.04503,28.62725],[77.04498,28.62602],[77.0465,28.62589],[77.04806,28.6252],[77.0513,28.62835],[77.05191,28.62832],[77.05191,28.62777],[77.05129,28.62756],[77.05189,28.62754],[77.05188,28.62693],[77.05257,28.62692],[77.05277,28.62647],[77.05596,28.62628],[77.05597,28.6272],[77.05664,28.62719],[77.05661,28.62579],[77.05662,28.62297],[77.0559,28.62296],[77.05526,28.62229],[77.05527,28.62175],[77.05278,28.62116],[77.04479,28.62018],[77.04007,28.62021],[77.03467,28.61949],[77.03464,28.62398],[77.03123,28.62396],[77.03126,28.62543],[77.03528,28.62538],[77.03547,28.62887],[77.03888,28.62765],[77.03894,28.63128],[77.03961,28.63129],[77.03974,28.63778],[77.04496,28.6377],[77.04495,28.63643]]],[[[77.05661,28.62554],[77.05662,28.62554],[77.05662,28.62554],[77.05661,28.62554]]]]}},{"type":"Feature","properties":{"unit_id":"ward_137","name":"MAHAVIR ENCLAVE","native_id":"137","source":"delhi_mcd_ward_2022","adm3_name":"Dwarka","adm3_id":"7132399B96078031896903","split":false},"geometry":{"type":"Polygon","coordinates":[[[77.08392,28.61113],[77.08112,28.6064],[77.08127,28.60573],[77.08297,28.60421],[77.08066,28.59578],[77.081,28.59249],[77.07197,28.59475],[77.07211,28.59693],[77.07183,28.59903],[77.07012,28.6031],[77.07161,28.60375],[77.07277,28.6054],[77.07867,28.60776],[77.08199,28.61038],[77.08392,28.61113]]]}},{"type":"Feature","properties":{"unit_id":"ward_11","name":"TIMARPUR","native_id":"11","source":"delhi_mcd_ward_2022","adm3_name":"Civil Lines","adm3_id":"7132399B52831242342236","split":false},"geometry":{"type":"Polygon","coordinates":[[[77.22329,28.69586],[77.22212,28.69275],[77.22095,28.6922],[77.21984,28.69331],[77.20908,28.69717],[77.21126,28.70029],[77.2143,28.70268],[77.21603,28.70587],[77.2178,28.70806],[77.22111,28.71571],[77.21998,28.7161],[77.21939,28.71599],[77.21937,28.71631],[77.21981,28.7171],[77.2212,28.71676],[77.22238,28.71992],[77.21623,28.72218],[77.21693,28.72371],[77.21492,28.72441],[77.21293,28.72702],[77.21677,28.72694],[77.21736,28.72843],[77.21785,28.72837],[77.21839,28.72918],[77.21775,28.72949],[77.21791,28.73058],[77.21847,28.73269],[77.21909,28.73375],[77.21963,28.73313],[77.22305,28.73142],[77.22328,28.73105],[77.22569,28.73009],[77.22908,28.7201],[77.23164,28.72002],[77.23311,28.71881],[77.23345,28.71802],[77.23139,28.71196],[77.23093,28.70411],[77.22903,28.70418],[77.22772,28.70365],[77.22758,28.70229],[77.22508,28.70059],[77.22369,28.69625],[77.22329,28.69586]]]}},{"type":"Feature","properties":{"unit_id":"ward_131","name":"BIJWASAN","native_id":"131","source":"delhi_mcd_ward_2022","adm3_name":"Kapeshera","adm3_id":"7132399B6806265883243","split":false},"geometry":{"type":"Polygon","coordinates":[[[77.10924,28.53484],[77.11023,28.53488],[77.10618,28.53281],[77.10509,28.53186],[77.09823,28.52174],[77.08517,28.53155],[77.0826,28.53177],[77.07995,28.531],[77.07657,28.52768],[77.07672,28.5275],[77.07467,28.525],[77.07195,28.52015],[77.07181,28.51855],[77.07135,28.51756],[77.06786,28.51332],[77.06741,28.51216],[77.06425,28.51266],[77.06123,28.51219],[77.05954,28.51235],[77.0575,28.51289],[77.05423,28.51439],[77.04601,28.5166],[77.04821,28.52082],[77.0445,28.52283],[77.0434,28.52383],[77.04335,28.52485],[77.04198,28.52554],[77.04669,28.53144],[77.0461,28.53146],[77.04616,28.53369],[77.04546,28.53372],[77.04558,28.53521],[77.04908,28.53408],[77.05936,28.54609],[77.06108,28.54519],[77.08001,28.54091],[77.08531,28.53922],[77.10441,28.53598],[77.10924,28.53484]]]}},{"type":"Feature","properties":{"unit_id":"ward_133","name":"MAHIPALPUR","native_id":"133","source":"delhi_mcd_ward_2022","adm3_name":"Vasant Vihar","adm3_id":"7132399B56421203728232","split":false},"geometry":{"type":"Polygon","coordinates":[[[77.08332,28.55961],[77.08507,28.55705],[77.08892,28.55611],[77.09058,28.55678],[77.09287,28.55681],[77.10701,28.5537],[77.11031,28.55266],[77.11109,28.55323],[77.11347,28.5516],[77.11654,28.55209],[77.11984,28.55084],[77.1207,28.55365],[77.12418,28.55286],[77.12331,28.54969],[77.12514,28.54777],[77.13017,28.55169],[77.13144,28.55331],[77.13287,28.55303],[77.13323,28.55396],[77.13647,28.55339],[77.13602,28.54948],[77.13664,28.54928],[77.13616,28.54545],[77.1372,28.54551],[77.13698,28.54449],[77.13961,28.544],[77.14157,28.54125],[77.14237,28.542],[77.14398,28.54153],[77.14659,28.54011],[77.14542,28.53852],[77.14861,28.53671],[77.1451,28.53209],[77.1485,28.52955],[77.14982,28.53137],[77.15037,28.53097],[77.15312,28.53114],[77.1535,28.52866],[77.15031,28.52824],[77.14959,28.52864],[77.14865,28.52762],[77.1477,28.52822],[77.14659,28.52679],[77.14607,28.52496],[77.1447,28.52522],[77.1451,28.52683],[77.1448,28.52696],[77.14553,28.52834],[77.14685,28.52764],[77.14818,28.52926],[77.14351,28.53275],[77.14324,28.53018],[77.14486,28.5298],[77.14305,28.52616],[77.14233,28.52381],[77.13465,28.52409],[77.13425,28.52206],[77.13279,28.52255],[77.13248,28.52403],[77.13219,28.52426],[77.13004,28.52338],[77.12471,28.52414],[77.12298,28.52306],[77.12294,28.5235],[77.1224,28.52382],[77.12072,28.52425],[77.12016,28.52496],[77.12013,28.52619],[77.11774,28.52616],[77.11775,28.52754],[77.11636,28.52921],[77.1146,28.5299],[77.11391,28.52972],[77.11394,28.53058],[77.11436,28.53105],[77.11279,28.53105],[77.11225,28.53078],[77.11162,28.53131],[77.11061,28.531],[77.10996,28.53133],[77.10996,28.53284],[77.10916,28.53361],[77.10913,28.53431],[77.11023,28.53488],[77.10924,28.53484],[77.10441,28.53598],[77.08531,28.53922],[77.08001,28.54091],[77.06108,28.54519],[77.05936,28.54609],[77.06666,28.55477],[77.06834,28.55407],[77.07552,28.55282],[77.07602,28.55304],[77.07738,28.55673],[77.07722,28.55742],[77.07147,28.55942],[77.0711,28.55999],[77.07637,28.56619],[77.08199,28.56488],[77.08142,28.56334],[77.0832,28.56291],[77.08486,28.56046],[77.08332,28.55961]]]}},{"type":"Feature","properties":{"unit_id":"ward_142.01","name":"DARYAGANJ","native_id":"142","source":"delhi_mcd_ward_2022","adm3_name":"Kotwali","adm3_id":"7132399B31666933732900","split":true},"geometry":{"type":"Polygon","coordinates":[[[77.24274,28.65024],[77.2451,28.65063],[77.2449,28.65111],[77.24536,28.65114],[77.26335,28.65148],[77.26438,28.64868],[77.26504,28.64673],[77.26506,28.64534],[77.26301,28.64015],[77.2609,28.63672],[77.25631,28.63106],[77.25318,28.62357],[77.25334,28.62192],[77.2538,28.62087],[77.2548,28.62019],[77.25508,28.61946],[77.25552,28.61543],[77.25776,28.60718],[77.25994,28.60323],[77.26246,28.6006],[77.26067,28.59975],[77.25736,28.60295],[77.25424,28.61332],[77.24013,28.61292],[77.24107,28.62581],[77.24084,28.62592],[77.24137,28.62699],[77.2409,28.63324],[77.24107,28.63898],[77.24054,28.64194],[77.24016,28.64833],[77.23905,28.64983],[77.24062,28.65031],[77.24274,28.65024]]]}},{"type":"Feature","properties":{"unit_id":"ward_142.02","name":"DARYAGANJ (2)","native_id":"142","source":"delhi_mcd_ward_2022","adm3_name":"Defence Colony","adm3_id":"7132399B54403339513296","split":true,"orig_name":"DARYAGANJ"},"geometry":{"type":"Polygon","coordinates":[[[77.26065,28.59974],[77.25134,28.59698],[77.25657,28.59042],[77.25834,28.59018],[77.25941,28.58667],[77.25862,28.58652],[77.25874,28.58615],[77.25825,28.58599],[77.25761,28.5867],[77.25723,28.5893],[77.25478,28.58869],[77.25486,28.58777],[77.25508,28.58777],[77.25528,28.58319],[77.25446,28.58399],[77.25319,28.58444],[77.2528,28.5827],[77.25155,28.58265],[77.25191,28.58097],[77.25271,28.57983],[77.25052,28.57909],[77.25024,28.57973],[77.25082,28.58014],[77.24724,28.58434],[77.24897,28.58556],[77.24798,28.58674],[77.2466,28.58642],[77.24714,28.58562],[77.24688,28.58545],[77.24706,28.58523],[77.24493,28.58426],[77.24404,28.5867],[77.23991,28.59094],[77.23997,28.59278],[77.24326,28.59316],[77.24346,28.59345],[77.24075,28.59722],[77.24007,28.60932],[77.24189,28.60986],[77.24405,28.60729],[77.25514,28.60972],[77.25736,28.60295],[77.26065,28.59974]]]}},{"type":"Feature","properties":{"unit_id":"ward_144","name":"LAJPAT NAGAR","native_id":"144","source":"delhi_mcd_ward_2022","adm3_name":"Defence Colony","adm3_id":"7132399B54403339513296","split":false},"geometry":{"type":"Polygon","coordinates":[[[77.24897,28.58556],[77.24724,28.58434],[77.25082,28.58014],[77.25024,28.57973],[77.25052,28.57909],[77.25268,28.57981],[77.25829,28.57247],[77.25458,28.56993],[77.25248,28.56634],[77.25171,28.56587],[77.25025,28.56561],[77.25018,28.56626],[77.24697,28.56622],[77.2477,28.5673],[77.24693,28.5676],[77.24633,28.56647],[77.23659,28.57048],[77.23694,28.57117],[77.23657,28.57131],[77.23829,28.57428],[77.23898,28.57427],[77.23904,28.57277],[77.24148,28.57281],[77.24143,28.5763],[77.24319,28.57634],[77.24314,28.57905],[77.24571,28.57908],[77.24567,28.58296],[77.24493,28.58426],[77.24706,28.58523],[77.24688,28.58545],[77.24714,28.58562],[77.2466,28.58642],[77.24798,28.58674],[77.24897,28.58556]]]}},{"type":"Feature","properties":{"unit_id":"ward_151","name":"MUNIRKA","native_id":"151","source":"delhi_mcd_ward_2022","adm3_name":"Vasant Vihar","adm3_id":"7132399B56421203728232","split":false},"geometry":{"type":"Polygon","coordinates":[[[77.18359,28.57025],[77.18962,28.56955],[77.18856,28.56238],[77.18499,28.55218],[77.18383,28.55059],[77.17865,28.55397],[77.17801,28.55335],[77.17718,28.5536],[77.17292,28.54998],[77.16634,28.55342],[77.16672,28.55523],[77.17102,28.55927],[77.173,28.55776],[77.17536,28.56052],[77.17924,28.56362],[77.17585,28.56696],[77.17793,28.5677],[77.17868,28.56858],[77.18145,28.56879],[77.17864,28.57029],[77.18031,28.57094],[77.18096,28.57161],[77.18359,28.57025]]]}},{"type":"Feature","properties":{"unit_id":"ward_167","name":"KHANPUR","native_id":"167","source":"delhi_mcd_ward_2022","adm3_name":"Hauz Khas","adm3_id":"7132399B8308156936447","split":false},"geometry":{"type":"Polygon","coordinates":[[[77.21438,28.51802],[77.22673,28.51558],[77.22687,28.51658],[77.2369,28.51463],[77.23722,28.51592],[77.23784,28.51652],[77.23818,28.51628],[77.23824,28.51297],[77.2351,28.5137],[77.23497,28.51322],[77.23458,28.51331],[77.23434,28.51298],[77.23425,28.51246],[77.23475,28.5123],[77.23484,28.51163],[77.23544,28.51152],[77.23468,28.50926],[77.23418,28.50913],[77.23354,28.50779],[77.23537,28.5072],[77.23518,28.50605],[77.23198,28.50616],[77.23178,28.50435],[77.22853,28.50388],[77.22853,28.50359],[77.22623,28.50285],[77.22619,28.50233],[77.22566,28.50247],[77.22509,28.50182],[77.22256,28.50212],[77.22148,28.50456],[77.21962,28.5046],[77.21973,28.5062],[77.21905,28.50622],[77.21906,28.50803],[77.2143,28.50915],[77.21417,28.50631],[77.21214,28.50635],[77.2123,28.50929],[77.21262,28.50962],[77.21186,28.50976],[77.21272,28.51198],[77.21297,28.51187],[77.21379,28.51288],[77.21499,28.51512],[77.21439,28.51676],[77.21438,28.51802]]]}},{"type":"Feature","properties":{"unit_id":"ward_177.01","name":"HARKESH NAGAR","native_id":"177","source":"delhi_mcd_ward_2022","adm3_name":"Kalkaji","adm3_id":"7132399B83413688422431","split":true},"geometry":{"type":"MultiPolygon","coordinates":[[[[77.2871,28.52421],[77.28746,28.52349],[77.28502,28.5235],[77.2776,28.52247],[77.2764,28.52193],[77.26956,28.53172],[77.26665,28.53862],[77.27067,28.5403],[77.27021,28.53916],[77.27197,28.53731],[77.277,28.53426],[77.27911,28.53435],[77.28192,28.52978],[77.28253,28.52431],[77.28764,28.52489],[77.28791,28.52459],[77.2871,28.52421]]],[[[77.27184,28.54356],[77.27103,28.54381],[77.27105,28.54423],[77.27012,28.54449],[77.26983,28.54527],[77.26803,28.54504],[77.26803,28.54568],[77.26966,28.54621],[77.26943,28.54705],[77.27445,28.54983],[77.27184,28.54356]]]]}},{"type":"Feature","properties":{"unit_id":"ward_177.02","name":"HARKESH NAGAR (2)","native_id":"177","source":"delhi_mcd_ward_2022","adm3_name":"Defence Colony","adm3_id":"7132399B54403339513296","split":true,"orig_name":"HARKESH NAGAR"},"geometry":{"type":"MultiPolygon","coordinates":[[[[77.283,28.54421],[77.27937,28.54255],[77.28023,28.54095],[77.27877,28.54058],[77.27593,28.54317],[77.27532,28.54177],[77.27911,28.53435],[77.277,28.53426],[77.27197,28.53731],[77.27021,28.53916],[77.27067,28.5403],[77.27289,28.54165],[77.27195,28.54353],[77.27445,28.54983],[77.27482,28.55005],[77.27696,28.54759],[77.27979,28.54882],[77.283,28.54421]]],[[[77.2875,28.53103],[77.28886,28.52829],[77.29171,28.52568],[77.29219,28.52474],[77.29182,28.52473],[77.29114,28.5257],[77.28981,28.52527],[77.28875,28.52553],[77.2883,28.52492],[77.28707,28.52708],[77.28622,28.5303],[77.2875,28.53103]]]]}},{"type":"Feature","properties":{"unit_id":"ward_177.03","name":"HARKESH NAGAR (3)","native_id":"177","source":"delhi_mcd_ward_2022","adm3_name":"Sarita Vihar","adm3_id":"7132399B48945131257373","split":true,"orig_name":"HARKESH NAGAR"},"geometry":{"type":"Polygon","coordinates":[[[77.28028,28.54085],[77.28366,28.53472],[77.28543,28.53537],[77.28677,28.53272],[77.2875,28.53103],[77.28622,28.5303],[77.28764,28.52489],[77.28253,28.52431],[77.28192,28.52978],[77.27911,28.53435],[77.27532,28.54177],[77.27593,28.54317],[77.27877,28.54058],[77.28028,28.54085]]]}},{"type":"Feature","properties":{"unit_id":"ward_178","name":"TUGHLAKABAD","native_id":"178","source":"delhi_mcd_ward_2022","adm3_name":"Kalkaji","adm3_id":"7132399B83413688422431","split":false},"geometry":{"type":"Polygon","coordinates":[[[77.26268,28.53232],[77.26499,28.53192],[77.26525,28.53107],[77.26598,28.53121],[77.26622,28.5304],[77.26777,28.53076],[77.26967,28.52825],[77.27139,28.52903],[77.2764,28.52193],[77.2776,28.52247],[77.28502,28.5235],[77.28746,28.52349],[77.2871,28.52421],[77.28818,28.52472],[77.2886,28.52546],[77.29233,28.51804],[77.29557,28.5081],[77.29251,28.50717],[77.29236,28.50786],[77.29157,28.50773],[77.29152,28.508],[77.2895,28.50789],[77.28828,28.50695],[77.28622,28.50712],[77.28066,28.50991],[77.27773,28.50495],[77.27093,28.50769],[77.26436,28.50934],[77.26085,28.5116],[77.25913,28.51207],[77.2546,28.51467],[77.25588,28.51668],[77.2601,28.52064],[77.26228,28.52195],[77.26288,28.5214],[77.26362,28.52134],[77.26386,28.52169],[77.26444,28.52151],[77.26499,28.52306],[77.26455,28.5233],[77.26363,28.52521],[77.2606,28.52557],[77.26117,28.52723],[77.26335,28.52638],[77.26183,28.53025],[77.26268,28.53232]]]}},{"type":"Feature","properties":{"unit_id":"ward_187.01","name":"SARITA VIHAR","native_id":"187","source":"delhi_mcd_ward_2022","adm3_name":"Defence Colony","adm3_id":"7132399B54403339513296","split":true},"geometry":{"type":"MultiPolygon","coordinates":[[[[77.26983,28.57845],[77.27071,28.57864],[77.2727,28.5753],[77.27514,28.57321],[77.27737,28.57188],[77.27672,28.57126],[77.27871,28.56916],[77.27789,28.56839],[77.27769,28.56669],[77.27866,28.5654],[77.27813,28.56539],[77.27826,28.55909],[77.28029,28.55905],[77.2803,28.55929],[77.28254,28.55964],[77.28325,28.55865],[77.28422,28.55924],[77.28463,28.55869],[77.28365,28.55817],[77.28327,28.55731],[77.28437,28.55582],[77.28482,28.55609],[77.28512,28.55578],[77.28488,28.55547],[77.28514,28.55503],[77.2842,28.55389],[77.28244,28.55441],[77.28091,28.55532],[77.28048,28.55489],[77.28146,28.55218],[77.28287,28.55276],[77.28389,28.55053],[77.28623,28.55148],[77.28684,28.55016],[77.2878,28.55055],[77.28796,28.55034],[77.29021,28.55141],[77.2909,28.55033],[77.29347,28.5514],[77.295,28.54875],[77.29587,28.54908],[77.30174,28.53834],[77.30051,28.53786],[77.30029,28.53828],[77.30109,28.53873],[77.29879,28.54303],[77.29183,28.53996],[77.28521,28.53909],[77.28204,28.54141],[77.28023,28.54095],[77.27937,28.54255],[77.28342,28.54439],[77.28479,28.54841],[77.28369,28.55043],[77.28109,28.54936],[77.28026,28.5518],[77.27897,28.55138],[77.27845,28.55262],[77.2803,28.55386],[77.27947,28.55531],[77.28012,28.55584],[77.27851,28.55701],[77.27661,28.56034],[77.27082,28.56451],[77.26768,28.56948],[77.26724,28.56932],[77.26643,28.57019],[77.26636,28.5705],[77.26681,28.57072],[77.26556,28.57301],[77.26325,28.57573],[77.26567,28.57726],[77.26797,28.57922],[77.26983,28.57845]]],[[[77.29638,28.53598],[77.29769,28.5351],[77.29735,28.53469],[77.29919,28.53445],[77.29974,28.53375],[77.29855,28.53329],[77.2981,28.534],[77.29776,28.53385],[77.29624,28.53268],[77.29657,28.53228],[77.28959,28.5277],[77.28911,28.52799],[77.2875,28.53103],[77.29638,28.53598]]]]}},{"type":"Feature","properties":{"unit_id":"ward_187.02","name":"SARITA VIHAR (2)","native_id":"187","source":"delhi_mcd_ward_2022","adm3_name":"Sarita Vihar","adm3_id":"7132399B48945131257373","split":true,"orig_name":"SARITA VIHAR"},"geometry":{"type":"Polygon","coordinates":[[[77.30029,28.53829],[77.29994,28.53883],[77.29573,28.53712],[77.29634,28.53604],[77.2875,28.53103],[77.28543,28.53537],[77.28366,28.53472],[77.28023,28.54095],[77.28204,28.54141],[77.28521,28.53909],[77.29183,28.53996],[77.29879,28.54303],[77.30109,28.53873],[77.30029,28.53829]]]}},{"type":"Feature","properties":{"unit_id":"ward_188","name":"ABUL FAZAL ENCLAVE","native_id":"188","source":"delhi_mcd_ward_2022","adm3_name":"Defence Colony","adm3_id":"7132399B54403339513296","split":false},"geometry":{"type":"Polygon","coordinates":[[[77.2958,28.56714],[77.30498,28.55154],[77.3086,28.54741],[77.31077,28.54573],[77.30459,28.53811],[77.3036,28.5355],[77.30345,28.53352],[77.3018,28.5384],[77.29587,28.54908],[77.295,28.54875],[77.29345,28.55141],[77.2909,28.55033],[77.28984,28.55203],[77.29104,28.55345],[77.28875,28.55396],[77.28889,28.55452],[77.28638,28.55463],[77.28681,28.55646],[77.28584,28.55743],[77.28679,28.55799],[77.28667,28.55958],[77.28756,28.56161],[77.28841,28.56237],[77.29117,28.56258],[77.29205,28.56229],[77.29247,28.56379],[77.29393,28.56623],[77.2958,28.56714]]]}},{"type":"Feature","properties":{"unit_id":"ward_189","name":"ZAKIR NAGAR","native_id":"189","source":"delhi_mcd_ward_2022","adm3_name":"Defence Colony","adm3_id":"7132399B54403339513296","split":false},"geometry":{"type":"Polygon","coordinates":[[[77.2876,28.58003],[77.29097,28.57273],[77.2958,28.56714],[77.29376,28.56603],[77.29242,28.56368],[77.29205,28.56229],[77.29117,28.56258],[77.28841,28.56237],[77.2873,28.56128],[77.28667,28.55958],[77.28679,28.55799],[77.28584,28.55743],[77.28681,28.55646],[77.28638,28.55463],[77.28889,28.55452],[77.28875,28.55396],[77.29104,28.55345],[77.28984,28.55203],[77.29021,28.55141],[77.28796,28.55034],[77.2878,28.55055],[77.28684,28.55016],[77.28623,28.55148],[77.28389,28.55053],[77.28287,28.55276],[77.28146,28.55218],[77.28046,28.55465],[77.28091,28.55532],[77.28244,28.55441],[77.2842,28.55389],[77.28495,28.55476],[77.28512,28.55578],[77.28482,28.55609],[77.28437,28.55582],[77.28328,28.55728],[77.28365,28.55817],[77.28463,28.55869],[77.28422,28.55924],[77.28325,28.55865],[77.28254,28.55964],[77.2803,28.55929],[77.28029,28.55905],[77.27826,28.55909],[77.27813,28.56539],[77.27866,28.5654],[77.27769,28.56669],[77.27789,28.56839],[77.27871,28.56915],[77.27672,28.57126],[77.27737,28.57188],[77.27514,28.57321],[77.2727,28.5753],[77.27071,28.57864],[77.26938,28.57847],[77.26797,28.57922],[77.2697,28.58064],[77.27208,28.58141],[77.27987,28.5871],[77.28333,28.5847],[77.28579,28.58247],[77.2876,28.58003]]]}},{"type":"Feature","properties":{"unit_id":"ward_196","name":"MAYUR VIHAR PHASE-II","native_id":"196","source":"delhi_mcd_ward_2022","adm3_name":"Vivek Vihar","adm3_id":"7132399B26569764301384","split":false},"geometry":{"type":"Polygon","coordinates":[[[77.31856,28.62262],[77.31874,28.62164],[77.31664,28.6211],[77.3171,28.62017],[77.31679,28.6195],[77.31582,28.61919],[77.31604,28.61868],[77.31577,28.6186],[77.31398,28.62027],[77.31274,28.61948],[77.3134,28.61785],[77.30983,28.61679],[77.31144,28.61272],[77.3035,28.61283],[77.30025,28.61347],[77.29802,28.61281],[77.29434,28.61344],[77.29003,28.61475],[77.28907,28.61475],[77.28756,28.61717],[77.31713,28.62723],[77.31912,28.6228],[77.31856,28.62262]]]}},{"type":"Feature","properties":{"unit_id":"ward_198","name":"VINOD NAGAR","native_id":"198","source":"delhi_mcd_ward_2022","adm3_name":"Vivek Vihar","adm3_id":"7132399B26569764301384","split":false},"geometry":{"type":"Polygon","coordinates":[[[77.30077,28.6273],[77.30489,28.62571],[77.30175,28.62478],[77.30206,28.62417],[77.30112,28.62385],[77.30187,28.62212],[77.28756,28.61717],[77.28502,28.62115],[77.28562,28.62394],[77.28683,28.62435],[77.28765,28.62315],[77.28814,28.62333],[77.28938,28.62293],[77.29198,28.62448],[77.29394,28.62475],[77.29459,28.62454],[77.29527,28.62696],[77.29658,28.62647],[77.29841,28.62647],[77.30077,28.6273]]]}},{"type":"Feature","properties":{"unit_id":"ward_199","name":"MANDAWALI","native_id":"199","source":"delhi_mcd_ward_2022","adm3_name":"Vivek Vihar","adm3_id":"7132399B26569764301384","split":false},"geometry":{"type":"Polygon","coordinates":[[[77.29672,28.63592],[77.29947,28.63316],[77.29794,28.63186],[77.29952,28.63058],[77.30046,28.62857],[77.3018,28.62781],[77.29888,28.62655],[77.29658,28.62647],[77.29451,28.6274],[77.2941,28.62935],[77.2937,28.62959],[77.29028,28.62819],[77.28961,28.62862],[77.28993,28.62906],[77.28952,28.62915],[77.28965,28.62948],[77.28918,28.63002],[77.29672,28.63592]]]}},{"type":"Feature","properties":{"unit_id":"ward_208","name":"ANARKALI","native_id":"208","source":"delhi_mcd_ward_2022","adm3_name":"Vivek Vihar","adm3_id":"7132399B26569764301384","split":false},"geometry":{"type":"Polygon","coordinates":[[[77.28269,28.65551],[77.28556,28.6552],[77.28564,28.65552],[77.28862,28.65474],[77.2906,28.65503],[77.29169,28.65563],[77.29348,28.65025],[77.29627,28.64686],[77.29554,28.64651],[77.29134,28.64631],[77.29133,28.64594],[77.29004,28.64495],[77.28829,28.64675],[77.28464,28.64681],[77.28516,28.64765],[77.28481,28.64778],[77.28476,28.6501],[77.28546,28.65011],[77.28549,28.651],[77.28519,28.65102],[77.28461,28.65112],[77.2846,28.6523],[77.28388,28.65268],[77.2841,28.65388],[77.28353,28.65389],[77.28353,28.65357],[77.28212,28.65358],[77.28211,28.65585],[77.28269,28.65551]]]}},{"type":"Feature","properties":{"unit_id":"ward_209","name":"JAGAT PURI","native_id":"209","source":"delhi_mcd_ward_2022","adm3_name":"Vivek Vihar","adm3_id":"7132399B26569764301384","split":false},"geometry":{"type":"Polygon","coordinates":[[[77.28213,28.65547],[77.28212,28.65358],[77.28353,28.65357],[77.28353,28.65389],[77.2841,28.65388],[77.28388,28.65268],[77.2846,28.6523],[77.28461,28.65112],[77.28549,28.651],[77.28546,28.65011],[77.28476,28.6501],[77.28481,28.64778],[77.28516,28.64765],[77.28464,28.64681],[77.28829,28.64675],[77.29113,28.64383],[77.27749,28.64312],[77.27762,28.64552],[77.27894,28.64587],[77.27929,28.64816],[77.27614,28.65599],[77.2768,28.65631],[77.27696,28.65595],[77.2776,28.65577],[77.27807,28.65616],[77.27786,28.65636],[77.27843,28.65663],[77.27891,28.65635],[77.27956,28.65672],[77.28084,28.65605],[77.28017,28.65539],[77.28039,28.65506],[77.28115,28.65549],[77.28213,28.65547]]]}},{"type":"Feature","properties":{"unit_id":"ward_210","name":"GEETA COLONY","native_id":"210","source":"delhi_mcd_ward_2022","adm3_name":"Vivek Vihar","adm3_id":"7132399B26569764301384","split":false},"geometry":{"type":"Polygon","coordinates":[[[77.2685,28.64918],[77.27138,28.65012],[77.27079,28.65132],[77.2702,28.65113],[77.26962,28.65251],[77.27646,28.65518],[77.27924,28.64839],[77.27894,28.64587],[77.27762,28.64552],[77.27749,28.64312],[77.27159,28.64271],[77.27104,28.6429],[77.27061,28.64355],[77.26899,28.64338],[77.2685,28.64918]]]}},{"type":"Feature","properties":{"unit_id":"ward_211.01","name":"KRISHNA NAGAR","native_id":"211","source":"delhi_mcd_ward_2022","adm3_name":"Vivek Vihar","adm3_id":"7132399B26569764301384","split":true},"geometry":{"type":"Polygon","coordinates":[[[77.2852,28.66424],[77.2917,28.65563],[77.2906,28.65503],[77.28853,28.65474],[77.28564,28.65552],[77.28556,28.6552],[77.28245,28.65554],[77.2824,28.65588],[77.28211,28.65585],[77.28213,28.65547],[77.28115,28.65549],[77.28039,28.65506],[77.28017,28.65539],[77.28084,28.65605],[77.27956,28.65672],[77.27891,28.65635],[77.27843,28.65663],[77.27786,28.65636],[77.27807,28.65616],[77.27759,28.65577],[77.27696,28.65595],[77.2768,28.65631],[77.27645,28.65618],[77.27614,28.65593],[77.27646,28.65518],[77.27612,28.65497],[77.26962,28.65251],[77.2702,28.65113],[77.27079,28.65132],[77.27138,28.65012],[77.26943,28.64946],[77.26499,28.65513],[77.26324,28.65633],[77.26778,28.65931],[77.26877,28.65921],[77.26903,28.66014],[77.271,28.66151],[77.27152,28.65901],[77.27263,28.65891],[77.2826,28.66233],[77.2852,28.66424]]]}},{"type":"Feature","properties":{"unit_id":"ward_211.02","name":"KRISHNA NAGAR (2)","native_id":"211","source":"delhi_mcd_ward_2022","adm3_name":"Kotwali","adm3_id":"7132399B31666933732900","split":true,"orig_name":"KRISHNA NAGAR"},"geometry":{"type":"Polygon","coordinates":[[[77.26936,28.64944],[77.2684,28.64897],[77.26899,28.64338],[77.26421,28.64304],[77.26506,28.64534],[77.26504,28.64673],[77.26292,28.6525],[77.26114,28.65527],[77.26324,28.65633],[77.26499,28.65513],[77.26936,28.64944]]]}},{"type":"Feature","properties":{"unit_id":"ward_213.01","name":"SHASTRI PARK","native_id":"213","source":"delhi_mcd_ward_2022","adm3_name":"Seelam Pur","adm3_id":"7132399B3411190247591","split":true},"geometry":{"type":"MultiPolygon","coordinates":[[[[77.24551,28.67432],[77.26003,28.67194],[77.26309,28.6701],[77.26063,28.66906],[77.25661,28.67017],[77.25415,28.66639],[77.25441,28.66593],[77.254,28.66577],[77.25305,28.66675],[77.2527,28.66651],[77.25248,28.66517],[77.24655,28.66279],[77.24516,28.66277],[77.24142,28.66348],[77.24022,28.66409],[77.23541,28.67024],[77.23509,28.67122],[77.24276,28.6741],[77.24551,28.67432]]],[[[77.26494,28.67088],[77.26442,28.67238],[77.26514,28.67246],[77.26561,28.67366],[77.26643,28.67352],[77.26671,28.67402],[77.26965,28.67287],[77.26494,28.67088]]],[[[77.26981,28.67294],[77.26985,28.67301],[77.26991,28.67298],[77.26981,28.67294]]]]}},{"type":"Feature","properties":{"unit_id":"ward_213.02","name":"SHASTRI PARK (2)","native_id":"213","source":"delhi_mcd_ward_2022","adm3_name":"Vivek Vihar","adm3_id":"7132399B26569764301384","split":true,"orig_name":"SHASTRI PARK"},"geometry":{"type":"Polygon","coordinates":[[[77.26311,28.67009],[77.26461,28.67027],[77.26512,28.6705],[77.26494,28.67088],[77.26991,28.67298],[77.27072,28.67276],[77.27263,28.673],[77.27203,28.67139],[77.27911,28.66947],[77.28087,28.66996],[77.281,28.66936],[77.27696,28.66842],[77.27612,28.66916],[77.27226,28.66917],[77.27216,28.66972],[77.27179,28.66977],[77.26764,28.66937],[77.26741,28.66717],[77.26801,28.66703],[77.26768,28.66666],[77.26667,28.66697],[77.26626,28.6659],[77.26576,28.66606],[77.26596,28.66662],[77.26423,28.66727],[77.26414,28.66884],[77.26632,28.66919],[77.26627,28.66946],[77.26317,28.66891],[77.26322,28.66726],[77.26381,28.66654],[77.26279,28.66616],[77.26234,28.6669],[77.26291,28.66706],[77.26245,28.66827],[77.25825,28.66687],[77.25799,28.66738],[77.25441,28.66593],[77.25415,28.66639],[77.25661,28.67017],[77.26063,28.66906],[77.26311,28.67009]]]}},{"type":"Feature","properties":{"unit_id":"ward_212","name":"GANDHI NAGAR","native_id":"212","source":"delhi_mcd_ward_2022","adm3_name":"Vivek Vihar","adm3_id":"7132399B26569764301384","split":false},"geometry":{"type":"Polygon","coordinates":[[[77.26632,28.66919],[77.26414,28.66884],[77.26423,28.66727],[77.26596,28.66662],[77.26579,28.66603],[77.26626,28.6659],[77.26667,28.66697],[77.26768,28.66666],[77.26748,28.66622],[77.26807,28.66656],[77.26798,28.66591],[77.26888,28.66648],[77.26983,28.66484],[77.26933,28.66448],[77.26937,28.66394],[77.27003,28.66355],[77.27579,28.66331],[77.27758,28.66054],[77.27267,28.65892],[77.27192,28.65892],[77.27152,28.65901],[77.271,28.66151],[77.26903,28.66014],[77.26877,28.65921],[77.26778,28.65931],[77.26365,28.6565],[77.26114,28.65527],[77.25763,28.65841],[77.25522,28.66006],[77.24655,28.66279],[77.25248,28.66517],[77.2527,28.66651],[77.25306,28.66676],[77.254,28.66577],[77.25799,28.66738],[77.25825,28.66687],[77.26245,28.66827],[77.26291,28.66706],[77.26234,28.6669],[77.26279,28.66616],[77.26381,28.66654],[77.26322,28.66726],[77.26317,28.66891],[77.26627,28.66946],[77.26632,28.66919]]]}},{"type":"Feature","properties":{"unit_id":"ward_214","name":"AZAD NAGAR","native_id":"214","source":"delhi_mcd_ward_2022","adm3_name":"Vivek Vihar","adm3_id":"7132399B26569764301384","split":false},"geometry":{"type":"Polygon","coordinates":[[[77.27216,28.66972],[77.27224,28.66917],[77.27612,28.66916],[77.27695,28.66842],[77.281,28.66936],[77.28143,28.66851],[77.2852,28.66424],[77.28294,28.66249],[77.27758,28.66054],[77.27579,28.66331],[77.27003,28.66355],[77.26937,28.66394],[77.26933,28.66448],[77.26983,28.66484],[77.26916,28.66622],[77.26888,28.66648],[77.26798,28.66591],[77.26799,28.66662],[77.26748,28.66622],[77.26801,28.66703],[77.26741,28.66717],[77.26764,28.66937],[77.26966,28.66974],[77.26996,28.66951],[77.27216,28.66972]]]}},{"type":"Feature","properties":{"unit_id":"ward_217","name":"DILSHAD COLONY","native_id":"217","source":"delhi_mcd_ward_2022","adm3_name":"Vivek Vihar","adm3_id":"7132399B26569764301384","split":false},"geometry":{"type":"Polygon","coordinates":[[[77.32453,28.68678],[77.32588,28.68483],[77.32889,28.68641],[77.33152,28.68259],[77.33214,28.68296],[77.33259,28.68239],[77.33241,28.68208],[77.3329,28.68175],[77.33026,28.67838],[77.32658,28.67819],[77.32496,28.67766],[77.32462,28.6779],[77.32361,28.67737],[77.32397,28.67622],[77.30321,28.67569],[77.30318,28.67769],[77.30763,28.67782],[77.32453,28.68678]]]}},{"type":"Feature","properties":{"unit_id":"ward_216","name":"JHILMIL","native_id":"216","source":"delhi_mcd_ward_2022","adm3_name":"Vivek Vihar","adm3_id":"7132399B26569764301384","split":false},"geometry":{"type":"Polygon","coordinates":[[[77.29989,28.67574],[77.32397,28.67622],[77.32409,28.67347],[77.32293,28.67342],[77.32295,28.67076],[77.32201,28.66777],[77.32048,28.66802],[77.31928,28.66774],[77.31538,28.66618],[77.31511,28.66518],[77.30815,28.66659],[77.30336,28.66662],[77.30326,28.67005],[77.30208,28.67053],[77.30183,28.67013],[77.29516,28.66954],[77.29419,28.67163],[77.29282,28.67224],[77.29124,28.67205],[77.29091,28.67294],[77.29777,28.67323],[77.29935,28.67437],[77.29989,28.67574]]]}},{"type":"Feature","properties":{"unit_id":"ward_215","name":"SHAHDARA","native_id":"215","source":"delhi_mcd_ward_2022","adm3_name":"Vivek Vihar","adm3_id":"7132399B26569764301384","split":false},"geometry":{"type":"Polygon","coordinates":[[[77.29418,28.67164],[77.29516,28.66954],[77.30035,28.67016],[77.30033,28.66975],[77.28616,28.66297],[77.28402,28.66583],[77.28125,28.66878],[77.28045,28.67193],[77.28601,28.67279],[77.29091,28.67294],[77.29124,28.67205],[77.29284,28.67224],[77.29418,28.67164]]]}},{"type":"Feature","properties":{"unit_id":"ward_220.01","name":"NAND NAGRI","native_id":"220","source":"delhi_mcd_ward_2022","adm3_name":"Seema Puri","adm3_id":"7132399B76427253993716","split":true},"geometry":{"type":"Polygon","coordinates":[[[77.31496,28.69443],[77.3081,28.68997],[77.30723,28.6899],[77.31059,28.68499],[77.30385,28.68302],[77.30541,28.69008],[77.30508,28.69194],[77.30393,28.69185],[77.30372,28.69403],[77.30337,28.69401],[77.30324,28.6993],[77.31554,28.6974],[77.31496,28.69443]]]}},{"type":"Feature","properties":{"unit_id":"ward_220.02","name":"NAND NAGRI (2)","native_id":"220","source":"delhi_mcd_ward_2022","adm3_name":"Vivek Vihar","adm3_id":"7132399B26569764301384","split":true,"orig_name":"NAND NAGRI"},"geometry":{"type":"Polygon","coordinates":[[[77.31065,28.68491],[77.31214,28.68282],[77.30643,28.6797],[77.30637,28.67999],[77.30707,28.68042],[77.30695,28.68089],[77.30269,28.68084],[77.3027,28.68044],[77.30235,28.68043],[77.30237,28.67976],[77.30202,28.67976],[77.30254,28.67832],[77.30094,28.6783],[77.30147,28.68935],[77.3017,28.68951],[77.30527,28.68973],[77.30541,28.69008],[77.30385,28.68302],[77.31065,28.68491]]]}},{"type":"Feature","properties":{"unit_id":"ward_218.01","name":"SUNDAR NAGRI","native_id":"218","source":"delhi_mcd_ward_2022","adm3_name":"Vivek Vihar","adm3_id":"7132399B26569764301384","split":true},"geometry":{"type":"MultiPolygon","coordinates":[[[[77.33209,28.68294],[77.33152,28.68259],[77.32889,28.68641],[77.32588,28.68483],[77.32464,28.68662],[77.32765,28.68822],[77.32496,28.69195],[77.32309,28.69236],[77.32119,28.69126],[77.32112,28.69034],[77.32078,28.69004],[77.32049,28.69042],[77.31865,28.68932],[77.31648,28.69222],[77.31907,28.69257],[77.31912,28.69314],[77.31842,28.69327],[77.3186,28.69442],[77.32234,28.69487],[77.32317,28.69865],[77.32346,28.69865],[77.32522,28.69578],[77.32498,28.69557],[77.32596,28.6951],[77.32758,28.69341],[77.32732,28.69319],[77.32999,28.68919],[77.3319,28.6852],[77.33209,28.68294]]],[[[77.31796,28.6943],[77.31746,28.6932],[77.31668,28.6937],[77.31616,28.69337],[77.316,28.6941],[77.31796,28.6943]]]]}},{"type":"Feature","properties":{"unit_id":"ward_218.02","name":"SUNDAR NAGRI (2)","native_id":"218","source":"delhi_mcd_ward_2022","adm3_name":"Seema Puri","adm3_id":"7132399B76427253993716","split":true,"orig_name":"SUNDAR NAGRI"},"geometry":{"type":"MultiPolygon","coordinates":[[[[77.3186,28.69442],[77.3186,28.69442],[77.3186,28.69442],[77.3186,28.69442]]],[[[77.31939,28.69458],[77.31805,28.69483],[77.31797,28.69434],[77.316,28.6941],[77.31616,28.69337],[77.31578,28.69314],[77.31492,28.69426],[77.31554,28.6974],[77.32317,28.69865],[77.32234,28.69487],[77.31939,28.69458]]]]}},{"type":"Feature","properties":{"unit_id":"ward_223.01","name":"ROHTASH NAGAR","native_id":"223","source":"delhi_mcd_ward_2022","adm3_name":"Shahdara","adm3_id":"7132399B41248712520740","split":true},"geometry":{"type":"Polygon","coordinates":[[[77.28758,28.68093],[77.28718,28.68209],[77.28677,28.6819],[77.28654,28.68242],[77.28756,28.68301],[77.28887,28.68327],[77.2887,28.68247],[77.28806,28.68259],[77.28801,28.68234],[77.28982,28.68184],[77.28969,28.6816],[77.29017,28.68138],[77.2904,28.68185],[77.29078,28.68159],[77.2904,28.68113],[77.29069,28.68093],[77.29102,28.68124],[77.29163,28.68067],[77.29237,28.68096],[77.29196,28.68933],[77.29932,28.68949],[77.29804,28.68589],[77.29687,28.68367],[77.29499,28.68106],[77.29298,28.6797],[77.29283,28.67659],[77.28886,28.68066],[77.28758,28.68093]]]}},{"type":"Feature","properties":{"unit_id":"ward_223.02","name":"ROHTASH NAGAR (2)","native_id":"223","source":"delhi_mcd_ward_2022","adm3_name":"Vivek Vihar","adm3_id":"7132399B26569764301384","split":true,"orig_name":"ROHTASH NAGAR"},"geometry":{"type":"Polygon","coordinates":[[[77.28727,28.68078],[77.28886,28.68066],[77.29283,28.67659],[77.29298,28.6797],[77.29499,28.68106],[77.29343,28.67814],[77.29335,28.67591],[77.29987,28.67568],[77.29955,28.67465],[77.29833,28.67349],[77.29645,28.67301],[77.29088,28.67294],[77.29071,28.67372],[77.28935,28.67354],[77.28925,28.67391],[77.28846,28.67381],[77.28833,28.6747],[77.29059,28.67529],[77.29027,28.67631],[77.28912,28.67718],[77.28674,28.68051],[77.28727,28.68078]]]}},{"type":"Feature","properties":{"unit_id":"ward_224.01","name":"WELCOME COLONY","native_id":"224","source":"delhi_mcd_ward_2022","adm3_name":"Shahdara","adm3_id":"7132399B41248712520740","split":true},"geometry":{"type":"MultiPolygon","coordinates":[[[[77.28677,28.6819],[77.28718,28.68209],[77.28758,28.68093],[77.2834,28.68168],[77.28455,28.6827],[77.28349,28.68378],[77.28611,28.68434],[77.28587,28.68474],[77.28633,28.68484],[77.2871,28.68275],[77.28654,28.68242],[77.28677,28.6819]]],[[[77.28237,28.67225],[77.28045,28.67193],[77.28024,28.67285],[77.27551,28.6722],[77.2751,28.67417],[77.27416,28.67456],[77.27399,28.67426],[77.27361,28.6744],[77.27284,28.67473],[77.273,28.67502],[77.27262,28.6752],[77.27298,28.6759],[77.27213,28.67671],[77.27314,28.6786],[77.27465,28.67876],[77.27474,28.6783],[77.27554,28.67842],[77.27546,28.67895],[77.27588,28.67895],[77.27591,28.67849],[77.27639,28.67857],[77.27646,28.67827],[77.27778,28.67913],[77.27804,28.67897],[77.27876,28.67959],[77.27845,28.67985],[77.27915,28.68155],[77.28293,28.68083],[77.27993,28.67418],[77.28258,28.67255],[77.28237,28.67225]]],[[[77.28299,28.68097],[77.28289,28.68141],[77.28327,28.6816],[77.28299,28.68097]]]]}},{"type":"Feature","properties":{"unit_id":"ward_224.02","name":"WELCOME COLONY (2)","native_id":"224","source":"delhi_mcd_ward_2022","adm3_name":"Vivek Vihar","adm3_id":"7132399B26569764301384","split":true,"orig_name":"WELCOME COLONY"},"geometry":{"type":"Polygon","coordinates":[[[77.28753,28.68091],[77.28674,28.68051],[77.28912,28.67718],[77.29027,28.67631],[77.29059,28.67529],[77.28833,28.6747],[77.28846,28.67381],[77.28925,28.67391],[77.28935,28.67354],[77.29071,28.67372],[77.29088,28.67294],[77.28601,28.67279],[77.28261,28.67229],[77.27993,28.67418],[77.28327,28.6816],[77.28753,28.68091]]]}},{"type":"Feature","properties":{"unit_id":"ward_227.01","name":"CHAUHAN BANGER","native_id":"227","source":"delhi_mcd_ward_2022","adm3_name":"Seelam Pur","adm3_id":"7132399B3411190247591","split":true},"geometry":{"type":"Polygon","coordinates":[[[77.27097,28.68594],[77.27074,28.68443],[77.27254,28.68461],[77.27269,28.68503],[77.27176,28.67701],[77.27145,28.67678],[77.26646,28.67858],[77.26955,28.68673],[77.27078,28.68635],[77.27064,28.68603],[77.27097,28.68594]]]}},{"type":"Feature","properties":{"unit_id":"ward_227.02","name":"CHAUHAN BANGER (2)","native_id":"227","source":"delhi_mcd_ward_2022","adm3_name":"Shahdara","adm3_id":"7132399B41248712520740","split":true,"orig_name":"CHAUHAN BANGER"},"geometry":{"type":"Polygon","coordinates":[[[77.27273,28.68503],[77.27274,28.6847],[77.27314,28.68475],[77.27326,28.68357],[77.27515,28.68433],[77.27574,28.6838],[77.27222,28.67689],[77.27176,28.67701],[77.27273,28.68503]]]}},{"type":"Feature","properties":{"unit_id":"ward_225","name":"SEELAMPUR","native_id":"225","source":"delhi_mcd_ward_2022","adm3_name":"Seelam Pur","adm3_id":"7132399B3411190247591","split":false},"geometry":{"type":"Polygon","coordinates":[[[77.27222,28.67689],[77.27298,28.6759],[77.27262,28.6752],[77.273,28.67502],[77.27284,28.67473],[77.2751,28.67417],[77.27521,28.67351],[77.27069,28.67276],[77.26977,28.67283],[77.26671,28.67402],[77.26643,28.67352],[77.26561,28.67366],[77.26514,28.67246],[77.26442,28.67238],[77.26512,28.6705],[77.2634,28.67005],[77.26253,28.67032],[77.26052,28.67181],[77.25595,28.6726],[77.25609,28.67329],[77.25734,28.67313],[77.25777,28.67508],[77.25924,28.6748],[77.25944,28.67564],[77.26356,28.67505],[77.26389,28.67704],[77.26584,28.67669],[77.26649,28.67858],[77.27145,28.67678],[77.27222,28.67689]]]}},{"type":"Feature","properties":{"unit_id":"ward_226","name":"GAUTAM PURI","native_id":"226","source":"delhi_mcd_ward_2022","adm3_name":"Seelam Pur","adm3_id":"7132399B3411190247591","split":false},"geometry":{"type":"Polygon","coordinates":[[[77.23087,28.68564],[77.2388,28.68552],[77.24392,28.68428],[77.24812,28.6844],[77.25147,28.68394],[77.25207,28.68435],[77.25498,28.68415],[77.25506,28.68382],[77.25641,28.68427],[77.25653,28.68369],[77.25735,28.68344],[77.25721,28.6829],[77.25746,28.68324],[77.25848,28.68292],[77.25918,28.68229],[77.26187,28.6823],[77.26287,28.68164],[77.26305,28.68242],[77.26173,28.68344],[77.26276,28.68444],[77.26491,28.68376],[77.26517,28.68447],[77.26835,28.68349],[77.26584,28.67669],[77.26389,28.67704],[77.26356,28.67505],[77.25944,28.67564],[77.25924,28.6748],[77.25777,28.67508],[77.25734,28.67313],[77.25609,28.67329],[77.25595,28.6726],[77.24411,28.67434],[77.24276,28.6741],[77.2351,28.67122],[77.23286,28.67788],[77.23087,28.68564]]]}},{"type":"Feature","properties":{"unit_id":"ward_231","name":"GHONDA","native_id":"231","source":"delhi_mcd_ward_2022","adm3_name":"Seelam Pur","adm3_id":"7132399B3411190247591","split":false},"geometry":{"type":"Polygon","coordinates":[[[77.26425,28.69767],[77.26639,28.69515],[77.26576,28.6947],[77.26624,28.69405],[77.2668,28.69457],[77.2671,28.69424],[77.26587,28.6931],[77.26544,28.69211],[77.26813,28.69131],[77.26975,28.69025],[77.27,28.69098],[77.27081,28.69088],[77.27067,28.69005],[77.26988,28.6902],[77.26992,28.68797],[77.26939,28.6863],[77.26412,28.68776],[77.26411,28.68846],[77.26268,28.68866],[77.26143,28.68695],[77.26003,28.6882],[77.2601,28.68875],[77.25946,28.68913],[77.25925,28.68972],[77.2601,28.69118],[77.26193,28.69042],[77.26414,28.69004],[77.26426,28.69127],[77.26068,28.69222],[77.2615,28.69382],[77.26087,28.69408],[77.26127,28.69483],[77.26216,28.69432],[77.26247,28.69473],[77.26251,28.6957],[77.26218,28.69638],[77.26158,28.69667],[77.26202,28.69742],[77.26283,28.69676],[77.26313,28.69721],[77.26425,28.69767]]]}},{"type":"Feature","properties":{"unit_id":"ward_233","name":"SUBHASH MOHALLA","native_id":"233","source":"delhi_mcd_ward_2022","adm3_name":"Seelam Pur","adm3_id":"7132399B3411190247591","split":false},"geometry":{"type":"Polygon","coordinates":[[[77.2679,28.69786],[77.26832,28.69792],[77.26803,28.69855],[77.26864,28.69847],[77.2702,28.69729],[77.26994,28.69706],[77.27021,28.69675],[77.27052,28.69704],[77.2714,28.69658],[77.27153,28.69697],[77.2725,28.69652],[77.27287,28.69707],[77.27495,28.69644],[77.2753,28.69645],[77.27537,28.69705],[77.27668,28.697],[77.2768,28.69812],[77.2826,28.69754],[77.2819,28.6961],[77.27664,28.69651],[77.27693,28.69455],[77.27607,28.69468],[77.27493,28.69426],[77.27544,28.69345],[77.27471,28.69342],[77.27458,28.69404],[77.27415,28.69437],[77.27367,28.69372],[77.27278,28.69405],[77.27229,28.69274],[77.27237,28.69078],[77.272,28.68966],[77.27067,28.69005],[77.27081,28.69088],[77.27,28.69098],[77.26975,28.69025],[77.26813,28.69131],[77.26544,28.69211],[77.26587,28.6931],[77.2671,28.69424],[77.2668,28.69457],[77.26624,28.69405],[77.26576,28.6947],[77.26639,28.69515],[77.26548,28.69617],[77.26745,28.69803],[77.26703,28.69847],[77.26731,28.69862],[77.2679,28.69786]]]}},{"type":"Feature","properties":{"unit_id":"ward_235","name":"GORAKH PARK","native_id":"235","source":"delhi_mcd_ward_2022","adm3_name":"Shahdara","adm3_id":"7132399B41248712520740","split":false},"geometry":{"type":"MultiPolygon","coordinates":[[[[77.28604,28.68604],[77.28633,28.68484],[77.28587,28.68474],[77.28611,28.68434],[77.28349,28.68378],[77.28455,28.6827],[77.28289,28.68141],[77.28304,28.68084],[77.27915,28.68155],[77.27845,28.67985],[77.27876,28.67959],[77.27804,28.67897],[77.27778,28.67913],[77.27646,28.67827],[77.27639,28.67857],[77.27591,28.67849],[77.27588,28.67895],[77.27546,28.67895],[77.27554,28.67842],[77.27474,28.6783],[77.27465,28.67876],[77.27314,28.6786],[77.27644,28.68542],[77.27959,28.68528],[77.27957,28.68405],[77.28604,28.68604]]],[[[77.29208,28.68657],[77.29237,28.68096],[77.29163,28.68067],[77.29102,28.68124],[77.29069,28.68093],[77.29041,28.68112],[77.29078,28.68159],[77.2904,28.68185],[77.29017,28.68138],[77.28969,28.6816],[77.28982,28.68184],[77.28893,28.68209],[77.28924,28.68291],[77.28888,28.68293],[77.28887,28.68327],[77.28758,28.68301],[77.28693,28.68451],[77.28957,28.68461],[77.28939,28.68635],[77.29208,28.68657]]]]}},{"type":"Feature","properties":{"unit_id":"ward_237","name":"HARSH VIHAR","native_id":"237","source":"delhi_mcd_ward_2022","adm3_name":"Seema Puri","adm3_id":"7132399B76427253993716","split":false},"geometry":{"type":"Polygon","coordinates":[[[77.32495,28.7004],[77.32346,28.69865],[77.32108,28.69847],[77.31626,28.69738],[77.30458,28.69918],[77.3065,28.70175],[77.308,28.70477],[77.31,28.70755],[77.31312,28.70989],[77.31733,28.71414],[77.3218,28.71233],[77.32296,28.71365],[77.32428,28.71282],[77.32701,28.71342],[77.32813,28.71313],[77.33134,28.71328],[77.32762,28.71096],[77.32546,28.70887],[77.32466,28.70715],[77.32522,28.7069],[77.32451,28.70626],[77.32445,28.70581],[77.32504,28.70471],[77.32581,28.70458],[77.32594,28.70266],[77.32518,28.70031],[77.32495,28.7004]]]}},{"type":"Feature","properties":{"unit_id":"ward_222","name":"RAM NAGAR EAST","native_id":"222","source":"delhi_mcd_ward_2022","adm3_name":"Vivek Vihar","adm3_id":"7132399B26569764301384","split":false},"geometry":{"type":"Polygon","coordinates":[[[77.30508,28.69194],[77.30527,28.68973],[77.30148,28.68949],[77.301,28.67849],[77.29987,28.67568],[77.29335,28.67591],[77.29339,28.67799],[77.29377,28.67913],[77.29769,28.6851],[77.30142,28.69494],[77.30199,28.69502],[77.30205,28.69413],[77.30178,28.69397],[77.30372,28.69403],[77.30393,28.69185],[77.30508,28.69194]]]}},{"type":"Feature","properties":{"unit_id":"ward_228.01","name":"MAUJPUR","native_id":"228","source":"delhi_mcd_ward_2022","adm3_name":"Shahdara","adm3_id":"7132399B41248712520740","split":true},"geometry":{"type":"Polygon","coordinates":[[[77.2789,28.69026],[77.27574,28.6838],[77.27515,28.68433],[77.27326,28.68357],[77.27314,28.68475],[77.27274,28.6847],[77.27269,28.68503],[77.2737,28.69376],[77.27415,28.69437],[77.27458,28.69404],[77.27471,28.69342],[77.27544,28.69345],[77.27493,28.69426],[77.276,28.69466],[77.27849,28.69415],[77.2783,28.69037],[77.2789,28.69026]]]}},{"type":"Feature","properties":{"unit_id":"ward_228.02","name":"MAUJPUR (2)","native_id":"228","source":"delhi_mcd_ward_2022","adm3_name":"Seelam Pur","adm3_id":"7132399B3411190247591","split":true,"orig_name":"MAUJPUR"},"geometry":{"type":"MultiPolygon","coordinates":[[[[77.26939,28.68629],[77.26835,28.68349],[77.26517,28.68447],[77.26491,28.68376],[77.26316,28.68428],[77.26331,28.68444],[77.26294,28.68459],[77.26326,28.68496],[77.26388,28.68477],[77.26442,28.68615],[77.26541,28.68744],[77.26939,28.68629]]],[[[77.2737,28.69376],[77.27254,28.68461],[77.27074,28.68443],[77.27097,28.68594],[77.27064,28.68603],[77.27078,28.68635],[77.26955,28.68673],[77.26992,28.68797],[77.26988,28.6902],[77.272,28.68966],[77.27237,28.69078],[77.27229,28.69274],[77.27278,28.69405],[77.2737,28.69376]]]]}},{"type":"Feature","properties":{"unit_id":"ward_153.01","name":"VASANT VIHAR","native_id":"153","source":"delhi_mcd_ward_2022","adm3_name":"Vasant Vihar","adm3_id":"7132399B56421203728232","split":true},"geometry":{"type":"MultiPolygon","coordinates":[[[[77.17324,28.58336],[77.176,28.57856],[77.16327,28.57281],[77.15659,28.57434],[77.15816,28.57737],[77.16166,28.58273],[77.16016,28.58375],[77.1598,28.58433],[77.16009,28.58532],[77.1633,28.58859],[77.16388,28.58853],[77.16893,28.58486],[77.17324,28.58336]]],[[[77.16254,28.57129],[77.16663,28.56559],[77.16884,28.56166],[77.17119,28.55936],[77.16672,28.55523],[77.16596,28.55278],[77.16548,28.55306],[77.16478,28.55452],[77.1635,28.5535],[77.1623,28.5515],[77.16394,28.55007],[77.15523,28.53836],[77.15338,28.53948],[77.15153,28.54171],[77.1498,28.54189],[77.15045,28.54295],[77.15028,28.54325],[77.15065,28.54407],[77.14778,28.54574],[77.14824,28.54688],[77.14719,28.54754],[77.14718,28.54782],[77.14796,28.5495],[77.14877,28.54966],[77.14973,28.5536],[77.14929,28.55364],[77.14873,28.55452],[77.14484,28.5559],[77.15006,28.56269],[77.1508,28.56273],[77.1508,28.56365],[77.15112,28.56408],[77.16084,28.55854],[77.1628,28.55911],[77.16445,28.56085],[77.16288,28.56244],[77.16269,28.56411],[77.1593,28.56596],[77.16254,28.57129]],[[77.15358,28.55288],[77.15408,28.55197],[77.15387,28.55113],[77.1545,28.55093],[77.15606,28.55361],[77.15685,28.55362],[77.15762,28.55412],[77.15791,28.55378],[77.15842,28.55387],[77.15917,28.55472],[77.15722,28.55575],[77.15654,28.55523],[77.1542,28.55745],[77.15337,28.55708],[77.15409,28.55602],[77.15515,28.5557],[77.15512,28.55527],[77.15358,28.55288]]]]}},{"type":"Feature","properties":{"unit_id":"ward_153.02","name":"VASANT VIHAR (2)","native_id":"153","source":"delhi_mcd_ward_2022","adm3_name":"Delhi Cantonment","adm3_id":"7132399B26804271309069","split":true,"orig_name":"VASANT VIHAR"},"geometry":{"type":"MultiPolygon","coordinates":[[[[77.1677,28.59198],[77.17312,28.58356],[77.16893,28.58486],[77.16388,28.58853],[77.16428,28.58848],[77.16524,28.58998],[77.16585,28.59041],[77.16631,28.59192],[77.1677,28.59198]]],[[[77.16327,28.57281],[77.16192,28.57219],[77.16252,28.57132],[77.1593,28.56596],[77.16269,28.56411],[77.16288,28.56244],[77.16445,28.56085],[77.1628,28.55911],[77.16084,28.55854],[77.15112,28.56408],[77.1508,28.56365],[77.15088,28.56547],[77.15659,28.57434],[77.16327,28.57281]]],[[[77.14473,28.55596],[77.14818,28.56138],[77.14932,28.56265],[77.15006,28.56269],[77.14473,28.55596]]],[[[77.15815,28.5774],[77.15797,28.57872],[77.16017,28.58282],[77.16016,28.58375],[77.16166,28.58273],[77.15815,28.5774]]],[[[77.16009,28.58532],[77.16065,28.58889],[77.1633,28.58859],[77.16009,28.58532]]]]}},{"type":"Feature","properties":{"unit_id":"ward_219.01","name":"DILSHAD GARDEN","native_id":"219","source":"delhi_mcd_ward_2022","adm3_name":"Vivek Vihar","adm3_id":"7132399B26569764301384","split":true},"geometry":{"type":"MultiPolygon","coordinates":[[[[77.31937,28.69451],[77.31934,28.69431],[77.3186,28.69442],[77.31937,28.69451]]],[[[77.3186,28.69441],[77.31842,28.69327],[77.31912,28.69314],[77.31907,28.69257],[77.31648,28.69222],[77.31865,28.68932],[77.32049,28.69042],[77.32078,28.69004],[77.32112,28.69034],[77.32119,28.69126],[77.32314,28.69238],[77.32521,28.69172],[77.32765,28.68822],[77.31871,28.68383],[77.30763,28.67782],[77.30318,28.67769],[77.30323,28.67573],[77.29989,28.67574],[77.30094,28.6783],[77.30254,28.67832],[77.30202,28.67976],[77.30237,28.67976],[77.30235,28.68043],[77.3027,28.68044],[77.30269,28.68084],[77.30695,28.68089],[77.30707,28.68042],[77.30637,28.67999],[77.30643,28.6797],[77.31214,28.68282],[77.31059,28.68499],[77.31489,28.68569],[77.31742,28.6877],[77.31616,28.69337],[77.31668,28.6937],[77.31745,28.69319],[77.31797,28.69434],[77.3186,28.69441]]]]}},{"type":"Feature","properties":{"unit_id":"ward_219.02","name":"DILSHAD GARDEN (2)","native_id":"219","source":"delhi_mcd_ward_2022","adm3_name":"Seema Puri","adm3_id":"7132399B76427253993716","split":true,"orig_name":"DILSHAD GARDEN"},"geometry":{"type":"MultiPolygon","coordinates":[[[[77.31937,28.69451],[77.3186,28.69442],[77.31797,28.69434],[77.31805,28.69483],[77.31937,28.69451]]],[[[77.31048,28.68515],[77.30723,28.6899],[77.3081,28.68997],[77.31492,28.69426],[77.31578,28.69314],[77.31616,28.69337],[77.31742,28.6877],[77.31489,28.68569],[77.31048,28.68515]]]]}},{"type":"Feature","properties":{"unit_id":"ward_165","name":"MADANGIR","native_id":"165","source":"delhi_mcd_ward_2022","adm3_name":"Hauz Khas","adm3_id":"7132399B8308156936447","split":false},"geometry":{"type":"Polygon","coordinates":[[[77.23089,28.51993],[77.22849,28.52086],[77.22989,28.52401],[77.23223,28.52317],[77.23588,28.52301],[77.23759,28.52413],[77.24055,28.52086],[77.24045,28.51988],[77.23958,28.51898],[77.24099,28.51787],[77.24011,28.51693],[77.2387,28.51809],[77.23796,28.51734],[77.23662,28.51838],[77.23485,28.51844],[77.23496,28.51957],[77.23089,28.51993]]]}},{"type":"Feature","properties":{"unit_id":"ward_166","name":"PUSHP VIHAR","native_id":"166","source":"delhi_mcd_ward_2022","adm3_name":"Hauz Khas","adm3_id":"7132399B8308156936447","split":false},"geometry":{"type":"Polygon","coordinates":[[[77.22849,28.52086],[77.23153,28.51971],[77.23496,28.51957],[77.23485,28.51844],[77.23662,28.51838],[77.23835,28.51702],[77.23725,28.51597],[77.2369,28.51463],[77.22687,28.51658],[77.22673,28.51558],[77.2153,28.51792],[77.2165,28.52241],[77.21649,28.5238],[77.21596,28.52564],[77.22181,28.52709],[77.22068,28.53067],[77.23202,28.53306],[77.23186,28.52895],[77.22849,28.52086]]]}},{"type":"Feature","properties":{"unit_id":"ward_108","name":"HASTSAL","native_id":"108","source":"delhi_mcd_ward_2022","adm3_name":"Patel Nagar","adm3_id":"7132399B921144202524","split":false},"geometry":{"type":"Polygon","coordinates":[[[77.05661,28.62554],[77.05664,28.62719],[77.05597,28.6272],[77.05596,28.62628],[77.05277,28.62647],[77.05257,28.62692],[77.05188,28.62693],[77.05189,28.62754],[77.05129,28.62756],[77.05191,28.62777],[77.05191,28.62832],[77.0513,28.62835],[77.04806,28.6252],[77.0465,28.62589],[77.04498,28.62602],[77.04503,28.62725],[77.04445,28.62737],[77.04487,28.62922],[77.04392,28.62924],[77.04395,28.6304],[77.04489,28.63038],[77.04491,28.63111],[77.04696,28.6311],[77.04719,28.63386],[77.05406,28.63381],[77.05414,28.63543],[77.05275,28.63762],[77.05286,28.64094],[77.05709,28.64085],[77.05729,28.63962],[77.0584,28.63872],[77.05977,28.63957],[77.06087,28.63811],[77.06212,28.63555],[77.0619,28.63546],[77.06227,28.63474],[77.05958,28.63373],[77.05955,28.63199],[77.05845,28.63198],[77.05965,28.62761],[77.06186,28.62349],[77.05668,28.62199],[77.05655,28.62118],[77.0553,28.6212],[77.05533,28.62157],[77.05478,28.62165],[77.05527,28.62175],[77.05526,28.62229],[77.0559,28.62296],[77.05662,28.62297],[77.05661,28.62554]],[[77.05661,28.62554],[77.05662,28.62554],[77.05662,28.62554],[77.05661,28.62554]]]}},{"type":"Feature","properties":{"unit_id":"ward_107","name":"VIKAS PURI","native_id":"107","source":"delhi_mcd_ward_2022","adm3_name":"Patel Nagar","adm3_id":"7132399B921144202524","split":false},"geometry":{"type":"Polygon","coordinates":[[[77.06599,28.63278],[77.06611,28.63452],[77.06542,28.6355],[77.0644,28.63547],[77.0624,28.63473],[77.06561,28.6282],[77.06567,28.62959],[77.06692,28.62943],[77.06858,28.62614],[77.06633,28.6253],[77.06649,28.62496],[77.06528,28.62449],[77.06539,28.6242],[77.06486,28.62389],[77.0641,28.62439],[77.06186,28.62349],[77.05965,28.62761],[77.05845,28.63198],[77.05955,28.63199],[77.05958,28.63373],[77.06227,28.63474],[77.06087,28.63811],[77.05977,28.63957],[77.0643,28.64287],[77.07102,28.64886],[77.07373,28.64644],[77.07211,28.64505],[77.07247,28.6447],[77.07398,28.64464],[77.07383,28.64037],[77.07623,28.64034],[77.07628,28.63856],[77.08003,28.63854],[77.08143,28.63816],[77.08064,28.63512],[77.08085,28.6336],[77.07823,28.63389],[77.07846,28.63592],[77.07688,28.63607],[77.07646,28.63293],[77.0739,28.63146],[77.06866,28.63175],[77.06875,28.63261],[77.06599,28.63278]]]}},{"type":"Feature","properties":{"unit_id":"ward_117","name":"DABRI","native_id":"117","source":"delhi_mcd_ward_2022","adm3_name":"Dwarka","adm3_id":"7132399B96078031896903","split":false},"geometry":{"type":"Polygon","coordinates":[[[77.09715,28.60903],[77.1006,28.6092],[77.10988,28.60535],[77.10866,28.60397],[77.10203,28.60787],[77.09963,28.60829],[77.09963,28.60632],[77.10013,28.6061],[77.0998,28.60554],[77.0961,28.60704],[77.09541,28.60568],[77.09231,28.60172],[77.09118,28.60253],[77.08996,28.60138],[77.0902,28.60122],[77.08972,28.60075],[77.08857,28.60147],[77.08765,28.60143],[77.08588,28.602],[77.08514,28.60314],[77.08297,28.60421],[77.08158,28.60534],[77.08115,28.60613],[77.08133,28.60689],[77.08393,28.61113],[77.08577,28.61214],[77.08675,28.61359],[77.09715,28.60903]]]}},{"type":"Feature","properties":{"unit_id":"ward_118.01","name":"SAGARPUR","native_id":"118","source":"delhi_mcd_ward_2022","adm3_name":"Delhi Cantonment","adm3_id":"7132399B26804271309069","split":true},"geometry":{"type":"Polygon","coordinates":[[[77.10208,28.60784],[77.10866,28.60397],[77.10263,28.59691],[77.10107,28.59795],[77.09803,28.60109],[77.10201,28.60635],[77.10208,28.60784]]]}},{"type":"Feature","properties":{"unit_id":"ward_118.02","name":"SAGARPUR (2)","native_id":"118","source":"delhi_mcd_ward_2022","adm3_name":"Dwarka","adm3_id":"7132399B96078031896903","split":true,"orig_name":"SAGARPUR"},"geometry":{"type":"Polygon","coordinates":[[[77.10104,28.59797],[77.1005,28.59703],[77.09948,28.5962],[77.0975,28.59804],[77.09732,28.59791],[77.09768,28.59762],[77.09726,28.59722],[77.09616,28.59795],[77.09668,28.59859],[77.0961,28.59893],[77.09711,28.59944],[77.09652,28.59984],[77.0977,28.60163],[77.09705,28.60162],[77.09515,28.60283],[77.09455,28.60211],[77.09397,28.60241],[77.09359,28.60175],[77.09251,28.60205],[77.09541,28.60568],[77.0961,28.60704],[77.0998,28.60554],[77.10013,28.6061],[77.09963,28.60632],[77.09963,28.60829],[77.10208,28.60784],[77.10201,28.60635],[77.09803,28.60109],[77.10104,28.59797]]]}},{"type":"Feature","properties":{"unit_id":"ward_120","name":"DWARKA-B","native_id":"120","source":"delhi_mcd_ward_2022","adm3_name":"Dwarka","adm3_id":"7132399B96078031896903","split":false},"geometry":{"type":"Polygon","coordinates":[[[77.04733,28.55916],[77.04687,28.55709],[77.04319,28.55912],[77.03905,28.56053],[77.03983,28.56665],[77.02923,28.5677],[77.03065,28.56959],[77.03281,28.57097],[77.03491,28.57289],[77.03698,28.57733],[77.03755,28.57784],[77.03738,28.57877],[77.03872,28.57937],[77.03976,28.58061],[77.04079,28.58468],[77.03982,28.5851],[77.04221,28.5874],[77.04998,28.59668],[77.05772,28.59146],[77.06354,28.59829],[77.0652,28.59715],[77.07184,28.59481],[77.07038,28.59201],[77.05774,28.57717],[77.06673,28.57121],[77.0672,28.56904],[77.0669,28.56468],[77.06594,28.56187],[77.06473,28.55984],[77.06393,28.55878],[77.06309,28.55926],[77.05821,28.55359],[77.05272,28.5573],[77.05153,28.56005],[77.04997,28.55813],[77.04733,28.55916]]]}},{"type":"Feature","properties":{"unit_id":"ward_122","name":"MATIALA","native_id":"122","source":"delhi_mcd_ward_2022","adm3_name":"Patel Nagar","adm3_id":"7132399B921144202524","split":false},"geometry":{"type":"Polygon","coordinates":[[[77.04401,28.61046],[77.04256,28.61051],[77.04205,28.60756],[77.04041,28.6072],[77.04048,28.60681],[77.04168,28.60604],[77.04681,28.60593],[77.04697,28.60485],[77.0448,28.60389],[77.04223,28.6018],[77.03555,28.60625],[77.03282,28.61443],[77.03383,28.61441],[77.03382,28.61381],[77.03668,28.6138],[77.03679,28.61652],[77.03591,28.61653],[77.03593,28.61763],[77.03786,28.61759],[77.03788,28.61825],[77.03734,28.61826],[77.03737,28.61912],[77.03866,28.61951],[77.04328,28.61916],[77.04328,28.61772],[77.04488,28.61772],[77.0448,28.61539],[77.04758,28.61541],[77.04765,28.61753],[77.05313,28.61738],[77.05308,28.61556],[77.05075,28.61558],[77.05059,28.61472],[77.0531,28.61471],[77.05304,28.61308],[77.05549,28.61299],[77.05562,28.60739],[77.05499,28.6074],[77.0549,28.60493],[77.05472,28.60475],[77.05377,28.60548],[77.05014,28.60863],[77.05027,28.60928],[77.05152,28.60926],[77.05159,28.61034],[77.05106,28.61036],[77.0509,28.6113],[77.04919,28.61133],[77.04921,28.61183],[77.04588,28.61186],[77.04429,28.61296],[77.04404,28.6126],[77.04401,28.61046]]]}},{"type":"Feature","properties":{"unit_id":"ward_123","name":"KAKROLA","native_id":"123","source":"delhi_mcd_ward_2022","adm3_name":"Dwarka","adm3_id":"7132399B96078031896903","split":false},"geometry":{"type":"Polygon","coordinates":[[[77.01215,28.60598],[77.01051,28.60603],[77.01061,28.6071],[77.01291,28.6098],[77.01523,28.61127],[77.0163,28.61253],[77.01518,28.61265],[77.01395,28.61191],[77.01015,28.61143],[77.00401,28.61309],[77.00361,28.61458],[77.0075,28.61626],[77.02085,28.62083],[77.02648,28.61938],[77.03139,28.61909],[77.03555,28.60625],[77.02774,28.59711],[77.02525,28.59817],[77.02205,28.59847],[77.02291,28.60171],[77.02049,28.60191],[77.02074,28.60581],[77.01714,28.60603],[77.01631,28.6053],[77.0161,28.60429],[77.01449,28.60493],[77.01449,28.60897],[77.01231,28.6067],[77.01215,28.60598]]]}},{"type":"Feature","properties":{"unit_id":"ward_121","name":"DWARKA-A","native_id":"121","source":"delhi_mcd_ward_2022","adm3_name":"Dwarka","adm3_id":"7132399B96078031896903","split":false},"geometry":{"type":"Polygon","coordinates":[[[77.01215,28.60598],[77.01449,28.60897],[77.01449,28.60493],[77.0161,28.60429],[77.01631,28.6053],[77.01714,28.60603],[77.02074,28.60581],[77.02049,28.60191],[77.02291,28.60171],[77.02205,28.59847],[77.02525,28.59817],[77.02774,28.59711],[77.03555,28.60625],[77.04223,28.6018],[77.0448,28.60389],[77.04697,28.60485],[77.04681,28.60593],[77.04168,28.60604],[77.04048,28.60681],[77.04041,28.6072],[77.04205,28.60756],[77.04256,28.61051],[77.04401,28.61046],[77.04404,28.6126],[77.04429,28.61296],[77.04588,28.61186],[77.04921,28.61183],[77.04919,28.61133],[77.0509,28.6113],[77.05106,28.61036],[77.05159,28.61034],[77.05152,28.60926],[77.05027,28.60928],[77.05014,28.60863],[77.05324,28.6059],[77.05279,28.60481],[77.05567,28.60351],[77.06099,28.59993],[77.06163,28.60177],[77.06351,28.60144],[77.06351,28.60002],[77.06181,28.59941],[77.06354,28.59829],[77.05772,28.59146],[77.04998,28.59668],[77.04221,28.5874],[77.03982,28.5851],[77.04079,28.58468],[77.03976,28.58061],[77.03872,28.57937],[77.03747,28.57871],[77.03667,28.57971],[77.03129,28.58158],[77.01831,28.58441],[77.01743,28.58484],[77.0171,28.58561],[77.01719,28.58688],[77.01841,28.58949],[77.01855,28.59115],[77.01794,28.59189],[77.01606,28.59204],[77.01371,28.59138],[77.01193,28.59125],[77.01074,28.59182],[77.01035,28.59324],[77.01106,28.59444],[77.01443,28.59636],[77.01527,28.59961],[77.01474,28.60062],[77.01184,28.60291],[77.01106,28.60406],[77.01051,28.60603],[77.01215,28.60598]]]}},{"type":"Feature","properties":{"unit_id":"ward_129","name":"ROSHAN PURA","native_id":"129","source":"delhi_mcd_ward_2022","adm3_name":"Najafgarh","adm3_id":"7132399B36698820051377","split":false},"geometry":{"type":"Polygon","coordinates":[[[77.00386,28.61724],[77.00757,28.6162],[77.00361,28.61458],[77.00401,28.61309],[77.0054,28.61252],[77.01029,28.61142],[77.01395,28.61191],[77.01518,28.61265],[77.0163,28.61253],[77.01523,28.61127],[77.01291,28.6098],[77.01049,28.60672],[77.01052,28.60572],[77.01136,28.60354],[77.01471,28.60064],[77.00814,28.6006],[77.00776,28.60095],[77.00342,28.601],[76.99933,28.60302],[76.99852,28.60312],[76.999,28.60017],[76.99795,28.60017],[76.99791,28.59908],[76.99918,28.59909],[76.99929,28.59853],[76.99995,28.59852],[76.99995,28.59795],[77.00064,28.59795],[77.00062,28.59688],[76.9979,28.59677],[76.9979,28.59744],[76.99448,28.59751],[76.99446,28.59672],[76.99301,28.59674],[76.99302,28.59753],[76.98995,28.59751],[76.98962,28.59833],[76.9864,28.59833],[76.98641,28.59789],[76.98613,28.59789],[76.98608,28.59831],[76.98522,28.5986],[76.98354,28.59863],[76.98369,28.60613],[76.98557,28.6081],[76.98538,28.60922],[76.9858,28.61258],[76.99135,28.61249],[76.99951,28.61349],[76.99957,28.6169],[77.00386,28.61724]]]}},{"type":"Feature","properties":{"unit_id":"ward_14","name":"DHIRPUR","native_id":"14","source":"delhi_mcd_ward_2022","adm3_name":"Model Town","adm3_id":"7132399B67629467490473","split":false},"geometry":{"type":"Polygon","coordinates":[[[77.22227,28.71999],[77.2212,28.71676],[77.21917,28.71743],[77.21855,28.71729],[77.21765,28.7189],[77.21547,28.71851],[77.21502,28.71681],[77.21574,28.71539],[77.21151,28.71478],[77.20692,28.71552],[77.20402,28.71529],[77.20419,28.71367],[77.20069,28.71371],[77.20013,28.70727],[77.19875,28.70828],[77.19554,28.70946],[77.18852,28.71076],[77.18576,28.71175],[77.18568,28.71154],[77.18392,28.71163],[77.18328,28.71254],[77.18244,28.71188],[77.18276,28.71158],[77.18055,28.70966],[77.17915,28.70897],[77.17864,28.70911],[77.17771,28.70842],[77.17854,28.70723],[77.17775,28.70652],[77.17706,28.70691],[77.17659,28.70634],[77.17646,28.70582],[77.17716,28.70536],[77.17719,28.70489],[77.17673,28.70483],[77.17711,28.70409],[77.17648,28.70381],[77.16744,28.71381],[77.16874,28.71489],[77.17001,28.71353],[77.17191,28.71486],[77.17609,28.71029],[77.17684,28.71084],[77.17696,28.71212],[77.17657,28.71369],[77.17722,28.7149],[77.17793,28.7154],[77.17855,28.71478],[77.17955,28.7157],[77.1806,28.71485],[77.18219,28.71816],[77.18319,28.73216],[77.20135,28.72773],[77.22227,28.71999]]]}},{"type":"Feature","properties":{"unit_id":"ward_15","name":"ADARSH NAGAR","native_id":"15","source":"delhi_mcd_ward_2022","adm3_name":"Model Town","adm3_id":"7132399B67629467490473","split":false},"geometry":{"type":"Polygon","coordinates":[[[77.17609,28.71029],[77.17191,28.71486],[77.17001,28.71353],[77.16874,28.71489],[77.16744,28.71381],[77.16163,28.72021],[77.16521,28.72255],[77.16802,28.71938],[77.17166,28.72227],[77.17559,28.7236],[77.17427,28.72537],[77.17553,28.7262],[77.17561,28.72658],[77.17513,28.72722],[77.17609,28.72781],[77.17558,28.72846],[77.17512,28.72853],[77.17935,28.73108],[77.18052,28.73292],[77.18319,28.73216],[77.18219,28.71816],[77.1806,28.71485],[77.17955,28.7157],[77.17855,28.71478],[77.17793,28.7154],[77.1771,28.71475],[77.17657,28.71369],[77.17696,28.71212],[77.17684,28.71084],[77.17609,28.71029]]]}},{"type":"Feature","properties":{"unit_id":"ward_16.01","name":"AZADPUR","native_id":"16","source":"delhi_mcd_ward_2022","adm3_name":"Model Town","adm3_id":"7132399B67629467490473","split":true},"geometry":{"type":"Polygon","coordinates":[[[77.16349,28.7279],[77.16662,28.72959],[77.16973,28.72541],[77.17512,28.72853],[77.17558,28.72846],[77.17609,28.72781],[77.17513,28.72722],[77.17565,28.72641],[77.17427,28.72537],[77.17559,28.7236],[77.17166,28.72227],[77.16802,28.71938],[77.16521,28.72255],[77.16163,28.72021],[77.15935,28.72258],[77.16131,28.72659],[77.15835,28.7307],[77.16001,28.73254],[77.16349,28.7279]]]}},{"type":"Feature","properties":{"unit_id":"ward_16.02","name":"AZADPUR (2)","native_id":"16","source":"delhi_mcd_ward_2022","adm3_name":"Alipur","adm3_id":"7132399B85719344731300","split":true,"orig_name":"AZADPUR"},"geometry":{"type":"Polygon","coordinates":[[[77.15426,28.72794],[77.15086,28.73164],[77.15725,28.73566],[77.15784,28.73537],[77.15861,28.73386],[77.15888,28.73404],[77.16001,28.73254],[77.15835,28.7307],[77.15426,28.72794]]]}},{"type":"Feature","properties":{"unit_id":"ward_79","name":"BALLIMARAN","native_id":"79","source":"delhi_mcd_ward_2022","adm3_name":"Kotwali","adm3_id":"7132399B31666933732900","split":false},"geometry":{"type":"Polygon","coordinates":[[[77.22128,28.65014],[77.22359,28.64635],[77.22359,28.64515],[77.21861,28.64438],[77.21835,28.64948],[77.21702,28.65316],[77.21632,28.6563],[77.21656,28.65683],[77.21766,28.65704],[77.21784,28.65652],[77.21834,28.65662],[77.21851,28.65519],[77.21876,28.65515],[77.2191,28.65517],[77.21895,28.65701],[77.22003,28.65708],[77.22133,28.65508],[77.22326,28.65626],[77.22326,28.65664],[77.22745,28.65646],[77.22742,28.65515],[77.22953,28.65181],[77.22948,28.65223],[77.23067,28.65247],[77.23055,28.65292],[77.2312,28.65251],[77.23099,28.65088],[77.22664,28.64922],[77.22435,28.65151],[77.22406,28.65102],[77.22275,28.65138],[77.22234,28.64995],[77.22128,28.65014]]]}},{"type":"Feature","properties":{"unit_id":"ward_80","name":"RAM NAGAR","native_id":"80","source":"delhi_mcd_ward_2022","adm3_name":"Kotwali","adm3_id":"7132399B31666933732900","split":false},"geometry":{"type":"Polygon","coordinates":[[[77.21108,28.65362],[77.21645,28.6539],[77.21679,28.65416],[77.21835,28.64948],[77.21861,28.64438],[77.21805,28.6443],[77.21792,28.6456],[77.21366,28.64619],[77.21308,28.64691],[77.21003,28.64729],[77.21028,28.6484],[77.21008,28.6503],[77.20863,28.65052],[77.20891,28.65179],[77.2067,28.65221],[77.20508,28.65081],[77.20415,28.6552],[77.20556,28.65521],[77.20777,28.65379],[77.21108,28.65362]]]}},{"type":"Feature","properties":{"unit_id":"ward_119","name":"MANGLAPURI","native_id":"119","source":"delhi_mcd_ward_2022","adm3_name":"Dwarka","adm3_id":"7132399B96078031896903","split":false},"geometry":{"type":"Polygon","coordinates":[[[77.08593,28.60197],[77.08765,28.60143],[77.08857,28.60147],[77.08972,28.60075],[77.0902,28.60122],[77.08996,28.60138],[77.09118,28.60253],[77.09227,28.60173],[77.09251,28.60205],[77.09359,28.60175],[77.09397,28.60241],[77.09455,28.60211],[77.09515,28.60283],[77.09705,28.60162],[77.0977,28.60163],[77.09652,28.59984],[77.09711,28.59944],[77.0961,28.59894],[77.09668,28.59859],[77.09482,28.59637],[77.0952,28.59614],[77.09448,28.59523],[77.09266,28.59623],[77.0925,28.59583],[77.09121,28.59625],[77.09044,28.59491],[77.08996,28.59509],[77.08888,28.5928],[77.08921,28.59266],[77.08883,28.59157],[77.08885,28.58811],[77.08752,28.58815],[77.08752,28.58715],[77.08673,28.58697],[77.0848,28.58755],[77.08478,28.58929],[77.08633,28.58907],[77.08636,28.59],[77.0827,28.59042],[77.08555,28.5922],[77.08522,28.59242],[77.08483,28.59211],[77.08257,28.5919],[77.08263,28.59054],[77.08156,28.59049],[77.08065,28.59507],[77.08301,28.6043],[77.08514,28.60314],[77.08593,28.60197]]]}},{"type":"Feature","properties":{"unit_id":"ward_200.01","name":"PANDAV NAGAR","native_id":"200","source":"delhi_mcd_ward_2022","adm3_name":"Kotwali","adm3_id":"7132399B31666933732900","split":true},"geometry":{"type":"Polygon","coordinates":[[[77.28218,28.61264],[77.27986,28.61],[77.26235,28.60074],[77.25994,28.60323],[77.25885,28.60493],[77.25683,28.60993],[77.25595,28.61379],[77.27024,28.61681],[77.27396,28.61843],[77.27684,28.62043],[77.28218,28.61264]]]}},{"type":"Feature","properties":{"unit_id":"ward_200.02","name":"PANDAV NAGAR (2)","native_id":"200","source":"delhi_mcd_ward_2022","adm3_name":"Vivek Vihar","adm3_id":"7132399B26569764301384","split":true,"orig_name":"PANDAV NAGAR"},"geometry":{"type":"MultiPolygon","coordinates":[[[[77.28213,28.62453],[77.28416,28.62249],[77.28731,28.61749],[77.28348,28.61602],[77.28478,28.61388],[77.28453,28.61276],[77.28414,28.61327],[77.28361,28.61297],[77.28314,28.61365],[77.28221,28.61268],[77.27684,28.62043],[77.27795,28.6213],[77.27956,28.61905],[77.28075,28.61964],[77.27975,28.62081],[77.27961,28.62165],[77.27922,28.62154],[77.27883,28.62198],[77.28213,28.62453]]],[[[77.28952,28.62915],[77.28993,28.62906],[77.28961,28.62862],[77.29028,28.62819],[77.2937,28.62959],[77.2941,28.62935],[77.29451,28.6274],[77.29527,28.62696],[77.29459,28.62454],[77.29394,28.62475],[77.29198,28.62448],[77.28938,28.62293],[77.28814,28.62333],[77.28765,28.62315],[77.28683,28.62435],[77.28562,28.62394],[77.28611,28.62765],[77.28918,28.63002],[77.28965,28.62948],[77.28952,28.62915]]]]}},{"type":"Feature","properties":{"unit_id":"ward_201","name":"LALITA PARK","native_id":"201","source":"delhi_mcd_ward_2022","adm3_name":"Kotwali","adm3_id":"7132399B31666933732900","split":false},"geometry":{"type":"Polygon","coordinates":[[[77.2802,28.63231],[77.27348,28.62822],[77.2779,28.62126],[77.27662,28.62026],[77.27336,28.6181],[77.27024,28.61681],[77.25595,28.61379],[77.25508,28.61946],[77.2548,28.62019],[77.2538,28.62087],[77.25334,28.62192],[77.25318,28.62357],[77.25352,28.62481],[77.25631,28.63106],[77.26193,28.63828],[77.26421,28.64304],[77.27061,28.64355],[77.27129,28.64275],[77.27235,28.64279],[77.27292,28.63983],[77.27566,28.63979],[77.27563,28.63882],[77.27432,28.63885],[77.27429,28.63722],[77.27519,28.63717],[77.2752,28.63672],[77.27514,28.63559],[77.27403,28.63561],[77.27427,28.63423],[77.27743,28.63412],[77.27795,28.63308],[77.27912,28.63362],[77.2802,28.63231]]]}},{"type":"Feature","properties":{"unit_id":"ward_202","name":"SHAKARPUR","native_id":"202","source":"delhi_mcd_ward_2022","adm3_name":"Vivek Vihar","adm3_id":"7132399B26569764301384","split":false},"geometry":{"type":"Polygon","coordinates":[[[77.28498,28.62121],[77.28405,28.62263],[77.28213,28.62453],[77.27883,28.62198],[77.27922,28.62154],[77.27961,28.62165],[77.27975,28.62081],[77.28075,28.61964],[77.27956,28.61905],[77.27621,28.62373],[77.27348,28.62822],[77.27501,28.62887],[77.28576,28.63597],[77.28615,28.62768],[77.28498,28.62121]]]}},{"type":"Feature","properties":{"unit_id":"ward_203","name":"LAXMI NAGAR","native_id":"203","source":"delhi_mcd_ward_2022","adm3_name":"Vivek Vihar","adm3_id":"7132399B26569764301384","split":false},"geometry":{"type":"Polygon","coordinates":[[[77.28143,28.64335],[77.28576,28.63597],[77.2802,28.63231],[77.27912,28.63362],[77.27795,28.63308],[77.27743,28.63412],[77.27427,28.63423],[77.27403,28.63561],[77.27514,28.63559],[77.2752,28.63672],[77.27519,28.63717],[77.27429,28.63722],[77.27432,28.63885],[77.27563,28.63882],[77.27566,28.63979],[77.27292,28.63983],[77.27235,28.64279],[77.28143,28.64335]]]}},{"type":"Feature","properties":{"unit_id":"ward_104.01","name":"JANAK PURI SOUTH","native_id":"104","source":"delhi_mcd_ward_2022","adm3_name":"Rajouri Garden","adm3_id":"7132399B79483166602631","split":true},"geometry":{"type":"Polygon","coordinates":[[[77.09928,28.62752],[77.10037,28.62751],[77.10266,28.62226],[77.10739,28.61482],[77.10497,28.61307],[77.10226,28.61183],[77.09483,28.61697],[77.09379,28.62229],[77.09462,28.62256],[77.09403,28.62391],[77.09443,28.62393],[77.09454,28.62939],[77.09636,28.62935],[77.09653,28.63102],[77.09756,28.63139],[77.09774,28.63094],[77.09889,28.63094],[77.09996,28.62841],[77.09927,28.62841],[77.09928,28.62752]]]}},{"type":"Feature","properties":{"unit_id":"ward_104.02","name":"JANAK PURI SOUTH (2)","native_id":"104","source":"delhi_mcd_ward_2022","adm3_name":"Dwarka","adm3_id":"7132399B96078031896903","split":true,"orig_name":"JANAK PURI SOUTH"},"geometry":{"type":"Polygon","coordinates":[[[77.10225,28.61155],[77.10041,28.61064],[77.09976,28.6117],[77.09889,28.61131],[77.09893,28.6091],[77.09763,28.60898],[77.08675,28.61359],[77.08577,28.61214],[77.08317,28.61068],[77.08205,28.61042],[77.0808,28.60941],[77.07998,28.60953],[77.0798,28.611],[77.07817,28.61107],[77.07816,28.61145],[77.07835,28.61345],[77.0804,28.61342],[77.08202,28.61419],[77.08261,28.61527],[77.08386,28.61468],[77.08606,28.61656],[77.09483,28.61697],[77.10226,28.61183],[77.10225,28.61155]]]}},{"type":"Feature","properties":{"unit_id":"ward_105","name":"MAHAVEER ENCLAVE","native_id":"105","source":"delhi_mcd_ward_2022","adm3_name":"Dwarka","adm3_id":"7132399B96078031896903","split":false},"geometry":{"type":"Polygon","coordinates":[[[77.0688,28.61541],[77.06882,28.61798],[77.06972,28.61795],[77.06999,28.61767],[77.06999,28.62088],[77.07029,28.62127],[77.08266,28.61536],[77.08202,28.61419],[77.0804,28.61342],[77.07835,28.61344],[77.07817,28.61107],[77.0798,28.611],[77.07998,28.60952],[77.0808,28.60941],[77.07867,28.60776],[77.07277,28.6054],[77.07156,28.6037],[77.06876,28.60247],[77.06627,28.60067],[77.06585,28.6012],[77.06622,28.60144],[77.06624,28.60255],[77.06551,28.60256],[77.06553,28.60486],[77.06357,28.60486],[77.06359,28.6079],[77.06462,28.60758],[77.06479,28.60681],[77.0658,28.60618],[77.06799,28.60666],[77.06796,28.60792],[77.06837,28.60803],[77.06836,28.60671],[77.06865,28.60673],[77.06864,28.60712],[77.07034,28.60758],[77.07234,28.60745],[77.07373,28.60787],[77.07373,28.60843],[77.0728,28.60841],[77.07284,28.6107],[77.07642,28.61078],[77.07652,28.61323],[77.07615,28.61324],[77.07618,28.61397],[77.07507,28.61402],[77.07508,28.61427],[77.07553,28.61423],[77.07555,28.6153],[77.0688,28.61541]]]}},{"type":"Feature","properties":{"unit_id":"ward_102","name":"KHYALA","native_id":"102","source":"delhi_mcd_ward_2022","adm3_name":"Patel Nagar","adm3_id":"7132399B921144202524","split":false},"geometry":{"type":"Polygon","coordinates":[[[77.09188,28.6421],[77.08986,28.63993],[77.08932,28.64025],[77.08965,28.64064],[77.08862,28.64128],[77.08673,28.63896],[77.08272,28.64151],[77.08443,28.64615],[77.08231,28.64707],[77.07891,28.64717],[77.07281,28.6505],[77.07691,28.65433],[77.08089,28.65625],[77.08313,28.65621],[77.08895,28.65465],[77.09171,28.65501],[77.0937,28.65613],[77.09648,28.65893],[77.09917,28.6608],[77.09965,28.65814],[77.0996,28.65761],[77.09908,28.65763],[77.09906,28.65664],[77.09973,28.65544],[77.0997,28.65465],[77.09753,28.65467],[77.09753,28.65325],[77.09894,28.65315],[77.09518,28.652],[77.09122,28.6519],[77.09143,28.65045],[77.0901,28.64608],[77.09107,28.64511],[77.09072,28.64463],[77.0908,28.6442],[77.0898,28.6441],[77.09237,28.64352],[77.09262,28.64383],[77.09485,28.64242],[77.09466,28.64225],[77.09358,28.64302],[77.09265,28.64192],[77.09188,28.6421]]]}},{"type":"Feature","properties":{"unit_id":"ward_101","name":"TILAK NAGAR","native_id":"101","source":"delhi_mcd_ward_2022","adm3_name":"Rajouri Garden","adm3_id":"7132399B79483166602631","split":false},"geometry":{"type":"Polygon","coordinates":[[[77.09194,28.63496],[77.09145,28.63598],[77.08937,28.63728],[77.08832,28.63643],[77.08446,28.6389],[77.08316,28.63729],[77.0815,28.63824],[77.08272,28.64151],[77.08673,28.63896],[77.08862,28.64128],[77.08965,28.64064],[77.08932,28.64025],[77.08986,28.63993],[77.09192,28.64214],[77.09265,28.64192],[77.09358,28.64302],[77.09833,28.64037],[77.10263,28.64185],[77.1028,28.64147],[77.10415,28.64133],[77.10444,28.64069],[77.10516,28.64096],[77.10589,28.64076],[77.10776,28.64159],[77.1077,28.63747],[77.10582,28.63738],[77.10579,28.63565],[77.10483,28.63444],[77.0974,28.63433],[77.09664,28.63615],[77.09553,28.63611],[77.09538,28.63642],[77.09194,28.63496]]]}},{"type":"Feature","properties":{"unit_id":"ward_106","name":"JANAK PURI WEST","native_id":"106","source":"delhi_mcd_ward_2022","adm3_name":"Patel Nagar","adm3_id":"7132399B921144202524","split":false},"geometry":{"type":"Polygon","coordinates":[[[77.06882,28.61841],[77.06718,28.61842],[77.06718,28.61876],[77.06614,28.61889],[77.06176,28.61895],[77.06061,28.61768],[77.05791,28.61729],[77.05793,28.61953],[77.05731,28.61954],[77.057,28.61951],[77.05719,28.61761],[77.05276,28.6176],[77.05277,28.62127],[77.05479,28.62161],[77.05531,28.62157],[77.0553,28.6212],[77.05655,28.62118],[77.05668,28.62199],[77.06033,28.62291],[77.0641,28.62439],[77.06486,28.62389],[77.06539,28.6242],[77.06527,28.62447],[77.06649,28.62496],[77.06633,28.6253],[77.06857,28.62613],[77.06843,28.62643],[77.06858,28.62614],[77.07702,28.62931],[77.07722,28.62892],[77.07761,28.62901],[77.07907,28.62978],[77.07892,28.63009],[77.08189,28.63125],[77.08775,28.62354],[77.0878,28.62188],[77.08545,28.62195],[77.08567,28.61735],[77.08464,28.61727],[77.08467,28.6167],[77.08291,28.61688],[77.0828,28.61971],[77.08193,28.61951],[77.08023,28.61645],[77.07029,28.62127],[77.06999,28.62088],[77.06999,28.61767],[77.06972,28.61795],[77.06882,28.61798],[77.06882,28.61841]]]}},{"type":"Feature","properties":{"unit_id":"ward_103","name":"KESHOPUR","native_id":"103","source":"delhi_mcd_ward_2022","adm3_name":"Patel Nagar","adm3_id":"7132399B921144202524","split":false},"geometry":{"type":"Polygon","coordinates":[[[77.06608,28.63416],[77.06599,28.63277],[77.06875,28.63261],[77.06866,28.63175],[77.07373,28.63144],[77.07646,28.63293],[77.07688,28.63607],[77.07846,28.63592],[77.07823,28.63389],[77.08085,28.6336],[77.08064,28.63512],[77.08143,28.63816],[77.08003,28.63854],[77.07628,28.63856],[77.07623,28.64034],[77.07383,28.64037],[77.07398,28.64464],[77.07247,28.6447],[77.07211,28.64505],[77.07373,28.64644],[77.07103,28.64884],[77.07314,28.65082],[77.07281,28.6505],[77.07375,28.64981],[77.07888,28.64718],[77.08231,28.64707],[77.08443,28.64615],[77.0815,28.63824],[77.08316,28.63729],[77.08446,28.6389],[77.08832,28.63643],[77.08937,28.63728],[77.09145,28.63598],[77.09194,28.63496],[77.08752,28.63351],[77.08763,28.63329],[77.08647,28.63257],[77.08569,28.63281],[77.07946,28.63034],[77.07892,28.63009],[77.07907,28.62978],[77.07761,28.62901],[77.07722,28.62892],[77.07702,28.62931],[77.06858,28.62614],[77.06692,28.62943],[77.06567,28.62959],[77.06561,28.6282],[77.0624,28.63473],[77.0644,28.63547],[77.06542,28.6355],[77.06608,28.63416]]]}},{"type":"Feature","properties":{"unit_id":"ward_81.01","name":"QURAISH NAGAR","native_id":"81","source":"delhi_mcd_ward_2022","adm3_name":"Kotwali","adm3_id":"7132399B31666933732900","split":true},"geometry":{"type":"MultiPolygon","coordinates":[[[[77.22321,28.65727],[77.22326,28.65626],[77.22133,28.65508],[77.22003,28.65708],[77.22321,28.65727]]],[[[77.21747,28.65773],[77.21895,28.65701],[77.2191,28.65517],[77.21851,28.65519],[77.21834,28.65662],[77.21784,28.65652],[77.21766,28.65704],[77.21656,28.65683],[77.21632,28.6563],[77.21679,28.65416],[77.21645,28.6539],[77.20914,28.65374],[77.20856,28.65671],[77.20957,28.65799],[77.21224,28.65693],[77.21274,28.65851],[77.21592,28.65771],[77.21747,28.65773]]]]}},{"type":"Feature","properties":{"unit_id":"ward_81.02","name":"QURAISH NAGAR (2)","native_id":"81","source":"delhi_mcd_ward_2022","adm3_name":"Civil Lines","adm3_id":"7132399B52831242342236","split":true,"orig_name":"QURAISH NAGAR"},"geometry":{"type":"Polygon","coordinates":[[[77.20908,28.65374],[77.20772,28.65381],[77.20556,28.65521],[77.20415,28.6552],[77.20304,28.65909],[77.20377,28.66063],[77.20431,28.66107],[77.20847,28.65979],[77.20798,28.65876],[77.20957,28.65799],[77.20856,28.65671],[77.20908,28.65374]]]}},{"type":"Feature","properties":{"unit_id":"ward_145","name":"ANDREWS GANJ","native_id":"145","source":"delhi_mcd_ward_2022","adm3_name":"Defence Colony","adm3_id":"7132399B54403339513296","split":false},"geometry":{"type":"MultiPolygon","coordinates":[[[[77.20146,28.57973],[77.20189,28.5782],[77.2006,28.57811],[77.20018,28.57836],[77.20013,28.57976],[77.20146,28.57973]]],[[[77.23877,28.58084],[77.23848,28.57465],[77.23657,28.57131],[77.23694,28.57117],[77.23661,28.57052],[77.2362,28.5707],[77.23465,28.56798],[77.23405,28.56544],[77.23195,28.56158],[77.23166,28.5617],[77.23194,28.56541],[77.2317,28.56544],[77.23141,28.56342],[77.23029,28.5635],[77.23025,28.56304],[77.23161,28.5625],[77.23153,28.56176],[77.23035,28.56228],[77.22909,28.55983],[77.23062,28.55923],[77.22829,28.55401],[77.2222,28.55528],[77.22056,28.55535],[77.21969,28.55476],[77.21559,28.55377],[77.21473,28.55308],[77.21269,28.55416],[77.22143,28.56061],[77.22304,28.56232],[77.22549,28.56712],[77.22534,28.56789],[77.22919,28.57484],[77.22508,28.57585],[77.22113,28.57756],[77.22263,28.57966],[77.22496,28.57961],[77.22372,28.59055],[77.23997,28.59278],[77.23992,28.58981],[77.24086,28.5878],[77.24082,28.58456],[77.23877,28.58084]]]]}},{"type":"Feature","properties":{"unit_id":"ward_150.01","name":"GREEN PARK","native_id":"150","source":"delhi_mcd_ward_2022","adm3_name":"Hauz Khas","adm3_id":"7132399B8308156936447","split":true},"geometry":{"type":"Polygon","coordinates":[[[77.2071,28.55946],[77.20607,28.55516],[77.20414,28.55106],[77.20292,28.54755],[77.20136,28.5447],[77.19877,28.54543],[77.20039,28.54761],[77.19831,28.54843],[77.19753,28.54706],[77.19485,28.54644],[77.18496,28.5501],[77.18776,28.55808],[77.18992,28.56039],[77.19287,28.56058],[77.1941,28.56295],[77.19923,28.56595],[77.20128,28.56018],[77.20378,28.55981],[77.20497,28.56118],[77.2071,28.55946]]]}},{"type":"Feature","properties":{"unit_id":"ward_150.02","name":"GREEN PARK (2)","native_id":"150","source":"delhi_mcd_ward_2022","adm3_name":"Vasant Vihar","adm3_id":"7132399B56421203728232","split":true,"orig_name":"GREEN PARK"},"geometry":{"type":"Polygon","coordinates":[[[77.19959,28.56686],[77.20017,28.56571],[77.20078,28.56247],[77.20181,28.56278],[77.2032,28.56254],[77.20512,28.56358],[77.20573,28.56338],[77.20497,28.56118],[77.20378,28.55981],[77.20128,28.56018],[77.19923,28.56595],[77.1941,28.56295],[77.19287,28.56058],[77.18992,28.56039],[77.18776,28.55808],[77.18521,28.55028],[77.18496,28.5501],[77.18384,28.55061],[77.18499,28.55218],[77.18841,28.56181],[77.18953,28.56871],[77.19076,28.56843],[77.1923,28.56744],[77.19348,28.56711],[77.19678,28.56829],[77.19756,28.56919],[77.19762,28.56968],[77.19927,28.56978],[77.19959,28.56686]]]}},{"type":"Feature","properties":{"unit_id":"ward_155","name":"MEHRAULI","native_id":"155","source":"delhi_mcd_ward_2022","adm3_name":"Mehrauli","adm3_id":"7132399B38015290776987","split":false},"geometry":{"type":"Polygon","coordinates":[[[77.17741,28.53584],[77.1806,28.53502],[77.18545,28.53247],[77.1847,28.531],[77.18498,28.52947],[77.18768,28.52868],[77.19005,28.52687],[77.19017,28.52344],[77.18938,28.51811],[77.18796,28.51577],[77.18426,28.51168],[77.1815,28.51097],[77.17985,28.50945],[77.17791,28.50919],[77.17705,28.50783],[77.1765,28.50785],[77.17455,28.50818],[77.17375,28.50884],[77.17085,28.51013],[77.16827,28.51058],[77.16719,28.51107],[77.16447,28.51427],[77.16025,28.51768],[77.1598,28.51838],[77.16386,28.52066],[77.16581,28.52099],[77.168,28.52211],[77.16974,28.5267],[77.1705,28.52758],[77.17196,28.52823],[77.17197,28.52896],[77.1709,28.53033],[77.17288,28.53618],[77.17645,28.54186],[77.17741,28.53584]]]}},{"type":"Feature","properties":{"unit_id":"ward_156.01","name":"VASANT KUNJ","native_id":"156","source":"delhi_mcd_ward_2022","adm3_name":"Mehrauli","adm3_id":"7132399B38015290776987","split":true},"geometry":{"type":"Polygon","coordinates":[[[77.15238,28.53453],[77.15736,28.52981],[77.15842,28.53107],[77.16905,28.5249],[77.16769,28.52185],[77.16571,28.52096],[77.16386,28.52066],[77.1598,28.51838],[77.16025,28.51768],[77.16447,28.51427],[77.16719,28.51107],[77.16827,28.51058],[77.17085,28.51013],[77.17375,28.50884],[77.17455,28.50818],[77.17698,28.50775],[77.17294,28.50415],[77.16408,28.50024],[77.15664,28.50529],[77.14741,28.5051],[77.14001,28.50143],[77.1376,28.50383],[77.13654,28.50449],[77.13388,28.50563],[77.1297,28.50676],[77.12919,28.50479],[77.1292,28.50043],[77.12838,28.50037],[77.1272,28.49801],[77.125,28.4967],[77.12092,28.49642],[77.12059,28.49592],[77.11976,28.49602],[77.11991,28.49704],[77.12603,28.5049],[77.11876,28.51047],[77.11906,28.51378],[77.12058,28.51579],[77.12985,28.52098],[77.13252,28.52354],[77.13279,28.52255],[77.13425,28.52206],[77.13465,28.52409],[77.14233,28.52381],[77.14305,28.52616],[77.14486,28.5298],[77.14324,28.53018],[77.14351,28.53275],[77.14818,28.52926],[77.14685,28.52764],[77.14553,28.52834],[77.1448,28.52696],[77.1451,28.52683],[77.1447,28.52522],[77.14607,28.52496],[77.14659,28.52679],[77.1477,28.52822],[77.14865,28.52762],[77.14959,28.52864],[77.15031,28.52824],[77.1535,28.52866],[77.15312,28.53114],[77.15037,28.53097],[77.14982,28.53137],[77.1485,28.52955],[77.1451,28.53209],[77.14804,28.53595],[77.15238,28.53453]]]}},{"type":"Feature","properties":{"unit_id":"ward_156.02","name":"VASANT KUNJ (2)","native_id":"156","source":"delhi_mcd_ward_2022","adm3_name":"Vasant Vihar","adm3_id":"7132399B56421203728232","split":true,"orig_name":"VASANT KUNJ"},"geometry":{"type":"MultiPolygon","coordinates":[[[[77.14988,28.54188],[77.15153,28.54171],[77.15338,28.53948],[77.15523,28.53836],[77.1524,28.53455],[77.14804,28.53595],[77.14861,28.53671],[77.14542,28.53852],[77.14659,28.54011],[77.14557,28.54067],[77.14542,28.54639],[77.14804,28.5464],[77.14778,28.54574],[77.15065,28.54407],[77.14988,28.54188]]],[[[77.1528,28.53429],[77.15592,28.53242],[77.15842,28.53107],[77.15736,28.52981],[77.1528,28.53429]]],[[[77.16403,28.50022],[77.1479,28.49315],[77.14789,28.49475],[77.14578,28.4948],[77.1457,28.49871],[77.14467,28.49867],[77.14464,28.49814],[77.14378,28.49751],[77.14331,28.4978],[77.14274,28.49894],[77.14001,28.50143],[77.14741,28.5051],[77.15664,28.50529],[77.16403,28.50022]]],[[[77.12717,28.49796],[77.12708,28.49794],[77.1272,28.49801],[77.12717,28.49796]]],[[[77.12706,28.49793],[77.12608,28.49665],[77.125,28.4967],[77.12706,28.49793]]],[[[77.11976,28.49602],[77.11737,28.49633],[77.11486,28.49731],[77.1053,28.50141],[77.10298,28.50282],[77.09771,28.50482],[77.096,28.50709],[77.09866,28.51144],[77.09321,28.51416],[77.10509,28.53186],[77.10618,28.53281],[77.10913,28.53431],[77.10916,28.53361],[77.10996,28.53284],[77.10996,28.53133],[77.11061,28.531],[77.11162,28.53131],[77.11225,28.53078],[77.11279,28.53105],[77.11436,28.53105],[77.11394,28.53058],[77.11391,28.52972],[77.1146,28.5299],[77.11636,28.52921],[77.11775,28.52754],[77.11774,28.52616],[77.12013,28.52619],[77.12016,28.52496],[77.12072,28.52425],[77.1224,28.52382],[77.12294,28.5235],[77.12298,28.52306],[77.12471,28.52414],[77.13004,28.52338],[77.13183,28.52425],[77.13253,28.52385],[77.13252,28.52354],[77.12985,28.52098],[77.12058,28.51579],[77.11906,28.51378],[77.11876,28.51047],[77.12603,28.5049],[77.11991,28.49704],[77.11976,28.49602]]]]}},{"type":"Feature","properties":{"unit_id":"ward_164.01","name":"DAKSHIN PURI","native_id":"164","source":"delhi_mcd_ward_2022","adm3_name":"Hauz Khas","adm3_id":"7132399B8308156936447","split":true},"geometry":{"type":"Polygon","coordinates":[[[77.24359,28.51613],[77.24248,28.51576],[77.24248,28.51632],[77.23916,28.51638],[77.23795,28.51734],[77.2387,28.51809],[77.24011,28.51693],[77.24099,28.51787],[77.23958,28.51898],[77.24045,28.51988],[77.24055,28.52086],[77.23759,28.52413],[77.23588,28.52301],[77.23223,28.52317],[77.22989,28.52401],[77.23186,28.52895],[77.23202,28.53306],[77.23362,28.53303],[77.2337,28.53209],[77.24494,28.52527],[77.24359,28.51613]]]}},{"type":"Feature","properties":{"unit_id":"ward_164.02","name":"DAKSHIN PURI (2)","native_id":"164","source":"delhi_mcd_ward_2022","adm3_name":"Kalkaji","adm3_id":"7132399B83413688422431","split":true,"orig_name":"DAKSHIN PURI"},"geometry":{"type":"Polygon","coordinates":[[[77.23485,28.533],[77.23672,28.53124],[77.23847,28.53027],[77.23881,28.52943],[77.24159,28.52899],[77.24286,28.52803],[77.24395,28.52666],[77.24595,28.52666],[77.24646,28.52568],[77.24758,28.52528],[77.24946,28.52335],[77.25177,28.52201],[77.25043,28.52097],[77.25002,28.52046],[77.25024,28.52024],[77.24978,28.51994],[77.24846,28.51961],[77.24796,28.51917],[77.2467,28.51908],[77.24631,28.51838],[77.24516,28.51788],[77.24501,28.51698],[77.24359,28.51613],[77.24494,28.52527],[77.2337,28.53209],[77.23362,28.53303],[77.23485,28.533]]]}},{"type":"Feature","properties":{"unit_id":"ward_162","name":"TIGRI","native_id":"162","source":"delhi_mcd_ward_2022","adm3_name":"Hauz Khas","adm3_id":"7132399B8308156936447","split":false},"geometry":{"type":"Polygon","coordinates":[[[77.23944,28.51634],[77.24248,28.51632],[77.24237,28.51227],[77.24394,28.5122],[77.24197,28.50686],[77.24266,28.50211],[77.23494,28.50226],[77.23613,28.50457],[77.23828,28.50528],[77.23686,28.50554],[77.23698,28.50692],[77.23418,28.5074],[77.23421,28.50778],[77.23354,28.50779],[77.23418,28.50913],[77.23468,28.50926],[77.23544,28.51152],[77.23484,28.51163],[77.23475,28.5123],[77.23425,28.51246],[77.23433,28.51295],[77.23458,28.51331],[77.23497,28.51322],[77.2351,28.5137],[77.23824,28.51297],[77.23818,28.51628],[77.23784,28.51652],[77.23834,28.51702],[77.23944,28.51634]]]}},{"type":"Feature","properties":{"unit_id":"ward_170","name":"TUGHLAKABAD EXTENSION","native_id":"170","source":"delhi_mcd_ward_2022","adm3_name":"Kalkaji","adm3_id":"7132399B83413688422431","split":false},"geometry":{"type":"Polygon","coordinates":[[[77.25786,28.52862],[77.2595,28.52795],[77.25953,28.52722],[77.26117,28.52723],[77.2606,28.52557],[77.26363,28.52521],[77.26455,28.5233],[77.26499,28.52306],[77.26444,28.52151],[77.26386,28.52169],[77.26362,28.52134],[77.26288,28.5214],[77.26228,28.52195],[77.2601,28.52064],[77.25588,28.51668],[77.2546,28.51467],[77.25913,28.51207],[77.26085,28.5116],[77.26465,28.50922],[77.27093,28.50769],[77.27512,28.5061],[77.27449,28.50533],[77.27416,28.50418],[77.27319,28.50509],[77.2716,28.50566],[77.27064,28.50464],[77.26784,28.50378],[77.26645,28.5047],[77.26534,28.5048],[77.2649,28.50411],[77.26406,28.50405],[77.26256,28.50434],[77.26156,28.50505],[77.26019,28.50537],[77.25858,28.5048],[77.25821,28.50431],[77.25866,28.50404],[77.25791,28.50351],[77.257,28.50422],[77.25726,28.50221],[77.25567,28.50184],[77.25526,28.5011],[77.25056,28.50342],[77.25088,28.50408],[77.25137,28.50391],[77.25206,28.50524],[77.25049,28.50545],[77.24979,28.50373],[77.24873,28.50403],[77.24926,28.50543],[77.24956,28.50766],[77.24934,28.51192],[77.24237,28.51227],[77.24248,28.51576],[77.24501,28.51698],[77.24516,28.51788],[77.24631,28.51838],[77.2467,28.51908],[77.24801,28.51919],[77.25024,28.52024],[77.25002,28.52046],[77.25043,28.52097],[77.25335,28.5231],[77.25301,28.52342],[77.2544,28.5245],[77.25506,28.52386],[77.25593,28.52362],[77.25786,28.52862]]]}},{"type":"Feature","properties":{"unit_id":"ward_169","name":"SANGAM VIHAR-B","native_id":"169","source":"delhi_mcd_ward_2022","adm3_name":"Kalkaji","adm3_id":"7132399B83413688422431","split":false},"geometry":{"type":"Polygon","coordinates":[[[77.2716,28.50566],[77.27319,28.50509],[77.27416,28.50418],[77.27289,28.50093],[77.27205,28.49984],[77.27063,28.49999],[77.27011,28.49835],[77.27037,28.49767],[77.26386,28.48563],[77.25662,28.48387],[77.25464,28.48298],[77.25284,28.48351],[77.24945,28.48332],[77.24927,28.48551],[77.24804,28.48689],[77.24752,28.48702],[77.24835,28.4882],[77.24764,28.48961],[77.24841,28.4893],[77.24953,28.48969],[77.24976,28.49015],[77.24885,28.49041],[77.24905,28.49104],[77.24789,28.49119],[77.24437,28.49284],[77.24491,28.49552],[77.25037,28.49324],[77.25082,28.49407],[77.25149,28.49392],[77.25206,28.49454],[77.24839,28.49548],[77.24876,28.49607],[77.24538,28.49727],[77.24578,28.49909],[77.24731,28.49886],[77.2488,28.49916],[77.24873,28.49952],[77.24679,28.49931],[77.24598,28.49966],[77.24761,28.50295],[77.24816,28.50298],[77.24873,28.50403],[77.24979,28.50373],[77.25049,28.50545],[77.25156,28.50544],[77.25206,28.50524],[77.25177,28.50452],[77.25137,28.50391],[77.25088,28.50408],[77.25056,28.50342],[77.25526,28.5011],[77.25567,28.50184],[77.25726,28.50221],[77.257,28.50422],[77.25791,28.50351],[77.25866,28.50404],[77.25821,28.50431],[77.25858,28.5048],[77.26019,28.50537],[77.26156,28.50505],[77.26256,28.50434],[77.26406,28.50405],[77.2649,28.50411],[77.26534,28.5048],[77.26645,28.5047],[77.26784,28.50378],[77.27064,28.50464],[77.2716,28.50566]]]}},{"type":"Feature","properties":{"unit_id":"ward_168.01","name":"SANGAM VIHAR-C","native_id":"168","source":"delhi_mcd_ward_2022","adm3_name":"Kalkaji","adm3_id":"7132399B83413688422431","split":true},"geometry":{"type":"Polygon","coordinates":[[[77.25149,28.49392],[77.25082,28.49407],[77.25037,28.49324],[77.24491,28.49552],[77.24437,28.49284],[77.24789,28.49119],[77.24905,28.49104],[77.24885,28.49041],[77.24976,28.49015],[77.24953,28.48969],[77.24841,28.4893],[77.24764,28.48961],[77.24835,28.4882],[77.24752,28.48702],[77.24804,28.48689],[77.24927,28.48551],[77.24945,28.48332],[77.25284,28.48351],[77.25464,28.48298],[77.24895,28.48053],[77.24741,28.48023],[77.24606,28.4789],[77.24468,28.48148],[77.24484,28.48199],[77.24325,28.48416],[77.24429,28.48728],[77.24231,28.49268],[77.24507,28.50027],[77.2441,28.50671],[77.2424,28.50812],[77.24394,28.51218],[77.24934,28.51192],[77.24956,28.50784],[77.24926,28.50543],[77.24832,28.5032],[77.24761,28.50295],[77.24598,28.49966],[77.24679,28.49931],[77.24873,28.49952],[77.2488,28.49916],[77.24731,28.49886],[77.24578,28.49909],[77.24538,28.49727],[77.24876,28.49607],[77.24839,28.49548],[77.25206,28.49454],[77.25149,28.49392]]]}},{"type":"Feature","properties":{"unit_id":"ward_168.02","name":"SANGAM VIHAR-C (2)","native_id":"168","source":"delhi_mcd_ward_2022","adm3_name":"Hauz Khas","adm3_id":"7132399B8308156936447","split":true,"orig_name":"SANGAM VIHAR-C"},"geometry":{"type":"MultiPolygon","coordinates":[[[[77.24606,28.4789],[77.24584,28.47872],[77.24554,28.47987],[77.24606,28.4789]]],[[[77.24547,28.48001],[77.24442,28.48132],[77.24468,28.48148],[77.24547,28.48001]]],[[[77.24385,28.48304],[77.24295,28.48356],[77.2429,28.48429],[77.24021,28.4891],[77.23819,28.48844],[77.23942,28.49051],[77.23902,28.49131],[77.23943,28.49139],[77.23926,28.4929],[77.24106,28.49306],[77.24125,28.49342],[77.24164,28.49668],[77.24371,28.49686],[77.24347,28.50048],[77.24309,28.50048],[77.24266,28.50211],[77.24196,28.50642],[77.24244,28.50836],[77.2441,28.50671],[77.24507,28.50027],[77.24231,28.49268],[77.24429,28.48728],[77.24325,28.48416],[77.24385,28.48304]]]]}},{"type":"Feature","properties":{"unit_id":"ward_173","name":"GREATER KAILASH","native_id":"173","source":"delhi_mcd_ward_2022","adm3_name":"Kalkaji","adm3_id":"7132399B83413688422431","split":false},"geometry":{"type":"Polygon","coordinates":[[[77.23931,28.55817],[77.24018,28.55885],[77.24597,28.56031],[77.24648,28.5593],[77.24765,28.55966],[77.24826,28.55919],[77.24879,28.55923],[77.2487,28.55703],[77.24936,28.55603],[77.2519,28.55604],[77.25275,28.55633],[77.25487,28.55741],[77.25635,28.5593],[77.25905,28.5577],[77.25978,28.55861],[77.26097,28.55797],[77.25933,28.55544],[77.25605,28.55376],[77.25731,28.55319],[77.25848,28.55136],[77.25731,28.55184],[77.25549,28.55205],[77.24863,28.54937],[77.25027,28.54603],[77.2336,28.53955],[77.23213,28.53989],[77.23201,28.54158],[77.23149,28.54167],[77.22698,28.54208],[77.22648,28.54068],[77.22619,28.54078],[77.22573,28.54005],[77.22495,28.53996],[77.22375,28.54033],[77.22119,28.54199],[77.21975,28.54167],[77.21987,28.54261],[77.22076,28.54255],[77.22122,28.5437],[77.22355,28.54472],[77.22481,28.54576],[77.22549,28.5457],[77.2288,28.54805],[77.22817,28.55363],[77.23132,28.56059],[77.23236,28.56002],[77.23931,28.55817]]]}},{"type":"Feature","properties":{"unit_id":"ward_171","name":"CHITARANJAN PARK","native_id":"171","source":"delhi_mcd_ward_2022","adm3_name":"Kalkaji","adm3_id":"7132399B83413688422431","split":false},"geometry":{"type":"Polygon","coordinates":[[[77.23446,28.53985],[77.24583,28.54433],[77.24664,28.54285],[77.24765,28.54184],[77.25617,28.53788],[77.25805,28.5359],[77.2582,28.53553],[77.25835,28.53515],[77.25834,28.53514],[77.25657,28.53471],[77.25748,28.53315],[77.25939,28.53248],[77.25593,28.52362],[77.25506,28.52386],[77.2544,28.5245],[77.25301,28.52342],[77.25335,28.5231],[77.25264,28.52255],[77.25177,28.52201],[77.25101,28.52236],[77.24945,28.52336],[77.24758,28.52528],[77.24639,28.52574],[77.24595,28.52666],[77.24395,28.52666],[77.24286,28.52803],[77.24159,28.52899],[77.23879,28.52944],[77.23846,28.53028],[77.23619,28.5317],[77.2358,28.53224],[77.23595,28.53316],[77.23461,28.53418],[77.23458,28.53443],[77.23528,28.53448],[77.23488,28.53523],[77.23571,28.53548],[77.2352,28.5366],[77.23497,28.5382],[77.23519,28.53826],[77.23446,28.53985]]]}},{"type":"Feature","properties":{"unit_id":"ward_172","name":"CHIRAG DELHI","native_id":"172","source":"delhi_mcd_ward_2022","adm3_name":"Hauz Khas","adm3_id":"7132399B8308156936447","split":false},"geometry":{"type":"Polygon","coordinates":[[[77.22549,28.5457],[77.22481,28.54576],[77.22355,28.54472],[77.22122,28.5437],[77.22076,28.54255],[77.21987,28.54261],[77.21975,28.54167],[77.22119,28.54199],[77.22375,28.54033],[77.22495,28.53996],[77.22573,28.54005],[77.22619,28.54078],[77.22648,28.54068],[77.22698,28.54208],[77.23201,28.54158],[77.23213,28.53989],[77.23345,28.53954],[77.23446,28.53985],[77.23519,28.53826],[77.23497,28.5382],[77.2352,28.5366],[77.23571,28.53548],[77.23488,28.53523],[77.23528,28.53448],[77.23458,28.53443],[77.23461,28.53418],[77.23595,28.53316],[77.2358,28.53224],[77.23485,28.533],[77.23202,28.53306],[77.22227,28.53103],[77.22202,28.5323],[77.21899,28.53278],[77.21843,28.53139],[77.21706,28.53137],[77.21704,28.53185],[77.2167,28.53183],[77.21625,28.53175],[77.21631,28.53125],[77.21448,28.53104],[77.21446,28.53134],[77.21388,28.53138],[77.21388,28.53161],[77.21315,28.53155],[77.21309,28.53174],[77.21437,28.5319],[77.21411,28.5327],[77.21476,28.53324],[77.21444,28.53455],[77.21534,28.53543],[77.21802,28.53602],[77.21716,28.5383],[77.21627,28.53896],[77.21516,28.53814],[77.2146,28.53818],[77.21321,28.5391],[77.21258,28.5407],[77.21022,28.54151],[77.20883,28.5435],[77.20904,28.54577],[77.21123,28.55212],[77.21206,28.55351],[77.21269,28.55416],[77.21473,28.55308],[77.21559,28.55377],[77.21969,28.55476],[77.22056,28.55535],[77.2222,28.55528],[77.22829,28.55401],[77.22842,28.54981],[77.2288,28.54805],[77.22549,28.5457]]]}},{"type":"Feature","properties":{"unit_id":"ward_175","name":"KALKAJI","native_id":"175","source":"delhi_mcd_ward_2022","adm3_name":"Kalkaji","adm3_id":"7132399B83413688422431","split":false},"geometry":{"type":"Polygon","coordinates":[[[77.24583,28.54433],[77.25027,28.54603],[77.24863,28.54937],[77.25549,28.55205],[77.25731,28.55184],[77.25848,28.55136],[77.25731,28.55319],[77.25605,28.55376],[77.25933,28.55544],[77.26212,28.55926],[77.26574,28.55492],[77.26367,28.5503],[77.26227,28.54928],[77.2641,28.5447],[77.26434,28.54436],[77.26641,28.54485],[77.26822,28.54583],[77.26803,28.54504],[77.26983,28.54527],[77.27012,28.54449],[77.27215,28.54346],[77.27289,28.54165],[77.27196,28.54113],[77.27208,28.54095],[77.26512,28.53809],[77.26172,28.53887],[77.25939,28.53248],[77.25748,28.53315],[77.25657,28.53471],[77.25835,28.53515],[77.25764,28.5366],[77.25666,28.53759],[77.24802,28.5416],[77.24689,28.54253],[77.24583,28.54433]]]}},{"type":"Feature","properties":{"unit_id":"ward_176","name":"GOVIND PURI","native_id":"176","source":"delhi_mcd_ward_2022","adm3_name":"Kalkaji","adm3_id":"7132399B83413688422431","split":false},"geometry":{"type":"Polygon","coordinates":[[[77.26508,28.5381],[77.26665,28.53862],[77.26945,28.53194],[77.27139,28.52903],[77.26967,28.52825],[77.26777,28.53076],[77.26622,28.5304],[77.26598,28.53121],[77.26525,28.53107],[77.26499,28.53192],[77.26268,28.53232],[77.26183,28.53025],[77.26335,28.52638],[77.26117,28.52723],[77.25953,28.52722],[77.2595,28.52795],[77.25873,28.52794],[77.25788,28.52861],[77.26172,28.53887],[77.26508,28.5381]]]}},{"type":"Feature","properties":{"unit_id":"ward_204","name":"PREET VIHAR","native_id":"204","source":"delhi_mcd_ward_2022","adm3_name":"Vivek Vihar","adm3_id":"7132399B26569764301384","split":false},"geometry":{"type":"Polygon","coordinates":[[[77.30325,28.6477],[77.30611,28.64484],[77.30655,28.64518],[77.30772,28.6445],[77.30255,28.64048],[77.30415,28.63856],[77.30376,28.63829],[77.30595,28.63626],[77.30532,28.63525],[77.30449,28.63486],[77.30319,28.63501],[77.30068,28.63405],[77.29947,28.63316],[77.29672,28.63592],[77.28616,28.62767],[77.28583,28.6358],[77.28143,28.64335],[77.29113,28.64383],[77.29005,28.64495],[77.29133,28.64594],[77.29134,28.64631],[77.29554,28.64651],[77.29627,28.64686],[77.29351,28.65019],[77.29272,28.65305],[77.29783,28.65398],[77.29854,28.65147],[77.30269,28.64726],[77.30325,28.6477]]]}},{"type":"Feature","properties":{"unit_id":"ward_205","name":"I.P. EXTENSION","native_id":"205","source":"delhi_mcd_ward_2022","adm3_name":"Vivek Vihar","adm3_id":"7132399B26569764301384","split":false},"geometry":{"type":"Polygon","coordinates":[[[77.31597,28.64122],[77.32579,28.63328],[77.3286,28.63232],[77.32977,28.63132],[77.30187,28.62212],[77.30112,28.62385],[77.30206,28.62417],[77.30175,28.62478],[77.30489,28.62571],[77.30081,28.62727],[77.3018,28.62781],[77.30046,28.62857],[77.29952,28.63058],[77.29794,28.63186],[77.3006,28.634],[77.30319,28.63501],[77.30502,28.63504],[77.30595,28.63626],[77.30736,28.63592],[77.31476,28.6364],[77.31498,28.63835],[77.31597,28.64122]]]}},{"type":"Feature","properties":{"unit_id":"ward_206","name":"ANAND VIHAR","native_id":"206","source":"delhi_mcd_ward_2022","adm3_name":"Vivek Vihar","adm3_id":"7132399B26569764301384","split":false},"geometry":{"type":"Polygon","coordinates":[[[77.31956,28.65183],[77.31498,28.63835],[77.31476,28.6364],[77.30815,28.63596],[77.30658,28.63604],[77.30516,28.63676],[77.30376,28.63829],[77.30415,28.63856],[77.30255,28.64048],[77.30772,28.6445],[77.30655,28.64518],[77.30611,28.64484],[77.30325,28.6477],[77.30269,28.64726],[77.29854,28.65147],[77.29785,28.65388],[77.29939,28.65418],[77.29923,28.65433],[77.30107,28.6551],[77.30211,28.65596],[77.30309,28.65742],[77.30365,28.66019],[77.30335,28.66662],[77.30815,28.66659],[77.31511,28.66518],[77.31538,28.66618],[77.31928,28.66774],[77.32048,28.66802],[77.32201,28.66777],[77.32022,28.6621],[77.31956,28.65183]]]}},{"type":"Feature","properties":{"unit_id":"ward_207","name":"VISHWAS NAGAR","native_id":"207","source":"delhi_mcd_ward_2022","adm3_name":"Vivek Vihar","adm3_id":"7132399B26569764301384","split":false},"geometry":{"type":"Polygon","coordinates":[[[77.30208,28.67053],[77.30326,28.67005],[77.30365,28.66019],[77.30347,28.6585],[77.30295,28.65711],[77.30166,28.65555],[77.29923,28.65433],[77.29939,28.65418],[77.29256,28.653],[77.29148,28.6561],[77.28616,28.66297],[77.30033,28.66975],[77.30039,28.67019],[77.30183,28.67013],[77.30208,28.67053]]]}},{"type":"Feature","properties":{"unit_id":"ward_146","name":"AMAR COLONY","native_id":"146","source":"delhi_mcd_ward_2022","adm3_name":"Defence Colony","adm3_id":"7132399B54403339513296","split":false},"geometry":{"type":"MultiPolygon","coordinates":[[[[77.24628,28.56649],[77.24693,28.5676],[77.2477,28.5673],[77.2469,28.5663],[77.24745,28.56604],[77.25018,28.56626],[77.25025,28.56561],[77.25218,28.56612],[77.25522,28.56279],[77.25524,28.56197],[77.25178,28.56215],[77.25187,28.56095],[77.2533,28.55981],[77.25313,28.55931],[77.25205,28.55865],[77.25367,28.55677],[77.25205,28.55606],[77.24936,28.55603],[77.2487,28.55703],[77.24879,28.55923],[77.24826,28.55919],[77.24765,28.55966],[77.24648,28.5593],[77.24597,28.56031],[77.24018,28.55885],[77.23933,28.55816],[77.23236,28.56002],[77.23132,28.56059],[77.23032,28.55851],[77.23062,28.55923],[77.22903,28.55965],[77.23035,28.56228],[77.23153,28.56176],[77.23161,28.5625],[77.23025,28.56304],[77.23029,28.5635],[77.23141,28.56342],[77.2317,28.56544],[77.23195,28.56534],[77.23166,28.5617],[77.23195,28.56158],[77.23396,28.56523],[77.23454,28.56774],[77.2362,28.5707],[77.24628,28.56649]],[[77.24965,28.55862],[77.2499,28.55864],[77.24985,28.55905],[77.24963,28.55901],[77.24965,28.55862]]],[[[77.24404,28.5867],[77.24567,28.58296],[77.24571,28.57908],[77.24314,28.57905],[77.24319,28.57634],[77.24143,28.5763],[77.24148,28.57281],[77.23904,28.57277],[77.23898,28.57427],[77.23829,28.57428],[77.23855,28.57501],[77.23853,28.58004],[77.24072,28.58407],[77.24088,28.5856],[77.24084,28.58794],[77.23996,28.58961],[77.23991,28.59094],[77.24404,28.5867]]]]}},{"type":"Feature","properties":{"unit_id":"ward_174.01","name":"SRI NIWAS PURI","native_id":"174","source":"delhi_mcd_ward_2022","adm3_name":"Kalkaji","adm3_id":"7132399B83413688422431","split":true},"geometry":{"type":"Polygon","coordinates":[[[77.27084,28.56448],[77.272,28.56255],[77.27027,28.56168],[77.27028,28.56093],[77.27267,28.561],[77.27367,28.55845],[77.27595,28.5562],[77.27645,28.55653],[77.27569,28.55741],[77.27664,28.558],[77.27746,28.55694],[77.27808,28.55733],[77.27947,28.55531],[77.27896,28.5549],[77.27927,28.55406],[77.27805,28.55365],[77.27845,28.55262],[77.27429,28.54973],[77.26943,28.54705],[77.26966,28.54621],[77.26863,28.54605],[77.26641,28.54485],[77.26434,28.54436],[77.26227,28.54928],[77.26367,28.5503],[77.26574,28.55492],[77.2651,28.55597],[77.26212,28.55926],[77.26097,28.55797],[77.25978,28.55861],[77.25905,28.5577],[77.25635,28.5593],[77.25473,28.5573],[77.25367,28.55677],[77.25317,28.55738],[77.25541,28.56065],[77.2667,28.56749],[77.27084,28.56448]]]}},{"type":"Feature","properties":{"unit_id":"ward_174.02","name":"SRI NIWAS PURI (2)","native_id":"174","source":"delhi_mcd_ward_2022","adm3_name":"Defence Colony","adm3_id":"7132399B54403339513296","split":true,"orig_name":"SRI NIWAS PURI"},"geometry":{"type":"MultiPolygon","coordinates":[[[[77.24966,28.55862],[77.24963,28.55901],[77.24985,28.55905],[77.2499,28.55864],[77.24966,28.55862]]],[[[77.26636,28.5705],[77.26724,28.56932],[77.26768,28.56948],[77.27082,28.56451],[77.2667,28.56749],[77.25541,28.56065],[77.25317,28.55738],[77.25205,28.55865],[77.25313,28.55931],[77.2533,28.55981],[77.25187,28.56095],[77.25178,28.56215],[77.25524,28.56197],[77.25522,28.56279],[77.25219,28.56612],[77.25293,28.56689],[77.2547,28.57005],[77.26325,28.57573],[77.26556,28.57301],[77.26681,28.57072],[77.26636,28.5705]]],[[[77.27855,28.55697],[77.27956,28.55621],[77.28012,28.55584],[77.27947,28.55531],[77.27855,28.55697]]],[[[77.27845,28.55262],[77.27897,28.55138],[77.28026,28.5518],[77.28109,28.54936],[77.28369,28.55043],[77.28479,28.54841],[77.28342,28.54439],[77.283,28.54421],[77.27979,28.54882],[77.27696,28.54759],[77.27482,28.55005],[77.27445,28.54983],[77.27845,28.55262]]]]}},{"type":"Feature","properties":{"unit_id":"ward_148.01","name":"HAUZ KHAS","native_id":"148","source":"delhi_mcd_ward_2022","adm3_name":"Hauz Khas","adm3_id":"7132399B8308156936447","split":true},"geometry":{"type":"MultiPolygon","coordinates":[[[[77.22042,28.55986],[77.21295,28.5544],[77.21171,28.55304],[77.20904,28.54577],[77.20883,28.5435],[77.20383,28.54388],[77.20143,28.54467],[77.19639,28.53379],[77.19446,28.53138],[77.19302,28.53044],[77.18659,28.5335],[77.18852,28.53716],[77.19612,28.54188],[77.19877,28.54543],[77.20136,28.5447],[77.20292,28.54755],[77.20414,28.55106],[77.20607,28.55516],[77.20711,28.55959],[77.20892,28.55826],[77.21487,28.56326],[77.22042,28.55986]]],[[[77.18123,28.54738],[77.18199,28.54712],[77.18283,28.54857],[77.18496,28.5501],[77.19485,28.54644],[77.1882,28.54489],[77.18024,28.5467],[77.18123,28.54738]]]]}},{"type":"Feature","properties":{"unit_id":"ward_148.02","name":"HAUZ KHAS (2)","native_id":"148","source":"delhi_mcd_ward_2022","adm3_name":"Mehrauli","adm3_id":"7132399B38015290776987","split":true,"orig_name":"HAUZ KHAS"},"geometry":{"type":"Polygon","coordinates":[[[77.18473,28.53285],[77.1806,28.53502],[77.17741,28.53584],[77.17645,28.54186],[77.1794,28.54658],[77.18024,28.5467],[77.1882,28.54489],[77.19485,28.54644],[77.19877,28.54543],[77.19612,28.54188],[77.18852,28.53716],[77.18659,28.5335],[77.18473,28.53285]],[[77.18607,28.54441],[77.18561,28.5437],[77.18399,28.54384],[77.18371,28.5434],[77.18387,28.54242],[77.18321,28.54162],[77.18506,28.54055],[77.18836,28.53965],[77.18863,28.54014],[77.18991,28.54096],[77.19238,28.54193],[77.18607,28.54441]]]}},{"type":"Feature","properties":{"unit_id":"ward_154.01","name":"LADO SARAI","native_id":"154","source":"delhi_mcd_ward_2022","adm3_name":"Vasant Vihar","adm3_id":"7132399B56421203728232","split":true},"geometry":{"type":"MultiPolygon","coordinates":[[[[77.16596,28.55278],[77.16643,28.55342],[77.17292,28.54998],[77.17718,28.5536],[77.17801,28.55335],[77.17865,28.55397],[77.18383,28.55059],[77.18283,28.54857],[77.18119,28.54739],[77.17982,28.54788],[77.1794,28.54658],[77.1769,28.54623],[77.17756,28.54365],[77.17466,28.54056],[77.16727,28.54155],[77.15842,28.53107],[77.1524,28.53455],[77.16394,28.55007],[77.1623,28.5515],[77.1635,28.5535],[77.16478,28.55452],[77.16548,28.55306],[77.16596,28.55278]]],[[[77.15658,28.55522],[77.15722,28.55575],[77.15917,28.55472],[77.15842,28.55387],[77.15791,28.55378],[77.15762,28.55412],[77.15685,28.55362],[77.15606,28.55361],[77.15462,28.55104],[77.15397,28.551],[77.15408,28.55197],[77.15358,28.55288],[77.15401,28.55389],[77.15488,28.55462],[77.15515,28.5557],[77.15409,28.55602],[77.15337,28.55708],[77.1542,28.55745],[77.15658,28.55522]]]]}},{"type":"Feature","properties":{"unit_id":"ward_154.02","name":"LADO SARAI (2)","native_id":"154","source":"delhi_mcd_ward_2022","adm3_name":"Saket","adm3_id":"7132399B1702903600735","split":true,"orig_name":"LADO SARAI"},"geometry":{"type":"Polygon","coordinates":[[[77.20128,28.5208],[77.20005,28.52001],[77.19942,28.52015],[77.19834,28.51934],[77.19785,28.51856],[77.1953,28.51708],[77.19539,28.5165],[77.19449,28.51546],[77.19421,28.51421],[77.19445,28.51249],[77.1918,28.51026],[77.19067,28.51011],[77.18814,28.51141],[77.18766,28.51116],[77.1855,28.51306],[77.1882,28.51606],[77.18939,28.51812],[77.19017,28.52344],[77.19013,28.52653],[77.18921,28.52768],[77.19031,28.52873],[77.19302,28.53044],[77.19436,28.5298],[77.19824,28.52914],[77.19874,28.5306],[77.2027,28.52814],[77.20163,28.52071],[77.20128,28.5208]]]}},{"type":"Feature","properties":{"unit_id":"ward_154.03","name":"LADO SARAI (3)","native_id":"154","source":"delhi_mcd_ward_2022","adm3_name":"Mehrauli","adm3_id":"7132399B38015290776987","split":true,"orig_name":"LADO SARAI"},"geometry":{"type":"MultiPolygon","coordinates":[[[[77.18608,28.54442],[77.19238,28.54193],[77.18991,28.54096],[77.18863,28.54014],[77.18836,28.53965],[77.18506,28.54055],[77.18321,28.54162],[77.18387,28.54242],[77.18371,28.5434],[77.18399,28.54384],[77.18561,28.5437],[77.18608,28.54442]]],[[[77.17938,28.54653],[77.17288,28.53618],[77.1709,28.53033],[77.17197,28.52896],[77.17196,28.52823],[77.17035,28.52744],[77.16974,28.5267],[77.16905,28.5249],[77.15842,28.53107],[77.16727,28.54155],[77.17466,28.54056],[77.17756,28.54365],[77.1769,28.54623],[77.17938,28.54653]]],[[[77.15262,28.53439],[77.15238,28.53453],[77.1528,28.53429],[77.15262,28.53439]]]]}},{"type":"Feature","properties":{"unit_id":"ward_154.04","name":"LADO SARAI (4)","native_id":"154","source":"delhi_mcd_ward_2022","adm3_name":"Hauz Khas","adm3_id":"7132399B8308156936447","split":true,"orig_name":"LADO SARAI"},"geometry":{"type":"MultiPolygon","coordinates":[[[[77.20586,28.52785],[77.21156,28.52829],[77.22068,28.53067],[77.22181,28.52709],[77.21596,28.52564],[77.21649,28.5238],[77.2165,28.52241],[77.2153,28.51792],[77.21438,28.51802],[77.2147,28.51609],[77.20754,28.51775],[77.20783,28.51934],[77.20163,28.52071],[77.2027,28.52814],[77.19993,28.53002],[77.20363,28.52824],[77.20586,28.52785]]],[[[77.19302,28.53044],[77.19485,28.53181],[77.19874,28.5306],[77.19824,28.52914],[77.19436,28.5298],[77.19302,28.53044]]],[[[77.18283,28.54857],[77.18199,28.54712],[77.18119,28.54739],[77.18283,28.54857]]]]}},{"type":"Feature","properties":{"unit_id":"ward_149","name":"MALVIYA NAGAR","native_id":"149","source":"delhi_mcd_ward_2022","adm3_name":"Hauz Khas","adm3_id":"7132399B8308156936447","split":false},"geometry":{"type":"Polygon","coordinates":[[[77.20379,28.54389],[77.20884,28.5435],[77.21022,28.54151],[77.21258,28.5407],[77.21339,28.53894],[77.21494,28.53809],[77.21627,28.53896],[77.21736,28.53809],[77.21802,28.53602],[77.21534,28.53543],[77.21444,28.53455],[77.21476,28.53324],[77.21411,28.5327],[77.21437,28.5319],[77.21309,28.53174],[77.21315,28.53155],[77.21388,28.53161],[77.21388,28.53138],[77.21446,28.53134],[77.21448,28.53104],[77.21631,28.53125],[77.21625,28.53175],[77.2167,28.53183],[77.21704,28.53185],[77.21706,28.53137],[77.21843,28.53139],[77.21899,28.53278],[77.22202,28.5323],[77.22227,28.53103],[77.21156,28.52829],[77.20586,28.52785],[77.20363,28.52824],[77.19824,28.53085],[77.19492,28.53177],[77.19639,28.53379],[77.20143,28.54467],[77.20379,28.54389]]]}},{"type":"Feature","properties":{"unit_id":"ward_147","name":"KOTLA MUBARAKPUR","native_id":"147","source":"delhi_mcd_ward_2022","adm3_name":"Defence Colony","adm3_id":"7132399B54403339513296","split":false},"geometry":{"type":"Polygon","coordinates":[[[77.21161,28.58004],[77.22224,28.57923],[77.22113,28.57756],[77.22139,28.57736],[77.22508,28.57585],[77.22919,28.57484],[77.22534,28.56789],[77.22549,28.56712],[77.22384,28.56373],[77.22229,28.56141],[77.22149,28.56157],[77.22145,28.56115],[77.22071,28.56092],[77.22012,28.56152],[77.22145,28.56282],[77.22076,28.56321],[77.22078,28.56394],[77.22151,28.56399],[77.22145,28.5648],[77.22195,28.56465],[77.22206,28.565],[77.22154,28.56527],[77.22186,28.56587],[77.22135,28.56591],[77.22102,28.56524],[77.22057,28.56526],[77.22021,28.56417],[77.21721,28.56566],[77.21751,28.56619],[77.21684,28.56649],[77.21628,28.56614],[77.21524,28.56657],[77.21703,28.56863],[77.21719,28.56988],[77.21874,28.57355],[77.21885,28.57448],[77.21841,28.57578],[77.21432,28.57326],[77.20934,28.57314],[77.20964,28.57499],[77.21161,28.58004]]]}},{"type":"Feature","properties":{"unit_id":"ward_20","name":"SAMAYPUR BADLI","native_id":"20","source":"delhi_mcd_ward_2022","adm3_name":"Alipur","adm3_id":"7132399B85719344731300","split":false},"geometry":{"type":"Polygon","coordinates":[[[77.14578,28.76372],[77.14039,28.76485],[77.13945,28.76596],[77.13798,28.7661],[77.13058,28.75907],[77.13221,28.75702],[77.13835,28.75258],[77.14011,28.75451],[77.14068,28.75418],[77.14682,28.75417],[77.14774,28.75197],[77.14934,28.75269],[77.15474,28.73758],[77.15686,28.73546],[77.14578,28.72825],[77.1456,28.72891],[77.1441,28.72918],[77.14046,28.73086],[77.13975,28.7331],[77.13873,28.73395],[77.14338,28.73822],[77.14363,28.7395],[77.12345,28.76135],[77.12611,28.7613],[77.12537,28.76366],[77.12695,28.76464],[77.12702,28.7657],[77.13399,28.76824],[77.13396,28.76664],[77.14491,28.76651],[77.14578,28.76372]]]}},{"type":"Feature","properties":{"unit_id":"ward_21","name":"ROHINI-A","native_id":"21","source":"delhi_mcd_ward_2022","adm3_name":"Alipur","adm3_id":"7132399B85719344731300","split":false},"geometry":{"type":"Polygon","coordinates":[[[77.11406,28.73516],[77.11497,28.73623],[77.11199,28.73828],[77.11123,28.73793],[77.11048,28.73815],[77.11011,28.73793],[77.10886,28.73934],[77.11135,28.73959],[77.11236,28.7394],[77.1138,28.74179],[77.11481,28.74283],[77.11513,28.74275],[77.11595,28.74371],[77.11626,28.74349],[77.11734,28.74431],[77.11792,28.74425],[77.11801,28.74481],[77.11954,28.74604],[77.12075,28.74505],[77.12194,28.74502],[77.12152,28.74423],[77.12257,28.74421],[77.12258,28.74393],[77.12437,28.74412],[77.12435,28.74374],[77.12474,28.74375],[77.12469,28.74443],[77.1253,28.7444],[77.12546,28.74368],[77.12851,28.74439],[77.13169,28.73926],[77.12276,28.72915],[77.11406,28.73516]]]}},{"type":"Feature","properties":{"unit_id":"ward_24","name":"VIJAY VIHAR","native_id":"24","source":"delhi_mcd_ward_2022","adm3_name":"Rohini","adm3_id":"7132399B38909788095823","split":false},"geometry":{"type":"Polygon","coordinates":[[[77.10317,28.71411],[77.09935,28.70625],[77.10153,28.70475],[77.09664,28.69864],[77.09218,28.70094],[77.08841,28.70346],[77.09087,28.70642],[77.09403,28.7111],[77.09409,28.71258],[77.09324,28.71421],[77.09327,28.71497],[77.09469,28.7166],[77.09547,28.71618],[77.09588,28.71729],[77.0979,28.7181],[77.09953,28.71802],[77.10015,28.71828],[77.10068,28.71801],[77.10098,28.71758],[77.10056,28.71668],[77.10097,28.71507],[77.10317,28.71411]]]}},{"type":"Feature","properties":{"unit_id":"ward_25","name":"BUDH VIHAR","native_id":"25","source":"delhi_mcd_ward_2022","adm3_name":"Rohini","adm3_id":"7132399B38909788095823","split":false},"geometry":{"type":"Polygon","coordinates":[[[77.09409,28.71258],[77.09403,28.7111],[77.09087,28.70642],[77.08841,28.70346],[77.08548,28.70539],[77.08128,28.70941],[77.08062,28.71236],[77.08016,28.7129],[77.08198,28.71246],[77.08335,28.71273],[77.09181,28.71606],[77.09447,28.71677],[77.09469,28.71659],[77.09317,28.71461],[77.09409,28.71258]]]}},{"type":"Feature","properties":{"unit_id":"ward_23","name":"RITHALA","native_id":"23","source":"delhi_mcd_ward_2022","adm3_name":"Rohini","adm3_id":"7132399B38909788095823","split":false},"geometry":{"type":"Polygon","coordinates":[[[77.12708,28.7261],[77.11642,28.71419],[77.10776,28.72013],[77.10374,28.71523],[77.10454,28.71419],[77.10479,28.71444],[77.10533,28.71406],[77.10309,28.71152],[77.10222,28.71214],[77.10317,28.71411],[77.10097,28.71507],[77.10056,28.71668],[77.10098,28.71758],[77.10015,28.71828],[77.09953,28.71802],[77.09776,28.71808],[77.09588,28.71729],[77.09547,28.71618],[77.09447,28.71677],[77.09294,28.71644],[77.08596,28.71361],[77.08229,28.71248],[77.08016,28.7129],[77.07694,28.71424],[77.07696,28.7172],[77.07798,28.72118],[77.08308,28.71772],[77.08841,28.72368],[77.09064,28.72363],[77.09065,28.72309],[77.09336,28.72306],[77.09349,28.72255],[77.09472,28.72254],[77.09474,28.72161],[77.09521,28.72161],[77.09536,28.72086],[77.09602,28.72061],[77.09602,28.72029],[77.09703,28.72033],[77.09833,28.72269],[77.09842,28.72515],[77.09886,28.72683],[77.10832,28.72059],[77.1185,28.73201],[77.12708,28.7261]]]}},{"type":"Feature","properties":{"unit_id":"ward_42","name":"MANGOL PURI","native_id":"42","source":"delhi_mcd_ward_2022","adm3_name":"Rohini","adm3_id":"7132399B38909788095823","split":false},"geometry":{"type":"Polygon","coordinates":[[[77.08825,28.70355],[77.09296,28.7006],[77.09197,28.69933],[77.09159,28.69661],[77.08454,28.69678],[77.08302,28.698],[77.08526,28.70059],[77.07637,28.70317],[77.07511,28.70296],[77.07532,28.70061],[77.07175,28.70172],[77.0718,28.7037],[77.07102,28.70378],[77.07225,28.70523],[77.07507,28.70368],[77.08803,28.7033],[77.08825,28.70355]]]}},{"type":"Feature","properties":{"unit_id":"ward_48","name":"GURU HARKISHAN NAGAR","native_id":"48","source":"delhi_mcd_ward_2022","adm3_name":"Punjabi Bagh","adm3_id":"7132399B77907528818240","split":false},"geometry":{"type":"Polygon","coordinates":[[[77.09527,28.68328],[77.09118,28.6589],[77.09062,28.65735],[77.08896,28.65465],[77.08313,28.65621],[77.08069,28.65619],[77.07946,28.66086],[77.07796,28.6638],[77.07821,28.66721],[77.07795,28.6701],[77.0797,28.66997],[77.0803,28.67406],[77.08394,28.67397],[77.08492,28.68048],[77.0763,28.68146],[77.0765,28.683],[77.07621,28.6849],[77.09527,28.68328]]]}},{"type":"Feature","properties":{"unit_id":"ward_61","name":"KOHAT ENCLAVE","native_id":"61","source":"delhi_mcd_ward_2022","adm3_name":"Saraswati Vihar","adm3_id":"7132399B47966460917350","split":false},"geometry":{"type":"Polygon","coordinates":[[[77.14671,28.69526],[77.14462,28.68887],[77.14253,28.68933],[77.14255,28.68571],[77.14036,28.68499],[77.14083,28.68481],[77.14012,28.68347],[77.14079,28.68305],[77.14026,28.6825],[77.14139,28.68167],[77.14308,28.68145],[77.14308,28.68095],[77.14213,28.67996],[77.14171,28.6789],[77.13256,28.68012],[77.13295,28.68356],[77.13047,28.68377],[77.13118,28.68503],[77.13157,28.68494],[77.133,28.68771],[77.13535,28.687],[77.13548,28.69019],[77.13065,28.69188],[77.1309,28.69271],[77.12974,28.69769],[77.12699,28.69983],[77.12624,28.70079],[77.13106,28.70395],[77.13763,28.69938],[77.14671,28.69526]]]}},{"type":"Feature","properties":{"unit_id":"ward_62","name":"SHAKUR PUR","native_id":"62","source":"delhi_mcd_ward_2022","adm3_name":"Saraswati Vihar","adm3_id":"7132399B47966460917350","split":false},"geometry":{"type":"Polygon","coordinates":[[[77.1401,28.67376],[77.14213,28.67996],[77.14308,28.68095],[77.14308,28.68145],[77.14139,28.68167],[77.14026,28.6825],[77.14079,28.68305],[77.14012,28.68347],[77.14083,28.68481],[77.14036,28.68499],[77.14255,28.68571],[77.14253,28.68933],[77.14462,28.68887],[77.14532,28.69169],[77.14671,28.69526],[77.15404,28.69293],[77.15316,28.69026],[77.1545,28.68997],[77.15404,28.68868],[77.15398,28.68646],[77.15472,28.68095],[77.15069,28.68092],[77.15027,28.67899],[77.15047,28.67769],[77.1517,28.6758],[77.15135,28.6755],[77.15492,28.67402],[77.15432,28.67172],[77.1401,28.67376]]]}},{"type":"Feature","properties":{"unit_id":"ward_63","name":"TRI NAGAR","native_id":"63","source":"delhi_mcd_ward_2022","adm3_name":"Saraswati Vihar","adm3_id":"7132399B47966460917350","split":false},"geometry":{"type":"Polygon","coordinates":[[[77.16441,28.68373],[77.16821,28.67601],[77.16406,28.67355],[77.15931,28.67213],[77.15752,28.6712],[77.15432,28.67172],[77.15492,28.67402],[77.15135,28.6755],[77.1517,28.6758],[77.15033,28.67818],[77.15028,28.67937],[77.15069,28.68092],[77.1545,28.68093],[77.15472,28.68095],[77.15465,28.6815],[77.15562,28.68134],[77.15918,28.67932],[77.16054,28.68014],[77.15974,28.68098],[77.16047,28.68193],[77.16441,28.68373]]]}},{"type":"Feature","properties":{"unit_id":"ward_70.01","name":"SHASTRI NAGAR","native_id":"70","source":"delhi_mcd_ward_2022","adm3_name":"Saraswati Vihar","adm3_id":"7132399B47966460917350","split":true},"geometry":{"type":"Polygon","coordinates":[[[77.17576,28.67121],[77.17009,28.67279],[77.16646,28.67077],[77.16556,28.66966],[77.15931,28.67213],[77.16406,28.67355],[77.16814,28.67599],[77.17197,28.67737],[77.17618,28.67778],[77.18236,28.67969],[77.18399,28.67759],[77.17662,28.6722],[77.17576,28.67121]]]}},{"type":"Feature","properties":{"unit_id":"ward_70.02","name":"SHASTRI NAGAR (2)","native_id":"70","source":"delhi_mcd_ward_2022","adm3_name":"Civil Lines","adm3_id":"7132399B52831242342236","split":true,"orig_name":"SHASTRI NAGAR"},"geometry":{"type":"MultiPolygon","coordinates":[[[[77.19417,28.67312],[77.19221,28.66891],[77.19139,28.6692],[77.19164,28.66974],[77.18742,28.67121],[77.1878,28.67226],[77.1875,28.67362],[77.18895,28.67563],[77.19366,28.67396],[77.19417,28.67312]]],[[[77.18282,28.67984],[77.18387,28.67941],[77.18545,28.67694],[77.18616,28.67505],[77.1873,28.67424],[77.18746,28.67366],[77.18406,28.67099],[77.18194,28.66681],[77.1776,28.66859],[77.17548,28.66878],[77.17525,28.66977],[77.17598,28.66984],[77.17628,28.6711],[77.17583,28.67119],[77.17662,28.6722],[77.18399,28.67759],[77.18236,28.67969],[77.18282,28.67984]]]]}},{"type":"Feature","properties":{"unit_id":"ward_71","name":"KISHAN GANJ","native_id":"71","source":"delhi_mcd_ward_2022","adm3_name":"Civil Lines","adm3_id":"7132399B52831242342236","split":false},"geometry":{"type":"Polygon","coordinates":[[[77.20515,28.66497],[77.20468,28.66257],[77.19811,28.66272],[77.19625,28.66189],[77.19342,28.66133],[77.18861,28.66186],[77.18076,28.6644],[77.18056,28.66353],[77.18119,28.66334],[77.18059,28.66301],[77.18116,28.66041],[77.17981,28.66009],[77.17972,28.6589],[77.17926,28.65864],[77.1781,28.65862],[77.1781,28.65925],[77.17718,28.65928],[77.17712,28.6574],[77.17599,28.65741],[77.16891,28.65992],[77.16916,28.66099],[77.17038,28.66301],[77.16964,28.66355],[77.16996,28.66506],[77.16922,28.6664],[77.16692,28.6654],[77.16674,28.66564],[77.16742,28.66754],[77.16953,28.66662],[77.17292,28.66689],[77.16556,28.66966],[77.16651,28.6708],[77.17043,28.67275],[77.17628,28.6711],[77.17592,28.66976],[77.17525,28.66977],[77.17548,28.66878],[77.1776,28.66859],[77.18194,28.66681],[77.18343,28.66987],[77.18677,28.66972],[77.20515,28.66497]]]}},{"type":"Feature","properties":{"unit_id":"ward_72.01","name":"SADAR BAZAR","native_id":"72","source":"delhi_mcd_ward_2022","adm3_name":"Civil Lines","adm3_id":"7132399B52831242342236","split":true},"geometry":{"type":"Polygon","coordinates":[[[77.1922,28.66849],[77.19317,28.67111],[77.19568,28.67043],[77.19561,28.66981],[77.19646,28.66945],[77.19737,28.67023],[77.19906,28.66917],[77.19963,28.66958],[77.20047,28.67132],[77.20192,28.67127],[77.20317,28.66955],[77.20581,28.66894],[77.20897,28.66676],[77.20815,28.66441],[77.21224,28.66316],[77.21229,28.66364],[77.21193,28.66402],[77.21236,28.6644],[77.21266,28.66412],[77.21155,28.66049],[77.20954,28.658],[77.20798,28.65876],[77.20847,28.65979],[77.2043,28.66105],[77.20536,28.66255],[77.20468,28.66257],[77.20515,28.66497],[77.19754,28.6668],[77.19753,28.66708],[77.1922,28.66849]]]}},{"type":"Feature","properties":{"unit_id":"ward_72.02","name":"SADAR BAZAR (2)","native_id":"72","source":"delhi_mcd_ward_2022","adm3_name":"Kotwali","adm3_id":"7132399B31666933732900","split":true,"orig_name":"SADAR BAZAR"},"geometry":{"type":"Polygon","coordinates":[[[77.21267,28.66409],[77.21318,28.66313],[77.21578,28.66308],[77.21671,28.66123],[77.21718,28.65768],[77.215,28.65787],[77.21272,28.65852],[77.21223,28.65695],[77.20957,28.65799],[77.21155,28.66049],[77.21267,28.66409]]]}},{"type":"Feature","properties":{"unit_id":"ward_78","name":"BAZAR SITA RAM","native_id":"78","source":"delhi_mcd_ward_2022","adm3_name":"Kotwali","adm3_id":"7132399B31666933732900","split":false},"geometry":{"type":"Polygon","coordinates":[[[77.22193,28.64876],[77.22214,28.64887],[77.22128,28.65014],[77.22234,28.64995],[77.22275,28.65138],[77.22406,28.65102],[77.22435,28.65151],[77.22664,28.64922],[77.23033,28.65049],[77.2324,28.65061],[77.23249,28.6498],[77.23348,28.64977],[77.23358,28.64749],[77.23408,28.64678],[77.23403,28.64622],[77.23288,28.64405],[77.2319,28.6439],[77.23128,28.64562],[77.22691,28.64905],[77.22622,28.64904],[77.22524,28.6474],[77.22367,28.64622],[77.22193,28.64876]]]}},{"type":"Feature","properties":{"unit_id":"ward_95","name":"VISHNU GARDEN","native_id":"95","source":"delhi_mcd_ward_2022","adm3_name":"Patel Nagar","adm3_id":"7132399B921144202524","split":false},"geometry":{"type":"Polygon","coordinates":[[[77.10878,28.65766],[77.10931,28.65255],[77.10517,28.65211],[77.10514,28.651],[77.10209,28.65099],[77.10309,28.64906],[77.10096,28.64889],[77.10095,28.64782],[77.10231,28.64811],[77.10359,28.64804],[77.10373,28.64776],[77.10265,28.64777],[77.10263,28.64724],[77.10201,28.64725],[77.10197,28.64431],[77.09935,28.64508],[77.09874,28.64571],[77.09892,28.64917],[77.0975,28.64915],[77.09753,28.64976],[77.09399,28.64985],[77.09411,28.65192],[77.09644,28.65223],[77.09877,28.65298],[77.09898,28.6532],[77.09753,28.65325],[77.09753,28.65467],[77.0997,28.65465],[77.09973,28.65544],[77.09906,28.65664],[77.09908,28.65763],[77.0996,28.65761],[77.09965,28.65814],[77.09918,28.66077],[77.10414,28.66117],[77.10884,28.66073],[77.10878,28.65766]]]}},{"type":"Feature","properties":{"unit_id":"ward_96.01","name":"RAJOURI GARDEN","native_id":"96","source":"delhi_mcd_ward_2022","adm3_name":"Rajouri Garden","adm3_id":"7132399B79483166602631","split":true},"geometry":{"type":"Polygon","coordinates":[[[77.11255,28.65189],[77.11698,28.64642],[77.11835,28.64725],[77.12098,28.64468],[77.12514,28.6378],[77.12,28.63784],[77.11985,28.63703],[77.11867,28.63651],[77.11383,28.63944],[77.11339,28.63904],[77.11192,28.63893],[77.10896,28.64062],[77.10776,28.64087],[77.10773,28.64166],[77.11087,28.64313],[77.10927,28.64524],[77.10731,28.64694],[77.10997,28.6513],[77.11255,28.65189]]]}},{"type":"Feature","properties":{"unit_id":"ward_96.02","name":"RAJOURI GARDEN (2)","native_id":"96","source":"delhi_mcd_ward_2022","adm3_name":"Patel Nagar","adm3_id":"7132399B921144202524","split":true,"orig_name":"RAJOURI GARDEN"},"geometry":{"type":"MultiPolygon","coordinates":[[[[77.10517,28.65211],[77.11187,28.65304],[77.11255,28.65189],[77.10997,28.6513],[77.10731,28.64694],[77.10694,28.64745],[77.10539,28.64653],[77.10511,28.64666],[77.10517,28.65211]]],[[[77.11835,28.64725],[77.12226,28.64898],[77.12206,28.64937],[77.12232,28.64951],[77.12287,28.64974],[77.12305,28.64945],[77.12365,28.64976],[77.12378,28.64956],[77.12504,28.65025],[77.12959,28.63871],[77.1276,28.63741],[77.12514,28.6378],[77.12098,28.64468],[77.11835,28.64725]]]]}},{"type":"Feature","properties":{"unit_id":"ward_97.01","name":"CHAUKHANDI NAGAR","native_id":"97","source":"delhi_mcd_ward_2022","adm3_name":"Patel Nagar","adm3_id":"7132399B921144202524","split":true},"geometry":{"type":"Polygon","coordinates":[[[77.0901,28.64608],[77.09143,28.65045],[77.09122,28.65192],[77.09411,28.65192],[77.09399,28.64985],[77.09753,28.64976],[77.0975,28.64915],[77.09892,28.64917],[77.09874,28.64571],[77.09935,28.64508],[77.10197,28.64431],[77.10201,28.64725],[77.10263,28.64724],[77.10265,28.64777],[77.10373,28.64776],[77.10359,28.64804],[77.10231,28.64811],[77.10095,28.64782],[77.10096,28.64889],[77.10309,28.64906],[77.1022,28.65102],[77.10514,28.651],[77.10511,28.64666],[77.10539,28.64653],[77.10694,28.64745],[77.10731,28.64694],[77.10474,28.64275],[77.09909,28.64057],[77.0901,28.64608]]]}},{"type":"Feature","properties":{"unit_id":"ward_97.02","name":"CHAUKHANDI NAGAR (2)","native_id":"97","source":"delhi_mcd_ward_2022","adm3_name":"Rajouri Garden","adm3_id":"7132399B79483166602631","split":true,"orig_name":"CHAUKHANDI NAGAR"},"geometry":{"type":"MultiPolygon","coordinates":[[[[77.09237,28.64352],[77.08981,28.64409],[77.0908,28.6442],[77.09072,28.64463],[77.09107,28.64511],[77.09011,28.64602],[77.09909,28.64057],[77.09821,28.6404],[77.09262,28.64383],[77.09237,28.64352]]],[[[77.10735,28.64688],[77.10782,28.64624],[77.10815,28.64644],[77.11087,28.64313],[77.10589,28.64076],[77.10516,28.64096],[77.10445,28.64069],[77.10415,28.64133],[77.1028,28.64147],[77.10263,28.64185],[77.10068,28.64115],[77.10474,28.64275],[77.10735,28.64688]]]]}},{"type":"Feature","properties":{"unit_id":"ward_73","name":"CIVIL LINES","native_id":"73","source":"delhi_mcd_ward_2022","adm3_name":"Civil Lines","adm3_id":"7132399B52831242342236","split":false},"geometry":{"type":"Polygon","coordinates":[[[77.22903,28.70418],[77.23093,28.70411],[77.23046,28.69643],[77.23059,28.68709],[77.23286,28.67788],[77.23585,28.66887],[77.23894,28.66501],[77.24112,28.66363],[77.2406,28.66278],[77.23889,28.66194],[77.23612,28.66336],[77.23459,28.66477],[77.23287,28.66702],[77.23161,28.67011],[77.21947,28.66685],[77.21969,28.6657],[77.21841,28.66487],[77.21806,28.66365],[77.21588,28.6643],[77.21533,28.663],[77.21318,28.66313],[77.21318,28.66356],[77.21236,28.6644],[77.21193,28.66402],[77.21229,28.66364],[77.21212,28.66317],[77.20815,28.66441],[77.21,28.66945],[77.21024,28.671],[77.21207,28.67431],[77.21142,28.67489],[77.21032,28.6751],[77.21092,28.6768],[77.21173,28.67748],[77.21388,28.67725],[77.21512,28.68023],[77.21479,28.68049],[77.21507,28.68066],[77.21473,28.68172],[77.21547,28.68205],[77.21653,28.68433],[77.2161,28.68617],[77.21924,28.68901],[77.2206,28.69203],[77.22212,28.69275],[77.22301,28.69553],[77.22369,28.69625],[77.2251,28.70062],[77.22758,28.70229],[77.22772,28.70365],[77.22903,28.70418]]]}},{"type":"Feature","properties":{"unit_id":"ward_75","name":"JAMA MASJID","native_id":"75","source":"delhi_mcd_ward_2022","adm3_name":"Kotwali","adm3_id":"7132399B31666933732900","split":false},"geometry":{"type":"Polygon","coordinates":[[[77.23242,28.65149],[77.23334,28.6516],[77.23333,28.65269],[77.2347,28.6532],[77.23472,28.65605],[77.23661,28.65596],[77.23646,28.65326],[77.24016,28.64833],[77.2405,28.64259],[77.238,28.64338],[77.23411,28.64673],[77.23358,28.64749],[77.23348,28.64977],[77.23245,28.64988],[77.23242,28.65149]]]}},{"type":"Feature","properties":{"unit_id":"ward_76","name":"CHANDANI MAHAL","native_id":"76","source":"delhi_mcd_ward_2022","adm3_name":"Kotwali","adm3_id":"7132399B31666933732900","split":false},"geometry":{"type":"Polygon","coordinates":[[[77.23408,28.64678],[77.23885,28.64296],[77.2405,28.64259],[77.24089,28.64006],[77.23152,28.64042],[77.23099,28.63657],[77.22835,28.63683],[77.22985,28.63856],[77.22576,28.64097],[77.22684,28.64254],[77.22725,28.6426],[77.23149,28.64043],[77.23255,28.64204],[77.23014,28.6429],[77.23028,28.64529],[77.23085,28.64557],[77.23129,28.64541],[77.2319,28.6439],[77.23288,28.64405],[77.23351,28.64484],[77.23408,28.64678]]]}},{"type":"Feature","properties":{"unit_id":"ward_77","name":"DELHI GATE","native_id":"77","source":"delhi_mcd_ward_2022","adm3_name":"Kotwali","adm3_id":"7132399B31666933732900","split":false},"geometry":{"type":"Polygon","coordinates":[[[77.23129,28.64541],[77.23085,28.64557],[77.23028,28.64529],[77.23014,28.6429],[77.23255,28.64204],[77.23149,28.64043],[77.22725,28.6426],[77.22684,28.64254],[77.22576,28.64097],[77.22984,28.63858],[77.22835,28.63683],[77.22874,28.63668],[77.23103,28.6366],[77.23152,28.64042],[77.24086,28.64006],[77.24108,28.63824],[77.2409,28.63324],[77.24139,28.62767],[77.24096,28.62609],[77.23495,28.62954],[77.22415,28.63473],[77.22302,28.6357],[77.22188,28.63748],[77.22165,28.64053],[77.22073,28.64472],[77.22359,28.64515],[77.22359,28.64635],[77.2241,28.64639],[77.22514,28.64729],[77.22622,28.64904],[77.22691,28.64905],[77.22776,28.64846],[77.23129,28.64541]]]}},{"type":"Feature","properties":{"unit_id":"ward_74","name":"CHANDNI CHOWK","native_id":"74","source":"delhi_mcd_ward_2022","adm3_name":"Kotwali","adm3_id":"7132399B31666933732900","split":false},"geometry":{"type":"Polygon","coordinates":[[[77.23245,28.66774],[77.23569,28.66371],[77.23889,28.66194],[77.2406,28.66278],[77.24112,28.66363],[77.24516,28.66277],[77.24669,28.66278],[77.25522,28.66006],[77.25763,28.65841],[77.26114,28.65527],[77.26335,28.65148],[77.24536,28.65114],[77.2449,28.65111],[77.2451,28.65063],[77.24396,28.65031],[77.24062,28.65031],[77.23905,28.64983],[77.23643,28.65332],[77.23661,28.65596],[77.23472,28.65605],[77.2347,28.6532],[77.23333,28.65269],[77.23334,28.6516],[77.23235,28.65143],[77.23242,28.65063],[77.23033,28.65048],[77.23099,28.65088],[77.23121,28.65251],[77.23055,28.65292],[77.23067,28.65247],[77.22948,28.65223],[77.22953,28.65181],[77.22742,28.65515],[77.22745,28.65646],[77.22323,28.65664],[77.22321,28.65727],[77.21879,28.657],[77.21783,28.65775],[77.21718,28.65768],[77.21657,28.66175],[77.21557,28.66358],[77.21588,28.6643],[77.21806,28.66365],[77.21841,28.66487],[77.21969,28.6657],[77.21947,28.66685],[77.23161,28.67011],[77.23245,28.66774]]]}},{"type":"Feature","properties":{"unit_id":"ward_22","name":"ROHINI-B","native_id":"22","source":"delhi_mcd_ward_2022","adm3_name":"Rohini","adm3_id":"7132399B38909788095823","split":false},"geometry":{"type":"MultiPolygon","coordinates":[[[[77.10793,28.72012],[77.11642,28.71419],[77.10989,28.70682],[77.10309,28.71152],[77.10533,28.71406],[77.10479,28.71444],[77.10454,28.71419],[77.10374,28.71523],[77.10793,28.72012]]],[[[77.11011,28.73793],[77.11048,28.73815],[77.11123,28.73793],[77.11199,28.73828],[77.11497,28.73623],[77.11406,28.73516],[77.1185,28.73201],[77.10832,28.72059],[77.09885,28.72683],[77.09954,28.72958],[77.09927,28.73189],[77.09951,28.73319],[77.10088,28.73594],[77.10358,28.73811],[77.10506,28.73876],[77.10886,28.73934],[77.11011,28.73793]]]]}}]}