{"type":"FeatureCollection","features":[{"type":"Feature","properties":{"unit_id":"36061004400","name":"Census Tract 44 — New York","native_id":"36061004400","source":"census_tract_2025","adm3_name":"New York County","adm3_id":"36061","area_sqm":410012,"split":false},"geometry":{"type":"Polygon","coordinates":[[[-73.98156,40.73264],[-73.98113,40.73324],[-73.98071,40.73381],[-73.98028,40.73441],[-73.97986,40.73497],[-73.97772,40.73404],[-73.97698,40.73373],[-73.97542,40.733],[-73.97424,40.73254],[-73.97365,40.73231],[-73.96144,40.7273],[-73.96161,40.72495],[-73.96154,40.72388],[-73.96264,40.72275],[-73.9714,40.72666],[-73.97186,40.72676],[-73.9733,40.72743],[-73.9757,40.72848],[-73.978,40.72943],[-73.98034,40.73045],[-73.98256,40.73136],[-73.98156,40.73264]]]}},{"type":"Feature","properties":{"unit_id":"36047032600","name":"Census Tract 326 — Kings","native_id":"36047032600","source":"census_tract_2025","adm3_name":"Kings County","adm3_id":"36047","area_sqm":329186,"split":false},"geometry":{"type":"Polygon","coordinates":[[[-73.99264,40.57812],[-73.9905,40.57836],[-73.98628,40.57882],[-73.98415,40.57905],[-73.98344,40.57541],[-73.98557,40.57515],[-73.98969,40.574],[-73.99174,40.57343],[-73.99219,40.57581],[-73.99264,40.57812]]]}},{"type":"Feature","properties":{"unit_id":"36047059000","name":"Census Tract 590 — Kings","native_id":"36047059000","source":"census_tract_2025","adm3_name":"Kings County","adm3_id":"36047","area_sqm":158383,"split":false},"geometry":{"type":"Polygon","coordinates":[[[-73.957,40.592],[-73.95608,40.5921],[-73.95326,40.59241],[-73.95286,40.59029],[-73.95245,40.58817],[-73.95342,40.58807],[-73.95325,40.5872],[-73.95421,40.58738],[-73.95434,40.58797],[-73.95619,40.58776],[-73.95659,40.58988],[-73.957,40.592]]]}},{"type":"Feature","properties":{"unit_id":"36047037700","name":"Census Tract 377 — Kings","native_id":"36047037700","source":"census_tract_2025","adm3_name":"Kings County","adm3_id":"36047","area_sqm":190202,"split":false},"geometry":{"type":"Polygon","coordinates":[[[-73.92325,40.68561],[-73.91785,40.68623],[-73.9177,40.6855],[-73.91756,40.68477],[-73.91727,40.6833],[-73.91712,40.68257],[-73.92254,40.68194],[-73.92267,40.68268],[-73.92281,40.68341],[-73.92296,40.68415],[-73.9231,40.68488],[-73.92325,40.68561]]]}},{"type":"Feature","properties":{"unit_id":"36047073200","name":"Census Tract 732 — Kings","native_id":"36047073200","source":"census_tract_2025","adm3_name":"Kings County","adm3_id":"36047","area_sqm":159928,"split":false},"geometry":{"type":"Polygon","coordinates":[[[-73.9358,40.63003],[-73.93198,40.63027],[-73.93174,40.62793],[-73.93149,40.62559],[-73.93345,40.6257],[-73.93535,40.62584],[-73.93555,40.62769],[-73.9358,40.63003]]]}},{"type":"Feature","properties":{"unit_id":"36047011400","name":"Census Tract 114 — Kings","native_id":"36047011400","source":"census_tract_2025","adm3_name":"Kings County","adm3_id":"36047","area_sqm":167792,"split":false},"geometry":{"type":"Polygon","coordinates":[[[-74.00151,40.63979],[-74.00092,40.64035],[-74.00034,40.6409],[-73.99976,40.64147],[-73.99918,40.64203],[-73.99697,40.64069],[-73.99551,40.63981],[-73.99623,40.63933],[-73.99694,40.63885],[-73.99837,40.63789],[-73.99981,40.63694],[-74.00267,40.63867],[-74.00151,40.63979]]]}},{"type":"Feature","properties":{"unit_id":"36061003800","name":"Census Tract 38 — New York","native_id":"36061003800","source":"census_tract_2025","adm3_name":"New York County","adm3_id":"36061","area_sqm":202370,"split":false},"geometry":{"type":"Polygon","coordinates":[[[-73.99155,40.72709],[-73.99129,40.72776],[-73.99079,40.72835],[-73.98948,40.73013],[-73.98724,40.72919],[-73.98488,40.72819],[-73.98575,40.72699],[-73.98618,40.72641],[-73.98705,40.7252],[-73.9875,40.72458],[-73.98987,40.72558],[-73.99179,40.72639],[-73.99155,40.72709]]]}},{"type":"Feature","properties":{"unit_id":"36047029400","name":"Census Tract 294 — Kings","native_id":"36047029400","source":"census_tract_2025","adm3_name":"Kings County","adm3_id":"36047","area_sqm":188664,"split":false},"geometry":{"type":"Polygon","coordinates":[[[-74.00007,40.59593],[-73.99998,40.59602],[-73.99951,40.59648],[-73.99867,40.59727],[-73.99734,40.59855],[-73.99593,40.59758],[-73.99523,40.59709],[-73.99675,40.59564],[-73.99531,40.59443],[-73.99619,40.59399],[-73.99737,40.59397],[-73.99932,40.5931],[-73.99943,40.59319],[-74.00139,40.59467],[-74.00007,40.59593]]]}},{"type":"Feature","properties":{"unit_id":"36047095800","name":"Census Tract 958 — Kings","native_id":"36047095800","source":"census_tract_2025","adm3_name":"Kings County","adm3_id":"36047","area_sqm":234373,"split":false},"geometry":{"type":"Polygon","coordinates":[[[-73.91472,40.64316],[-73.91444,40.64334],[-73.91291,40.64418],[-73.91076,40.64225],[-73.90912,40.64077],[-73.90745,40.63928],[-73.91037,40.63739],[-73.91203,40.63889],[-73.9139,40.64057],[-73.91593,40.64238],[-73.91472,40.64316]]]}},{"type":"Feature","properties":{"unit_id":"36047041800","name":"Census Tract 418 — Kings","native_id":"36047041800","source":"census_tract_2025","adm3_name":"Kings County","adm3_id":"36047","area_sqm":164317,"split":false},"geometry":{"type":"Polygon","coordinates":[[[-73.96726,40.60726],[-73.96389,40.60763],[-73.96372,40.60676],[-73.96189,40.60734],[-73.96173,40.60536],[-73.96435,40.60507],[-73.96391,40.60275],[-73.96636,40.60248],[-73.96696,40.60566],[-73.96726,40.60726]]]}},{"type":"Feature","properties":{"unit_id":"36047015300","name":"Census Tract 153 — Kings","native_id":"36047015300","source":"census_tract_2025","adm3_name":"Kings County","adm3_id":"36047","area_sqm":150477,"split":false},"geometry":{"type":"Polygon","coordinates":[[[-73.98344,40.66864],[-73.98293,40.66924],[-73.98243,40.66985],[-73.98193,40.67045],[-73.97956,40.66931],[-73.97721,40.66817],[-73.97772,40.66757],[-73.97821,40.66696],[-73.97871,40.66636],[-73.97922,40.66575],[-73.98158,40.66689],[-73.98394,40.66803],[-73.98344,40.66864]]]}},{"type":"Feature","properties":{"unit_id":"36047080200","name":"Census Tract 802 — Kings","native_id":"36047080200","source":"census_tract_2025","adm3_name":"Kings County","adm3_id":"36047","area_sqm":185243,"split":false},"geometry":{"type":"Polygon","coordinates":[[[-73.95673,40.65902],[-73.95049,40.6594],[-73.95042,40.65869],[-73.95033,40.65784],[-73.95016,40.65626],[-73.95305,40.65608],[-73.95639,40.65588],[-73.95648,40.65671],[-73.95665,40.65831],[-73.95673,40.65902]]]}},{"type":"Feature","properties":{"unit_id":"36047000900","name":"Census Tract 9 — Kings","native_id":"36047000900","source":"census_tract_2025","adm3_name":"Kings County","adm3_id":"36047","area_sqm":163469,"split":false},"geometry":{"type":"Polygon","coordinates":[[[-73.99374,40.69154],[-73.9931,40.69285],[-73.9921,40.69495],[-73.99066,40.69456],[-73.99097,40.69255],[-73.98947,40.6923],[-73.98893,40.69209],[-73.98926,40.69098],[-73.98966,40.69033],[-73.9901,40.68971],[-73.99069,40.68914],[-73.99236,40.68969],[-73.99436,40.69024],[-73.99374,40.69154]]]}},{"type":"Feature","properties":{"unit_id":"36047004100","name":"Census Tract 41 — Kings","native_id":"36047004100","source":"census_tract_2025","adm3_name":"Kings County","adm3_id":"36047","area_sqm":162009,"split":false},"geometry":{"type":"Polygon","coordinates":[[[-73.987,40.68777],[-73.98615,40.68902],[-73.98182,40.68733],[-73.98266,40.68609],[-73.98395,40.68418],[-73.98612,40.68502],[-73.98829,40.68587],[-73.987,40.68777]]]}},{"type":"Feature","properties":{"unit_id":"36047047400","name":"Census Tract 474 — Kings","native_id":"36047047400","source":"census_tract_2025","adm3_name":"Kings County","adm3_id":"36047","area_sqm":175872,"split":false},"geometry":{"type":"Polygon","coordinates":[[[-73.98551,40.63104],[-73.98493,40.6316],[-73.98241,40.63007],[-73.98043,40.62888],[-73.97807,40.62745],[-73.97982,40.62577],[-73.98302,40.6277],[-73.9842,40.62845],[-73.98668,40.62992],[-73.98551,40.63104]]]}},{"type":"Feature","properties":{"unit_id":"36047003700","name":"Census Tract 37 — Kings","native_id":"36047003700","source":"census_tract_2025","adm3_name":"Kings County","adm3_id":"36047","area_sqm":166448,"split":false},"geometry":{"type":"Polygon","coordinates":[[[-73.98926,40.69098],[-73.98893,40.69209],[-73.98536,40.69067],[-73.98351,40.68992],[-73.98107,40.68894],[-73.98087,40.68887],[-73.97984,40.68735],[-73.97936,40.68668],[-73.98182,40.68733],[-73.98615,40.68902],[-73.98966,40.69033],[-73.98926,40.69098]]]}},{"type":"Feature","properties":{"unit_id":"36047014901","name":"Census Tract 149.01 — Kings","native_id":"36047014901","source":"census_tract_2025","adm3_name":"Kings County","adm3_id":"36047","area_sqm":74973,"split":false},"geometry":{"type":"Polygon","coordinates":[[[-73.98645,40.66503],[-73.98595,40.66563],[-73.98359,40.66449],[-73.98122,40.66335],[-73.98223,40.66214],[-73.98459,40.66328],[-73.98695,40.66443],[-73.98645,40.66503]]]}},{"type":"Feature","properties":{"unit_id":"36047092800","name":"Census Tract 928 — Kings","native_id":"36047092800","source":"census_tract_2025","adm3_name":"Kings County","adm3_id":"36047","area_sqm":157219,"split":false},"geometry":{"type":"Polygon","coordinates":[[[-73.91374,40.65417],[-73.91233,40.65413],[-73.91068,40.65418],[-73.90973,40.65431],[-73.90933,40.65281],[-73.90856,40.6521],[-73.90945,40.65152],[-73.91182,40.64998],[-73.91341,40.65141],[-73.91523,40.65304],[-73.91374,40.65417]]]}},{"type":"Feature","properties":{"unit_id":"36061012602","name":"Census Tract 126.02 — New York","native_id":"36061012602","source":"census_tract_2025","adm3_name":"New York County","adm3_id":"36061","area_sqm":89310,"split":false},"geometry":{"type":"Polygon","coordinates":[[[-73.96156,40.76844],[-73.9611,40.76906],[-73.9606,40.76975],[-73.95964,40.77106],[-73.9574,40.77012],[-73.95787,40.76948],[-73.95836,40.7688],[-73.95886,40.76812],[-73.95932,40.76749],[-73.95978,40.76687],[-73.96201,40.76781],[-73.96156,40.76844]]]}},{"type":"Feature","properties":{"unit_id":"36047003300","name":"Census Tract 33 — Kings","native_id":"36047003300","source":"census_tract_2025","adm3_name":"Kings County","adm3_id":"36047","area_sqm":164585,"split":false},"geometry":{"type":"Polygon","coordinates":[[[-73.98136,40.68993],[-73.97862,40.68983],[-73.9771,40.68977],[-73.9761,40.68974],[-73.97511,40.6897],[-73.97462,40.68719],[-73.97559,40.68709],[-73.97655,40.68699],[-73.97736,40.68692],[-73.97936,40.68668],[-73.97984,40.68735],[-73.98087,40.68887],[-73.98107,40.68894],[-73.98351,40.68992],[-73.98136,40.68993]]]}},{"type":"Feature","properties":{"unit_id":"36047007500","name":"Census Tract 75 — Kings","native_id":"36047007500","source":"census_tract_2025","adm3_name":"Kings County","adm3_id":"36047","area_sqm":282782,"split":false},"geometry":{"type":"Polygon","coordinates":[[[-73.99621,40.68172],[-73.99588,40.68239],[-73.99556,40.68307],[-73.99523,40.68374],[-73.9949,40.68443],[-73.99262,40.68354],[-73.99042,40.68269],[-73.98728,40.68147],[-73.98767,40.68082],[-73.98808,40.68017],[-73.98939,40.67829],[-73.99259,40.67952],[-73.99489,40.6802],[-73.99465,40.68054],[-73.99653,40.68106],[-73.99621,40.68172]]]}},{"type":"Feature","properties":{"unit_id":"36047082200","name":"Census Tract 822 — Kings","native_id":"36047082200","source":"census_tract_2025","adm3_name":"Kings County","adm3_id":"36047","area_sqm":169857,"split":false},"geometry":{"type":"Polygon","coordinates":[[[-73.95639,40.65588],[-73.95305,40.65608],[-73.95296,40.65525],[-73.95282,40.65398],[-73.95266,40.65249],[-73.95256,40.65155],[-73.95247,40.65067],[-73.95583,40.65053],[-73.95591,40.65137],[-73.95601,40.65231],[-73.95616,40.65378],[-73.9563,40.65505],[-73.95639,40.65588]]]}},{"type":"Feature","properties":{"unit_id":"36047025400","name":"Census Tract 254 — Kings","native_id":"36047025400","source":"census_tract_2025","adm3_name":"Kings County","adm3_id":"36047","area_sqm":175492,"split":false},"geometry":{"type":"Polygon","coordinates":[[[-73.98744,40.61845],[-73.98714,40.61874],[-73.98628,40.61957],[-73.98407,40.61824],[-73.98187,40.61691],[-73.97964,40.61556],[-73.98081,40.61445],[-73.98144,40.61384],[-73.98249,40.61442],[-73.98367,40.61518],[-73.98586,40.61652],[-73.98807,40.61785],[-73.98744,40.61845]]]}},{"type":"Feature","properties":{"unit_id":"36047111000","name":"Census Tract 1110 — Kings","native_id":"36047111000","source":"census_tract_2025","adm3_name":"Kings County","adm3_id":"36047","area_sqm":124982,"split":false},"geometry":{"type":"Polygon","coordinates":[[[-73.88413,40.66143],[-73.88089,40.66283],[-73.87968,40.66117],[-73.87859,40.6597],[-73.88183,40.65831],[-73.88291,40.65978],[-73.88413,40.66143]]]}},{"type":"Feature","properties":{"unit_id":"36061016900","name":"Census Tract 169 — New York","native_id":"36061016900","source":"census_tract_2025","adm3_name":"New York County","adm3_id":"36061","area_sqm":180002,"split":false},"geometry":{"type":"Polygon","coordinates":[[[-73.97644,40.78574],[-73.97598,40.78637],[-73.97502,40.78769],[-73.97217,40.78649],[-73.96934,40.78529],[-73.96983,40.78461],[-73.9703,40.78397],[-73.97076,40.78334],[-73.97122,40.78271],[-73.97406,40.7839],[-73.9769,40.7851],[-73.97644,40.78574]]]}},{"type":"Feature","properties":{"unit_id":"36047024300","name":"Census Tract 243 — Kings","native_id":"36047024300","source":"census_tract_2025","adm3_name":"Kings County","adm3_id":"36047","area_sqm":154349,"split":false},"geometry":{"type":"Polygon","coordinates":[[[-73.95512,40.68944],[-73.95146,40.68986],[-73.95118,40.6884],[-73.95088,40.68693],[-73.95059,40.68547],[-73.95425,40.68505],[-73.95439,40.68578],[-73.95454,40.68651],[-73.95468,40.68724],[-73.95483,40.68798],[-73.95512,40.68944]]]}},{"type":"Feature","properties":{"unit_id":"36047027700","name":"Census Tract 277 — Kings","native_id":"36047027700","source":"census_tract_2025","adm3_name":"Kings County","adm3_id":"36047","area_sqm":162108,"split":false},"geometry":{"type":"Polygon","coordinates":[[[-73.94193,40.68796],[-73.9391,40.68829],[-73.93617,40.68863],[-73.93603,40.68789],[-73.93588,40.68716],[-73.93574,40.68643],[-73.93559,40.6857],[-73.93851,40.68536],[-73.94135,40.68503],[-73.94149,40.68576],[-73.94164,40.6865],[-73.94178,40.68723],[-73.94193,40.68796]]]}},{"type":"Feature","properties":{"unit_id":"36047038500","name":"Census Tract 385 — Kings","native_id":"36047038500","source":"census_tract_2025","adm3_name":"Kings County","adm3_id":"36047","area_sqm":174443,"split":false},"geometry":{"type":"Polygon","coordinates":[[[-73.93018,40.68856],[-73.92398,40.68928],[-73.92383,40.68854],[-73.92369,40.68781],[-73.92354,40.68708],[-73.9234,40.68635],[-73.92959,40.68563],[-73.92975,40.68637],[-73.92989,40.6871],[-73.93004,40.68783],[-73.93018,40.68856]]]}},{"type":"Feature","properties":{"unit_id":"36047083200","name":"Census Tract 832 — Kings","native_id":"36047083200","source":"census_tract_2025","adm3_name":"Kings County","adm3_id":"36047","area_sqm":145549,"split":false},"geometry":{"type":"Polygon","coordinates":[[[-73.94397,40.64354],[-73.94203,40.64366],[-73.94016,40.64378],[-73.93991,40.64148],[-73.93966,40.63914],[-73.94153,40.63902],[-73.9425,40.63896],[-73.94265,40.64034],[-73.94372,40.64124],[-73.94397,40.64354]]]}},{"type":"Feature","properties":{"unit_id":"36047055800","name":"Census Tract 558 — Kings","native_id":"36047055800","source":"census_tract_2025","adm3_name":"Kings County","adm3_id":"36047","area_sqm":171625,"split":false},"geometry":{"type":"Polygon","coordinates":[[[-73.95772,40.6058],[-73.95583,40.60601],[-73.95487,40.60611],[-73.95392,40.60622],[-73.95304,40.60151],[-73.95398,40.6014],[-73.95494,40.6013],[-73.95591,40.60119],[-73.95683,40.60109],[-73.95728,40.60347],[-73.95772,40.6058]]]}},{"type":"Feature","properties":{"unit_id":"36047053900","name":"Census Tract 539 — Kings","native_id":"36047053900","source":"census_tract_2025","adm3_name":"Kings County","adm3_id":"36047","area_sqm":101381,"split":false},"geometry":{"type":"Polygon","coordinates":[[[-73.96443,40.70312],[-73.96185,40.70479],[-73.96034,40.70344],[-73.96145,40.70166],[-73.96218,40.70022],[-73.96258,40.70051],[-73.9652,40.70262],[-73.96443,40.70312]]]}},{"type":"Feature","properties":{"unit_id":"36061020500","name":"Census Tract 205 — New York","native_id":"36061020500","source":"census_tract_2025","adm3_name":"New York County","adm3_id":"36061","area_sqm":281121,"split":false},"geometry":{"type":"Polygon","coordinates":[[[-73.97125,40.81634],[-73.96538,40.81396],[-73.96302,40.81262],[-73.96211,40.81225],[-73.96111,40.81183],[-73.96206,40.81054],[-73.9639,40.808],[-73.96439,40.80734],[-73.96485,40.80671],[-73.96635,40.80734],[-73.96698,40.8076],[-73.96922,40.80851],[-73.97517,40.81094],[-73.97125,40.81634]]]}},{"type":"Feature","properties":{"unit_id":"36047057901","name":"Census Tract 579.01 — Kings","native_id":"36047057901","source":"census_tract_2025","adm3_name":"Kings County","adm3_id":"36047","area_sqm":245831,"split":false},"geometry":{"type":"Polygon","coordinates":[[[-73.95547,40.738],[-73.95519,40.73906],[-73.95509,40.7394],[-73.95267,40.73926],[-73.95303,40.7375],[-73.9502,40.73671],[-73.94922,40.73068],[-73.95065,40.73054],[-73.94991,40.72924],[-73.95073,40.72897],[-73.95159,40.73045],[-73.95187,40.73114],[-73.9521,40.73256],[-73.95234,40.73398],[-73.95297,40.73608],[-73.95519,40.73587],[-73.95531,40.73658],[-73.95547,40.738]]]}},{"type":"Feature","properties":{"unit_id":"36047121400","name":"Census Tract 1214 — Kings","native_id":"36047121400","source":"census_tract_2025","adm3_name":"Kings County","adm3_id":"36047","area_sqm":173354,"split":false},"geometry":{"type":"Polygon","coordinates":[[[-73.86833,40.66873],[-73.86555,40.66912],[-73.86284,40.66952],[-73.86242,40.66778],[-73.86204,40.66625],[-73.86752,40.66547],[-73.86788,40.667],[-73.86833,40.66873]]]}},{"type":"Feature","properties":{"unit_id":"36061015501","name":"Census Tract 155.01 — New York","native_id":"36061015501","source":"census_tract_2025","adm3_name":"New York County","adm3_id":"36061","area_sqm":86090,"split":false},"geometry":{"type":"Polygon","coordinates":[[[-73.98682,40.7766],[-73.98571,40.77811],[-73.98545,40.77848],[-73.98258,40.7773],[-73.98305,40.77668],[-73.9835,40.77606],[-73.98397,40.77543],[-73.98441,40.77481],[-73.98724,40.77602],[-73.98682,40.7766]]]}},{"type":"Feature","properties":{"unit_id":"36047014101","name":"Census Tract 141.01 — Kings","native_id":"36047014101","source":"census_tract_2025","adm3_name":"Kings County","adm3_id":"36047","area_sqm":75853,"split":false},"geometry":{"type":"Polygon","coordinates":[[[-73.99073,40.66794],[-73.98595,40.66563],[-73.98645,40.66503],[-73.98695,40.66443],[-73.98931,40.66557],[-73.99173,40.66674],[-73.99073,40.66794]]]}},{"type":"Feature","properties":{"unit_id":"36047027200","name":"Census Tract 272 — Kings","native_id":"36047027200","source":"census_tract_2025","adm3_name":"Kings County","adm3_id":"36047","area_sqm":132147,"split":false},"geometry":{"type":"Polygon","coordinates":[[[-73.99692,40.60934],[-73.99472,40.608],[-73.99414,40.60856],[-73.99356,40.60912],[-73.99298,40.60968],[-73.99239,40.61024],[-73.99019,40.60891],[-73.98797,40.60757],[-73.98842,40.60712],[-73.98855,40.607],[-73.99077,40.60835],[-73.99136,40.60779],[-73.99194,40.60724],[-73.9931,40.60612],[-73.9953,40.60744],[-73.9975,40.60878],[-73.99692,40.60934]]]}},{"type":"Feature","properties":{"unit_id":"36047006800","name":"Census Tract 68 — Kings","native_id":"36047006800","source":"census_tract_2025","adm3_name":"Kings County","adm3_id":"36047","area_sqm":185509,"split":false},"geometry":{"type":"Polygon","coordinates":[[[-74.02936,40.63484],[-74.02913,40.63537],[-74.02866,40.63655],[-74.02828,40.63747],[-74.02567,40.63667],[-74.02547,40.63714],[-74.02291,40.63611],[-74.02323,40.63532],[-74.02352,40.63462],[-74.02424,40.63286],[-74.02695,40.63352],[-74.02963,40.63415],[-74.02936,40.63484]]]}},{"type":"Feature","properties":{"unit_id":"36047027400","name":"Census Tract 274 — Kings","native_id":"36047027400","source":"census_tract_2025","adm3_name":"Kings County","adm3_id":"36047","area_sqm":163364,"split":false},"geometry":{"type":"Polygon","coordinates":[[[-73.99717,40.61221],[-73.99598,40.61339],[-73.99537,40.614],[-73.99334,40.61277],[-73.9946,40.61157],[-73.99239,40.61024],[-73.99298,40.60968],[-73.99356,40.60912],[-73.99414,40.60856],[-73.99472,40.608],[-73.99692,40.60934],[-73.99634,40.60989],[-73.99831,40.61108],[-73.99717,40.61221]]]}},{"type":"Feature","properties":{"unit_id":"36061018200","name":"Census Tract 182 — New York","native_id":"36061018200","source":"census_tract_2025","adm3_name":"New York County","adm3_id":"36061","area_sqm":176900,"split":false},"geometry":{"type":"Polygon","coordinates":[[[-73.94374,40.79862],[-73.94274,40.79998],[-73.94182,40.80124],[-73.94021,40.80056],[-73.9386,40.79988],[-73.93952,40.79863],[-73.94052,40.79726],[-73.94093,40.7967],[-73.94188,40.79541],[-73.94348,40.79607],[-73.9451,40.79676],[-73.94374,40.79862]]]}},{"type":"Feature","properties":{"unit_id":"36047099400","name":"Census Tract 994 — Kings","native_id":"36047099400","source":"census_tract_2025","adm3_name":"Kings County","adm3_id":"36047","area_sqm":173970,"split":false},"geometry":{"type":"Polygon","coordinates":[[[-73.90778,40.63622],[-73.90561,40.63762],[-73.90413,40.63858],[-73.90218,40.63682],[-73.90126,40.63482],[-73.90415,40.63295],[-73.90595,40.63457],[-73.90778,40.63622]]]}},{"type":"Feature","properties":{"unit_id":"36047030300","name":"Census Tract 303 — Kings","native_id":"36047030300","source":"census_tract_2025","adm3_name":"Kings County","adm3_id":"36047","area_sqm":253583,"split":false},"geometry":{"type":"Polygon","coordinates":[[[-73.92205,40.67457],[-73.9219,40.67613],[-73.92182,40.67702],[-73.91922,40.67689],[-73.91647,40.67665],[-73.9137,40.6765],[-73.914,40.67324],[-73.91677,40.67339],[-73.91954,40.67354],[-73.92213,40.67368],[-73.92205,40.67457]]]}},{"type":"Feature","properties":{"unit_id":"36047043200","name":"Census Tract 432 — Kings","native_id":"36047043200","source":"census_tract_2025","adm3_name":"Kings County","adm3_id":"36047","area_sqm":148819,"split":false},"geometry":{"type":"Polygon","coordinates":[[[-73.98211,40.61327],[-73.98175,40.61355],[-73.98144,40.61384],[-73.98071,40.6134],[-73.97947,40.61267],[-73.9787,40.60819],[-73.9797,40.60808],[-73.98069,40.60797],[-73.98162,40.60787],[-73.98266,40.61269],[-73.98211,40.61327]]]}},{"type":"Feature","properties":{"unit_id":"36061015302","name":"Census Tract 153.02 — New York","native_id":"36061015302","source":"census_tract_2025","adm3_name":"New York County","adm3_id":"36061","area_sqm":87313,"split":false},"geometry":{"type":"Polygon","coordinates":[[[-73.98397,40.77543],[-73.9835,40.77606],[-73.98305,40.77668],[-73.98258,40.7773],[-73.97975,40.77611],[-73.9802,40.77548],[-73.98066,40.77485],[-73.98157,40.7736],[-73.98222,40.77387],[-73.98441,40.77481],[-73.98397,40.77543]]]}},{"type":"Feature","properties":{"unit_id":"36047035900","name":"Census Tract 359 — Kings","native_id":"36047035900","source":"census_tract_2025","adm3_name":"Kings County","adm3_id":"36047","area_sqm":183575,"split":false},"geometry":{"type":"Polygon","coordinates":[[[-73.9256,40.6685],[-73.92541,40.67028],[-73.92533,40.67117],[-73.92525,40.67206],[-73.92516,40.67295],[-73.92508,40.67384],[-73.92213,40.67368],[-73.9223,40.6719],[-73.92238,40.67101],[-73.92247,40.67012],[-73.92254,40.66928],[-73.92263,40.66837],[-73.92275,40.6671],[-73.92439,40.66638],[-73.92477,40.66749],[-73.92554,40.66849],[-73.9256,40.6685]]]}},{"type":"Feature","properties":{"unit_id":"36047099000","name":"Census Tract 990 — Kings","native_id":"36047099000","source":"census_tract_2025","adm3_name":"Kings County","adm3_id":"36047","area_sqm":163721,"split":false},"geometry":{"type":"Polygon","coordinates":[[[-73.89883,40.642],[-73.89701,40.64037],[-73.89519,40.63874],[-73.8983,40.63674],[-73.90193,40.64],[-73.89883,40.642]]]}},{"type":"Feature","properties":{"unit_id":"36047007200","name":"Census Tract 72 — Kings","native_id":"36047007200","source":"census_tract_2025","adm3_name":"Kings County","adm3_id":"36047","area_sqm":62490,"split":false},"geometry":{"type":"Polygon","coordinates":[[[-74.02116,40.64142],[-74.02021,40.64198],[-74.01842,40.64085],[-74.01902,40.64026],[-74.01961,40.6397],[-74.02109,40.63826],[-74.02177,40.64041],[-74.02116,40.64142]]]}},{"type":"Feature","properties":{"unit_id":"36061031703","name":"Census Tract 317.03 — New York","native_id":"36061031703","source":"census_tract_2025","adm3_name":"New York County","adm3_id":"36061","area_sqm":248049,"split":false},"geometry":{"type":"Polygon","coordinates":[[[-74.02307,40.72041],[-74.01305,40.71909],[-74.01229,40.71904],[-74.01273,40.71711],[-74.01319,40.7152],[-74.0137,40.71367],[-74.01415,40.71221],[-74.01436,40.71101],[-74.01799,40.7124],[-74.01711,40.7166],[-74.02319,40.71989],[-74.02307,40.72041]]]}},{"type":"Feature","properties":{"unit_id":"36047050202","name":"Census Tract 502.02 — Kings","native_id":"36047050202","source":"census_tract_2025","adm3_name":"Kings County","adm3_id":"36047","area_sqm":135737,"split":false},"geometry":{"type":"Polygon","coordinates":[[[-73.97804,40.65475],[-73.97657,40.65531],[-73.97642,40.65454],[-73.9743,40.65537],[-73.97356,40.65564],[-73.97305,40.65391],[-73.97268,40.65264],[-73.97635,40.65122],[-73.97733,40.65304],[-73.97804,40.65475]]]}},{"type":"Feature","properties":{"unit_id":"36061019200","name":"Census Tract 192 — New York","native_id":"36061019200","source":"census_tract_2025","adm3_name":"New York County","adm3_id":"36061","area_sqm":189850,"split":false},"geometry":{"type":"Polygon","coordinates":[[[-73.93352,40.79859],[-73.93197,40.80071],[-73.93177,40.80098],[-73.93073,40.80243],[-73.92998,40.80298],[-73.92822,40.80385],[-73.92725,40.80256],[-73.92508,40.80252],[-73.92529,40.802],[-73.9276,40.79803],[-73.92726,40.79488],[-73.92926,40.79587],[-73.92978,40.79616],[-73.93174,40.79699],[-73.93399,40.79793],[-73.93352,40.79859]]]}},{"type":"Feature","properties":{"unit_id":"36047000301","name":"Census Tract 3.01 — Kings","native_id":"36047000301","source":"census_tract_2025","adm3_name":"Kings County","adm3_id":"36047","area_sqm":200995,"split":false},"geometry":{"type":"Polygon","coordinates":[[[-74.00028,40.69496],[-73.99946,40.69628],[-73.99885,40.69714],[-73.99803,40.69876],[-73.9975,40.69965],[-73.996,40.69901],[-73.99512,40.69877],[-73.99429,40.69853],[-73.99533,40.69638],[-73.99555,40.69589],[-73.99586,40.69522],[-73.9962,40.69451],[-73.99672,40.69344],[-73.99761,40.6936],[-74.00002,40.6941],[-74.0007,40.69439],[-74.00028,40.69496]]]}},{"type":"Feature","properties":{"unit_id":"36047053200","name":"Census Tract 532 — Kings","native_id":"36047053200","source":"census_tract_2025","adm3_name":"Kings County","adm3_id":"36047","area_sqm":174306,"split":false},"geometry":{"type":"Polygon","coordinates":[[[-73.9623,40.62996],[-73.96182,40.63002],[-73.96137,40.63006],[-73.96041,40.63017],[-73.95996,40.62778],[-73.95899,40.62789],[-73.95809,40.62311],[-73.96094,40.62279],[-73.96139,40.62518],[-73.96185,40.62757],[-73.9621,40.62893],[-73.9623,40.62996]]]}},{"type":"Feature","properties":{"unit_id":"36061001001","name":"Census Tract 10.01 — New York","native_id":"36061001001","source":"census_tract_2025","adm3_name":"New York County","adm3_id":"36061","area_sqm":80143,"split":false},"geometry":{"type":"Polygon","coordinates":[[[-73.97996,40.71397],[-73.97899,40.7158],[-73.97891,40.71595],[-73.97792,40.71565],[-73.97646,40.7153],[-73.97659,40.71505],[-73.97634,40.71492],[-73.97523,40.71458],[-73.96886,40.71265],[-73.96905,40.71248],[-73.96961,40.71016],[-73.96994,40.70931],[-73.96961,40.70763],[-73.97032,40.70733],[-73.97279,40.70938],[-73.97593,40.71291],[-73.97724,40.71315],[-73.97929,40.71376],[-73.97996,40.71397]]]}},{"type":"Feature","properties":{"unit_id":"36047025000","name":"Census Tract 250 — Kings","native_id":"36047025000","source":"census_tract_2025","adm3_name":"Kings County","adm3_id":"36047","area_sqm":173506,"split":false},"geometry":{"type":"Polygon","coordinates":[[[-73.99771,40.62368],[-73.99748,40.62452],[-73.99724,40.62529],[-73.99702,40.62606],[-73.99688,40.62653],[-73.99679,40.62683],[-73.99465,40.6257],[-73.99433,40.62534],[-73.99255,40.62427],[-73.99313,40.62371],[-73.99371,40.62316],[-73.99429,40.6226],[-73.99492,40.62199],[-73.99639,40.62058],[-73.99829,40.62162],[-73.99771,40.62368]]]}},{"type":"Feature","properties":{"unit_id":"36047095000","name":"Census Tract 950 — Kings","native_id":"36047095000","source":"census_tract_2025","adm3_name":"Kings County","adm3_id":"36047","area_sqm":242438,"split":false},"geometry":{"type":"Polygon","coordinates":[[[-73.91956,40.64119],[-73.91893,40.64059],[-73.91681,40.63868],[-73.91494,40.63701],[-73.91328,40.63551],[-73.91622,40.63361],[-73.9186,40.6321],[-73.91885,40.63448],[-73.91917,40.63747],[-73.91929,40.6386],[-73.91946,40.64024],[-73.91956,40.64119]]]}},{"type":"Feature","properties":{"unit_id":"36047019300","name":"Census Tract 193 — Kings","native_id":"36047019300","source":"census_tract_2025","adm3_name":"Kings County","adm3_id":"36047","area_sqm":269732,"split":false},"geometry":{"type":"Polygon","coordinates":[[[-73.96591,40.69343],[-73.96405,40.69363],[-73.96109,40.69401],[-73.96016,40.69412],[-73.95984,40.69253],[-73.95943,40.69045],[-73.96029,40.69035],[-73.96001,40.68888],[-73.96284,40.68856],[-73.96481,40.68833],[-73.96519,40.68978],[-73.9656,40.69187],[-73.96591,40.69343]]]}},{"type":"Feature","properties":{"unit_id":"36047050803","name":"Census Tract 508.03 — Kings","native_id":"36047050803","source":"census_tract_2025","adm3_name":"Kings County","adm3_id":"36047","area_sqm":56085,"split":false},"geometry":{"type":"Polygon","coordinates":[[[-73.9619,40.65487],[-73.96169,40.65495],[-73.95986,40.65563],[-73.9597,40.65484],[-73.95933,40.65293],[-73.96141,40.65217],[-73.9616,40.65317],[-73.96176,40.65407],[-73.9619,40.65487]]]}},{"type":"Feature","properties":{"unit_id":"36047010200","name":"Census Tract 102 — Kings","native_id":"36047010200","source":"census_tract_2025","adm3_name":"Kings County","adm3_id":"36047","area_sqm":152450,"split":false},"geometry":{"type":"Polygon","coordinates":[[[-74.01498,40.64063],[-74.01381,40.64175],[-74.01161,40.64042],[-74.00941,40.63909],[-74.01057,40.63797],[-74.01115,40.6374],[-74.01176,40.63682],[-74.01396,40.63815],[-74.01617,40.63948],[-74.01498,40.64063]]]}},{"type":"Feature","properties":{"unit_id":"36047006600","name":"Census Tract 66 — Kings","native_id":"36047006600","source":"census_tract_2025","adm3_name":"Kings County","adm3_id":"36047","area_sqm":153740,"split":false},"geometry":{"type":"Polygon","coordinates":[[[-74.03047,40.6321],[-74.03019,40.63279],[-74.02991,40.63347],[-74.02963,40.63415],[-74.02695,40.63352],[-74.02424,40.63286],[-74.02452,40.63217],[-74.02479,40.63151],[-74.02507,40.63081],[-74.02536,40.63011],[-74.03076,40.63139],[-74.03047,40.6321]]]}},{"type":"Feature","properties":{"unit_id":"36047021200","name":"Census Tract 212 — Kings","native_id":"36047021200","source":"census_tract_2025","adm3_name":"Kings County","adm3_id":"36047","area_sqm":190833,"split":false},"geometry":{"type":"Polygon","coordinates":[[[-74.01,40.63011],[-74.00846,40.63115],[-74.00702,40.63211],[-74.00193,40.62903],[-74.00252,40.62848],[-74.0031,40.62792],[-74.00435,40.62671],[-74.00655,40.62804],[-74.00875,40.62937],[-74.01,40.63011]]]}},{"type":"Feature","properties":{"unit_id":"36047031300","name":"Census Tract 313 — Kings","native_id":"36047031300","source":"census_tract_2025","adm3_name":"Kings County","adm3_id":"36047","area_sqm":174299,"split":false},"geometry":{"type":"Polygon","coordinates":[[[-73.94715,40.67594],[-73.94707,40.67672],[-73.94693,40.67822],[-73.94691,40.67839],[-73.94414,40.67824],[-73.94137,40.67809],[-73.94138,40.67792],[-73.94154,40.67642],[-73.94161,40.67564],[-73.94169,40.67475],[-73.94446,40.67491],[-73.94723,40.67505],[-73.94715,40.67594]]]}},{"type":"Feature","properties":{"unit_id":"36047015700","name":"Census Tract 157 — Kings","native_id":"36047015700","source":"census_tract_2025","adm3_name":"Kings County","adm3_id":"36047","area_sqm":167428,"split":false},"geometry":{"type":"Polygon","coordinates":[[[-73.97942,40.67346],[-73.97882,40.67417],[-73.97839,40.6748],[-73.97796,40.67544],[-73.97547,40.67447],[-73.97295,40.67349],[-73.97338,40.67285],[-73.97382,40.67222],[-73.9747,40.67117],[-73.9752,40.67058],[-73.97992,40.67286],[-73.97942,40.67346]]]}},{"type":"Feature","properties":{"unit_id":"36061007001","name":"Census Tract 70.01 — New York","native_id":"36061007001","source":"census_tract_2025","adm3_name":"New York County","adm3_id":"36061","area_sqm":89729,"split":false},"geometry":{"type":"Polygon","coordinates":[[[-73.97767,40.74226],[-73.97676,40.74347],[-73.97635,40.74409],[-73.97588,40.74478],[-73.97351,40.74378],[-73.97401,40.74309],[-73.97492,40.74185],[-73.97534,40.74127],[-73.9758,40.74064],[-73.97817,40.74164],[-73.97767,40.74226]]]}},{"type":"Feature","properties":{"unit_id":"36047051700","name":"Census Tract 517 — Kings","native_id":"36047051700","source":"census_tract_2025","adm3_name":"Kings County","adm3_id":"36047","area_sqm":187367,"split":false},"geometry":{"type":"Polygon","coordinates":[[[-73.95842,40.71919],[-73.95544,40.72195],[-73.95478,40.72246],[-73.95165,40.72349],[-73.95065,40.72171],[-73.95271,40.72045],[-73.95347,40.7198],[-73.95584,40.71759],[-73.95713,40.71839],[-73.95842,40.71919]]]}},{"type":"Feature","properties":{"unit_id":"36047113200","name":"Census Tract 1132 — Kings","native_id":"36047113200","source":"census_tract_2025","adm3_name":"Kings County","adm3_id":"36047","area_sqm":196193,"split":false},"geometry":{"type":"Polygon","coordinates":[[[-73.90145,40.66366],[-73.90042,40.66381],[-73.90085,40.66535],[-73.89908,40.66561],[-73.89868,40.66406],[-73.89829,40.66253],[-73.8979,40.661],[-73.89697,40.66114],[-73.89617,40.65797],[-73.89611,40.65775],[-73.89881,40.65741],[-73.89922,40.65911],[-73.89965,40.66074],[-73.90066,40.66059],[-73.90145,40.66366]]]}},{"type":"Feature","properties":{"unit_id":"36047059300","name":"Census Tract 593 — Kings","native_id":"36047059300","source":"census_tract_2025","adm3_name":"Kings County","adm3_id":"36047","area_sqm":187979,"split":false},"geometry":{"type":"Polygon","coordinates":[[[-73.94104,40.72784],[-73.94012,40.72793],[-73.93819,40.7281],[-73.93724,40.72779],[-73.93412,40.72686],[-73.93676,40.72484],[-73.93891,40.72358],[-73.93931,40.72335],[-73.94022,40.72289],[-73.94074,40.72597],[-73.94104,40.72784]]]}},{"type":"Feature","properties":{"unit_id":"36047048100","name":"Census Tract 481 — Kings","native_id":"36047048100","source":"census_tract_2025","adm3_name":"Kings County","adm3_id":"36047","area_sqm":151305,"split":false},"geometry":{"type":"Polygon","coordinates":[[[-73.94207,40.71473],[-73.94122,40.71471],[-73.9387,40.71532],[-73.93561,40.71519],[-73.93496,40.71372],[-73.9348,40.71337],[-73.94069,40.71196],[-73.94104,40.71267],[-73.94171,40.71401],[-73.94207,40.71473]]]}},{"type":"Feature","properties":{"unit_id":"36047053101","name":"Census Tract 531.01 — Kings","native_id":"36047053101","source":"census_tract_2025","adm3_name":"Kings County","adm3_id":"36047","area_sqm":78833,"split":false},"geometry":{"type":"Polygon","coordinates":[[[-73.95746,40.70082],[-73.95572,40.70195],[-73.95381,40.70318],[-73.95255,40.70205],[-73.95446,40.70082],[-73.95382,40.70011],[-73.95717,40.69971],[-73.95723,40.7],[-73.95746,40.70082]]]}},{"type":"Feature","properties":{"unit_id":"36061021303","name":"Census Tract 213.03 — New York","native_id":"36061021303","source":"census_tract_2025","adm3_name":"New York County","adm3_id":"36061","area_sqm":153292,"split":false},"geometry":{"type":"Polygon","coordinates":[[[-73.95455,40.81574],[-73.95319,40.81759],[-73.95272,40.81824],[-73.9522,40.81895],[-73.95088,40.8184],[-73.95297,40.81507],[-73.95086,40.81419],[-73.95177,40.81294],[-73.95093,40.81258],[-73.9521,40.81144],[-73.95354,40.81205],[-73.95408,40.81228],[-73.95571,40.81414],[-73.95455,40.81574]]]}},{"type":"Feature","properties":{"unit_id":"36061019702","name":"Census Tract 197.02 — New York","native_id":"36061019702","source":"census_tract_2025","adm3_name":"New York County","adm3_id":"36061","area_sqm":47397,"split":false},"geometry":{"type":"Polygon","coordinates":[[[-73.95825,40.80311],[-73.9582,40.80389],[-73.95778,40.80373],[-73.95632,40.80311],[-73.95724,40.80186],[-73.9582,40.80055],[-73.95965,40.80116],[-73.95825,40.80311]]]}},{"type":"Feature","properties":{"unit_id":"36047117201","name":"Census Tract 1172.01 — Kings","native_id":"36047117201","source":"census_tract_2025","adm3_name":"Kings County","adm3_id":"36047","area_sqm":129156,"split":false},"geometry":{"type":"Polygon","coordinates":[[[-73.88977,40.6818],[-73.88819,40.68256],[-73.8865,40.68335],[-73.8863,40.68259],[-73.88581,40.68067],[-73.88489,40.68081],[-73.88467,40.67994],[-73.8873,40.6791],[-73.88901,40.67856],[-73.88941,40.68014],[-73.88977,40.6818]]]}},{"type":"Feature","properties":{"unit_id":"36061013203","name":"Census Tract 132.03 — New York","native_id":"36061013203","source":"census_tract_2025","adm3_name":"New York County","adm3_id":"36061","area_sqm":53878,"split":false},"geometry":{"type":"Polygon","coordinates":[[[-73.95365,40.77102],[-73.95319,40.77166],[-73.95269,40.77234],[-73.95043,40.77139],[-73.95093,40.77071],[-73.9514,40.77007],[-73.95186,40.76944],[-73.95411,40.77039],[-73.95365,40.77102]]]}},{"type":"Feature","properties":{"unit_id":"36061010900","name":"Census Tract 109 — New York","native_id":"36061010900","source":"census_tract_2025","adm3_name":"New York County","adm3_id":"36061","area_sqm":175741,"split":false},"geometry":{"type":"Polygon","coordinates":[[[-73.99163,40.75471],[-73.98595,40.75232],[-73.98729,40.75045],[-73.98778,40.74977],[-73.99346,40.75219],[-73.99163,40.75471]]]}},{"type":"Feature","properties":{"unit_id":"36047039200","name":"Census Tract 392 — Kings","native_id":"36047039200","source":"census_tract_2025","adm3_name":"Kings County","adm3_id":"36047","area_sqm":174602,"split":false},"geometry":{"type":"Polygon","coordinates":[[[-73.96548,40.59783],[-73.96303,40.5981],[-73.96119,40.59831],[-73.96103,40.59616],[-73.96085,40.59374],[-73.96464,40.59333],[-73.96508,40.59572],[-73.96548,40.59783]]]}},{"type":"Feature","properties":{"unit_id":"36047037100","name":"Census Tract 371 — Kings","native_id":"36047037100","source":"census_tract_2025","adm3_name":"Kings County","adm3_id":"36047","area_sqm":189347,"split":false},"geometry":{"type":"Polygon","coordinates":[[[-73.91698,40.68183],[-73.91432,40.68214],[-73.91166,40.68245],[-73.91152,40.68171],[-73.91137,40.68098],[-73.91123,40.68024],[-73.91108,40.67952],[-73.9108,40.67828],[-73.91356,40.67843],[-73.9163,40.67858],[-73.91639,40.67891],[-73.91654,40.67964],[-73.91669,40.68037],[-73.91683,40.6811],[-73.91698,40.68183]]]}},{"type":"Feature","properties":{"unit_id":"36061031900","name":"Census Tract 319 — New York","native_id":"36061031900","source":"census_tract_2025","adm3_name":"New York County","adm3_id":"36061","area_sqm":99257,"split":false},"geometry":{"type":"Polygon","coordinates":[[[-74.01777,40.70415],[-74.01663,40.7048],[-74.01429,40.70455],[-74.01431,40.70286],[-74.01367,40.70083],[-74.01631,40.70171],[-74.01767,40.70397],[-74.01777,40.70415]]]}},{"type":"Feature","properties":{"unit_id":"36061008100","name":"Census Tract 81 — New York","native_id":"36061008100","source":"census_tract_2025","adm3_name":"New York County","adm3_id":"36061","area_sqm":174305,"split":false},"geometry":{"type":"Polygon","coordinates":[[[-74.00202,40.74044],[-74.00155,40.74108],[-74.00113,40.74167],[-74.0007,40.74225],[-73.99786,40.74106],[-73.99502,40.73986],[-73.99545,40.73927],[-73.99587,40.73869],[-73.99634,40.73804],[-73.99684,40.73736],[-73.99968,40.73855],[-74.00252,40.73975],[-74.00202,40.74044]]]}},{"type":"Feature","properties":{"unit_id":"36047079601","name":"Census Tract 796.01 — Kings","native_id":"36047079601","source":"census_tract_2025","adm3_name":"Kings County","adm3_id":"36047","area_sqm":110399,"split":false},"geometry":{"type":"Polygon","coordinates":[[[-73.96043,40.65807],[-73.95665,40.65831],[-73.95648,40.65671],[-73.95639,40.65588],[-73.9563,40.65505],[-73.9597,40.65484],[-73.95986,40.65563],[-73.96007,40.65649],[-73.96043,40.65807]]]}},{"type":"Feature","properties":{"unit_id":"36047058200","name":"Census Tract 582 — Kings","native_id":"36047058200","source":"census_tract_2025","adm3_name":"Kings County","adm3_id":"36047","area_sqm":161534,"split":false},"geometry":{"type":"Polygon","coordinates":[[[-73.96136,40.60059],[-73.95961,40.60078],[-73.95868,40.60088],[-73.95776,40.60099],[-73.95693,40.59661],[-73.95878,40.59641],[-73.96103,40.59616],[-73.96119,40.59831],[-73.96136,40.60059]]]}},{"type":"Feature","properties":{"unit_id":"36047022400","name":"Census Tract 224 — Kings","native_id":"36047022400","source":"census_tract_2025","adm3_name":"Kings County","adm3_id":"36047","area_sqm":175564,"split":false},"geometry":{"type":"Polygon","coordinates":[[[-73.99264,40.64173],[-73.99193,40.6422],[-73.9905,40.64316],[-73.98849,40.64196],[-73.98908,40.6414],[-73.98688,40.64007],[-73.98745,40.6395],[-73.98804,40.63895],[-73.98862,40.63838],[-73.98921,40.63782],[-73.99141,40.63916],[-73.99408,40.64077],[-73.99264,40.64173]]]}},{"type":"Feature","properties":{"unit_id":"36061029100","name":"Census Tract 291 — New York","native_id":"36061029100","source":"census_tract_2025","adm3_name":"New York County","adm3_id":"36061","area_sqm":187477,"split":false},"geometry":{"type":"Polygon","coordinates":[[[-73.92727,40.86554],[-73.925,40.86634],[-73.92311,40.86702],[-73.9225,40.86606],[-73.92188,40.8651],[-73.92125,40.86411],[-73.92061,40.86311],[-73.92249,40.86241],[-73.92474,40.86159],[-73.92537,40.86258],[-73.92601,40.86357],[-73.92727,40.86554]]]}},{"type":"Feature","properties":{"unit_id":"36061027700","name":"Census Tract 277 — New York","native_id":"36061027700","source":"census_tract_2025","adm3_name":"New York County","adm3_id":"36061","area_sqm":163262,"split":false},"geometry":{"type":"Polygon","coordinates":[[[-73.92964,40.85491],[-73.92872,40.85618],[-73.92841,40.85661],[-73.92827,40.85681],[-73.92823,40.85717],[-73.92727,40.85793],[-73.92519,40.85803],[-73.92469,40.85664],[-73.92769,40.85249],[-73.92915,40.8531],[-73.93054,40.85368],[-73.92964,40.85491]]]}},{"type":"Feature","properties":{"unit_id":"36047017900","name":"Census Tract 179 — Kings","native_id":"36047017900","source":"census_tract_2025","adm3_name":"Kings County","adm3_id":"36047","area_sqm":158289,"split":false},"geometry":{"type":"Polygon","coordinates":[[[-73.97428,40.68551],[-73.97312,40.68578],[-73.9724,40.68595],[-73.97143,40.68606],[-73.96949,40.68629],[-73.96906,40.68416],[-73.96866,40.682],[-73.97064,40.68241],[-73.97174,40.68265],[-73.97232,40.68277],[-73.97378,40.68306],[-73.97392,40.68376],[-73.97428,40.68551]]]}},{"type":"Feature","properties":{"unit_id":"36047000200","name":"Census Tract 2 — Kings","native_id":"36047000200","source":"census_tract_2025","adm3_name":"Kings County","adm3_id":"36047","area_sqm":276929,"split":false},"geometry":{"type":"Polygon","coordinates":[[[-74.01284,40.65302],[-74.01505,40.65436],[-74.0139,40.65547],[-74.01168,40.65413],[-74.00879,40.65696],[-74.00623,40.6554],[-74.00798,40.65373],[-74.00854,40.6532],[-74.01031,40.65148],[-74.01091,40.65094],[-74.01148,40.65036],[-74.01263,40.64923],[-74.01518,40.65077],[-74.01284,40.65302]]]}},{"type":"Feature","properties":{"unit_id":"36047074600","name":"Census Tract 746 — Kings","native_id":"36047074600","source":"census_tract_2025","adm3_name":"Kings County","adm3_id":"36047","area_sqm":202040,"split":false},"geometry":{"type":"Polygon","coordinates":[[[-73.94651,40.61949],[-73.94552,40.61961],[-73.94452,40.61971],[-73.94359,40.61982],[-73.9408,40.62013],[-73.93634,40.62061],[-73.93687,40.62025],[-73.93972,40.61841],[-73.94128,40.61763],[-73.94315,40.61743],[-73.94347,40.61738],[-73.94483,40.61605],[-73.94574,40.61536],[-73.94607,40.6171],[-73.94651,40.61949]]]}},{"type":"Feature","properties":{"unit_id":"36047043300","name":"Census Tract 433 — Kings","native_id":"36047043300","source":"census_tract_2025","adm3_name":"Kings County","adm3_id":"36047","area_sqm":168245,"split":false},"geometry":{"type":"Polygon","coordinates":[[[-73.91787,40.69854],[-73.91632,40.70012],[-73.91557,40.69969],[-73.91482,40.69927],[-73.91406,40.69884],[-73.91256,40.69798],[-73.91411,40.6964],[-73.91556,40.69492],[-73.91631,40.69535],[-73.91707,40.69578],[-73.91782,40.69621],[-73.91932,40.69706],[-73.91787,40.69854]]]}},{"type":"Feature","properties":{"unit_id":"36047059100","name":"Census Tract 591 — Kings","native_id":"36047059100","source":"census_tract_2025","adm3_name":"Kings County","adm3_id":"36047","area_sqm":192105,"split":false},"geometry":{"type":"Polygon","coordinates":[[[-73.94543,40.72552],[-73.94357,40.72571],[-73.94264,40.72579],[-73.94169,40.72588],[-73.94074,40.72597],[-73.94022,40.72289],[-73.94109,40.72231],[-73.94196,40.72165],[-73.94441,40.72024],[-73.9448,40.72168],[-73.94501,40.723],[-73.94543,40.72552]]]}},{"type":"Feature","properties":{"unit_id":"36047089800","name":"Census Tract 898 — Kings","native_id":"36047089800","source":"census_tract_2025","adm3_name":"Kings County","adm3_id":"36047","area_sqm":154357,"split":false},"geometry":{"type":"Polygon","coordinates":[[[-73.91627,40.66465],[-73.91439,40.66493],[-73.91347,40.66507],[-73.91252,40.66521],[-73.91212,40.66367],[-73.91173,40.66213],[-73.91133,40.6606],[-73.91413,40.66018],[-73.91453,40.66172],[-73.91548,40.66157],[-73.91587,40.66312],[-73.91627,40.66465]]]}},{"type":"Feature","properties":{"unit_id":"36047030500","name":"Census Tract 305 — Kings","native_id":"36047030500","source":"census_tract_2025","adm3_name":"Kings County","adm3_id":"36047","area_sqm":322516,"split":false},"geometry":{"type":"Polygon","coordinates":[[[-73.96286,40.67641],[-73.96255,40.67729],[-73.96223,40.67817],[-73.96196,40.67893],[-73.96131,40.68046],[-73.95829,40.67983],[-73.95564,40.67926],[-73.95531,40.67927],[-73.95548,40.67758],[-73.95575,40.67681],[-73.95607,40.67593],[-73.95639,40.67505],[-73.9567,40.67417],[-73.96007,40.67488],[-73.96318,40.67553],[-73.96286,40.67641]]]}},{"type":"Feature","properties":{"unit_id":"36061002202","name":"Census Tract 22.02 — New York","native_id":"36061002202","source":"census_tract_2025","adm3_name":"New York County","adm3_id":"36061","area_sqm":56108,"split":false},"geometry":{"type":"Polygon","coordinates":[[[-73.98296,40.72267],[-73.98061,40.72168],[-73.97823,40.72067],[-73.97875,40.71993],[-73.97974,40.72024],[-73.98131,40.72071],[-73.98382,40.72147],[-73.98296,40.72267]]]}},{"type":"Feature","properties":{"unit_id":"36047039700","name":"Census Tract 397 — Kings","native_id":"36047039700","source":"census_tract_2025","adm3_name":"Kings County","adm3_id":"36047","area_sqm":159173,"split":false},"geometry":{"type":"Polygon","coordinates":[[[-73.92223,40.69182],[-73.91991,40.6905],[-73.91915,40.69008],[-73.91765,40.68922],[-73.9169,40.68879],[-73.91464,40.68751],[-73.91605,40.68607],[-73.91805,40.68721],[-73.91829,40.68736],[-73.91878,40.68763],[-73.91906,40.68778],[-73.92055,40.68864],[-73.92121,40.68902],[-73.92364,40.6904],[-73.92223,40.69182]]]}},{"type":"Feature","properties":{"unit_id":"36047026400","name":"Census Tract 264 — Kings","native_id":"36047026400","source":"census_tract_2025","adm3_name":"Kings County","adm3_id":"36047","area_sqm":189457,"split":false},"geometry":{"type":"Polygon","coordinates":[[[-74.00091,40.61239],[-74.00019,40.61495],[-73.99994,40.61578],[-73.99949,40.6174],[-73.99717,40.61599],[-73.996,40.61711],[-73.99365,40.61569],[-73.9948,40.61456],[-73.99537,40.614],[-73.99598,40.61339],[-73.99717,40.61221],[-73.99958,40.61367],[-74.00074,40.61256],[-74.00091,40.61239]]]}},{"type":"Feature","properties":{"unit_id":"36047056302","name":"Census Tract 563.02 — Kings","native_id":"36047056302","source":"census_tract_2025","adm3_name":"Kings County","adm3_id":"36047","area_sqm":190772,"split":false},"geometry":{"type":"Polygon","coordinates":[[[-73.96248,40.7368],[-73.95706,40.73917],[-73.95509,40.7394],[-73.95519,40.73906],[-73.95547,40.738],[-73.95531,40.73658],[-73.95864,40.73621],[-73.95841,40.73484],[-73.95995,40.73398],[-73.95959,40.73185],[-73.96184,40.73163],[-73.96229,40.7329],[-73.96231,40.73312],[-73.96235,40.73381],[-73.96267,40.73645],[-73.96248,40.7368]]]}},{"type":"Feature","properties":{"unit_id":"36047017000","name":"Census Tract 170 — Kings","native_id":"36047017000","source":"census_tract_2025","adm3_name":"Kings County","adm3_id":"36047","area_sqm":209047,"split":false},"geometry":{"type":"Polygon","coordinates":[[[-74.01702,40.60766],[-74.01522,40.60936],[-74.01171,40.61274],[-74.0105,40.6139],[-74.0083,40.61257],[-74.00951,40.61141],[-74.01128,40.60971],[-74.0147,40.60642],[-74.0155,40.60684],[-74.01702,40.60766]]]}},{"type":"Feature","properties":{"unit_id":"36047047000","name":"Census Tract 470 — Kings","native_id":"36047047000","source":"census_tract_2025","adm3_name":"Kings County","adm3_id":"36047","area_sqm":181816,"split":false},"geometry":{"type":"Polygon","coordinates":[[[-73.99017,40.62656],[-73.98901,40.62768],[-73.98843,40.62823],[-73.98597,40.62676],[-73.98326,40.62604],[-73.98383,40.62546],[-73.98157,40.62409],[-73.9844,40.62489],[-73.9861,40.62318],[-73.9883,40.62451],[-73.99076,40.626],[-73.99017,40.62656]]]}},{"type":"Feature","properties":{"unit_id":"36047019500","name":"Census Tract 195 — Kings","native_id":"36047019500","source":"census_tract_2025","adm3_name":"Kings County","adm3_id":"36047","area_sqm":137028,"split":false},"geometry":{"type":"Polygon","coordinates":[[[-73.96983,40.69313],[-73.96881,40.69312],[-73.96784,40.69323],[-73.96688,40.69334],[-73.96591,40.69343],[-73.9656,40.69187],[-73.96519,40.68978],[-73.96613,40.68967],[-73.96712,40.68956],[-73.96808,40.68945],[-73.9691,40.68947],[-73.96983,40.69313]]]}},{"type":"Feature","properties":{"unit_id":"36047027900","name":"Census Tract 279 — Kings","native_id":"36047027900","source":"census_tract_2025","adm3_name":"Kings County","adm3_id":"36047","area_sqm":161924,"split":false},"geometry":{"type":"Polygon","coordinates":[[[-73.94252,40.69089],[-73.93968,40.69122],[-73.93676,40.69156],[-73.93661,40.69082],[-73.93647,40.69009],[-73.93632,40.68935],[-73.93617,40.68863],[-73.9391,40.68829],[-73.94193,40.68796],[-73.94208,40.6887],[-73.94222,40.68943],[-73.94237,40.69016],[-73.94252,40.69089]]]}},{"type":"Feature","properties":{"unit_id":"36047058400","name":"Census Tract 584 — Kings","native_id":"36047058400","source":"census_tract_2025","adm3_name":"Kings County","adm3_id":"36047","area_sqm":188225,"split":false},"geometry":{"type":"Polygon","coordinates":[[[-73.96103,40.59616],[-73.95878,40.59641],[-73.95693,40.59661],[-73.95656,40.59465],[-73.95608,40.5921],[-73.957,40.592],[-73.96068,40.5916],[-73.96085,40.59374],[-73.96103,40.59616]]]}},{"type":"Feature","properties":{"unit_id":"36061019400","name":"Census Tract 194 — New York","native_id":"36061019400","source":"census_tract_2025","adm3_name":"New York County","adm3_id":"36061","area_sqm":175057,"split":false},"geometry":{"type":"Polygon","coordinates":[[[-73.93814,40.80051],[-73.93769,40.80114],[-73.93723,40.80177],[-73.93631,40.80302],[-73.93406,40.80208],[-73.93177,40.80098],[-73.93197,40.80071],[-73.93352,40.79859],[-73.93399,40.79793],[-73.93636,40.79894],[-73.9386,40.79988],[-73.93814,40.80051]]]}},{"type":"Feature","properties":{"unit_id":"36061010602","name":"Census Tract 106.02 — New York","native_id":"36061010602","source":"census_tract_2025","adm3_name":"New York County","adm3_id":"36061","area_sqm":124970,"split":false},"geometry":{"type":"Polygon","coordinates":[[[-73.96143,40.76036],[-73.96107,40.76086],[-73.96061,40.76149],[-73.96015,40.76212],[-73.95969,40.76274],[-73.95744,40.76179],[-73.95789,40.76118],[-73.95631,40.76048],[-73.95384,40.75935],[-73.95553,40.75724],[-73.95848,40.75854],[-73.95872,40.75864],[-73.95972,40.75866],[-73.96197,40.75962],[-73.96143,40.76036]]]}},{"type":"Feature","properties":{"unit_id":"36061023804","name":"Census Tract 238.04 — New York","native_id":"36061023804","source":"census_tract_2025","adm3_name":"New York County","adm3_id":"36061","area_sqm":247417,"split":false},"geometry":{"type":"Polygon","coordinates":[[[-73.96156,40.74946],[-73.95861,40.75385],[-73.95553,40.75724],[-73.95384,40.75935],[-73.95361,40.75954],[-73.95254,40.76049],[-73.95157,40.76038],[-73.95124,40.76062],[-73.95011,40.76003],[-73.94783,40.75899],[-73.95084,40.75522],[-73.95137,40.75452],[-73.95684,40.74883],[-73.95773,40.74777],[-73.96149,40.74949],[-73.96156,40.74946]]]}},{"type":"Feature","properties":{"unit_id":"36047090200","name":"Census Tract 902 — Kings","native_id":"36047090200","source":"census_tract_2025","adm3_name":"Kings County","adm3_id":"36047","area_sqm":190560,"split":false},"geometry":{"type":"Polygon","coordinates":[[[-73.91748,40.66939],[-73.91714,40.66954],[-73.91487,40.67053],[-73.91404,40.6709],[-73.91356,40.66926],[-73.91291,40.66675],[-73.91252,40.66521],[-73.91347,40.66507],[-73.91439,40.66493],[-73.91627,40.66465],[-73.91731,40.66871],[-73.91748,40.66939]]]}},{"type":"Feature","properties":{"unit_id":"36047087000","name":"Census Tract 870 — Kings","native_id":"36047087000","source":"census_tract_2025","adm3_name":"Kings County","adm3_id":"36047","area_sqm":155718,"split":false},"geometry":{"type":"Polygon","coordinates":[[[-73.93572,40.6563],[-73.93478,40.65636],[-73.93285,40.65648],[-73.93191,40.65654],[-73.93177,40.65527],[-73.93161,40.65374],[-73.93139,40.65169],[-73.93233,40.65165],[-73.93427,40.65156],[-73.93448,40.65356],[-73.93465,40.6551],[-73.93558,40.65504],[-73.93572,40.6563]]]}},{"type":"Feature","properties":{"unit_id":"36047052600","name":"Census Tract 526 — Kings","native_id":"36047052600","source":"census_tract_2025","adm3_name":"Kings County","adm3_id":"36047","area_sqm":169334,"split":false},"geometry":{"type":"Polygon","coordinates":[[[-73.96879,40.63926],[-73.96617,40.64043],[-73.96579,40.63844],[-73.96538,40.63628],[-73.9648,40.63325],[-73.96568,40.63283],[-73.96678,40.63229],[-73.96741,40.63447],[-73.96763,40.63524],[-73.96804,40.63665],[-73.96872,40.63902],[-73.96879,40.63926]]]}},{"type":"Feature","properties":{"unit_id":"36047038900","name":"Census Tract 389 — Kings","native_id":"36047038900","source":"census_tract_2025","adm3_name":"Kings County","adm3_id":"36047","area_sqm":162930,"split":false},"geometry":{"type":"Polygon","coordinates":[[[-73.94042,40.70108],[-73.93763,40.70174],[-73.93698,40.70191],[-73.93637,40.70049],[-73.93547,40.69907],[-73.93476,40.6987],[-73.93227,40.69732],[-73.93522,40.69699],[-73.93676,40.69783],[-73.93818,40.69864],[-73.93857,40.69885],[-73.9389,40.69904],[-73.94193,40.70072],[-73.94042,40.70108]]]}},{"type":"Feature","properties":{"unit_id":"36047028501","name":"Census Tract 285.01 — Kings","native_id":"36047028501","source":"census_tract_2025","adm3_name":"Kings County","adm3_id":"36047","area_sqm":83218,"split":false},"geometry":{"type":"Polygon","coordinates":[[[-73.94439,40.70043],[-73.94193,40.70072],[-73.9389,40.69904],[-73.93857,40.69885],[-73.94395,40.69822],[-73.9441,40.69897],[-73.94439,40.70043]]]}},{"type":"Feature","properties":{"unit_id":"36047048000","name":"Census Tract 480 — Kings","native_id":"36047048000","source":"census_tract_2025","adm3_name":"Kings County","adm3_id":"36047","area_sqm":153158,"split":false},"geometry":{"type":"Polygon","coordinates":[[[-73.97716,40.63075],[-73.97605,40.63128],[-73.97242,40.63299],[-73.97211,40.63137],[-73.97192,40.63065],[-73.97181,40.62987],[-73.97658,40.62757],[-73.97716,40.63075]]]}},{"type":"Feature","properties":{"unit_id":"36047053000","name":"Census Tract 530 — Kings","native_id":"36047053000","source":"census_tract_2025","adm3_name":"Kings County","adm3_id":"36047","area_sqm":173246,"split":false},"geometry":{"type":"Polygon","coordinates":[[[-73.96607,40.62955],[-73.96415,40.62976],[-73.96322,40.62986],[-73.9623,40.62996],[-73.9621,40.62893],[-73.96185,40.62757],[-73.96139,40.62518],[-73.96232,40.62508],[-73.96325,40.62498],[-73.96417,40.62488],[-73.96517,40.62477],[-73.96563,40.62716],[-73.96607,40.62955]]]}},{"type":"Feature","properties":{"unit_id":"36047017800","name":"Census Tract 178 — Kings","native_id":"36047017800","source":"census_tract_2025","adm3_name":"Kings County","adm3_id":"36047","area_sqm":164020,"split":false},"geometry":{"type":"Polygon","coordinates":[[[-74.00837,40.60522],[-74.00662,40.6069],[-74.00486,40.60859],[-74.00342,40.60997],[-74.00266,40.60957],[-74.00093,40.60864],[-74.00195,40.60782],[-74.00264,40.60726],[-74.00493,40.60507],[-74.00617,40.60389],[-74.00691,40.60434],[-74.00837,40.60522]]]}},{"type":"Feature","properties":{"unit_id":"36061021600","name":"Census Tract 216 — New York","native_id":"36061021600","source":"census_tract_2025","adm3_name":"New York County","adm3_id":"36061","area_sqm":173198,"split":false},"geometry":{"type":"Polygon","coordinates":[[[-73.95724,40.80186],[-73.95632,40.80311],[-73.95348,40.80192],[-73.95256,40.80153],[-73.95064,40.80072],[-73.95153,40.79946],[-73.95202,40.79883],[-73.95248,40.79825],[-73.95529,40.79944],[-73.9582,40.80055],[-73.95724,40.80186]]]}},{"type":"Feature","properties":{"unit_id":"36061004200","name":"Census Tract 42 — New York","native_id":"36061004200","source":"census_tract_2025","adm3_name":"New York County","adm3_id":"36061","area_sqm":85567,"split":false},"geometry":{"type":"Polygon","coordinates":[[[-73.99129,40.72776],[-73.99076,40.72974],[-73.99039,40.73129],[-73.99021,40.732],[-73.98987,40.73353],[-73.9899,40.73443],[-73.98878,40.73397],[-73.98718,40.73329],[-73.98768,40.7326],[-73.98815,40.73197],[-73.98861,40.73132],[-73.98948,40.73013],[-73.99079,40.72835],[-73.99129,40.72776]]]}},{"type":"Feature","properties":{"unit_id":"36047093200","name":"Census Tract 932 — Kings","native_id":"36047093200","source":"census_tract_2025","adm3_name":"Kings County","adm3_id":"36047","area_sqm":280436,"split":false},"geometry":{"type":"Polygon","coordinates":[[[-73.93298,40.63956],[-73.93201,40.63962],[-73.92911,40.63979],[-73.92574,40.64001],[-73.92608,40.63816],[-73.92651,40.63654],[-73.92745,40.63526],[-73.93153,40.63501],[-73.9325,40.63495],[-73.93298,40.63956]]]}},{"type":"Feature","properties":{"unit_id":"36047034902","name":"Census Tract 349.02 — Kings","native_id":"36047034902","source":"census_tract_2025","adm3_name":"Kings County","adm3_id":"36047","area_sqm":93256,"split":false},"geometry":{"type":"Polygon","coordinates":[[[-73.93138,40.66613],[-73.93129,40.66701],[-73.93112,40.6688],[-73.92835,40.66865],[-73.92852,40.66687],[-73.9286,40.66597],[-73.92868,40.66509],[-73.93145,40.66523],[-73.93138,40.66613]]]}},{"type":"Feature","properties":{"unit_id":"36047040200","name":"Census Tract 402 — Kings","native_id":"36047040200","source":"census_tract_2025","adm3_name":"Kings County","adm3_id":"36047","area_sqm":197509,"split":false},"geometry":{"type":"Polygon","coordinates":[[[-73.98549,40.59793],[-73.98449,40.59804],[-73.98357,40.59814],[-73.98264,40.59824],[-73.98171,40.59835],[-73.98078,40.59845],[-73.98036,40.59619],[-73.97996,40.59407],[-73.98071,40.594],[-73.98179,40.59387],[-73.98367,40.59366],[-73.98464,40.59355],[-73.98468,40.59366],[-73.98502,40.59541],[-73.98506,40.59567],[-73.98527,40.59674],[-73.98549,40.59793]]]}},{"type":"Feature","properties":{"unit_id":"36061020600","name":"Census Tract 206 — New York","native_id":"36061020600","source":"census_tract_2025","adm3_name":"New York County","adm3_id":"36061","area_sqm":148748,"split":false},"geometry":{"type":"Polygon","coordinates":[[[-73.94086,40.80833],[-73.93995,40.80958],[-73.93902,40.81086],[-73.93741,40.81018],[-73.93582,40.8095],[-73.93764,40.80698],[-73.93854,40.80573],[-73.94016,40.80641],[-73.94177,40.80709],[-73.94086,40.80833]]]}},{"type":"Feature","properties":{"unit_id":"36047022700","name":"Census Tract 227 — Kings","native_id":"36047022700","source":"census_tract_2025","adm3_name":"Kings County","adm3_id":"36047","area_sqm":240692,"split":false},"geometry":{"type":"Polygon","coordinates":[[[-73.96167,40.68269],[-73.95978,40.68291],[-73.95884,40.68302],[-73.95611,40.68333],[-73.95395,40.68358],[-73.95366,40.68212],[-73.95352,40.68138],[-73.95337,40.68064],[-73.95544,40.67996],[-73.95531,40.67927],[-73.95564,40.67926],[-73.95829,40.67983],[-73.96131,40.68046],[-73.96161,40.68238],[-73.96167,40.68269]]]}},{"type":"Feature","properties":{"unit_id":"36047041600","name":"Census Tract 416 — Kings","native_id":"36047041600","source":"census_tract_2025","adm3_name":"Kings County","adm3_id":"36047","area_sqm":162563,"split":false},"geometry":{"type":"Polygon","coordinates":[[[-73.96636,40.60248],[-73.96391,40.60275],[-73.96435,40.60507],[-73.96173,40.60536],[-73.96136,40.60059],[-73.96345,40.60036],[-73.9659,40.60009],[-73.96636,40.60248]]]}},{"type":"Feature","properties":{"unit_id":"36047065600","name":"Census Tract 656 — Kings","native_id":"36047065600","source":"census_tract_2025","adm3_name":"Kings County","adm3_id":"36047","area_sqm":153578,"split":false},"geometry":{"type":"Polygon","coordinates":[[[-73.93754,40.61416],[-73.93606,40.61512],[-73.93535,40.61558],[-73.93353,40.61395],[-73.93171,40.61232],[-73.93316,40.61138],[-73.9339,40.6109],[-73.93462,40.61044],[-73.93644,40.61207],[-73.93825,40.6137],[-73.93754,40.61416]]]}},{"type":"Feature","properties":{"unit_id":"36047115600","name":"Census Tract 1156 — Kings","native_id":"36047115600","source":"census_tract_2025","adm3_name":"Kings County","adm3_id":"36047","area_sqm":159862,"split":false},"geometry":{"type":"Polygon","coordinates":[[[-73.89834,40.67021],[-73.89554,40.67063],[-73.89456,40.67077],[-73.89423,40.66952],[-73.89384,40.66798],[-73.89345,40.66645],[-73.89444,40.6663],[-73.89632,40.66602],[-73.89723,40.66588],[-73.89763,40.66742],[-73.89802,40.66896],[-73.89834,40.67021]]]}},{"type":"Feature","properties":{"unit_id":"36047101000","name":"Census Tract 1010 — Kings","native_id":"36047101000","source":"census_tract_2025","adm3_name":"Kings County","adm3_id":"36047","area_sqm":171343,"split":false},"geometry":{"type":"Polygon","coordinates":[[[-73.8983,40.63674],[-73.89519,40.63874],[-73.89338,40.63711],[-73.89156,40.63547],[-73.89476,40.63341],[-73.89696,40.63479],[-73.89648,40.63511],[-73.8983,40.63674]]]}},{"type":"Feature","properties":{"unit_id":"36061019900","name":"Census Tract 199 — New York","native_id":"36061019900","source":"census_tract_2025","adm3_name":"New York County","adm3_id":"36061","area_sqm":226590,"split":false},"geometry":{"type":"Polygon","coordinates":[[[-73.97517,40.81094],[-73.96922,40.80851],[-73.96698,40.8076],[-73.96635,40.80734],[-73.96485,40.80671],[-73.96201,40.80551],[-73.96247,40.80489],[-73.96293,40.80426],[-73.96338,40.80363],[-73.96386,40.80297],[-73.9667,40.80417],[-73.96805,40.80468],[-73.97113,40.8058],[-73.97725,40.80808],[-73.97517,40.81094]]]}},{"type":"Feature","properties":{"unit_id":"36047003900","name":"Census Tract 39 — Kings","native_id":"36047003900","source":"census_tract_2025","adm3_name":"Kings County","adm3_id":"36047","area_sqm":156923,"split":false},"geometry":{"type":"Polygon","coordinates":[[[-73.98266,40.68609],[-73.98182,40.68733],[-73.97936,40.68668],[-73.97803,40.68486],[-73.97834,40.6844],[-73.97874,40.68376],[-73.97961,40.68249],[-73.98199,40.68342],[-73.98395,40.68418],[-73.98266,40.68609]]]}},{"type":"Feature","properties":{"unit_id":"36047009002","name":"Census Tract 90.02 — Kings","native_id":"36047009002","source":"census_tract_2025","adm3_name":"Kings County","adm3_id":"36047","area_sqm":73946,"split":false},"geometry":{"type":"Polygon","coordinates":[[[-73.99847,40.64616],[-73.99609,40.64831],[-73.99398,40.6471],[-73.99568,40.64538],[-73.99627,40.64483],[-73.99847,40.64616]]]}},{"type":"Feature","properties":{"unit_id":"36061016500","name":"Census Tract 165 — New York","native_id":"36061016500","source":"census_tract_2025","adm3_name":"New York County","adm3_id":"36061","area_sqm":204327,"split":false},"geometry":{"type":"Polygon","coordinates":[[[-73.97833,40.78315],[-73.97783,40.78383],[-73.97737,40.78446],[-73.9769,40.7851],[-73.97406,40.7839],[-73.97122,40.78271],[-73.97172,40.78202],[-73.97357,40.77948],[-73.97643,40.78065],[-73.97598,40.78127],[-73.97882,40.78247],[-73.97833,40.78315]]]}},{"type":"Feature","properties":{"unit_id":"36047003101","name":"Census Tract 31.01 — Kings","native_id":"36047003101","source":"census_tract_2025","adm3_name":"Kings County","adm3_id":"36047","area_sqm":149882,"split":false},"geometry":{"type":"Polygon","coordinates":[[[-73.98251,40.69361],[-73.97917,40.69349],[-73.97783,40.69344],[-73.97766,40.6919],[-73.9771,40.68977],[-73.97862,40.68983],[-73.98136,40.68993],[-73.98208,40.69129],[-73.98174,40.69202],[-73.98239,40.69297],[-73.98251,40.69361]]]}},{"type":"Feature","properties":{"unit_id":"36047025600","name":"Census Tract 256 — Kings","native_id":"36047025600","source":"census_tract_2025","adm3_name":"Kings County","adm3_id":"36047","area_sqm":173279,"split":false},"geometry":{"type":"Polygon","coordinates":[[[-73.98869,40.61725],[-73.98807,40.61785],[-73.98586,40.61652],[-73.98367,40.61518],[-73.98249,40.61442],[-73.98144,40.61384],[-73.98175,40.61355],[-73.98211,40.61327],[-73.98266,40.61269],[-73.98322,40.61212],[-73.98545,40.61347],[-73.98765,40.6148],[-73.98985,40.61613],[-73.98869,40.61725]]]}},{"type":"Feature","properties":{"unit_id":"36047068000","name":"Census Tract 680 — Kings","native_id":"36047068000","source":"census_tract_2025","adm3_name":"Kings County","adm3_id":"36047","area_sqm":168859,"split":false},"geometry":{"type":"Polygon","coordinates":[[[-73.92737,40.62356],[-73.92637,40.62362],[-73.92447,40.62374],[-73.9235,40.6238],[-73.92326,40.6216],[-73.92301,40.61919],[-73.92688,40.61895],[-73.92714,40.62136],[-73.92737,40.62356]]]}},{"type":"Feature","properties":{"unit_id":"36047021800","name":"Census Tract 218 — Kings","native_id":"36047021800","source":"census_tract_2025","adm3_name":"Kings County","adm3_id":"36047","area_sqm":157820,"split":false},"geometry":{"type":"Polygon","coordinates":[[[-74.00196,40.6355],[-73.99981,40.63694],[-73.99827,40.63601],[-73.99607,40.63467],[-73.99387,40.63335],[-73.99562,40.63167],[-73.99781,40.633],[-74.00002,40.63433],[-74.00196,40.6355]]]}},{"type":"Feature","properties":{"unit_id":"36047053800","name":"Census Tract 538 — Kings","native_id":"36047053800","source":"census_tract_2025","adm3_name":"Kings County","adm3_id":"36047","area_sqm":164451,"split":false},"geometry":{"type":"Polygon","coordinates":[[[-73.95911,40.61811],[-73.95815,40.61822],[-73.9586,40.62061],[-73.95763,40.62071],[-73.95549,40.62095],[-73.95504,40.61856],[-73.95459,40.61617],[-73.95579,40.61604],[-73.95673,40.61593],[-73.95865,40.61572],[-73.95911,40.61811]]]}},{"type":"Feature","properties":{"unit_id":"36047078400","name":"Census Tract 784 — Kings","native_id":"36047078400","source":"census_tract_2025","adm3_name":"Kings County","adm3_id":"36047","area_sqm":167427,"split":false},"geometry":{"type":"Polygon","coordinates":[[[-73.94512,40.63645],[-73.94415,40.63651],[-73.94225,40.63663],[-73.94128,40.63669],[-73.94104,40.63442],[-73.94079,40.63208],[-73.94463,40.63184],[-73.94488,40.63418],[-73.94512,40.63645]]]}},{"type":"Feature","properties":{"unit_id":"36061014401","name":"Census Tract 144.01 — New York","native_id":"36061014401","source":"census_tract_2025","adm3_name":"New York County","adm3_id":"36061","area_sqm":74321,"split":false},"geometry":{"type":"Polygon","coordinates":[[[-73.94987,40.7762],[-73.94937,40.77688],[-73.94712,40.77593],[-73.94477,40.77494],[-73.94527,40.77425],[-73.94573,40.77362],[-73.94808,40.77461],[-73.95034,40.77556],[-73.94987,40.7762]]]}},{"type":"Feature","properties":{"unit_id":"36061020701","name":"Census Tract 207.01 — New York","native_id":"36061020701","source":"census_tract_2025","adm3_name":"New York County","adm3_id":"36061","area_sqm":47273,"split":false},"geometry":{"type":"Polygon","coordinates":[[[-73.95922,40.80934],[-73.95827,40.81063],[-73.95709,40.81008],[-73.95762,40.80867],[-73.95841,40.80742],[-73.96011,40.80812],[-73.95922,40.80934]]]}},{"type":"Feature","properties":{"unit_id":"36047014902","name":"Census Tract 149.02 — Kings","native_id":"36047014902","source":"census_tract_2025","adm3_name":"Kings County","adm3_id":"36047","area_sqm":174858,"split":false},"geometry":{"type":"Polygon","coordinates":[[[-73.98834,40.6628],[-73.98745,40.66382],[-73.98695,40.66443],[-73.98459,40.66328],[-73.98223,40.66214],[-73.98324,40.66094],[-73.98392,40.66014],[-73.98448,40.6596],[-73.98507,40.65903],[-73.9873,40.66044],[-73.98877,40.66243],[-73.98834,40.6628]]]}},{"type":"Feature","properties":{"unit_id":"36047114201","name":"Census Tract 1142.01 — Kings","native_id":"36047114201","source":"census_tract_2025","adm3_name":"Kings County","adm3_id":"36047","area_sqm":300918,"split":false},"geometry":{"type":"Polygon","coordinates":[[[-73.90405,40.67922],[-73.90262,40.68066],[-73.90028,40.67944],[-73.89749,40.68007],[-73.89661,40.68201],[-73.89652,40.6824],[-73.8942,40.68531],[-73.89252,40.68342],[-73.89198,40.68274],[-73.89431,40.68157],[-73.89373,40.68085],[-73.89319,40.68016],[-73.89654,40.67859],[-73.8976,40.6781],[-73.89815,40.67777],[-73.89999,40.6769],[-73.90347,40.6789],[-73.90405,40.67922]]]}},{"type":"Feature","properties":{"unit_id":"36047033701","name":"Census Tract 337.01 — Kings","native_id":"36047033701","source":"census_tract_2025","adm3_name":"Kings County","adm3_id":"36047","area_sqm":98672,"split":false},"geometry":{"type":"Polygon","coordinates":[[[-73.94765,40.6706],[-73.94764,40.67066],[-73.94487,40.6705],[-73.94211,40.67034],[-73.93934,40.67019],[-73.93657,40.67004],[-73.93666,40.6691],[-73.9422,40.6694],[-73.94773,40.66971],[-73.94765,40.6706]]]}},{"type":"Feature","properties":{"unit_id":"36061009902","name":"Census Tract 99.02 — New York","native_id":"36061009902","source":"census_tract_2025","adm3_name":"New York County","adm3_id":"36061","area_sqm":187991,"split":false},"geometry":{"type":"Polygon","coordinates":[[[-74.01425,40.75666],[-74.0072,40.75468],[-74.00665,40.75445],[-74.00097,40.75205],[-74.00279,40.74959],[-74.00563,40.75079],[-74.00857,40.75184],[-74.01501,40.75351],[-74.01425,40.75666]]]}},{"type":"Feature","properties":{"unit_id":"36061013201","name":"Census Tract 132.01 — New York","native_id":"36061013201","source":"census_tract_2025","adm3_name":"New York County","adm3_id":"36061","area_sqm":78040,"split":false},"geometry":{"type":"Polygon","coordinates":[[[-73.95458,40.76976],[-73.95411,40.77039],[-73.95186,40.76944],[-73.94904,40.76826],[-73.94797,40.76951],[-73.9475,40.77012],[-73.94514,40.76911],[-73.9454,40.76865],[-73.94773,40.76608],[-73.95009,40.76704],[-73.95279,40.76817],[-73.95504,40.76912],[-73.95458,40.76976]]]}},{"type":"Feature","properties":{"unit_id":"36047024700","name":"Census Tract 247 — Kings","native_id":"36047024700","source":"census_tract_2025","adm3_name":"Kings County","adm3_id":"36047","area_sqm":179741,"split":false},"geometry":{"type":"Polygon","coordinates":[[[-73.95544,40.67996],[-73.95337,40.68064],[-73.94956,40.68039],[-73.94675,40.68024],[-73.94627,40.68021],[-73.94397,40.68009],[-73.94405,40.67934],[-73.94414,40.67824],[-73.94691,40.67839],[-73.94968,40.67857],[-73.95205,40.67867],[-73.95301,40.67882],[-73.95531,40.67927],[-73.95544,40.67996]]]}},{"type":"Feature","properties":{"unit_id":"36047014700","name":"Census Tract 147 — Kings","native_id":"36047014700","source":"census_tract_2025","adm3_name":"Kings County","adm3_id":"36047","area_sqm":105979,"split":false},"geometry":{"type":"Polygon","coordinates":[[[-73.99063,40.66058],[-73.99005,40.66114],[-73.98892,40.66228],[-73.98877,40.66243],[-73.9873,40.66044],[-73.98784,40.65982],[-73.98843,40.65925],[-73.99019,40.6576],[-73.99238,40.6589],[-73.99063,40.66058]]]}},{"type":"Feature","properties":{"unit_id":"36047107003","name":"Census Tract 1070.03 — Kings","native_id":"36047107003","source":"census_tract_2025","adm3_name":"Kings County","adm3_id":"36047","area_sqm":275133,"split":false},"geometry":{"type":"Polygon","coordinates":[[[-73.88221,40.6545],[-73.87973,40.65556],[-73.87338,40.64682],[-73.87489,40.64509],[-73.8761,40.64621],[-73.87844,40.64933],[-73.88172,40.65375],[-73.88221,40.6545]]]}},{"type":"Feature","properties":{"unit_id":"36047044700","name":"Census Tract 447 — Kings","native_id":"36047044700","source":"census_tract_2025","adm3_name":"Kings County","adm3_id":"36047","area_sqm":162809,"split":false},"geometry":{"type":"Polygon","coordinates":[[[-73.92609,40.70568],[-73.92417,40.70739],[-73.92189,40.7094],[-73.91996,40.70826],[-73.91922,40.70781],[-73.92141,40.70567],[-73.92308,40.70397],[-73.92383,40.7044],[-73.92459,40.70482],[-73.92534,40.70525],[-73.92609,40.70568]]]}},{"type":"Feature","properties":{"unit_id":"36061015002","name":"Census Tract 150.02 — New York","native_id":"36061015002","source":"census_tract_2025","adm3_name":"New York County","adm3_id":"36061","area_sqm":125571,"split":false},"geometry":{"type":"Polygon","coordinates":[[[-73.95947,40.78283],[-73.9581,40.78472],[-73.95649,40.78404],[-73.95488,40.78336],[-73.95579,40.78211],[-73.95625,40.78148],[-73.95671,40.78086],[-73.9572,40.78018],[-73.95881,40.78086],[-73.96042,40.78153],[-73.95947,40.78283]]]}},{"type":"Feature","properties":{"unit_id":"36061020800","name":"Census Tract 208 — New York","native_id":"36061020800","source":"census_tract_2025","adm3_name":"New York County","adm3_id":"36061","area_sqm":148566,"split":false},"geometry":{"type":"Polygon","coordinates":[[[-73.94408,40.80969],[-73.94317,40.81094],[-73.94225,40.8122],[-73.93902,40.81086],[-73.93995,40.80958],[-73.94086,40.80833],[-73.94177,40.80709],[-73.94499,40.80845],[-73.94408,40.80969]]]}},{"type":"Feature","properties":{"unit_id":"36047029100","name":"Census Tract 291 — Kings","native_id":"36047029100","source":"census_tract_2025","adm3_name":"Kings County","adm3_id":"36047","area_sqm":164644,"split":false},"geometry":{"type":"Polygon","coordinates":[[[-73.93676,40.69156],[-73.93091,40.69223],[-73.93062,40.69076],[-73.93047,40.69003],[-73.93032,40.6893],[-73.93617,40.68863],[-73.93632,40.68935],[-73.93647,40.69009],[-73.93661,40.69082],[-73.93676,40.69156]]]}},{"type":"Feature","properties":{"unit_id":"36047096400","name":"Census Tract 964 — Kings","native_id":"36047096400","source":"census_tract_2025","adm3_name":"Kings County","adm3_id":"36047","area_sqm":176581,"split":false},"geometry":{"type":"Polygon","coordinates":[[[-73.90928,40.6432],[-73.90708,40.64462],[-73.90542,40.64313],[-73.90448,40.64229],[-73.90377,40.64165],[-73.90463,40.6411],[-73.90745,40.63928],[-73.90912,40.64077],[-73.91076,40.64225],[-73.90928,40.6432]]]}},{"type":"Feature","properties":{"unit_id":"36047075800","name":"Census Tract 758 — Kings","native_id":"36047075800","source":"census_tract_2025","adm3_name":"Kings County","adm3_id":"36047","area_sqm":205261,"split":false},"geometry":{"type":"Polygon","coordinates":[[[-73.95504,40.61856],[-73.954,40.61867],[-73.95308,40.61877],[-73.95215,40.61888],[-73.95026,40.61908],[-73.94931,40.61403],[-73.95027,40.61392],[-73.95212,40.61372],[-73.95305,40.61362],[-73.95355,40.61628],[-73.95459,40.61617],[-73.95504,40.61856]]]}},{"type":"Feature","properties":{"unit_id":"36047098400","name":"Census Tract 984 — Kings","native_id":"36047098400","source":"census_tract_2025","adm3_name":"Kings County","adm3_id":"36047","area_sqm":112821,"split":false},"geometry":{"type":"Polygon","coordinates":[[[-73.89468,40.64753],[-73.89255,40.64891],[-73.8889,40.64563],[-73.89102,40.64424],[-73.89284,40.64587],[-73.89468,40.64753]]]}},{"type":"Feature","properties":{"unit_id":"36061011203","name":"Census Tract 112.03 — New York","native_id":"36061011203","source":"census_tract_2025","adm3_name":"New York County","adm3_id":"36061","area_sqm":77947,"split":false},"geometry":{"type":"Polygon","coordinates":[[[-73.9698,40.76291],[-73.96819,40.76223],[-73.96658,40.76155],[-73.96753,40.76026],[-73.96802,40.75958],[-73.96962,40.76025],[-73.97124,40.76094],[-73.9698,40.76291]]]}},{"type":"Feature","properties":{"unit_id":"36047018800","name":"Census Tract 188 — Kings","native_id":"36047018800","source":"census_tract_2025","adm3_name":"Kings County","adm3_id":"36047","area_sqm":175213,"split":false},"geometry":{"type":"Polygon","coordinates":[[[-74.00523,40.61897],[-74.00402,40.62014],[-73.99949,40.6174],[-73.99994,40.61578],[-74.00019,40.61495],[-74.00203,40.61515],[-74.00423,40.61648],[-74.00643,40.61781],[-74.00523,40.61897]]]}},{"type":"Feature","properties":{"unit_id":"36047088800","name":"Census Tract 888 — Kings","native_id":"36047088800","source":"census_tract_2025","adm3_name":"Kings County","adm3_id":"36047","area_sqm":201249,"split":false},"geometry":{"type":"Polygon","coordinates":[[[-73.92178,40.65442],[-73.91958,40.65584],[-73.91886,40.65631],[-73.91815,40.65677],[-73.91633,40.65513],[-73.91531,40.65422],[-73.91374,40.65417],[-73.91523,40.65304],[-73.91737,40.65165],[-73.91814,40.65116],[-73.91996,40.65279],[-73.92077,40.65255],[-73.9217,40.65437],[-73.92178,40.65442]]]}},{"type":"Feature","properties":{"unit_id":"36047045400","name":"Census Tract 454 — Kings","native_id":"36047045400","source":"census_tract_2025","adm3_name":"Kings County","adm3_id":"36047","area_sqm":132312,"split":false},"geometry":{"type":"Polygon","coordinates":[[[-73.96664,40.62216],[-73.96572,40.62226],[-73.96472,40.62237],[-73.96427,40.61998],[-73.96336,40.6152],[-73.96436,40.61509],[-73.96529,40.61499],[-73.96574,40.61738],[-73.96664,40.62216]]]}},{"type":"Feature","properties":{"unit_id":"36047026900","name":"Census Tract 269 — Kings","native_id":"36047026900","source":"census_tract_2025","adm3_name":"Kings County","adm3_id":"36047","area_sqm":133946,"split":false},"geometry":{"type":"Polygon","coordinates":[[[-73.94658,40.68218],[-73.94375,40.68251],[-73.94091,40.68283],[-73.94077,40.6821],[-73.94062,40.68137],[-73.94048,40.68064],[-73.94033,40.67989],[-73.94326,40.68005],[-73.94397,40.68009],[-73.94627,40.68021],[-73.94644,40.68145],[-73.94658,40.68218]]]}},{"type":"Feature","properties":{"unit_id":"36047018700","name":"Census Tract 187 — Kings","native_id":"36047018700","source":"census_tract_2025","adm3_name":"Kings County","adm3_id":"36047","area_sqm":85768,"split":false},"geometry":{"type":"Polygon","coordinates":[[[-73.97247,40.69621],[-73.9694,40.69609],[-73.96881,40.69312],[-73.96983,40.69313],[-73.97187,40.69321],[-73.97247,40.69621]]]}},{"type":"Feature","properties":{"unit_id":"36047035102","name":"Census Tract 351.02 — Kings","native_id":"36047035102","source":"census_tract_2025","adm3_name":"Kings County","adm3_id":"36047","area_sqm":93117,"split":false},"geometry":{"type":"Polygon","coordinates":[[[-73.93406,40.66717],[-73.93389,40.66895],[-73.93112,40.6688],[-73.93129,40.66701],[-73.93138,40.66613],[-73.93145,40.66523],[-73.93422,40.66538],[-73.93406,40.66717]]]}},{"type":"Feature","properties":{"unit_id":"36047090800","name":"Census Tract 908 — Kings","native_id":"36047090800","source":"census_tract_2025","adm3_name":"Kings County","adm3_id":"36047","area_sqm":296447,"split":false},"geometry":{"type":"Polygon","coordinates":[[[-73.90788,40.67357],[-73.90348,40.67551],[-73.90229,40.67094],[-73.90198,40.66967],[-73.90167,40.66841],[-73.90263,40.66827],[-73.90357,40.66813],[-73.90636,40.66771],[-73.907,40.67024],[-73.90734,40.67151],[-73.90788,40.67357]]]}},{"type":"Feature","properties":{"unit_id":"36047003800","name":"Census Tract 38 — Kings","native_id":"36047003800","source":"census_tract_2025","adm3_name":"Kings County","adm3_id":"36047","area_sqm":127478,"split":false},"geometry":{"type":"Polygon","coordinates":[[[-74.03918,40.63415],[-74.03873,40.63553],[-74.03862,40.63571],[-74.0381,40.63653],[-74.03232,40.63479],[-74.03259,40.63411],[-74.03315,40.63273],[-74.03693,40.63364],[-74.03929,40.63381],[-74.03918,40.63415]]]}},{"type":"Feature","properties":{"unit_id":"36047053400","name":"Census Tract 534 — Kings","native_id":"36047053400","source":"census_tract_2025","adm3_name":"Kings County","adm3_id":"36047","area_sqm":173382,"split":false},"geometry":{"type":"Polygon","coordinates":[[[-73.96517,40.62477],[-73.96417,40.62488],[-73.96325,40.62498],[-73.96232,40.62508],[-73.96139,40.62518],[-73.96094,40.62279],[-73.96049,40.6204],[-73.96142,40.6203],[-73.96234,40.6202],[-73.96327,40.62009],[-73.96427,40.61998],[-73.96472,40.62237],[-73.96517,40.62477]]]}},{"type":"Feature","properties":{"unit_id":"36047059403","name":"Census Tract 594.03 — Kings","native_id":"36047059403","source":"census_tract_2025","adm3_name":"Kings County","adm3_id":"36047","area_sqm":206719,"split":false},"geometry":{"type":"Polygon","coordinates":[[[-73.95101,40.59726],[-73.94905,40.59748],[-73.94719,40.59768],[-73.94623,40.59779],[-73.94577,40.5954],[-73.94537,40.59328],[-73.94726,40.59307],[-73.94912,40.59287],[-73.95015,40.59275],[-73.95055,40.59487],[-73.95101,40.59726]]]}},{"type":"Feature","properties":{"unit_id":"36047044000","name":"Census Tract 440 — Kings","native_id":"36047044000","source":"census_tract_2025","adm3_name":"Kings County","adm3_id":"36047","area_sqm":201541,"split":false},"geometry":{"type":"Polygon","coordinates":[[[-73.97497,40.61367],[-73.97399,40.61403],[-73.9729,40.61415],[-73.97188,40.61427],[-73.97096,40.61437],[-73.97003,40.61447],[-73.96866,40.61462],[-73.96729,40.61477],[-73.96678,40.61211],[-73.96815,40.61196],[-73.96953,40.61181],[-73.97045,40.6117],[-73.9724,40.61149],[-73.97348,40.61137],[-73.97451,40.61126],[-73.97478,40.61264],[-73.97489,40.61319],[-73.97497,40.61367]]]}},{"type":"Feature","properties":{"unit_id":"36061003001","name":"Census Tract 30.01 — New York","native_id":"36061003001","source":"census_tract_2025","adm3_name":"New York County","adm3_id":"36061","area_sqm":124150,"split":false},"geometry":{"type":"Polygon","coordinates":[[[-73.98923,40.72168],[-73.98864,40.72293],[-73.98628,40.72224],[-73.98382,40.72147],[-73.98448,40.72024],[-73.98507,40.71908],[-73.98675,40.71959],[-73.98754,40.71983],[-73.98986,40.72053],[-73.98923,40.72168]]]}},{"type":"Feature","properties":{"unit_id":"36047029700","name":"Census Tract 297 — Kings","native_id":"36047029700","source":"census_tract_2025","adm3_name":"Kings County","adm3_id":"36047","area_sqm":205561,"split":false},"geometry":{"type":"Polygon","coordinates":[[[-73.93501,40.68276],[-73.93209,40.6831],[-73.92916,40.68344],[-73.92901,40.6827],[-73.92873,40.68124],[-73.92865,40.67975],[-73.92906,40.67928],[-73.93435,40.67956],[-73.93457,40.68057],[-73.93471,40.6813],[-73.93486,40.68203],[-73.93501,40.68276]]]}},{"type":"Feature","properties":{"unit_id":"36047003102","name":"Census Tract 31.02 — Kings","native_id":"36047003102","source":"census_tract_2025","adm3_name":"Kings County","adm3_id":"36047","area_sqm":136297,"split":false},"geometry":{"type":"Polygon","coordinates":[[[-73.97783,40.69344],[-73.97585,40.69336],[-73.97386,40.69329],[-73.97354,40.69171],[-73.97313,40.68962],[-73.97411,40.68966],[-73.97511,40.6897],[-73.9761,40.68974],[-73.9771,40.68977],[-73.97766,40.6919],[-73.97783,40.69344]]]}},{"type":"Feature","properties":{"unit_id":"36047025902","name":"Census Tract 259.02 — Kings","native_id":"36047025902","source":"census_tract_2025","adm3_name":"Kings County","adm3_id":"36047","area_sqm":59611,"split":false},"geometry":{"type":"Polygon","coordinates":[[[-73.9468,40.6979],[-73.94395,40.69822],[-73.94353,40.69603],[-73.94637,40.6957],[-73.9468,40.6979]]]}},{"type":"Feature","properties":{"unit_id":"36047051601","name":"Census Tract 516.01 — Kings","native_id":"36047051601","source":"census_tract_2025","adm3_name":"Kings County","adm3_id":"36047","area_sqm":115927,"split":false},"geometry":{"type":"Polygon","coordinates":[[[-73.95897,40.63931],[-73.958,40.63976],[-73.95713,40.64017],[-73.95564,40.6405],[-73.95404,40.63888],[-73.95374,40.63857],[-73.95657,40.63721],[-73.95743,40.63679],[-73.9584,40.63633],[-73.95897,40.63931]]]}},{"type":"Feature","properties":{"unit_id":"36047019600","name":"Census Tract 196 — Kings","native_id":"36047019600","source":"census_tract_2025","adm3_name":"Kings County","adm3_id":"36047","area_sqm":188308,"split":false},"geometry":{"type":"Polygon","coordinates":[[[-74.00726,40.62391],[-74.00668,40.62447],[-74.0061,40.62503],[-74.00493,40.62615],[-74.00273,40.62482],[-74.00053,40.62349],[-74.0012,40.62284],[-74.00228,40.62181],[-74.00344,40.6207],[-74.00564,40.62202],[-74.00784,40.62335],[-74.00726,40.62391]]]}},{"type":"Feature","properties":{"unit_id":"36047049400","name":"Census Tract 494 — Kings","native_id":"36047049400","source":"census_tract_2025","adm3_name":"Kings County","adm3_id":"36047","area_sqm":182730,"split":false},"geometry":{"type":"Polygon","coordinates":[[[-73.97658,40.644],[-73.97466,40.64481],[-73.9742,40.64501],[-73.9731,40.64545],[-73.97209,40.64586],[-73.97165,40.64357],[-73.97122,40.64118],[-73.97394,40.64088],[-73.97501,40.64076],[-73.97594,40.64066],[-73.9764,40.64305],[-73.97658,40.644]]]}},{"type":"Feature","properties":{"unit_id":"36047059200","name":"Census Tract 592 — Kings","native_id":"36047059200","source":"census_tract_2025","adm3_name":"Kings County","adm3_id":"36047","area_sqm":219306,"split":false},"geometry":{"type":"Polygon","coordinates":[[[-73.95326,40.59241],[-73.9523,40.59251],[-73.9527,40.59464],[-73.95315,40.59703],[-73.95101,40.59726],[-73.95055,40.59487],[-73.95015,40.59275],[-73.94975,40.59063],[-73.94934,40.58851],[-73.95149,40.58828],[-73.95245,40.58817],[-73.95286,40.59029],[-73.95326,40.59241]]]}},{"type":"Feature","properties":{"unit_id":"36047009201","name":"Census Tract 92.01 — Kings","native_id":"36047009201","source":"census_tract_2025","adm3_name":"Kings County","adm3_id":"36047","area_sqm":56593,"split":false},"geometry":{"type":"Polygon","coordinates":[[[-74.00125,40.64693],[-74.00066,40.64749],[-73.99847,40.64616],[-73.99905,40.6456],[-73.99963,40.64504],[-74.00021,40.64448],[-74.00241,40.64581],[-74.00125,40.64693]]]}},{"type":"Feature","properties":{"unit_id":"36047035302","name":"Census Tract 353.02 — Kings","native_id":"36047035302","source":"census_tract_2025","adm3_name":"Kings County","adm3_id":"36047","area_sqm":93185,"split":false},"geometry":{"type":"Polygon","coordinates":[[[-73.93691,40.66643],[-73.93682,40.66732],[-73.93675,40.66813],[-73.93666,40.6691],[-73.93389,40.66895],[-73.93406,40.66717],[-73.93422,40.66538],[-73.93698,40.66554],[-73.93691,40.66643]]]}},{"type":"Feature","properties":{"unit_id":"36047011600","name":"Census Tract 116 — Kings","native_id":"36047011600","source":"census_tract_2025","adm3_name":"Kings County","adm3_id":"36047","area_sqm":160266,"split":false},"geometry":{"type":"Polygon","coordinates":[[[-74.00617,40.6353],[-74.005,40.63643],[-74.00442,40.63699],[-74.00384,40.63755],[-74.00267,40.63867],[-73.99981,40.63694],[-74.00196,40.6355],[-74.00411,40.63406],[-74.00556,40.63308],[-74.00736,40.63416],[-74.00617,40.6353]]]}},{"type":"Feature","properties":{"unit_id":"36061020000","name":"Census Tract 200 — New York","native_id":"36061020000","source":"census_tract_2025","adm3_name":"New York County","adm3_id":"36061","area_sqm":129294,"split":false},"geometry":{"type":"Polygon","coordinates":[[[-73.94781,40.80459],[-73.94735,40.80521],[-73.9469,40.80584],[-73.94598,40.8071],[-73.94499,40.80845],[-73.94177,40.80709],[-73.94275,40.80574],[-73.9443,40.80639],[-73.94569,40.80452],[-73.94613,40.80388],[-73.9446,40.80323],[-73.94505,40.8026],[-73.94827,40.80396],[-73.94781,40.80459]]]}},{"type":"Feature","properties":{"unit_id":"36047049500","name":"Census Tract 495 — Kings","native_id":"36047049500","source":"census_tract_2025","adm3_name":"Kings County","adm3_id":"36047","area_sqm":129103,"split":false},"geometry":{"type":"Polygon","coordinates":[[[-73.94595,40.71364],[-73.94427,40.7138],[-73.94258,40.71395],[-73.94171,40.71401],[-73.94104,40.71267],[-73.94069,40.71196],[-73.94042,40.71122],[-73.9421,40.71106],[-73.94379,40.7109],[-73.94548,40.71074],[-73.9456,40.71148],[-73.94595,40.71364]]]}},{"type":"Feature","properties":{"unit_id":"36047000100","name":"Census Tract 1 — Kings","native_id":"36047000100","source":"census_tract_2025","adm3_name":"Kings County","adm3_id":"36047","area_sqm":207819,"split":false},"geometry":{"type":"Polygon","coordinates":[[[-73.99775,40.70135],[-73.99514,40.70298],[-73.99507,40.7031],[-73.99327,40.70244],[-73.99261,40.70206],[-73.99129,40.70105],[-73.99093,40.70077],[-73.99141,40.69863],[-73.99137,40.69701],[-73.99302,40.69746],[-73.99271,40.6981],[-73.99429,40.69853],[-73.99512,40.69877],[-73.996,40.69901],[-73.9975,40.69965],[-73.99846,40.70031],[-73.99775,40.70135]]]}},{"type":"Feature","properties":{"unit_id":"36047010402","name":"Census Tract 104.02 — Kings","native_id":"36047010402","source":"census_tract_2025","adm3_name":"Kings County","adm3_id":"36047","area_sqm":76170,"split":false},"geometry":{"type":"Polygon","coordinates":[[[-74.00837,40.63663],[-74.00721,40.63775],[-74.005,40.63643],[-74.00617,40.6353],[-74.00736,40.63416],[-74.00956,40.63549],[-74.00837,40.63663]]]}},{"type":"Feature","properties":{"unit_id":"36047026500","name":"Census Tract 265 — Kings","native_id":"36047026500","source":"census_tract_2025","adm3_name":"Kings County","adm3_id":"36047","area_sqm":159608,"split":false},"geometry":{"type":"Polygon","coordinates":[[[-73.94775,40.68804],[-73.94208,40.6887],[-73.94193,40.68796],[-73.94178,40.68723],[-73.94164,40.6865],[-73.94149,40.68576],[-73.94716,40.68511],[-73.94731,40.68585],[-73.94746,40.68658],[-73.9476,40.68731],[-73.94775,40.68804]]]}},{"type":"Feature","properties":{"unit_id":"36047019100","name":"Census Tract 191 — Kings","native_id":"36047019100","source":"census_tract_2025","adm3_name":"Kings County","adm3_id":"36047","area_sqm":253797,"split":false},"geometry":{"type":"Polygon","coordinates":[[[-73.9694,40.69609],[-73.96742,40.69603],[-73.96516,40.69597],[-73.96455,40.69611],[-73.9632,40.6971],[-73.96284,40.69804],[-73.96247,40.6981],[-73.96105,40.69833],[-73.96016,40.69412],[-73.96109,40.69401],[-73.96405,40.69363],[-73.96591,40.69343],[-73.96688,40.69334],[-73.96784,40.69323],[-73.96881,40.69312],[-73.9694,40.69609]]]}},{"type":"Feature","properties":{"unit_id":"36047007800","name":"Census Tract 78 — Kings","native_id":"36047007800","source":"census_tract_2025","adm3_name":"Kings County","adm3_id":"36047","area_sqm":138114,"split":false},"geometry":{"type":"Polygon","coordinates":[[[-74.01493,40.64698],[-74.01373,40.64808],[-74.01317,40.64865],[-74.01141,40.64759],[-74.00915,40.64623],[-74.00974,40.64567],[-74.01032,40.64511],[-74.0109,40.64455],[-74.01148,40.64399],[-74.01553,40.64642],[-74.01493,40.64698]]]}},{"type":"Feature","properties":{"unit_id":"36047063200","name":"Census Tract 632 — Kings","native_id":"36047063200","source":"census_tract_2025","adm3_name":"Kings County","adm3_id":"36047","area_sqm":117438,"split":false},"geometry":{"type":"Polygon","coordinates":[[[-73.93503,40.60173],[-73.93426,40.60223],[-73.93355,40.60269],[-73.93173,40.60106],[-73.92813,40.59778],[-73.92879,40.59732],[-73.92957,40.59682],[-73.92974,40.59698],[-73.9314,40.59848],[-73.93423,40.60101],[-73.93447,40.60123],[-73.93503,40.60173]]]}},{"type":"Feature","properties":{"unit_id":"36047035200","name":"Census Tract 352 — Kings","native_id":"36047035200","source":"census_tract_2025","adm3_name":"Kings County","adm3_id":"36047","area_sqm":990690,"split":false},"geometry":{"type":"Polygon","coordinates":[[[-74.00277,40.57211],[-74.00009,40.57181],[-73.99473,40.57152],[-73.99139,40.57166],[-73.99174,40.57343],[-73.98969,40.574],[-73.98557,40.57515],[-73.98344,40.57541],[-73.98126,40.57556],[-73.97662,40.5753],[-73.97345,40.5748],[-73.97303,40.57605],[-73.97078,40.57579],[-73.96992,40.57558],[-73.96887,40.57524],[-73.96675,40.57483],[-73.96471,40.57478],[-73.96288,40.57498],[-73.96103,40.57508],[-73.95941,40.57516],[-73.95942,40.57414],[-73.96629,40.57337],[-73.96747,40.57324],[-73.9909,40.57063],[-74.002,40.5706],[-74.00207,40.57073],[-74.00277,40.57211]]]}},{"type":"Feature","properties":{"unit_id":"36061019000","name":"Census Tract 190 — New York","native_id":"36061019000","source":"census_tract_2025","adm3_name":"New York County","adm3_id":"36061","area_sqm":103795,"split":false},"geometry":{"type":"Polygon","coordinates":[[[-73.94968,40.80202],[-73.94919,40.8027],[-73.94873,40.80333],[-73.94827,40.80396],[-73.94505,40.8026],[-73.94597,40.80134],[-73.94697,40.79996],[-73.94863,40.80067],[-73.95019,40.80133],[-73.94968,40.80202]]]}},{"type":"Feature","properties":{"unit_id":"36047023000","name":"Census Tract 230 — Kings","native_id":"36047023000","source":"census_tract_2025","adm3_name":"Kings County","adm3_id":"36047","area_sqm":150941,"split":false},"geometry":{"type":"Polygon","coordinates":[[[-73.98849,40.64196],[-73.98409,40.6393],[-73.98467,40.63873],[-73.98247,40.63741],[-73.98027,40.63608],[-73.98202,40.63439],[-73.98422,40.63573],[-73.98363,40.63629],[-73.98584,40.63762],[-73.98525,40.63817],[-73.98745,40.6395],[-73.98688,40.64007],[-73.98908,40.6414],[-73.98849,40.64196]]]}},{"type":"Feature","properties":{"unit_id":"36047011700","name":"Census Tract 117 — Kings","native_id":"36047011700","source":"census_tract_2025","adm3_name":"Kings County","adm3_id":"36047","area_sqm":201195,"split":false},"geometry":{"type":"Polygon","coordinates":[[[-73.99643,40.66901],[-73.99539,40.67019],[-73.9949,40.67079],[-73.99438,40.6714],[-73.98972,40.66915],[-73.99023,40.66854],[-73.99073,40.66794],[-73.99173,40.66674],[-73.99277,40.66551],[-73.99484,40.6668],[-73.99653,40.66889],[-73.99643,40.66901]]]}},{"type":"Feature","properties":{"unit_id":"36047096600","name":"Census Tract 966 — Kings","native_id":"36047096600","source":"census_tract_2025","adm3_name":"Kings County","adm3_id":"36047","area_sqm":181211,"split":false},"geometry":{"type":"Polygon","coordinates":[[[-73.90745,40.63928],[-73.90463,40.6411],[-73.90377,40.64165],[-73.90234,40.64258],[-73.90067,40.64366],[-73.89883,40.642],[-73.90193,40.64],[-73.90275,40.63947],[-73.90413,40.63858],[-73.90561,40.63762],[-73.90745,40.63928]]]}},{"type":"Feature","properties":{"unit_id":"36061022600","name":"Census Tract 226 — New York","native_id":"36061022600","source":"census_tract_2025","adm3_name":"New York County","adm3_id":"36061","area_sqm":152983,"split":false},"geometry":{"type":"Polygon","coordinates":[[[-73.94703,40.81583],[-73.94419,40.81463],[-73.94135,40.81344],[-73.9418,40.81282],[-73.94225,40.8122],[-73.94317,40.81094],[-73.94603,40.81212],[-73.94557,40.81275],[-73.94842,40.81394],[-73.94703,40.81583]]]}},{"type":"Feature","properties":{"unit_id":"36047051100","name":"Census Tract 511 — Kings","native_id":"36047051100","source":"census_tract_2025","adm3_name":"Kings County","adm3_id":"36047","area_sqm":159004,"split":false},"geometry":{"type":"Polygon","coordinates":[[[-73.95087,40.70951],[-73.94866,40.70972],[-73.94697,40.70989],[-73.94676,40.70847],[-73.94652,40.70701],[-73.94626,40.7056],[-73.94984,40.70523],[-73.95024,40.70547],[-73.95041,40.70665],[-73.95053,40.70739],[-73.95066,40.70817],[-73.95083,40.70914],[-73.95087,40.70951]]]}},{"type":"Feature","properties":{"unit_id":"36047044600","name":"Census Tract 446 — Kings","native_id":"36047044600","source":"census_tract_2025","adm3_name":"Kings County","adm3_id":"36047","area_sqm":141744,"split":false},"geometry":{"type":"Polygon","coordinates":[[[-73.97906,40.61613],[-73.97785,40.61729],[-73.97563,40.61595],[-73.97336,40.61654],[-73.9729,40.61415],[-73.97399,40.61403],[-73.97497,40.61367],[-73.97489,40.61319],[-73.97478,40.61264],[-73.97521,40.61288],[-73.97741,40.61422],[-73.97964,40.61556],[-73.97906,40.61613]]]}},{"type":"Feature","properties":{"unit_id":"36047003600","name":"Census Tract 36 — Kings","native_id":"36047003600","source":"census_tract_2025","adm3_name":"Kings County","adm3_id":"36047","area_sqm":125291,"split":false},"geometry":{"type":"Polygon","coordinates":[[[-74.03259,40.63411],[-74.03232,40.63479],[-74.03204,40.63547],[-74.03183,40.63599],[-74.03127,40.63736],[-74.02866,40.63655],[-74.02913,40.63537],[-74.02936,40.63484],[-74.02963,40.63415],[-74.02991,40.63347],[-74.03019,40.63279],[-74.03047,40.6321],[-74.03315,40.63273],[-74.03259,40.63411]]]}},{"type":"Feature","properties":{"unit_id":"36061024900","name":"Census Tract 249 — New York","native_id":"36061024900","source":"census_tract_2025","adm3_name":"New York County","adm3_id":"36061","area_sqm":60659,"split":false},"geometry":{"type":"Polygon","coordinates":[[[-73.93733,40.83929],[-73.93646,40.84048],[-73.93557,40.84171],[-73.93508,40.83927],[-73.93669,40.83719],[-73.93834,40.83791],[-73.93733,40.83929]]]}},{"type":"Feature","properties":{"unit_id":"36047005202","name":"Census Tract 52.02 — Kings","native_id":"36047005202","source":"census_tract_2025","adm3_name":"Kings County","adm3_id":"36047","area_sqm":133272,"split":false},"geometry":{"type":"Polygon","coordinates":[[[-74.04096,40.6207],[-74.04048,40.62079],[-74.03809,40.62058],[-74.03544,40.61996],[-74.03599,40.6186],[-74.0369,40.61866],[-74.03918,40.61786],[-74.04056,40.61767],[-74.04072,40.61883],[-74.04075,40.61905],[-74.04096,40.6207]]]}},{"type":"Feature","properties":{"unit_id":"36047117400","name":"Census Tract 1174 — Kings","native_id":"36047117400","source":"census_tract_2025","adm3_name":"Kings County","adm3_id":"36047","area_sqm":212859,"split":false},"geometry":{"type":"Polygon","coordinates":[[[-73.8822,40.68536],[-73.87908,40.68688],[-73.87836,40.68401],[-73.87787,40.68204],[-73.87743,40.68002],[-73.87838,40.67974],[-73.88061,40.67911],[-73.88117,40.68135],[-73.88165,40.68327],[-73.8822,40.68536]]]}},{"type":"Feature","properties":{"unit_id":"36047050801","name":"Census Tract 508.01 — Kings","native_id":"36047050801","source":"census_tract_2025","adm3_name":"Kings County","adm3_id":"36047","area_sqm":78240,"split":false},"geometry":{"type":"Polygon","coordinates":[[[-73.96302,40.65153],[-73.96141,40.65217],[-73.95933,40.65293],[-73.95893,40.65121],[-73.95871,40.65039],[-73.96101,40.65008],[-73.96219,40.64979],[-73.96302,40.65153]]]}},{"type":"Feature","properties":{"unit_id":"36061017401","name":"Census Tract 174.01 — New York","native_id":"36061017401","source":"census_tract_2025","adm3_name":"New York County","adm3_id":"36061","area_sqm":100812,"split":false},"geometry":{"type":"Polygon","coordinates":[[[-73.95016,40.79559],[-73.9494,40.79663],[-73.94922,40.79691],[-73.94764,40.79616],[-73.94604,40.79547],[-73.94695,40.79423],[-73.9479,40.79293],[-73.94951,40.79361],[-73.95111,40.79429],[-73.95016,40.79559]]]}},{"type":"Feature","properties":{"unit_id":"36047080400","name":"Census Tract 804 — Kings","native_id":"36047080400","source":"census_tract_2025","adm3_name":"Kings County","adm3_id":"36047","area_sqm":189757,"split":false},"geometry":{"type":"Polygon","coordinates":[[[-73.95081,40.66235],[-73.94791,40.66253],[-73.94768,40.6603],[-73.9476,40.65959],[-73.94752,40.65888],[-73.94735,40.65728],[-73.94716,40.65559],[-73.95007,40.65542],[-73.95016,40.65626],[-73.95033,40.65784],[-73.95042,40.65869],[-73.95049,40.6594],[-73.95057,40.66012],[-73.95064,40.66083],[-73.95072,40.66157],[-73.95081,40.66235]]]}},{"type":"Feature","properties":{"unit_id":"36061007002","name":"Census Tract 70.02 — New York","native_id":"36061007002","source":"census_tract_2025","adm3_name":"New York County","adm3_id":"36061","area_sqm":87605,"split":false},"geometry":{"type":"Polygon","coordinates":[[[-73.97996,40.74321],[-73.97951,40.74383],[-73.97906,40.74444],[-73.97861,40.74506],[-73.97812,40.74573],[-73.97588,40.74478],[-73.97635,40.74409],[-73.97676,40.74347],[-73.97767,40.74226],[-73.97817,40.74164],[-73.98041,40.74259],[-73.97996,40.74321]]]}},{"type":"Feature","properties":{"unit_id":"36047005201","name":"Census Tract 52.01 — Kings","native_id":"36047005201","source":"census_tract_2025","adm3_name":"Kings County","adm3_id":"36047","area_sqm":133678,"split":false},"geometry":{"type":"Polygon","coordinates":[[[-74.04119,40.62245],[-74.03996,40.62328],[-74.03728,40.62264],[-74.0346,40.622],[-74.03489,40.62132],[-74.03544,40.61996],[-74.03809,40.62058],[-74.04048,40.62079],[-74.04096,40.6207],[-74.04119,40.62245]]]}},{"type":"Feature","properties":{"unit_id":"36047074000","name":"Census Tract 740 — Kings","native_id":"36047074000","source":"census_tract_2025","adm3_name":"Kings County","adm3_id":"36047","area_sqm":162388,"split":false},"geometry":{"type":"Polygon","coordinates":[[[-73.94341,40.62956],[-73.94151,40.62968],[-73.93961,40.6298],[-73.93936,40.62746],[-73.93916,40.6256],[-73.93956,40.62516],[-73.94168,40.62491],[-73.94264,40.6248],[-73.94309,40.62719],[-73.94341,40.62956]]]}},{"type":"Feature","properties":{"unit_id":"36047034901","name":"Census Tract 349.01 — Kings","native_id":"36047034901","source":"census_tract_2025","adm3_name":"Kings County","adm3_id":"36047","area_sqm":69957,"split":false},"geometry":{"type":"Polygon","coordinates":[[[-73.93095,40.67058],[-73.93087,40.67147],[-73.9281,40.67132],[-73.92818,40.67043],[-73.92835,40.66865],[-73.93112,40.6688],[-73.93095,40.67058]]]}},{"type":"Feature","properties":{"unit_id":"36047055400","name":"Census Tract 554 — Kings","native_id":"36047055400","source":"census_tract_2025","adm3_name":"Kings County","adm3_id":"36047","area_sqm":169301,"split":false},"geometry":{"type":"Polygon","coordinates":[[[-73.96238,40.60999],[-73.96044,40.6102],[-73.95952,40.6103],[-73.95859,40.6104],[-73.95772,40.6058],[-73.95958,40.6056],[-73.96073,40.60547],[-73.96173,40.60536],[-73.96189,40.60734],[-73.96238,40.60999]]]}},{"type":"Feature","properties":{"unit_id":"36047001100","name":"Census Tract 11 — Kings","native_id":"36047001100","source":"census_tract_2025","adm3_name":"Kings County","adm3_id":"36047","area_sqm":168507,"split":false},"geometry":{"type":"Polygon","coordinates":[[[-73.99066,40.69456],[-73.99075,40.69503],[-73.99009,40.69507],[-73.98514,40.69488],[-73.98528,40.69216],[-73.98536,40.69067],[-73.98893,40.69209],[-73.98947,40.6923],[-73.99097,40.69255],[-73.99066,40.69456]]]}},{"type":"Feature","properties":{"unit_id":"36047010401","name":"Census Tract 104.01 — Kings","native_id":"36047010401","source":"census_tract_2025","adm3_name":"Kings County","adm3_id":"36047","area_sqm":76142,"split":false},"geometry":{"type":"Polygon","coordinates":[[[-74.01115,40.6374],[-74.01057,40.63797],[-74.00941,40.63909],[-74.00721,40.63775],[-74.00837,40.63663],[-74.00956,40.63549],[-74.01176,40.63682],[-74.01115,40.6374]]]}},{"type":"Feature","properties":{"unit_id":"36047080800","name":"Census Tract 808 — Kings","native_id":"36047080800","source":"census_tract_2025","adm3_name":"Kings County","adm3_id":"36047","area_sqm":321836,"split":false},"geometry":{"type":"Polygon","coordinates":[[[-73.94735,40.65728],[-73.94231,40.65761],[-73.94255,40.65989],[-73.93973,40.66007],[-73.93962,40.65777],[-73.93686,40.65794],[-73.934,40.65812],[-73.93108,40.6583],[-73.9309,40.65661],[-73.93191,40.65654],[-73.93285,40.65648],[-73.93478,40.65636],[-73.93572,40.6563],[-73.93859,40.65612],[-73.94053,40.656],[-73.9424,40.65588],[-73.94716,40.65559],[-73.94735,40.65728]]]}},{"type":"Feature","properties":{"unit_id":"36061018800","name":"Census Tract 188 — New York","native_id":"36061018800","source":"census_tract_2025","adm3_name":"New York County","adm3_id":"36061","area_sqm":148532,"split":false},"geometry":{"type":"Polygon","coordinates":[[[-73.93952,40.79863],[-73.9386,40.79988],[-73.93636,40.79894],[-73.93399,40.79793],[-73.93491,40.79668],[-73.93591,40.79531],[-73.93828,40.7963],[-73.94052,40.79726],[-73.93952,40.79863]]]}},{"type":"Feature","properties":{"unit_id":"36047055500","name":"Census Tract 555 — Kings","native_id":"36047055500","source":"census_tract_2025","adm3_name":"Kings County","adm3_id":"36047","area_sqm":261669,"split":false},"geometry":{"type":"Polygon","coordinates":[[[-73.96758,40.7165],[-73.96651,40.71792],[-73.9657,40.71878],[-73.96355,40.72157],[-73.95901,40.71864],[-73.96142,40.71638],[-73.96278,40.71511],[-73.96664,40.71637],[-73.96758,40.7165]]]}},{"type":"Feature","properties":{"unit_id":"36061017402","name":"Census Tract 174.02 — New York","native_id":"36061017402","source":"census_tract_2025","adm3_name":"New York County","adm3_id":"36061","area_sqm":50730,"split":false},"geometry":{"type":"Polygon","coordinates":[[[-73.94879,40.79748],[-73.94831,40.79813],[-73.9467,40.79745],[-73.9451,40.79676],[-73.94604,40.79547],[-73.94764,40.79616],[-73.94922,40.79691],[-73.94879,40.79748]]]}},{"type":"Feature","properties":{"unit_id":"36047010802","name":"Census Tract 108.02 — Kings","native_id":"36047010802","source":"census_tract_2025","adm3_name":"Kings County","adm3_id":"36047","area_sqm":75489,"split":false},"geometry":{"type":"Polygon","coordinates":[[[-74.00371,40.64112],[-74.00254,40.64224],[-74.00034,40.6409],[-74.00092,40.64035],[-74.00151,40.63979],[-74.00267,40.63867],[-74.00488,40.63999],[-74.00371,40.64112]]]}},{"type":"Feature","properties":{"unit_id":"36047007600","name":"Census Tract 76 — Kings","native_id":"36047007600","source":"census_tract_2025","adm3_name":"Kings County","adm3_id":"36047","area_sqm":138336,"split":false},"geometry":{"type":"Polygon","coordinates":[[[-74.01665,40.64533],[-74.01609,40.64588],[-74.01553,40.64642],[-74.01148,40.64399],[-74.01265,40.64287],[-74.01381,40.64175],[-74.01607,40.64311],[-74.01788,40.6442],[-74.01665,40.64533]]]}},{"type":"Feature","properties":{"unit_id":"36047073000","name":"Census Tract 730 — Kings","native_id":"36047073000","source":"census_tract_2025","adm3_name":"Kings County","adm3_id":"36047","area_sqm":185122,"split":false},"geometry":{"type":"Polygon","coordinates":[[[-73.93345,40.6257],[-73.93149,40.62559],[-73.93174,40.62793],[-73.92786,40.62817],[-73.92496,40.62835],[-73.9243,40.62839],[-73.92492,40.62798],[-73.92671,40.62682],[-73.92832,40.62579],[-73.93219,40.62327],[-73.9331,40.62269],[-73.93312,40.62282],[-73.93345,40.6257]]]}},{"type":"Feature","properties":{"unit_id":"36047084000","name":"Census Tract 840 — Kings","native_id":"36047084000","source":"census_tract_2025","adm3_name":"Kings County","adm3_id":"36047","area_sqm":170057,"split":false},"geometry":{"type":"Polygon","coordinates":[[[-73.93348,40.64419],[-73.9296,40.64443],[-73.92936,40.64213],[-73.92911,40.63979],[-73.93201,40.63962],[-73.93298,40.63956],[-73.93323,40.64189],[-73.93348,40.64419]]]}},{"type":"Feature","properties":{"unit_id":"36061014801","name":"Census Tract 148.01 — New York","native_id":"36061014801","source":"census_tract_2025","adm3_name":"New York County","adm3_id":"36061","area_sqm":51979,"split":false},"geometry":{"type":"Polygon","coordinates":[[[-73.9577,40.7795],[-73.9572,40.78018],[-73.95558,40.7795],[-73.95398,40.77882],[-73.95448,40.77814],[-73.95494,40.7775],[-73.95655,40.77818],[-73.95816,40.77886],[-73.9577,40.7795]]]}},{"type":"Feature","properties":{"unit_id":"36047018600","name":"Census Tract 186 — Kings","native_id":"36047018600","source":"census_tract_2025","adm3_name":"Kings County","adm3_id":"36047","area_sqm":113054,"split":false},"geometry":{"type":"Polygon","coordinates":[[[-74.0076,40.61669],[-74.00643,40.61781],[-74.00423,40.61648],[-74.00203,40.61515],[-74.00378,40.61348],[-74.00598,40.6148],[-74.00818,40.61613],[-74.0076,40.61669]]]}},{"type":"Feature","properties":{"unit_id":"36047075000","name":"Census Tract 750 — Kings","native_id":"36047075000","source":"census_tract_2025","adm3_name":"Kings County","adm3_id":"36047","area_sqm":173420,"split":false},"geometry":{"type":"Polygon","coordinates":[[[-73.95111,40.62875],[-73.95018,40.62885],[-73.94733,40.62917],[-73.94688,40.62677],[-73.94642,40.62438],[-73.94927,40.62407],[-73.9502,40.62397],[-73.95066,40.62636],[-73.95111,40.62875]]]}},{"type":"Feature","properties":{"unit_id":"36047089600","name":"Census Tract 896 — Kings","native_id":"36047089600","source":"census_tract_2025","adm3_name":"Kings County","adm3_id":"36047","area_sqm":149024,"split":false},"geometry":{"type":"Polygon","coordinates":[[[-73.91557,40.65839],[-73.91374,40.65864],[-73.91413,40.66018],[-73.91133,40.6606],[-73.91094,40.65906],[-73.91012,40.65585],[-73.912,40.65556],[-73.91234,40.65553],[-73.91378,40.65678],[-73.91557,40.65839]]]}},{"type":"Feature","properties":{"unit_id":"36047026100","name":"Census Tract 261 — Kings","native_id":"36047026100","source":"census_tract_2025","adm3_name":"Kings County","adm3_id":"36047","area_sqm":199415,"split":false},"geometry":{"type":"Polygon","coordinates":[[[-73.94891,40.69391],[-73.94608,40.69423],[-73.94324,40.69456],[-73.9431,40.69382],[-73.94295,40.69309],[-73.94266,40.69162],[-73.94252,40.69089],[-73.94818,40.69024],[-73.94833,40.69097],[-73.94862,40.69244],[-73.94891,40.69391]]]}},{"type":"Feature","properties":{"unit_id":"36047100800","name":"Census Tract 1008 — Kings","native_id":"36047100800","source":"census_tract_2025","adm3_name":"Kings County","adm3_id":"36047","area_sqm":148898,"split":false},"geometry":{"type":"Polygon","coordinates":[[[-73.90126,40.63482],[-73.8983,40.63674],[-73.89648,40.63511],[-73.89696,40.63479],[-73.89476,40.63341],[-73.89686,40.63205],[-73.89763,40.63155],[-73.89945,40.63318],[-73.90126,40.63482]]]}},{"type":"Feature","properties":{"unit_id":"36047057300","name":"Census Tract 573 — Kings","native_id":"36047057300","source":"census_tract_2025","adm3_name":"Kings County","adm3_id":"36047","area_sqm":170142,"split":false},"geometry":{"type":"Polygon","coordinates":[[[-73.95241,40.72842],[-73.95073,40.72897],[-73.94991,40.72924],[-73.94625,40.73049],[-73.94605,40.72926],[-73.94588,40.72735],[-73.94754,40.72682],[-73.94837,40.72655],[-73.95003,40.726],[-73.95087,40.72572],[-73.95241,40.72842]]]}},{"type":"Feature","properties":{"unit_id":"36061002602","name":"Census Tract 26.02 — New York","native_id":"36061002602","source":"census_tract_2025","adm3_name":"New York County","adm3_id":"36061","area_sqm":103690,"split":false},"geometry":{"type":"Polygon","coordinates":[[[-73.98121,40.72507],[-73.98033,40.72628],[-73.97798,40.72529],[-73.9756,40.72428],[-73.97689,40.7225],[-73.97928,40.72351],[-73.98164,40.72449],[-73.98121,40.72507]]]}},{"type":"Feature","properties":{"unit_id":"36047024900","name":"Census Tract 249 — Kings","native_id":"36047024900","source":"census_tract_2025","adm3_name":"Kings County","adm3_id":"36047","area_sqm":168496,"split":false},"geometry":{"type":"Polygon","coordinates":[[[-73.95059,40.68547],[-73.94731,40.68585],[-73.94716,40.68511],[-73.94702,40.68438],[-73.94687,40.68365],[-73.94673,40.68291],[-73.94658,40.68218],[-73.94644,40.68145],[-73.94627,40.68021],[-73.94675,40.68024],[-73.94956,40.68039],[-73.94971,40.68107],[-73.94986,40.6818],[-73.95001,40.68254],[-73.9503,40.684],[-73.95059,40.68547]]]}},{"type":"Feature","properties":{"unit_id":"36047045000","name":"Census Tract 450 — Kings","native_id":"36047045000","source":"census_tract_2025","adm3_name":"Kings County","adm3_id":"36047","area_sqm":220368,"split":false},"geometry":{"type":"Polygon","coordinates":[[[-73.9758,40.62359],[-73.9737,40.62383],[-73.97047,40.62418],[-73.96978,40.62056],[-73.97198,40.61973],[-73.97481,40.61837],[-73.9753,40.62091],[-73.9758,40.62359]]]}},{"type":"Feature","properties":{"unit_id":"36047076200","name":"Census Tract 762 — Kings","native_id":"36047076200","source":"census_tract_2025","adm3_name":"Kings County","adm3_id":"36047","area_sqm":188043,"split":false},"geometry":{"type":"Polygon","coordinates":[[[-73.95899,40.62789],[-73.95805,40.62797],[-73.95685,40.62812],[-73.95581,40.62823],[-73.95489,40.62834],[-73.95398,40.62356],[-73.95491,40.62345],[-73.95594,40.62334],[-73.95809,40.62311],[-73.95899,40.62789]]]}},{"type":"Feature","properties":{"unit_id":"36061012601","name":"Census Tract 126.01 — New York","native_id":"36061012601","source":"census_tract_2025","adm3_name":"New York County","adm3_id":"36061","area_sqm":94351,"split":false},"geometry":{"type":"Polygon","coordinates":[[[-73.95932,40.76749],[-73.95886,40.76812],[-73.95836,40.7688],[-73.95787,40.76948],[-73.9574,40.77012],[-73.95504,40.76912],[-73.9555,40.76848],[-73.956,40.7678],[-73.9565,40.76712],[-73.95696,40.76649],[-73.95741,40.76587],[-73.95978,40.76687],[-73.95932,40.76749]]]}},{"type":"Feature","properties":{"unit_id":"36047027000","name":"Census Tract 270 — Kings","native_id":"36047027000","source":"census_tract_2025","adm3_name":"Kings County","adm3_id":"36047","area_sqm":134003,"split":false},"geometry":{"type":"Polygon","coordinates":[[[-73.99194,40.60724],[-73.99136,40.60779],[-73.99077,40.60835],[-73.98855,40.607],[-73.98913,40.60646],[-73.98685,40.6051],[-73.98864,40.60342],[-73.99087,40.60477],[-73.9931,40.60612],[-73.99194,40.60724]]]}},{"type":"Feature","properties":{"unit_id":"36047061002","name":"Census Tract 610.02 — Kings","native_id":"36047061002","source":"census_tract_2025","adm3_name":"Kings County","adm3_id":"36047","area_sqm":227269,"split":false},"geometry":{"type":"Polygon","coordinates":[[[-73.95963,40.57799],[-73.95781,40.57827],[-73.95665,40.57795],[-73.95605,40.57777],[-73.95483,40.57739],[-73.95404,40.57746],[-73.95287,40.57688],[-73.95249,40.57491],[-73.95942,40.57414],[-73.95941,40.57516],[-73.95945,40.57558],[-73.95947,40.57587],[-73.95963,40.57799]]]}},{"type":"Feature","properties":{"unit_id":"36061018100","name":"Census Tract 181 — New York","native_id":"36061018100","source":"census_tract_2025","adm3_name":"New York County","adm3_id":"36061","area_sqm":138438,"split":false},"geometry":{"type":"Polygon","coordinates":[[[-73.97086,40.79338],[-73.97037,40.79405],[-73.96987,40.79474],[-73.96701,40.79356],[-73.96418,40.79236],[-73.96469,40.79166],[-73.96518,40.79099],[-73.96563,40.79037],[-73.96847,40.79156],[-73.96879,40.7917],[-73.97132,40.79275],[-73.97086,40.79338]]]}},{"type":"Feature","properties":{"unit_id":"36047088400","name":"Census Tract 884 — Kings","native_id":"36047088400","source":"census_tract_2025","adm3_name":"Kings County","adm3_id":"36047","area_sqm":167059,"split":false},"geometry":{"type":"Polygon","coordinates":[[[-73.92638,40.66551],[-73.92455,40.66386],[-73.92273,40.66223],[-73.92091,40.6606],[-73.92322,40.65911],[-73.92503,40.66074],[-73.92685,40.66237],[-73.92614,40.66283],[-73.92823,40.66471],[-73.92638,40.66551]]]}},{"type":"Feature","properties":{"unit_id":"36047041900","name":"Census Tract 419 — Kings","native_id":"36047041900","source":"census_tract_2025","adm3_name":"Kings County","adm3_id":"36047","area_sqm":153013,"split":false},"geometry":{"type":"Polygon","coordinates":[[[-73.92425,40.69443],[-73.92082,40.69792],[-73.92007,40.69749],[-73.91932,40.69706],[-73.91782,40.69621],[-73.91927,40.69473],[-73.92115,40.6928],[-73.92275,40.69357],[-73.9235,40.694],[-73.92425,40.69443]]]}},{"type":"Feature","properties":{"unit_id":"36047054800","name":"Census Tract 548 — Kings","native_id":"36047054800","source":"census_tract_2025","adm3_name":"Kings County","adm3_id":"36047","area_sqm":173218,"split":false},"geometry":{"type":"Polygon","coordinates":[[[-73.95071,40.61125],[-73.94978,40.61137],[-73.95027,40.61392],[-73.94931,40.61403],[-73.94882,40.61148],[-73.94841,40.60933],[-73.9456,40.60964],[-73.94513,40.60718],[-73.94606,40.60708],[-73.94795,40.60688],[-73.94984,40.60667],[-73.9503,40.60912],[-73.95071,40.61125]]]}},{"type":"Feature","properties":{"unit_id":"36047025300","name":"Census Tract 253 — Kings","native_id":"36047025300","source":"census_tract_2025","adm3_name":"Kings County","adm3_id":"36047","area_sqm":161829,"split":false},"geometry":{"type":"Polygon","coordinates":[[[-73.95249,40.695],[-73.94921,40.69538],[-73.94891,40.69391],[-73.94862,40.69244],[-73.94833,40.69097],[-73.94818,40.69024],[-73.95146,40.68986],[-73.95176,40.69133],[-73.9519,40.69206],[-73.95219,40.69353],[-73.95249,40.695]]]}},{"type":"Feature","properties":{"unit_id":"36047072400","name":"Census Tract 724 — Kings","native_id":"36047072400","source":"census_tract_2025","adm3_name":"Kings County","adm3_id":"36047","area_sqm":192192,"split":false},"geometry":{"type":"Polygon","coordinates":[[[-73.93153,40.63501],[-73.92745,40.63526],[-73.92571,40.63537],[-73.92283,40.63554],[-73.92259,40.63321],[-73.92546,40.63303],[-73.93031,40.63273],[-73.93127,40.63267],[-73.93153,40.63501]]]}},{"type":"Feature","properties":{"unit_id":"36047022600","name":"Census Tract 226 — Kings","native_id":"36047022600","source":"census_tract_2025","adm3_name":"Kings County","adm3_id":"36047","area_sqm":156181,"split":false},"geometry":{"type":"Polygon","coordinates":[[[-73.98906,40.64412],[-73.98835,40.64456],[-73.98673,40.64357],[-73.9859,40.64307],[-73.98299,40.64133],[-73.98234,40.64098],[-73.98292,40.64042],[-73.98409,40.6393],[-73.98849,40.64196],[-73.9905,40.64316],[-73.98906,40.64412]]]}},{"type":"Feature","properties":{"unit_id":"36061023803","name":"Census Tract 238.03 — New York","native_id":"36061023803","source":"census_tract_2025","adm3_name":"New York County","adm3_id":"36061","area_sqm":105044,"split":false},"geometry":{"type":"Polygon","coordinates":[[[-73.95254,40.76049],[-73.95152,40.76197],[-73.94997,40.76365],[-73.94845,40.76347],[-73.94764,40.76419],[-73.94663,40.76387],[-73.94472,40.76288],[-73.94783,40.75899],[-73.95011,40.76003],[-73.95124,40.76062],[-73.95157,40.76038],[-73.95254,40.76049]]]}},{"type":"Feature","properties":{"unit_id":"36047054200","name":"Census Tract 542 — Kings","native_id":"36047054200","source":"census_tract_2025","adm3_name":"Kings County","adm3_id":"36047","area_sqm":189169,"split":false},"geometry":{"type":"Polygon","coordinates":[[[-73.96336,40.6152],[-73.96236,40.61531],[-73.96051,40.61552],[-73.95958,40.61562],[-73.95908,40.61296],[-73.95859,40.6104],[-73.95952,40.6103],[-73.96044,40.6102],[-73.96238,40.60999],[-73.96286,40.61255],[-73.96336,40.6152]]]}},{"type":"Feature","properties":{"unit_id":"36047103401","name":"Census Tract 1034.01 — Kings","native_id":"36047103401","source":"census_tract_2025","adm3_name":"Kings County","adm3_id":"36047","area_sqm":176086,"split":false},"geometry":{"type":"Polygon","coordinates":[[[-73.88665,40.63578],[-73.88594,40.63623],[-73.88542,40.63573],[-73.88289,40.63344],[-73.88365,40.63274],[-73.88511,40.63162],[-73.88636,40.63082],[-73.8897,40.6338],[-73.88665,40.63578]]]}},{"type":"Feature","properties":{"unit_id":"36047045200","name":"Census Tract 452 — Kings","native_id":"36047045200","source":"census_tract_2025","adm3_name":"Kings County","adm3_id":"36047","area_sqm":186316,"split":false},"geometry":{"type":"Polygon","coordinates":[[[-73.97047,40.62418],[-73.9691,40.62433],[-73.96864,40.62194],[-73.96664,40.62216],[-73.96574,40.61738],[-73.96774,40.61716],[-73.96911,40.61701],[-73.96978,40.62056],[-73.97047,40.62418]]]}},{"type":"Feature","properties":{"unit_id":"36047087600","name":"Census Tract 876 — Kings","native_id":"36047087600","source":"census_tract_2025","adm3_name":"Kings County","adm3_id":"36047","area_sqm":142213,"split":false},"geometry":{"type":"Polygon","coordinates":[[[-73.93726,40.66319],[-73.93455,40.66336],[-73.93432,40.66115],[-73.93423,40.66042],[-73.934,40.65812],[-73.93686,40.65794],[-73.93711,40.66024],[-73.93726,40.66319]]]}},{"type":"Feature","properties":{"unit_id":"36047012902","name":"Census Tract 129.02 — Kings","native_id":"36047012902","source":"census_tract_2025","adm3_name":"Kings County","adm3_id":"36047","area_sqm":135380,"split":false},"geometry":{"type":"Polygon","coordinates":[[[-73.97789,40.68022],[-73.97782,40.68031],[-73.97746,40.68085],[-73.97702,40.68149],[-73.97632,40.68251],[-73.97667,40.68297],[-73.97746,40.68405],[-73.97593,40.6835],[-73.97378,40.68306],[-73.97395,40.68228],[-73.9745,40.68073],[-73.97469,40.68027],[-73.97496,40.67988],[-73.97532,40.67933],[-73.97618,40.67806],[-73.97868,40.67905],[-73.97789,40.68022]]]}},{"type":"Feature","properties":{"unit_id":"36047010602","name":"Census Tract 106.02 — Kings","native_id":"36047010602","source":"census_tract_2025","adm3_name":"Kings County","adm3_id":"36047","area_sqm":75498,"split":false},"geometry":{"type":"Polygon","coordinates":[[[-74.00604,40.63888],[-74.00488,40.63999],[-74.00267,40.63867],[-74.00384,40.63755],[-74.00442,40.63699],[-74.005,40.63643],[-74.00721,40.63775],[-74.00604,40.63888]]]}},{"type":"Feature","properties":{"unit_id":"36061003200","name":"Census Tract 32 — New York","native_id":"36061003200","source":"census_tract_2025","adm3_name":"New York County","adm3_id":"36061","area_sqm":217682,"split":false},"geometry":{"type":"Polygon","coordinates":[[[-73.98705,40.7252],[-73.98618,40.72641],[-73.98575,40.72699],[-73.98488,40.72819],[-73.98266,40.72726],[-73.98223,40.72785],[-73.97991,40.72687],[-73.98033,40.72628],[-73.98121,40.72507],[-73.98164,40.72449],[-73.98208,40.72388],[-73.98252,40.72328],[-73.98296,40.72267],[-73.98529,40.72365],[-73.9875,40.72458],[-73.98705,40.7252]]]}},{"type":"Feature","properties":{"unit_id":"36047112200","name":"Census Tract 1122 — Kings","native_id":"36047112200","source":"census_tract_2025","adm3_name":"Kings County","adm3_id":"36047","area_sqm":162285,"split":false},"geometry":{"type":"Polygon","coordinates":[[[-73.88991,40.66378],[-73.88811,40.66405],[-73.88556,40.66514],[-73.88331,40.66611],[-73.88186,40.66415],[-73.88681,40.66201],[-73.88838,40.66134],[-73.88979,40.66329],[-73.88991,40.66378]]]}},{"type":"Feature","properties":{"unit_id":"36061024200","name":"Census Tract 242 — New York","native_id":"36061024200","source":"census_tract_2025","adm3_name":"New York County","adm3_id":"36061","area_sqm":347358,"split":false},"geometry":{"type":"Polygon","coordinates":[[[-73.93764,40.80698],[-73.93582,40.8095],[-73.93424,40.81085],[-73.9326,40.81152],[-73.93248,40.80886],[-73.9318,40.80788],[-73.92822,40.80385],[-73.92998,40.80298],[-73.93073,40.80243],[-73.93177,40.80098],[-73.93406,40.80208],[-73.93631,40.80302],[-73.93582,40.8037],[-73.93533,40.80437],[-73.93854,40.80573],[-73.93764,40.80698]]]}},{"type":"Feature","properties":{"unit_id":"36047040400","name":"Census Tract 404 — Kings","native_id":"36047040400","source":"census_tract_2025","adm3_name":"Kings County","adm3_id":"36047","area_sqm":153660,"split":false},"geometry":{"type":"Polygon","coordinates":[[[-73.98913,40.60646],[-73.98597,40.60588],[-73.98493,40.60531],[-73.98446,40.60285],[-73.98402,40.60053],[-73.98357,40.59814],[-73.98449,40.59804],[-73.98549,40.59793],[-73.98588,40.59996],[-73.98685,40.6051],[-73.98913,40.60646]]]}},{"type":"Feature","properties":{"unit_id":"36061004002","name":"Census Tract 40.02 — New York","native_id":"36061004002","source":"census_tract_2025","adm3_name":"New York County","adm3_id":"36061","area_sqm":86590,"split":false},"geometry":{"type":"Polygon","coordinates":[[[-73.98861,40.73132],[-73.98815,40.73197],[-73.98768,40.7326],[-73.98718,40.73329],[-73.98494,40.73235],[-73.98544,40.73166],[-73.98591,40.73102],[-73.98637,40.73038],[-73.98681,40.72978],[-73.98724,40.72919],[-73.98948,40.73013],[-73.98861,40.73132]]]}},{"type":"Feature","properties":{"unit_id":"36047046201","name":"Census Tract 462.01 — Kings","native_id":"36047046201","source":"census_tract_2025","adm3_name":"Kings County","adm3_id":"36047","area_sqm":128315,"split":false},"geometry":{"type":"Polygon","coordinates":[[[-73.97658,40.62757],[-73.97181,40.62987],[-73.97157,40.62999],[-73.97137,40.62897],[-73.97121,40.62809],[-73.97092,40.62657],[-73.97415,40.62622],[-73.97624,40.62598],[-73.97651,40.62729],[-73.97658,40.62757]]]}},{"type":"Feature","properties":{"unit_id":"36047113000","name":"Census Tract 1130 — Kings","native_id":"36047113000","source":"census_tract_2025","adm3_name":"Kings County","adm3_id":"36047","area_sqm":193832,"split":false},"geometry":{"type":"Polygon","coordinates":[[[-73.89908,40.66561],[-73.89723,40.66588],[-73.89632,40.66602],[-73.89592,40.66447],[-73.89553,40.66295],[-73.89515,40.66131],[-73.89469,40.66113],[-73.89328,40.65923],[-73.89617,40.65797],[-73.89697,40.66114],[-73.8979,40.661],[-73.89829,40.66253],[-73.89868,40.66406],[-73.89908,40.66561]]]}},{"type":"Feature","properties":{"unit_id":"36047023300","name":"Census Tract 233 — Kings","native_id":"36047023300","source":"census_tract_2025","adm3_name":"Kings County","adm3_id":"36047","area_sqm":171838,"split":false},"geometry":{"type":"Polygon","coordinates":[[[-73.96029,40.69035],[-73.95943,40.69045],[-73.95727,40.69069],[-73.95541,40.69091],[-73.95512,40.68944],[-73.95483,40.68798],[-73.95468,40.68724],[-73.95684,40.687],[-73.95957,40.68668],[-73.95971,40.68742],[-73.96001,40.68888],[-73.96029,40.69035]]]}},{"type":"Feature","properties":{"unit_id":"36047039500","name":"Census Tract 395 — Kings","native_id":"36047039500","source":"census_tract_2025","adm3_name":"Kings County","adm3_id":"36047","area_sqm":159720,"split":false},"geometry":{"type":"Polygon","coordinates":[[[-73.92781,40.69277],[-73.92648,40.69414],[-73.9275,40.6947],[-73.9265,40.69571],[-73.92575,40.69528],[-73.92499,40.69485],[-73.92425,40.69443],[-73.9235,40.694],[-73.92275,40.69357],[-73.92115,40.6928],[-73.92223,40.69182],[-73.92364,40.6904],[-73.92439,40.69083],[-73.92707,40.69235],[-73.92751,40.6926],[-73.92781,40.69277]]]}},{"type":"Feature","properties":{"unit_id":"36047119800","name":"Census Tract 1198 — Kings","native_id":"36047119800","source":"census_tract_2025","adm3_name":"Kings County","adm3_id":"36047","area_sqm":326903,"split":false},"geometry":{"type":"Polygon","coordinates":[[[-73.89999,40.6769],[-73.89815,40.67777],[-73.8976,40.6781],[-73.89654,40.67859],[-73.89622,40.67736],[-73.89258,40.6779],[-73.89167,40.67803],[-73.88988,40.6783],[-73.88901,40.67856],[-73.88859,40.67696],[-73.88826,40.67562],[-73.88915,40.6755],[-73.89186,40.67509],[-73.89367,40.67482],[-73.8955,40.67455],[-73.89651,40.6744],[-73.89931,40.67398],[-73.89999,40.6769]]]}},{"type":"Feature","properties":{"unit_id":"36047102600","name":"Census Tract 1026 — Kings","native_id":"36047102600","source":"census_tract_2025","adm3_name":"Kings County","adm3_id":"36047","area_sqm":135920,"split":false},"geometry":{"type":"Polygon","coordinates":[[[-73.90051,40.62969],[-73.89763,40.63155],[-73.89686,40.63205],[-73.895,40.63039],[-73.89968,40.62737],[-73.90239,40.6286],[-73.90051,40.62969]]]}},{"type":"Feature","properties":{"unit_id":"36047053700","name":"Census Tract 537 — Kings","native_id":"36047053700","source":"census_tract_2025","adm3_name":"Kings County","adm3_id":"36047","area_sqm":167454,"split":false},"geometry":{"type":"Polygon","coordinates":[[[-73.96284,40.69804],[-73.96237,40.6996],[-73.96218,40.70022],[-73.96145,40.70166],[-73.96034,40.70344],[-73.95989,40.70303],[-73.95869,40.70195],[-73.95807,40.7014],[-73.95746,40.70082],[-73.95723,40.7],[-73.95717,40.69971],[-73.95702,40.69897],[-73.95886,40.69868],[-73.96105,40.69833],[-73.96247,40.6981],[-73.96284,40.69804]]]}},{"type":"Feature","properties":{"unit_id":"36047021400","name":"Census Tract 214 — Kings","native_id":"36047021400","source":"census_tract_2025","adm3_name":"Kings County","adm3_id":"36047","area_sqm":167965,"split":false},"geometry":{"type":"Polygon","coordinates":[[[-74.00662,40.63238],[-74.00556,40.63308],[-74.00411,40.63406],[-74.00399,40.63399],[-74.00176,40.63264],[-73.99956,40.63132],[-74.00014,40.63076],[-74.00135,40.6296],[-74.00168,40.62931],[-74.00193,40.62903],[-74.00702,40.63211],[-74.00662,40.63238]]]}},{"type":"Feature","properties":{"unit_id":"36047055300","name":"Census Tract 553 — Kings","native_id":"36047055300","source":"census_tract_2025","adm3_name":"Kings County","adm3_id":"36047","area_sqm":156271,"split":false},"geometry":{"type":"Polygon","coordinates":[[[-73.96142,40.71638],[-73.95901,40.71864],[-73.95842,40.71919],[-73.95713,40.71839],[-73.95584,40.71759],[-73.95644,40.71703],[-73.95822,40.71537],[-73.9598,40.71389],[-73.96129,40.7145],[-73.96278,40.71511],[-73.96142,40.71638]]]}},{"type":"Feature","properties":{"unit_id":"36061007400","name":"Census Tract 74 — New York","native_id":"36061007400","source":"census_tract_2025","adm3_name":"New York County","adm3_id":"36061","area_sqm":174085,"split":false},"geometry":{"type":"Polygon","coordinates":[[[-73.98595,40.74654],[-73.9855,40.74715],[-73.98408,40.7491],[-73.98247,40.74843],[-73.98085,40.74775],[-73.98136,40.74715],[-73.98228,40.7458],[-73.98273,40.74518],[-73.98363,40.74394],[-73.98408,40.74333],[-73.9857,40.74401],[-73.9873,40.74468],[-73.98595,40.74654]]]}},{"type":"Feature","properties":{"unit_id":"36047043600","name":"Census Tract 436 — Kings","native_id":"36047043600","source":"census_tract_2025","adm3_name":"Kings County","adm3_id":"36047","area_sqm":137521,"split":false},"geometry":{"type":"Polygon","coordinates":[[[-73.98081,40.61445],[-73.97964,40.61556],[-73.97741,40.61422],[-73.97521,40.61288],[-73.97478,40.61264],[-73.97451,40.61126],[-73.97439,40.61058],[-73.97637,40.61177],[-73.97701,40.61117],[-73.97947,40.61267],[-73.98071,40.6134],[-73.98144,40.61384],[-73.98081,40.61445]]]}},{"type":"Feature","properties":{"unit_id":"36047008400","name":"Census Tract 84 — Kings","native_id":"36047008400","source":"census_tract_2025","adm3_name":"Kings County","adm3_id":"36047","area_sqm":243910,"split":false},"geometry":{"type":"Polygon","coordinates":[[[-74.00798,40.65373],[-74.00623,40.6554],[-74.00446,40.65707],[-74.00268,40.65599],[-74.00041,40.65463],[-74.00214,40.65296],[-74.00275,40.65239],[-74.00449,40.65071],[-74.00675,40.65207],[-74.00854,40.6532],[-74.00798,40.65373]]]}},{"type":"Feature","properties":{"unit_id":"36047031701","name":"Census Tract 317.01 — Kings","native_id":"36047031701","source":"census_tract_2025","adm3_name":"Kings County","adm3_id":"36047","area_sqm":139741,"split":false},"geometry":{"type":"Polygon","coordinates":[[[-73.95294,40.67357],[-73.95285,40.67446],[-73.95277,40.67536],[-73.95,40.6752],[-73.94723,40.67505],[-73.94731,40.67416],[-73.9474,40.67327],[-73.94748,40.67238],[-73.95025,40.67253],[-73.95302,40.67268],[-73.95294,40.67357]]]}},{"type":"Feature","properties":{"unit_id":"36047031900","name":"Census Tract 319 — Kings","native_id":"36047031900","source":"census_tract_2025","adm3_name":"Kings County","adm3_id":"36047","area_sqm":151346,"split":false},"geometry":{"type":"Polygon","coordinates":[[[-73.95092,40.6654],[-73.95083,40.66629],[-73.95067,40.66807],[-73.9505,40.66986],[-73.94773,40.66971],[-73.94782,40.66878],[-73.9479,40.66792],[-73.94798,40.66703],[-73.94807,40.66614],[-73.94815,40.66525],[-73.94817,40.66408],[-73.95097,40.6639],[-73.95092,40.6654]]]}},{"type":"Feature","properties":{"unit_id":"36047034100","name":"Census Tract 341 — Kings","native_id":"36047034100","source":"census_tract_2025","adm3_name":"Kings County","adm3_id":"36047","area_sqm":139770,"split":false},"geometry":{"type":"Polygon","coordinates":[[[-73.9474,40.67327],[-73.94731,40.67416],[-73.94723,40.67505],[-73.94446,40.67491],[-73.94169,40.67475],[-73.94186,40.67297],[-73.94195,40.67208],[-73.94471,40.67223],[-73.94748,40.67238],[-73.9474,40.67327]]]}},{"type":"Feature","properties":{"unit_id":"36047006500","name":"Census Tract 65 — Kings","native_id":"36047006500","source":"census_tract_2025","adm3_name":"Kings County","adm3_id":"36047","area_sqm":249988,"split":false},"geometry":{"type":"Polygon","coordinates":[[[-74.0019,40.67894],[-74.00152,40.67975],[-74.00112,40.68057],[-74.00069,40.68146],[-74.00037,40.68213],[-74.00005,40.6828],[-73.99621,40.68172],[-73.99653,40.68106],[-73.99689,40.68032],[-73.99728,40.6795],[-73.99767,40.67868],[-73.99807,40.67787],[-73.99873,40.67649],[-73.99935,40.6752],[-73.99992,40.674],[-74.00121,40.67587],[-74.0007,40.67557],[-74.00154,40.67727],[-74.00226,40.6782],[-74.0019,40.67894]]]}},{"type":"Feature","properties":{"unit_id":"36061023501","name":"Census Tract 235.01 — New York","native_id":"36061023501","source":"census_tract_2025","adm3_name":"New York County","adm3_id":"36061","area_sqm":179045,"split":false},"geometry":{"type":"Polygon","coordinates":[[[-73.94438,40.82965],[-73.94298,40.83157],[-73.94137,40.83089],[-73.94035,40.83046],[-73.94017,40.83038],[-73.93859,40.82972],[-73.93925,40.8283],[-73.9406,40.82641],[-73.94154,40.82682],[-73.94245,40.82721],[-73.9439,40.82782],[-73.94529,40.8284],[-73.94438,40.82965]]]}},{"type":"Feature","properties":{"unit_id":"36047036502","name":"Census Tract 365.02 — Kings","native_id":"36047036502","source":"census_tract_2025","adm3_name":"Kings County","adm3_id":"36047","area_sqm":122056,"split":false},"geometry":{"type":"Polygon","coordinates":[[[-73.91107,40.67476],[-73.90831,40.6746],[-73.90809,40.67619],[-73.90712,40.67625],[-73.90346,40.67602],[-73.90254,40.67588],[-73.90348,40.67551],[-73.90788,40.67357],[-73.90926,40.67295],[-73.91122,40.67315],[-73.91107,40.67476]]]}},{"type":"Feature","properties":{"unit_id":"36047025200","name":"Census Tract 252 — Kings","native_id":"36047025200","source":"census_tract_2025","adm3_name":"Kings County","adm3_id":"36047","area_sqm":181275,"split":false},"geometry":{"type":"Polygon","coordinates":[[[-73.99492,40.62199],[-73.99429,40.6226],[-73.99184,40.62111],[-73.98957,40.61974],[-73.98744,40.61845],[-73.98807,40.61785],[-73.98869,40.61725],[-73.9908,40.61852],[-73.99152,40.61782],[-73.99388,40.61916],[-73.99639,40.62058],[-73.99492,40.62199]]]}},{"type":"Feature","properties":{"unit_id":"36047013500","name":"Census Tract 135 — Kings","native_id":"36047013500","source":"census_tract_2025","adm3_name":"Kings County","adm3_id":"36047","area_sqm":151867,"split":false},"geometry":{"type":"Polygon","coordinates":[[[-73.98571,40.67397],[-73.9847,40.67517],[-73.98228,40.674],[-73.97992,40.67286],[-73.98042,40.67226],[-73.98092,40.67166],[-73.98143,40.67105],[-73.98193,40.67045],[-73.98429,40.67159],[-73.98671,40.67277],[-73.98571,40.67397]]]}},{"type":"Feature","properties":{"unit_id":"36047085600","name":"Census Tract 856 — Kings","native_id":"36047085600","source":"census_tract_2025","adm3_name":"Kings County","adm3_id":"36047","area_sqm":158628,"split":false},"geometry":{"type":"Polygon","coordinates":[[[-73.94667,40.65095],[-73.94571,40.65101],[-73.9438,40.65111],[-73.94283,40.65111],[-73.94263,40.64934],[-73.94305,40.64931],[-73.94352,40.64854],[-73.94337,40.64711],[-73.94434,40.64708],[-73.94417,40.64543],[-73.94607,40.64531],[-73.94626,40.64701],[-73.94667,40.65095]]]}},{"type":"Feature","properties":{"unit_id":"36047026300","name":"Census Tract 263 — Kings","native_id":"36047026300","source":"census_tract_2025","adm3_name":"Kings County","adm3_id":"36047","area_sqm":119604,"split":false},"geometry":{"type":"Polygon","coordinates":[[[-73.94818,40.69024],[-73.94252,40.69089],[-73.94237,40.69016],[-73.94222,40.68943],[-73.94208,40.6887],[-73.94775,40.68804],[-73.94789,40.68878],[-73.94818,40.69024]]]}},{"type":"Feature","properties":{"unit_id":"36047116400","name":"Census Tract 1164 — Kings","native_id":"36047116400","source":"census_tract_2025","adm3_name":"Kings County","adm3_id":"36047","area_sqm":181563,"split":false},"geometry":{"type":"Polygon","coordinates":[[[-73.88389,40.67236],[-73.87957,40.67299],[-73.87925,40.67173],[-73.87887,40.67019],[-73.87849,40.66866],[-73.88278,40.66803],[-73.88317,40.66956],[-73.88357,40.6711],[-73.88389,40.67236]]]}},{"type":"Feature","properties":{"unit_id":"36047006902","name":"Census Tract 69.02 — Kings","native_id":"36047006902","source":"census_tract_2025","adm3_name":"Kings County","adm3_id":"36047","area_sqm":104645,"split":false},"geometry":{"type":"Polygon","coordinates":[[[-73.99441,40.68545],[-73.99409,40.68611],[-73.99393,40.68645],[-73.99133,40.68545],[-73.98913,40.68459],[-73.98956,40.68396],[-73.99042,40.68269],[-73.99262,40.68354],[-73.9949,40.68443],[-73.99441,40.68545]]]}},{"type":"Feature","properties":{"unit_id":"36047088002","name":"Census Tract 880.02 — Kings","native_id":"36047088002","source":"census_tract_2025","adm3_name":"Kings County","adm3_id":"36047","area_sqm":101053,"split":false},"geometry":{"type":"Polygon","coordinates":[[[-73.93161,40.66356],[-73.93068,40.66362],[-73.92828,40.66145],[-73.92646,40.65981],[-73.92819,40.66018],[-73.92817,40.65848],[-73.92914,40.65842],[-73.92939,40.66072],[-73.93133,40.66059],[-73.93141,40.66133],[-73.93161,40.66356]]]}},{"type":"Feature","properties":{"unit_id":"36047119400","name":"Census Tract 1194 — Kings","native_id":"36047119400","source":"census_tract_2025","adm3_name":"Kings County","adm3_id":"36047","area_sqm":182841,"split":false},"geometry":{"type":"Polygon","coordinates":[[[-73.87988,40.67426],[-73.87528,40.67492],[-73.87496,40.67365],[-73.87462,40.67239],[-73.87423,40.67086],[-73.87887,40.67019],[-73.87925,40.67173],[-73.87957,40.67299],[-73.87988,40.67426]]]}},{"type":"Feature","properties":{"unit_id":"36061018900","name":"Census Tract 189 — New York","native_id":"36061018900","source":"census_tract_2025","adm3_name":"New York County","adm3_id":"36061","area_sqm":265404,"split":false},"geometry":{"type":"Polygon","coordinates":[[[-73.96804,40.79725],[-73.96757,40.79787],[-73.96666,40.79913],[-73.96571,40.80044],[-73.96287,40.79924],[-73.96148,40.79865],[-73.96004,40.79804],[-73.96144,40.79611],[-73.96283,40.7942],[-73.9643,40.79479],[-73.96563,40.79546],[-73.96848,40.79664],[-73.96804,40.79725]]]}},{"type":"Feature","properties":{"unit_id":"36047008000","name":"Census Tract 80 — Kings","native_id":"36047008000","source":"census_tract_2025","adm3_name":"Kings County","adm3_id":"36047","area_sqm":139115,"split":false},"geometry":{"type":"Polygon","coordinates":[[[-74.01263,40.64923],[-74.01148,40.65036],[-74.01091,40.65094],[-74.00682,40.64847],[-74.00799,40.64734],[-74.00915,40.64623],[-74.01141,40.64759],[-74.01317,40.64865],[-74.01263,40.64923]]]}},{"type":"Feature","properties":{"unit_id":"36061012800","name":"Census Tract 128 — New York","native_id":"36061012800","source":"census_tract_2025","adm3_name":"New York County","adm3_id":"36061","area_sqm":178794,"split":false},"geometry":{"type":"Polygon","coordinates":[[[-73.96333,40.77179],[-73.96286,40.77242],[-73.96147,40.77432],[-73.95986,40.77364],[-73.95825,40.77296],[-73.95872,40.77233],[-73.95964,40.77106],[-73.9606,40.76975],[-73.9611,40.76906],[-73.96156,40.76844],[-73.96316,40.76911],[-73.96478,40.7698],[-73.96333,40.77179]]]}},{"type":"Feature","properties":{"unit_id":"36047007000","name":"Census Tract 70 — Kings","native_id":"36047007000","source":"census_tract_2025","adm3_name":"Kings County","adm3_id":"36047","area_sqm":149197,"split":false},"geometry":{"type":"Polygon","coordinates":[[[-74.028,40.63815],[-74.02762,40.6388],[-74.02686,40.63954],[-74.02475,40.63812],[-74.02354,40.63931],[-74.02311,40.64],[-74.02116,40.64142],[-74.02177,40.64041],[-74.02109,40.63826],[-74.02263,40.6368],[-74.02291,40.63611],[-74.02547,40.63714],[-74.02567,40.63667],[-74.02828,40.63747],[-74.028,40.63815]]]}},{"type":"Feature","properties":{"unit_id":"36061016600","name":"Census Tract 166 — New York","native_id":"36061016600","source":"census_tract_2025","adm3_name":"New York County","adm3_id":"36061","area_sqm":174220,"split":false},"geometry":{"type":"Polygon","coordinates":[[[-73.95024,40.78974],[-73.94977,40.79037],[-73.9493,40.791],[-73.94839,40.79226],[-73.94677,40.79157],[-73.94517,40.79089],[-73.94564,40.79025],[-73.94609,40.78964],[-73.94656,40.789],[-73.947,40.78838],[-73.94792,40.78712],[-73.94838,40.7865],[-73.95161,40.78786],[-73.95024,40.78974]]]}},{"type":"Feature","properties":{"unit_id":"36047004900","name":"Census Tract 49 — Kings","native_id":"36047004900","source":"census_tract_2025","adm3_name":"Kings County","adm3_id":"36047","area_sqm":97531,"split":false},"geometry":{"type":"Polygon","coordinates":[[[-73.9997,40.6872],[-73.99907,40.6885],[-73.99779,40.69119],[-73.99623,40.69076],[-73.99687,40.68943],[-73.99756,40.688],[-73.99819,40.6867],[-73.99908,40.68482],[-74.00064,40.68525],[-73.9997,40.6872]]]}},{"type":"Feature","properties":{"unit_id":"36047029900","name":"Census Tract 299 — Kings","native_id":"36047029900","source":"census_tract_2025","adm3_name":"Kings County","adm3_id":"36047","area_sqm":142218,"split":false},"geometry":{"type":"Polygon","coordinates":[[[-73.9302,40.67803],[-73.92906,40.67928],[-73.92527,40.67907],[-73.92459,40.67903],[-73.92165,40.67887],[-73.92171,40.67812],[-73.92182,40.67702],[-73.92476,40.67717],[-73.92659,40.67728],[-73.93032,40.67748],[-73.9302,40.67803]]]}},{"type":"Feature","properties":{"unit_id":"36047078601","name":"Census Tract 786.01 — Kings","native_id":"36047078601","source":"census_tract_2025","adm3_name":"Kings County","adm3_id":"36047","area_sqm":87141,"split":false},"geometry":{"type":"Polygon","coordinates":[[[-73.94992,40.63615],[-73.94801,40.63627],[-73.94777,40.634],[-73.94587,40.63412],[-73.94562,40.63178],[-73.94648,40.63171],[-73.94882,40.6339],[-73.94945,40.63451],[-73.9511,40.63607],[-73.94992,40.63615]]]}},{"type":"Feature","properties":{"unit_id":"36047055200","name":"Census Tract 552 — Kings","native_id":"36047055200","source":"census_tract_2025","adm3_name":"Kings County","adm3_id":"36047","area_sqm":167669,"split":false},"geometry":{"type":"Polygon","coordinates":[[[-73.95859,40.6104],[-73.95767,40.6105],[-73.95574,40.61071],[-73.9548,40.61082],[-73.95392,40.60622],[-73.95487,40.60611],[-73.95583,40.60601],[-73.95772,40.6058],[-73.95859,40.6104]]]}},{"type":"Feature","properties":{"unit_id":"36061026500","name":"Census Tract 265 — New York","native_id":"36061026500","source":"census_tract_2025","adm3_name":"New York County","adm3_id":"36061","area_sqm":195037,"split":false},"geometry":{"type":"Polygon","coordinates":[[[-73.94319,40.84976],[-73.9428,40.85117],[-73.94204,40.85193],[-73.94029,40.85132],[-73.93924,40.85118],[-73.93828,40.85091],[-73.93666,40.85045],[-73.93575,40.85017],[-73.9364,40.84954],[-73.93707,40.84894],[-73.93767,40.84839],[-73.93804,40.84756],[-73.93952,40.84784],[-73.94205,40.84832],[-73.94407,40.84785],[-73.94319,40.84976]]]}},{"type":"Feature","properties":{"unit_id":"36047027600","name":"Census Tract 276 — Kings","native_id":"36047027600","source":"census_tract_2025","adm3_name":"Kings County","adm3_id":"36047","area_sqm":149396,"split":false},"geometry":{"type":"Polygon","coordinates":[[[-74.0013,40.61107],[-74.00107,40.61183],[-74.00091,40.61239],[-74.00074,40.61256],[-73.99958,40.61367],[-73.99717,40.61221],[-73.99831,40.61108],[-73.99634,40.60989],[-73.99692,40.60934],[-73.9975,40.60878],[-73.99945,40.60995],[-74.00002,40.60939],[-74.00093,40.60864],[-74.00266,40.60957],[-74.0013,40.61107]]]}},{"type":"Feature","properties":{"unit_id":"36047112400","name":"Census Tract 1124 — Kings","native_id":"36047112400","source":"census_tract_2025","adm3_name":"Kings County","adm3_id":"36047","area_sqm":177849,"split":false},"geometry":{"type":"Polygon","coordinates":[[[-73.89069,40.66685],[-73.88977,40.66699],[-73.88889,40.66712],[-73.88618,40.66752],[-73.8836,40.6679],[-73.88315,40.66618],[-73.88331,40.66611],[-73.88556,40.66514],[-73.88811,40.66405],[-73.88991,40.66378],[-73.89069,40.66685]]]}},{"type":"Feature","properties":{"unit_id":"36061009700","name":"Census Tract 97 — New York","native_id":"36061009700","source":"census_tract_2025","adm3_name":"New York County","adm3_id":"36061","area_sqm":172933,"split":false},"geometry":{"type":"Polygon","coordinates":[[[-74.00097,40.75205],[-73.99812,40.7509],[-73.9953,40.74967],[-73.99575,40.74905],[-73.9971,40.74721],[-73.99792,40.74755],[-73.99924,40.74811],[-73.99994,40.7484],[-74.00279,40.74959],[-74.00097,40.75205]]]}},{"type":"Feature","properties":{"unit_id":"36061018400","name":"Census Tract 184 — New York","native_id":"36061018400","source":"census_tract_2025","adm3_name":"New York County","adm3_id":"36061","area_sqm":176581,"split":false},"geometry":{"type":"Polygon","coordinates":[[[-73.94697,40.79996],[-73.94597,40.80134],[-73.94505,40.8026],[-73.94344,40.80192],[-73.94182,40.80124],[-73.94274,40.79998],[-73.94374,40.79862],[-73.9451,40.79676],[-73.9467,40.79745],[-73.94831,40.79813],[-73.94697,40.79996]]]}},{"type":"Feature","properties":{"unit_id":"36061018600","name":"Census Tract 186 — New York","native_id":"36061018600","source":"census_tract_2025","adm3_name":"New York County","adm3_id":"36061","area_sqm":121738,"split":false},"geometry":{"type":"Polygon","coordinates":[[[-73.95202,40.79883],[-73.95153,40.79946],[-73.95064,40.80072],[-73.95019,40.80133],[-73.94863,40.80067],[-73.94697,40.79996],[-73.94831,40.79813],[-73.94879,40.79748],[-73.94922,40.79691],[-73.9496,40.79705],[-73.95248,40.79825],[-73.95202,40.79883]]]}},{"type":"Feature","properties":{"unit_id":"36047038100","name":"Census Tract 381 — Kings","native_id":"36047038100","source":"census_tract_2025","adm3_name":"Kings County","adm3_id":"36047","area_sqm":239524,"split":false},"geometry":{"type":"Polygon","coordinates":[[[-73.92865,40.67975],[-73.92873,40.68124],[-73.92901,40.6827],[-73.9261,40.68304],[-73.92281,40.68341],[-73.92267,40.68268],[-73.92254,40.68194],[-73.92243,40.68121],[-73.92213,40.67974],[-73.92165,40.67887],[-73.92459,40.67903],[-73.92527,40.67907],[-73.92906,40.67928],[-73.92865,40.67975]]]}},{"type":"Feature","properties":{"unit_id":"36047016800","name":"Census Tract 168 — Kings","native_id":"36047016800","source":"census_tract_2025","adm3_name":"Kings County","adm3_id":"36047","area_sqm":168296,"split":false},"geometry":{"type":"Polygon","coordinates":[[[-74.01898,40.60277],[-74.0155,40.60684],[-74.0147,40.60642],[-74.01237,40.60521],[-74.01475,40.60216],[-74.01534,40.60237],[-74.01767,40.60247],[-74.01852,40.60251],[-74.01898,40.60277]]]}},{"type":"Feature","properties":{"unit_id":"36047024200","name":"Census Tract 242 — Kings","native_id":"36047024200","source":"census_tract_2025","adm3_name":"Kings County","adm3_id":"36047","area_sqm":191453,"split":false},"geometry":{"type":"Polygon","coordinates":[[[-73.99634,40.62844],[-73.99612,40.62923],[-73.99516,40.62866],[-73.99076,40.626],[-73.9883,40.62451],[-73.99009,40.62279],[-73.99255,40.62427],[-73.99433,40.62534],[-73.99465,40.6257],[-73.99679,40.62683],[-73.99634,40.62844]]]}},{"type":"Feature","properties":{"unit_id":"36047043400","name":"Census Tract 434 — Kings","native_id":"36047043400","source":"census_tract_2025","adm3_name":"Kings County","adm3_id":"36047","area_sqm":139658,"split":false},"geometry":{"type":"Polygon","coordinates":[[[-73.97947,40.61267],[-73.97701,40.61117],[-73.97637,40.61177],[-73.97439,40.61058],[-73.97403,40.6087],[-73.97592,40.60849],[-73.97777,40.60829],[-73.9787,40.60819],[-73.97947,40.61267]]]}},{"type":"Feature","properties":{"unit_id":"36047115800","name":"Census Tract 1158 — Kings","native_id":"36047115800","source":"census_tract_2025","adm3_name":"Kings County","adm3_id":"36047","area_sqm":154981,"split":false},"geometry":{"type":"Polygon","coordinates":[[[-73.89456,40.67077],[-73.89271,40.67105],[-73.89088,40.67132],[-73.89056,40.67006],[-73.89016,40.66852],[-73.88977,40.66699],[-73.89069,40.66685],[-73.89253,40.66658],[-73.89345,40.66645],[-73.89384,40.66798],[-73.89423,40.66952],[-73.89456,40.67077]]]}},{"type":"Feature","properties":{"unit_id":"36047050300","name":"Census Tract 503 — Kings","native_id":"36047050300","source":"census_tract_2025","adm3_name":"Kings County","adm3_id":"36047","area_sqm":125307,"split":false},"geometry":{"type":"Polygon","coordinates":[[[-73.94937,40.71407],[-73.94772,40.71422],[-73.94607,40.71437],[-73.94595,40.71364],[-73.9456,40.71148],[-73.94548,40.71074],[-73.94697,40.70989],[-73.94866,40.70972],[-73.94889,40.71117],[-73.94937,40.71407]]]}},{"type":"Feature","properties":{"unit_id":"36061008601","name":"Census Tract 86.01 — New York","native_id":"36061008601","source":"census_tract_2025","adm3_name":"New York County","adm3_id":"36061","area_sqm":125340,"split":false},"geometry":{"type":"Polygon","coordinates":[[[-73.97258,40.74507],[-73.97166,40.7463],[-73.97123,40.74692],[-73.97078,40.74754],[-73.97045,40.74821],[-73.96999,40.74887],[-73.9677,40.74787],[-73.96021,40.74451],[-73.96051,40.74411],[-73.96056,40.74402],[-73.96138,40.7428],[-73.96262,40.73903],[-73.97157,40.74299],[-73.97223,40.74325],[-73.97351,40.74378],[-73.97258,40.74507]]]}},{"type":"Feature","properties":{"unit_id":"36047006400","name":"Census Tract 64 — Kings","native_id":"36047006400","source":"census_tract_2025","adm3_name":"Kings County","adm3_id":"36047","area_sqm":203176,"split":false},"geometry":{"type":"Polygon","coordinates":[[[-74.03196,40.62847],[-74.03136,40.62993],[-74.03076,40.63139],[-74.02536,40.63011],[-74.02596,40.62865],[-74.02626,40.62792],[-74.02656,40.62719],[-74.02686,40.62646],[-74.03226,40.62774],[-74.03196,40.62847]]]}},{"type":"Feature","properties":{"unit_id":"36047105801","name":"Census Tract 1058.01 — Kings","native_id":"36047105801","source":"census_tract_2025","adm3_name":"Kings County","adm3_id":"36047","area_sqm":418443,"split":false},"geometry":{"type":"Polygon","coordinates":[[[-73.88628,40.65276],[-73.88465,40.65345],[-73.88221,40.6545],[-73.88172,40.65375],[-73.87844,40.64933],[-73.8761,40.64621],[-73.87489,40.64509],[-73.87608,40.64329],[-73.87729,40.64384],[-73.88148,40.6476],[-73.88241,40.64844],[-73.88411,40.64996],[-73.88481,40.65076],[-73.88628,40.65276]]]}},{"type":"Feature","properties":{"unit_id":"36047038300","name":"Census Tract 383 — Kings","native_id":"36047038300","source":"census_tract_2025","adm3_name":"Kings County","adm3_id":"36047","area_sqm":174539,"split":false},"geometry":{"type":"Polygon","coordinates":[[[-73.92959,40.68563],[-73.9234,40.68635],[-73.92325,40.68561],[-73.9231,40.68488],[-73.92296,40.68415],[-73.92281,40.68341],[-73.9261,40.68304],[-73.92901,40.6827],[-73.92916,40.68344],[-73.92931,40.68417],[-73.92945,40.6849],[-73.92959,40.68563]]]}},{"type":"Feature","properties":{"unit_id":"36047075400","name":"Census Tract 754 — Kings","native_id":"36047075400","source":"census_tract_2025","adm3_name":"Kings County","adm3_id":"36047","area_sqm":173457,"split":false},"geometry":{"type":"Polygon","coordinates":[[[-73.95305,40.62366],[-73.9502,40.62397],[-73.94927,40.62407],[-73.94882,40.62168],[-73.94837,40.61929],[-73.95026,40.61908],[-73.95215,40.61888],[-73.95261,40.62127],[-73.95305,40.62366]]]}},{"type":"Feature","properties":{"unit_id":"36047038800","name":"Census Tract 388 — Kings","native_id":"36047038800","source":"census_tract_2025","adm3_name":"Kings County","adm3_id":"36047","area_sqm":197933,"split":false},"geometry":{"type":"Polygon","coordinates":[[[-73.97177,40.59511],[-73.97011,40.59496],[-73.96923,40.59526],[-73.9683,40.59536],[-73.96738,40.59546],[-73.96652,40.59095],[-73.96744,40.59085],[-73.96837,40.59075],[-73.97022,40.59054],[-73.97115,40.59044],[-73.97155,40.59256],[-73.97178,40.59376],[-73.97177,40.59511]]]}},{"type":"Feature","properties":{"unit_id":"36061011401","name":"Census Tract 114.01 — New York","native_id":"36061011401","source":"census_tract_2025","adm3_name":"New York County","adm3_id":"36061","area_sqm":98508,"split":false},"geometry":{"type":"Polygon","coordinates":[[[-73.97302,40.76428],[-73.97119,40.76677],[-73.96958,40.76609],[-73.96797,40.76541],[-73.9698,40.76291],[-73.97141,40.76359],[-73.97302,40.76428]]]}},{"type":"Feature","properties":{"unit_id":"36047009402","name":"Census Tract 94.02 — Kings","native_id":"36047009402","source":"census_tract_2025","adm3_name":"Kings County","adm3_id":"36047","area_sqm":75543,"split":false},"geometry":{"type":"Polygon","coordinates":[[[-74.00196,40.6428],[-74.00138,40.64336],[-74.00021,40.64448],[-73.99801,40.64315],[-73.99918,40.64203],[-73.99976,40.64147],[-74.00034,40.6409],[-74.00254,40.64224],[-74.00196,40.6428]]]}},{"type":"Feature","properties":{"unit_id":"36047117000","name":"Census Tract 1170 — Kings","native_id":"36047117000","source":"census_tract_2025","adm3_name":"Kings County","adm3_id":"36047","area_sqm":153809,"split":false},"geometry":{"type":"Polygon","coordinates":[[[-73.88901,40.67856],[-73.8873,40.6791],[-73.88467,40.67994],[-73.8842,40.67809],[-73.8837,40.67823],[-73.88323,40.67637],[-73.88485,40.67613],[-73.88826,40.67562],[-73.88859,40.67696],[-73.88901,40.67856]]]}},{"type":"Feature","properties":{"unit_id":"36047120802","name":"Census Tract 1208.02 — Kings","native_id":"36047120802","source":"census_tract_2025","adm3_name":"Kings County","adm3_id":"36047","area_sqm":117296,"split":false},"geometry":{"type":"Polygon","coordinates":[[[-73.86667,40.67354],[-73.86392,40.67394],[-73.86321,40.67102],[-73.86284,40.66952],[-73.86555,40.66912],[-73.86593,40.67062],[-73.86628,40.67201],[-73.86667,40.67354]]]}},{"type":"Feature","properties":{"unit_id":"36047013200","name":"Census Tract 132 — Kings","native_id":"36047013200","source":"census_tract_2025","adm3_name":"Kings County","adm3_id":"36047","area_sqm":155778,"split":false},"geometry":{"type":"Polygon","coordinates":[[[-74.01784,40.62659],[-74.01634,40.63029],[-74.01605,40.63103],[-74.0149,40.63035],[-74.01214,40.62868],[-74.01286,40.62821],[-74.01357,40.62773],[-74.01649,40.62577],[-74.01726,40.62527],[-74.01888,40.6243],[-74.01784,40.62659]]]}},{"type":"Feature","properties":{"unit_id":"36047044800","name":"Census Tract 448 — Kings","native_id":"36047044800","source":"census_tract_2025","adm3_name":"Kings County","adm3_id":"36047","area_sqm":224533,"split":false},"geometry":{"type":"Polygon","coordinates":[[[-73.97738,40.61788],[-73.97538,40.62079],[-73.9753,40.62091],[-73.97481,40.61837],[-73.97198,40.61973],[-73.96978,40.62056],[-73.96911,40.61701],[-73.97141,40.61676],[-73.97336,40.61654],[-73.97563,40.61595],[-73.97785,40.61729],[-73.97738,40.61788]]]}},{"type":"Feature","properties":{"unit_id":"36061017000","name":"Census Tract 170 — New York","native_id":"36061017000","source":"census_tract_2025","adm3_name":"New York County","adm3_id":"36061","area_sqm":182917,"split":false},"geometry":{"type":"Polygon","coordinates":[[[-73.94517,40.79089],[-73.94468,40.79157],[-73.94372,40.79287],[-73.94327,40.79349],[-73.94103,40.79255],[-73.93865,40.79156],[-73.93913,40.79091],[-73.93956,40.79032],[-73.94007,40.78963],[-73.94056,40.78895],[-73.94102,40.78832],[-73.9434,40.78931],[-73.94564,40.79025],[-73.94517,40.79089]]]}},{"type":"Feature","properties":{"unit_id":"36061008800","name":"Census Tract 88 — New York","native_id":"36061008800","source":"census_tract_2025","adm3_name":"New York County","adm3_id":"36061","area_sqm":179257,"split":false},"geometry":{"type":"Polygon","coordinates":[[[-73.97584,40.74886],[-73.97445,40.75077],[-73.9735,40.75207],[-73.97126,40.75112],[-73.96891,40.75011],[-73.96932,40.74952],[-73.96999,40.74887],[-73.97045,40.74821],[-73.97078,40.74754],[-73.97123,40.74692],[-73.97359,40.74792],[-73.97497,40.7485],[-73.97584,40.74886]]]}},{"type":"Feature","properties":{"unit_id":"36047016000","name":"Census Tract 160 — Kings","native_id":"36047016000","source":"census_tract_2025","adm3_name":"Kings County","adm3_id":"36047","area_sqm":258630,"split":false},"geometry":{"type":"Polygon","coordinates":[[[-74.0293,40.6179],[-74.0282,40.61917],[-74.02956,40.61983],[-74.02892,40.6214],[-74.02835,40.6228],[-74.02621,40.62149],[-74.02447,40.62044],[-74.02293,40.6195],[-74.02462,40.61739],[-74.02573,40.61605],[-74.0263,40.61633],[-74.0275,40.61696],[-74.0287,40.61563],[-74.03048,40.61652],[-74.0293,40.6179]]]}},{"type":"Feature","properties":{"unit_id":"36047056000","name":"Census Tract 560 — Kings","native_id":"36047056000","source":"census_tract_2025","adm3_name":"Kings County","adm3_id":"36047","area_sqm":184752,"split":false},"geometry":{"type":"Polygon","coordinates":[[[-73.95392,40.60622],[-73.95272,40.60635],[-73.95076,40.60657],[-73.94984,40.60667],[-73.94895,40.60195],[-73.94987,40.60185],[-73.95183,40.60164],[-73.95304,40.60151],[-73.95392,40.60622]]]}},{"type":"Feature","properties":{"unit_id":"36061015601","name":"Census Tract 156.01 — New York","native_id":"36061015601","source":"census_tract_2025","adm3_name":"New York County","adm3_id":"36061","area_sqm":73562,"split":false},"geometry":{"type":"Polygon","coordinates":[[[-73.94982,40.78452],[-73.94933,40.78519],[-73.94893,40.78502],[-73.94707,40.78424],[-73.94472,40.78325],[-73.94521,40.78257],[-73.94567,40.78195],[-73.94804,40.78294],[-73.95028,40.78389],[-73.94982,40.78452]]]}},{"type":"Feature","properties":{"unit_id":"36061011900","name":"Census Tract 119 — New York","native_id":"36061011900","source":"census_tract_2025","adm3_name":"New York County","adm3_id":"36061","area_sqm":177591,"split":false},"geometry":{"type":"Polygon","coordinates":[[[-73.98884,40.75853],[-73.98793,40.75979],[-73.98532,40.75869],[-73.98508,40.75859],[-73.98226,40.75739],[-73.98412,40.75484],[-73.98695,40.75604],[-73.98979,40.75723],[-73.98884,40.75853]]]}},{"type":"Feature","properties":{"unit_id":"36047099600","name":"Census Tract 996 — Kings","native_id":"36047099600","source":"census_tract_2025","adm3_name":"Kings County","adm3_id":"36047","area_sqm":189693,"split":false},"geometry":{"type":"Polygon","coordinates":[[[-73.90995,40.63482],[-73.90778,40.63622],[-73.90595,40.63457],[-73.90415,40.63295],[-73.90735,40.63083],[-73.90894,40.63162],[-73.9096,40.6322],[-73.91144,40.63386],[-73.90995,40.63482]]]}},{"type":"Feature","properties":{"unit_id":"36047004400","name":"Census Tract 44 — Kings","native_id":"36047004400","source":"census_tract_2025","adm3_name":"Kings County","adm3_id":"36047","area_sqm":419483,"split":false},"geometry":{"type":"Polygon","coordinates":[[[-74.03929,40.63381],[-74.03693,40.63364],[-74.03315,40.63273],[-74.03047,40.6321],[-74.03076,40.63139],[-74.03136,40.62993],[-74.03196,40.62847],[-74.03226,40.62774],[-74.03494,40.62837],[-74.03792,40.62828],[-74.04088,40.62892],[-74.03929,40.63381]]]}},{"type":"Feature","properties":{"unit_id":"36061010803","name":"Census Tract 108.03 — New York","native_id":"36061010803","source":"census_tract_2025","adm3_name":"New York County","adm3_id":"36061","area_sqm":54399,"split":false},"geometry":{"type":"Polygon","coordinates":[[[-73.96753,40.76026],[-73.96658,40.76155],[-73.96431,40.7606],[-73.96529,40.75931],[-73.96578,40.75863],[-73.96802,40.75958],[-73.96753,40.76026]]]}},{"type":"Feature","properties":{"unit_id":"36047050700","name":"Census Tract 507 — Kings","native_id":"36047050700","source":"census_tract_2025","adm3_name":"Kings County","adm3_id":"36047","area_sqm":174429,"split":false},"geometry":{"type":"Polygon","coordinates":[[[-73.95129,40.70092],[-73.94938,40.70216],[-73.94705,40.70366],[-73.94585,40.70299],[-73.94401,40.70196],[-73.9422,40.70089],[-73.94193,40.70072],[-73.94439,40.70043],[-73.95009,40.69979],[-73.95076,40.70045],[-73.95129,40.70092]]]}},{"type":"Feature","properties":{"unit_id":"36061015401","name":"Census Tract 154.01 — New York","native_id":"36061015401","source":"census_tract_2025","adm3_name":"New York County","adm3_id":"36061","area_sqm":70965,"split":false},"geometry":{"type":"Polygon","coordinates":[[[-73.95212,40.78139],[-73.95166,40.78201],[-73.95028,40.78142],[-73.94942,40.78106],[-73.94705,40.78006],[-73.94751,40.77944],[-73.94797,40.77881],[-73.95034,40.77981],[-73.95257,40.78075],[-73.95212,40.78139]]]}},{"type":"Feature","properties":{"unit_id":"36047092400","name":"Census Tract 924 — Kings","native_id":"36047092400","source":"census_tract_2025","adm3_name":"Kings County","adm3_id":"36047","area_sqm":251687,"split":false},"geometry":{"type":"Polygon","coordinates":[[[-73.91404,40.6709],[-73.91134,40.67208],[-73.91107,40.67095],[-73.91074,40.66969],[-73.91009,40.66715],[-73.9097,40.66563],[-73.90931,40.6641],[-73.90892,40.66255],[-73.90986,40.66241],[-73.91173,40.66213],[-73.91212,40.66367],[-73.91252,40.66521],[-73.91291,40.66675],[-73.91356,40.66926],[-73.91404,40.6709]]]}},{"type":"Feature","properties":{"unit_id":"36047008600","name":"Census Tract 86 — Kings","native_id":"36047008600","source":"census_tract_2025","adm3_name":"Kings County","adm3_id":"36047","area_sqm":113543,"split":false},"geometry":{"type":"Polygon","coordinates":[[[-74.00566,40.64958],[-74.00507,40.65015],[-74.00287,40.64882],[-74.00066,40.64749],[-74.00125,40.64693],[-74.00241,40.64581],[-74.00462,40.64713],[-74.00682,40.64847],[-74.00566,40.64958]]]}},{"type":"Feature","properties":{"unit_id":"36047054400","name":"Census Tract 544 — Kings","native_id":"36047054400","source":"census_tract_2025","adm3_name":"Kings County","adm3_id":"36047","area_sqm":190006,"split":false},"geometry":{"type":"Polygon","coordinates":[[[-73.95958,40.61562],[-73.95865,40.61572],[-73.95673,40.61593],[-73.95579,40.61604],[-73.95528,40.61337],[-73.9548,40.61082],[-73.95574,40.61071],[-73.95767,40.6105],[-73.95859,40.6104],[-73.95908,40.61296],[-73.95958,40.61562]]]}},{"type":"Feature","properties":{"unit_id":"36061023100","name":"Census Tract 231 — New York","native_id":"36061023100","source":"census_tract_2025","adm3_name":"New York County","adm3_id":"36061","area_sqm":182674,"split":false},"geometry":{"type":"Polygon","coordinates":[[[-73.94712,40.8259],[-73.9462,40.82715],[-73.94529,40.8284],[-73.9439,40.82782],[-73.94245,40.82721],[-73.94154,40.82682],[-73.9406,40.82641],[-73.94292,40.82326],[-73.94384,40.82365],[-73.94476,40.82403],[-73.94622,40.82465],[-73.9476,40.82523],[-73.94712,40.8259]]]}},{"type":"Feature","properties":{"unit_id":"36047020500","name":"Census Tract 205 — Kings","native_id":"36047020500","source":"census_tract_2025","adm3_name":"Kings County","adm3_id":"36047","area_sqm":159711,"split":false},"geometry":{"type":"Polygon","coordinates":[[[-73.96886,40.67766],[-73.96854,40.67854],[-73.96823,40.67942],[-73.96534,40.67882],[-73.9639,40.67852],[-73.96223,40.67817],[-73.96255,40.67729],[-73.96286,40.67641],[-73.96318,40.67553],[-73.96333,40.67556],[-73.9663,40.67618],[-73.96918,40.67679],[-73.96886,40.67766]]]}},{"type":"Feature","properties":{"unit_id":"36061014402","name":"Census Tract 144.02 — New York","native_id":"36061014402","source":"census_tract_2025","adm3_name":"New York County","adm3_id":"36061","area_sqm":176870,"split":false},"geometry":{"type":"Polygon","coordinates":[[[-73.94888,40.77755],[-73.94842,40.77818],[-73.94797,40.77881],[-73.94571,40.77786],[-73.94338,40.77687],[-73.94223,40.77757],[-73.94194,40.77603],[-73.94434,40.77311],[-73.94573,40.77362],[-73.94527,40.77425],[-73.94477,40.77494],[-73.94712,40.77593],[-73.94937,40.77688],[-73.94888,40.77755]]]}},{"type":"Feature","properties":{"unit_id":"36047090600","name":"Census Tract 906 — Kings","native_id":"36047090600","source":"census_tract_2025","adm3_name":"Kings County","adm3_id":"36047","area_sqm":195831,"split":false},"geometry":{"type":"Polygon","coordinates":[[[-73.91134,40.67208],[-73.90926,40.67295],[-73.90788,40.67357],[-73.90734,40.67151],[-73.907,40.67024],[-73.90636,40.66771],[-73.91009,40.66715],[-73.91074,40.66969],[-73.91107,40.67095],[-73.91134,40.67208]]]}},{"type":"Feature","properties":{"unit_id":"36061005200","name":"Census Tract 52 — New York","native_id":"36061005200","source":"census_tract_2025","adm3_name":"New York County","adm3_id":"36061","area_sqm":168893,"split":false},"geometry":{"type":"Polygon","coordinates":[[[-73.99312,40.73669],[-73.99265,40.73733],[-73.99223,40.73792],[-73.99052,40.74026],[-73.98958,40.73987],[-73.9873,40.7389],[-73.98773,40.73832],[-73.98902,40.73656],[-73.98992,40.73535],[-73.9899,40.73443],[-73.99075,40.73484],[-73.99171,40.73521],[-73.99362,40.736],[-73.99312,40.73669]]]}},{"type":"Feature","properties":{"unit_id":"36047073600","name":"Census Tract 736 — Kings","native_id":"36047073600","source":"census_tract_2025","adm3_name":"Kings County","adm3_id":"36047","area_sqm":178017,"split":false},"geometry":{"type":"Polygon","coordinates":[[[-73.93916,40.6256],[-73.93729,40.62571],[-73.93535,40.62584],[-73.93345,40.6257],[-73.93312,40.62282],[-73.9331,40.62269],[-73.93538,40.62122],[-73.93664,40.6224],[-73.93723,40.62296],[-73.93956,40.62516],[-73.93916,40.6256]]]}},{"type":"Feature","properties":{"unit_id":"36047056800","name":"Census Tract 568 — Kings","native_id":"36047056800","source":"census_tract_2025","adm3_name":"Kings County","adm3_id":"36047","area_sqm":117817,"split":false},"geometry":{"type":"Polygon","coordinates":[[[-73.93992,40.60539],[-73.93921,40.60548],[-73.93683,40.60334],[-73.93503,40.60173],[-73.93447,40.60123],[-73.9362,40.60106],[-73.93811,40.60084],[-73.93904,40.60074],[-73.93947,40.603],[-73.93992,40.60539]]]}},{"type":"Feature","properties":{"unit_id":"36047064400","name":"Census Tract 644 — Kings","native_id":"36047064400","source":"census_tract_2025","adm3_name":"Kings County","adm3_id":"36047","area_sqm":199330,"split":false},"geometry":{"type":"Polygon","coordinates":[[[-73.94483,40.61605],[-73.94347,40.61738],[-73.94315,40.61743],[-73.94299,40.61697],[-73.94079,40.61487],[-73.93897,40.61324],[-73.94116,40.61182],[-73.94265,40.61086],[-73.9437,40.61021],[-73.94406,40.61199],[-73.94417,40.61272],[-73.94483,40.61605]]]}},{"type":"Feature","properties":{"unit_id":"36047059404","name":"Census Tract 594.04 — Kings","native_id":"36047059404","source":"census_tract_2025","adm3_name":"Kings County","adm3_id":"36047","area_sqm":213899,"split":false},"geometry":{"type":"Polygon","coordinates":[[[-73.95015,40.59275],[-73.94912,40.59287],[-73.94726,40.59307],[-73.94537,40.59328],[-73.94497,40.59116],[-73.94401,40.59126],[-73.94361,40.58915],[-73.94457,40.58904],[-73.94646,40.58883],[-73.94831,40.58863],[-73.94934,40.58851],[-73.94975,40.59063],[-73.95015,40.59275]]]}},{"type":"Feature","properties":{"unit_id":"36047013300","name":"Census Tract 133 — Kings","native_id":"36047013300","source":"census_tract_2025","adm3_name":"Kings County","adm3_id":"36047","area_sqm":148492,"split":false},"geometry":{"type":"Polygon","coordinates":[[[-73.9842,40.67577],[-73.9839,40.67615],[-73.98347,40.67678],[-73.98304,40.67742],[-73.98046,40.67641],[-73.97796,40.67544],[-73.97839,40.6748],[-73.97882,40.67417],[-73.97942,40.67346],[-73.97992,40.67286],[-73.98228,40.674],[-73.9847,40.67517],[-73.9842,40.67577]]]}},{"type":"Feature","properties":{"unit_id":"36047061200","name":"Census Tract 612 — Kings","native_id":"36047061200","source":"census_tract_2025","adm3_name":"Kings County","adm3_id":"36047","area_sqm":198236,"split":false},"geometry":{"type":"Polygon","coordinates":[[[-73.95342,40.58261],[-73.94941,40.58243],[-73.94431,40.5822],[-73.94399,40.5803],[-73.94674,40.57999],[-73.95334,40.57927],[-73.95403,40.58252],[-73.95342,40.58261]]]}},{"type":"Feature","properties":{"unit_id":"36047018100","name":"Census Tract 181 — Kings","native_id":"36047018100","source":"census_tract_2025","adm3_name":"Kings County","adm3_id":"36047","area_sqm":169374,"split":false},"geometry":{"type":"Polygon","coordinates":[[[-73.97511,40.6897],[-73.97411,40.68966],[-73.97313,40.68962],[-73.97214,40.68958],[-73.97114,40.68954],[-73.97013,40.68951],[-73.96978,40.68775],[-73.96949,40.68629],[-73.97143,40.68606],[-73.9724,40.68595],[-73.97312,40.68578],[-73.97428,40.68551],[-73.97462,40.68719],[-73.97511,40.6897]]]}},{"type":"Feature","properties":{"unit_id":"36061007100","name":"Census Tract 71 — New York","native_id":"36061007100","source":"census_tract_2025","adm3_name":"New York County","adm3_id":"36061","area_sqm":164998,"split":false},"geometry":{"type":"Polygon","coordinates":[[[-74.00279,40.73362],[-74.0012,40.73384],[-74.00139,40.73448],[-74.00195,40.73641],[-74.0011,40.73656],[-74.00065,40.73723],[-74.00018,40.73786],[-73.99968,40.73855],[-73.99684,40.73736],[-73.99734,40.73667],[-73.9978,40.73603],[-73.99871,40.73478],[-73.99919,40.73413],[-73.99956,40.73361],[-74.00007,40.73293],[-74.00095,40.73171],[-74.00212,40.73284],[-74.00279,40.73362]]]}},{"type":"Feature","properties":{"unit_id":"36047011901","name":"Census Tract 119.01 — Kings","native_id":"36047011901","source":"census_tract_2025","adm3_name":"Kings County","adm3_id":"36047","area_sqm":448425,"split":false},"geometry":{"type":"Polygon","coordinates":[[[-73.99043,40.67625],[-73.98991,40.67685],[-73.98939,40.67829],[-73.98808,40.68017],[-73.98767,40.68082],[-73.9861,40.68101],[-73.98176,40.67932],[-73.98218,40.67869],[-73.98304,40.67742],[-73.98347,40.67678],[-73.9839,40.67615],[-73.9842,40.67577],[-73.9847,40.67517],[-73.98571,40.67397],[-73.98671,40.67277],[-73.98721,40.67216],[-73.98771,40.67156],[-73.99237,40.67381],[-73.99043,40.67625]]]}},{"type":"Feature","properties":{"unit_id":"36047035301","name":"Census Tract 353.01 — Kings","native_id":"36047035301","source":"census_tract_2025","adm3_name":"Kings County","adm3_id":"36047","area_sqm":69917,"split":false},"geometry":{"type":"Polygon","coordinates":[[[-73.93657,40.67004],[-73.93641,40.67177],[-73.93363,40.67163],[-73.9338,40.66989],[-73.93389,40.66895],[-73.93666,40.6691],[-73.93657,40.67004]]]}},{"type":"Feature","properties":{"unit_id":"36047066200","name":"Census Tract 662 — Kings","native_id":"36047066200","source":"census_tract_2025","adm3_name":"Kings County","adm3_id":"36047","area_sqm":231462,"split":false},"geometry":{"type":"Polygon","coordinates":[[[-73.92846,40.61161],[-73.92617,40.61306],[-73.92436,40.61146],[-73.9225,40.60981],[-73.91969,40.60731],[-73.92158,40.60764],[-73.92444,40.60579],[-73.92625,40.60741],[-73.92482,40.60834],[-73.92664,40.60998],[-73.92846,40.61161]]]}},{"type":"Feature","properties":{"unit_id":"36047002300","name":"Census Tract 23 — Kings","native_id":"36047002300","source":"census_tract_2025","adm3_name":"Kings County","adm3_id":"36047","area_sqm":182214,"split":false},"geometry":{"type":"Polygon","coordinates":[[[-73.98681,40.69996],[-73.9868,40.70062],[-73.9866,40.70062],[-73.98563,40.70059],[-73.98544,40.70059],[-73.98476,40.70144],[-73.98285,40.70136],[-73.98073,40.70127],[-73.98046,40.6997],[-73.98054,40.69825],[-73.98051,40.69744],[-73.98219,40.6975],[-73.98305,40.69838],[-73.98315,40.69838],[-73.98496,40.69844],[-73.98695,40.69871],[-73.98681,40.69996]]]}},{"type":"Feature","properties":{"unit_id":"36047057000","name":"Census Tract 570 — Kings","native_id":"36047057000","source":"census_tract_2025","adm3_name":"Kings County","adm3_id":"36047","area_sqm":262372,"split":false},"geometry":{"type":"Polygon","coordinates":[[[-73.94289,40.60032],[-73.93904,40.60074],[-73.93811,40.60084],[-73.9362,40.60106],[-73.93447,40.60123],[-73.93423,40.60101],[-73.9314,40.59848],[-73.93258,40.59772],[-73.93348,40.59714],[-73.93537,40.59654],[-73.9358,40.59892],[-73.93864,40.59861],[-73.94148,40.5983],[-73.94248,40.5982],[-73.94289,40.60032]]]}},{"type":"Feature","properties":{"unit_id":"36047107002","name":"Census Tract 1070.02 — Kings","native_id":"36047107002","source":"census_tract_2025","adm3_name":"Kings County","adm3_id":"36047","area_sqm":1981715,"split":false},"geometry":{"type":"Polygon","coordinates":[[[-73.8785,40.63858],[-73.87785,40.6399],[-73.87608,40.64329],[-73.87489,40.64509],[-73.87338,40.64682],[-73.87089,40.64881],[-73.86048,40.65466],[-73.85976,40.6541],[-73.85654,40.64992],[-73.85615,40.6492],[-73.85502,40.6431],[-73.87396,40.63377],[-73.8763,40.63519],[-73.87881,40.63794],[-73.8785,40.63858]]]}},{"type":"Feature","properties":{"unit_id":"36061013602","name":"Census Tract 136.02 — New York","native_id":"36061013602","source":"census_tract_2025","adm3_name":"New York County","adm3_id":"36061","area_sqm":56420,"split":false},"geometry":{"type":"Polygon","coordinates":[[[-73.94994,40.77207],[-73.94948,40.77271],[-73.94901,40.77334],[-73.94666,40.77235],[-73.94712,40.77171],[-73.94758,40.77108],[-73.94807,40.77039],[-73.94823,40.77046],[-73.95043,40.77139],[-73.94994,40.77207]]]}},{"type":"Feature","properties":{"unit_id":"36047009401","name":"Census Tract 94.01 — Kings","native_id":"36047009401","source":"census_tract_2025","adm3_name":"Kings County","adm3_id":"36047","area_sqm":75483,"split":false},"geometry":{"type":"Polygon","coordinates":[[[-74.00417,40.64413],[-74.00358,40.64469],[-74.00241,40.64581],[-74.00021,40.64448],[-74.00138,40.64336],[-74.00196,40.6428],[-74.00254,40.64224],[-74.00475,40.64357],[-74.00417,40.64413]]]}},{"type":"Feature","properties":{"unit_id":"36047098600","name":"Census Tract 986 — Kings","native_id":"36047098600","source":"census_tract_2025","adm3_name":"Kings County","adm3_id":"36047","area_sqm":155971,"split":false},"geometry":{"type":"Polygon","coordinates":[[[-73.89616,40.64657],[-73.89542,40.64705],[-73.89468,40.64753],[-73.89284,40.64587],[-73.89102,40.64424],[-73.89176,40.64376],[-73.89396,40.64234],[-73.89578,40.64398],[-73.89762,40.64563],[-73.89616,40.64657]]]}},{"type":"Feature","properties":{"unit_id":"36047027100","name":"Census Tract 271 — Kings","native_id":"36047027100","source":"census_tract_2025","adm3_name":"Kings County","adm3_id":"36047","area_sqm":245353,"split":false},"geometry":{"type":"Polygon","coordinates":[[[-73.94405,40.67934],[-73.94397,40.68009],[-73.94326,40.68005],[-73.94033,40.67989],[-73.93844,40.67979],[-73.93435,40.67956],[-73.92906,40.67928],[-73.9302,40.67803],[-73.93032,40.67748],[-73.93586,40.67782],[-73.93859,40.67797],[-73.94137,40.67809],[-73.94414,40.67824],[-73.94405,40.67934]]]}},{"type":"Feature","properties":{"unit_id":"36047035101","name":"Census Tract 351.01 — Kings","native_id":"36047035101","source":"census_tract_2025","adm3_name":"Kings County","adm3_id":"36047","area_sqm":69889,"split":false},"geometry":{"type":"Polygon","coordinates":[[[-73.9338,40.66989],[-73.93363,40.67163],[-73.93087,40.67147],[-73.93095,40.67058],[-73.93112,40.6688],[-73.93389,40.66895],[-73.9338,40.66989]]]}},{"type":"Feature","properties":{"unit_id":"36061023502","name":"Census Tract 235.02 — New York","native_id":"36061023502","source":"census_tract_2025","adm3_name":"New York County","adm3_id":"36061","area_sqm":41338,"split":false},"geometry":{"type":"Polygon","coordinates":[[[-73.9406,40.82641],[-73.93925,40.8283],[-73.93859,40.82972],[-73.93727,40.82915],[-73.9396,40.826],[-73.9406,40.82641]]]}},{"type":"Feature","properties":{"unit_id":"36047020300","name":"Census Tract 203 — Kings","native_id":"36047020300","source":"census_tract_2025","adm3_name":"Kings County","adm3_id":"36047","area_sqm":140848,"split":false},"geometry":{"type":"Polygon","coordinates":[[[-73.96795,40.68019],[-73.96768,40.68095],[-73.96748,40.68175],[-73.96445,40.68113],[-73.96131,40.68046],[-73.96196,40.67893],[-73.96223,40.67817],[-73.9639,40.67852],[-73.96534,40.67882],[-73.96823,40.67942],[-73.96795,40.68019]]]}},{"type":"Feature","properties":{"unit_id":"36047023500","name":"Census Tract 235 — Kings","native_id":"36047023500","source":"census_tract_2025","adm3_name":"Kings County","adm3_id":"36047","area_sqm":141574,"split":false},"geometry":{"type":"Polygon","coordinates":[[[-73.96016,40.69412],[-73.958,40.69437],[-73.95614,40.69458],[-73.95583,40.69299],[-73.95541,40.69091],[-73.95727,40.69069],[-73.95943,40.69045],[-73.95984,40.69253],[-73.96016,40.69412]]]}},{"type":"Feature","properties":{"unit_id":"36047026200","name":"Census Tract 262 — Kings","native_id":"36047026200","source":"census_tract_2025","adm3_name":"Kings County","adm3_id":"36047","area_sqm":157859,"split":false},"geometry":{"type":"Polygon","coordinates":[[[-73.99904,40.61895],[-73.99859,40.6205],[-73.99829,40.62162],[-73.99639,40.62058],[-73.99388,40.61916],[-73.99542,40.61767],[-73.996,40.61711],[-73.99717,40.61599],[-73.99949,40.6174],[-73.99904,40.61895]]]}},{"type":"Feature","properties":{"unit_id":"36061014900","name":"Census Tract 149 — New York","native_id":"36061014900","source":"census_tract_2025","adm3_name":"New York County","adm3_id":"36061","area_sqm":174054,"split":false},"geometry":{"type":"Polygon","coordinates":[[[-73.98579,40.7729],[-73.98533,40.77353],[-73.98441,40.77481],[-73.98222,40.77387],[-73.98157,40.7736],[-73.97873,40.77242],[-73.97919,40.77178],[-73.97965,40.77116],[-73.98011,40.77053],[-73.98056,40.76991],[-73.98215,40.77057],[-73.98347,40.77114],[-73.98624,40.7723],[-73.98579,40.7729]]]}},{"type":"Feature","properties":{"unit_id":"36061010300","name":"Census Tract 103 — New York","native_id":"36061010300","source":"census_tract_2025","adm3_name":"New York County","adm3_id":"36061","area_sqm":174468,"split":false},"geometry":{"type":"Polygon","coordinates":[[[-73.99914,40.75458],[-73.9963,40.75339],[-73.99346,40.75219],[-73.99395,40.75152],[-73.99433,40.751],[-73.99484,40.75029],[-73.9953,40.74967],[-73.99812,40.7509],[-74.00097,40.75205],[-73.99914,40.75458]]]}},{"type":"Feature","properties":{"unit_id":"36047118600","name":"Census Tract 1186 — Kings","native_id":"36047118600","source":"census_tract_2025","adm3_name":"Kings County","adm3_id":"36047","area_sqm":131529,"split":false},"geometry":{"type":"Polygon","coordinates":[[[-73.87157,40.68169],[-73.86981,40.68219],[-73.86813,40.68267],[-73.86629,40.68319],[-73.86603,40.68192],[-73.8641,40.68237],[-73.86379,40.68111],[-73.86575,40.68065],[-73.86754,40.68043],[-73.86934,40.68019],[-73.8712,40.68022],[-73.87157,40.68169]]]}},{"type":"Feature","properties":{"unit_id":"36061001002","name":"Census Tract 10.02 — New York","native_id":"36061001002","source":"census_tract_2025","adm3_name":"New York County","adm3_id":"36061","area_sqm":199682,"split":false},"geometry":{"type":"Polygon","coordinates":[[[-73.97999,40.71754],[-73.97875,40.71993],[-73.97803,40.71964],[-73.97722,40.71931],[-73.97635,40.71913],[-73.97545,40.71895],[-73.97512,40.71875],[-73.97364,40.71861],[-73.96772,40.71604],[-73.96837,40.71413],[-73.96847,40.713],[-73.96886,40.71265],[-73.97523,40.71458],[-73.97634,40.71492],[-73.97659,40.71505],[-73.97646,40.7153],[-73.97792,40.71565],[-73.97891,40.71595],[-73.98058,40.71646],[-73.97999,40.71754]]]}},{"type":"Feature","properties":{"unit_id":"36061012400","name":"Census Tract 124 — New York","native_id":"36061012400","source":"census_tract_2025","adm3_name":"New York County","adm3_id":"36061","area_sqm":171573,"split":false},"geometry":{"type":"Polygon","coordinates":[[[-73.95696,40.76649],[-73.9565,40.76712],[-73.956,40.7678],[-73.9555,40.76848],[-73.95504,40.76912],[-73.95279,40.76817],[-73.95009,40.76704],[-73.94773,40.76608],[-73.94997,40.76365],[-73.95231,40.76456],[-73.9547,40.76555],[-73.95516,40.76492],[-73.95741,40.76587],[-73.95696,40.76649]]]}},{"type":"Feature","properties":{"unit_id":"36047015900","name":"Census Tract 159 — Kings","native_id":"36047015900","source":"census_tract_2025","adm3_name":"Kings County","adm3_id":"36047","area_sqm":250862,"split":false},"geometry":{"type":"Polygon","coordinates":[[[-73.9771,40.67671],[-73.97662,40.67743],[-73.97618,40.67806],[-73.97369,40.67708],[-73.9719,40.67641],[-73.9695,40.67591],[-73.96969,40.67536],[-73.969,40.67471],[-73.96873,40.67393],[-73.96892,40.67294],[-73.96925,40.67274],[-73.97041,40.67262],[-73.97086,40.67273],[-73.97295,40.67349],[-73.97547,40.67447],[-73.97796,40.67544],[-73.9771,40.67671]]]}},{"type":"Feature","properties":{"unit_id":"36047022000","name":"Census Tract 220 — Kings","native_id":"36047022000","source":"census_tract_2025","adm3_name":"Kings County","adm3_id":"36047","area_sqm":194279,"split":false},"geometry":{"type":"Polygon","coordinates":[[[-73.99837,40.63789],[-73.99694,40.63885],[-73.99374,40.63691],[-73.99154,40.63558],[-73.99212,40.63503],[-73.9927,40.63447],[-73.99328,40.63391],[-73.99387,40.63335],[-73.99607,40.63467],[-73.99827,40.63601],[-73.99981,40.63694],[-73.99837,40.63789]]]}},{"type":"Feature","properties":{"unit_id":"36061005501","name":"Census Tract 55.01 — New York","native_id":"36061005501","source":"census_tract_2025","adm3_name":"New York County","adm3_id":"36061","area_sqm":124447,"split":false},"geometry":{"type":"Polygon","coordinates":[[[-73.99895,40.72807],[-73.99789,40.72931],[-73.99657,40.72955],[-73.99506,40.72881],[-73.99425,40.72841],[-73.99677,40.72543],[-73.99761,40.7258],[-73.99992,40.72693],[-73.99895,40.72807]]]}},{"type":"Feature","properties":{"unit_id":"36047020700","name":"Census Tract 207 — Kings","native_id":"36047020700","source":"census_tract_2025","adm3_name":"Kings County","adm3_id":"36047","area_sqm":137892,"split":false},"geometry":{"type":"Polygon","coordinates":[[[-73.9695,40.67591],[-73.96918,40.67679],[-73.9663,40.67618],[-73.96333,40.67556],[-73.96314,40.67457],[-73.96295,40.67359],[-73.96694,40.67442],[-73.96719,40.67369],[-73.96749,40.67288],[-73.96892,40.67294],[-73.96873,40.67393],[-73.969,40.67471],[-73.96969,40.67536],[-73.9695,40.67591]]]}},{"type":"Feature","properties":{"unit_id":"36061021703","name":"Census Tract 217.03 — New York","native_id":"36061021703","source":"census_tract_2025","adm3_name":"New York County","adm3_id":"36061","area_sqm":313863,"split":false},"geometry":{"type":"Polygon","coordinates":[[[-73.95088,40.8184],[-73.9522,40.81895],[-73.95083,40.82083],[-73.94992,40.82207],[-73.94808,40.82211],[-73.94608,40.82126],[-73.94704,40.81921],[-73.94836,40.81637],[-73.94902,40.81502],[-73.95035,40.81316],[-73.95093,40.81258],[-73.95177,40.81294],[-73.95086,40.81419],[-73.95297,40.81507],[-73.95088,40.8184]]]}},{"type":"Feature","properties":{"unit_id":"36047040500","name":"Census Tract 405 — Kings","native_id":"36047040500","source":"census_tract_2025","adm3_name":"Kings County","adm3_id":"36047","area_sqm":138996,"split":false},"geometry":{"type":"Polygon","coordinates":[[[-73.90713,40.68323],[-73.90638,40.6828],[-73.90543,40.68366],[-73.90282,40.68235],[-73.90262,40.68066],[-73.90405,40.67922],[-73.90549,40.68004],[-73.90702,40.68095],[-73.90852,40.6818],[-73.90713,40.68323]]]}},{"type":"Feature","properties":{"unit_id":"36061023700","name":"Census Tract 237 — New York","native_id":"36061023700","source":"census_tract_2025","adm3_name":"New York County","adm3_id":"36061","area_sqm":271911,"split":false},"geometry":{"type":"Polygon","coordinates":[[[-73.95869,40.83741],[-73.95028,40.83433],[-73.94829,40.83386],[-73.94582,40.83277],[-73.94298,40.83157],[-73.94438,40.82965],[-73.94529,40.8284],[-73.94814,40.8296],[-73.94969,40.83024],[-73.95225,40.83128],[-73.95997,40.83441],[-73.95869,40.83741]]]}},{"type":"Feature","properties":{"unit_id":"36047005400","name":"Census Tract 54 — Kings","native_id":"36047005400","source":"census_tract_2025","adm3_name":"Kings County","adm3_id":"36047","area_sqm":161905,"split":false},"geometry":{"type":"Polygon","coordinates":[[[-74.04056,40.61767],[-74.03918,40.61786],[-74.0369,40.61866],[-74.03599,40.6186],[-74.03331,40.61794],[-74.03048,40.61652],[-74.03151,40.61533],[-74.03387,40.61659],[-74.03593,40.61706],[-74.03568,40.61667],[-74.03798,40.61586],[-74.03836,40.61651],[-74.0403,40.61568],[-74.04049,40.61707],[-74.04056,40.61767]]]}},{"type":"Feature","properties":{"unit_id":"36047115000","name":"Census Tract 1150 — Kings","native_id":"36047115000","source":"census_tract_2025","adm3_name":"Kings County","adm3_id":"36047","area_sqm":158250,"split":false},"geometry":{"type":"Polygon","coordinates":[[[-73.88915,40.6755],[-73.88826,40.67562],[-73.88485,40.67613],[-73.88454,40.67489],[-73.88421,40.67362],[-73.88389,40.67236],[-73.88552,40.67211],[-73.88729,40.67185],[-73.88819,40.67171],[-73.88851,40.67298],[-73.88884,40.67425],[-73.88915,40.6755]]]}},{"type":"Feature","properties":{"unit_id":"36061013900","name":"Census Tract 139 — New York","native_id":"36061013900","source":"census_tract_2025","adm3_name":"New York County","adm3_id":"36061","area_sqm":181585,"split":false},"geometry":{"type":"Polygon","coordinates":[[[-73.9895,40.76782],[-73.98905,40.76844],[-73.98856,40.76911],[-73.98806,40.76979],[-73.98522,40.76859],[-73.98238,40.7674],[-73.98288,40.76671],[-73.98337,40.76604],[-73.98382,40.76542],[-73.98428,40.76479],[-73.98712,40.76599],[-73.98996,40.76719],[-73.9895,40.76782]]]}},{"type":"Feature","properties":{"unit_id":"36061013501","name":"Census Tract 135.01 — New York","native_id":"36061013501","source":"census_tract_2025","adm3_name":"New York County","adm3_id":"36061","area_sqm":201006,"split":false},"geometry":{"type":"Polygon","coordinates":[[[-74.00295,40.77272],[-73.99878,40.77081],[-73.99644,40.7698],[-73.99485,40.76926],[-73.99281,40.76838],[-73.98996,40.76719],[-73.99042,40.76656],[-73.99088,40.76593],[-73.99133,40.76531],[-73.99179,40.76468],[-73.99463,40.76588],[-73.99667,40.76674],[-73.99693,40.76714],[-74.00027,40.76851],[-74.00465,40.77039],[-74.00295,40.77272]]]}},{"type":"Feature","properties":{"unit_id":"36047076600","name":"Census Tract 766 — Kings","native_id":"36047076600","source":"census_tract_2025","adm3_name":"Kings County","adm3_id":"36047","area_sqm":82578,"split":false},"geometry":{"type":"Polygon","coordinates":[[[-73.9582,40.63529],[-73.95624,40.63551],[-73.95547,40.63143],[-73.95662,40.63059],[-73.9573,40.63051],[-73.95775,40.6329],[-73.9582,40.63529]]]}},{"type":"Feature","properties":{"unit_id":"36061007600","name":"Census Tract 76 — New York","native_id":"36061007600","source":"census_tract_2025","adm3_name":"New York County","adm3_id":"36061","area_sqm":174274,"split":false},"geometry":{"type":"Polygon","coordinates":[[[-73.98962,40.74728],[-73.98917,40.74789],[-73.98778,40.74977],[-73.98729,40.75045],[-73.98408,40.7491],[-73.9855,40.74715],[-73.98595,40.74654],[-73.9873,40.74468],[-73.99052,40.74604],[-73.98962,40.74728]]]}},{"type":"Feature","properties":{"unit_id":"36061002201","name":"Census Tract 22.01 — New York","native_id":"36061002201","source":"census_tract_2025","adm3_name":"New York County","adm3_id":"36061","area_sqm":161668,"split":false},"geometry":{"type":"Polygon","coordinates":[[[-73.98448,40.72024],[-73.98382,40.72147],[-73.98131,40.72071],[-73.97974,40.72024],[-73.97875,40.71993],[-73.97999,40.71754],[-73.98058,40.71646],[-73.98229,40.71698],[-73.98248,40.71829],[-73.9834,40.71857],[-73.98507,40.71908],[-73.98448,40.72024]]]}},{"type":"Feature","properties":{"unit_id":"36047058000","name":"Census Tract 580 — Kings","native_id":"36047058000","source":"census_tract_2025","adm3_name":"Kings County","adm3_id":"36047","area_sqm":158641,"split":false},"geometry":{"type":"Polygon","coordinates":[[[-73.95776,40.60099],[-73.95683,40.60109],[-73.95591,40.60119],[-73.95494,40.6013],[-73.95398,40.6014],[-73.95315,40.59703],[-73.95508,40.59682],[-73.95693,40.59661],[-73.95776,40.60099]]]}},{"type":"Feature","properties":{"unit_id":"36047036002","name":"Census Tract 360.02 — Kings","native_id":"36047036002","source":"census_tract_2025","adm3_name":"Kings County","adm3_id":"36047","area_sqm":86032,"split":false},"geometry":{"type":"Polygon","coordinates":[[[-73.96328,40.57721],[-73.96236,40.57741],[-73.96144,40.57761],[-73.95963,40.57799],[-73.95947,40.57587],[-73.95945,40.57558],[-73.95941,40.57516],[-73.96103,40.57508],[-73.96288,40.57498],[-73.96328,40.57721]]]}},{"type":"Feature","properties":{"unit_id":"36047030900","name":"Census Tract 309 — Kings","native_id":"36047030900","source":"census_tract_2025","adm3_name":"Kings County","adm3_id":"36047","area_sqm":151863,"split":false},"geometry":{"type":"Polygon","coordinates":[[[-73.936,40.67612],[-73.93586,40.67782],[-73.93032,40.67748],[-73.93046,40.67582],[-73.93053,40.67504],[-73.93062,40.67415],[-73.9333,40.67519],[-73.93608,40.67533],[-73.936,40.67612]]]}},{"type":"Feature","properties":{"unit_id":"36047041200","name":"Census Tract 412 — Kings","native_id":"36047041200","source":"census_tract_2025","adm3_name":"Kings County","adm3_id":"36047","area_sqm":165322,"split":false},"geometry":{"type":"Polygon","coordinates":[[[-73.97644,40.60625],[-73.97551,40.60635],[-73.97459,40.60645],[-73.97362,40.60656],[-73.97259,40.60667],[-73.97218,40.60419],[-73.97235,40.60335],[-73.97257,40.60179],[-73.97341,40.6017],[-73.97436,40.6016],[-73.97554,40.60146],[-73.97597,40.6038],[-73.97644,40.60625]]]}},{"type":"Feature","properties":{"unit_id":"36047024000","name":"Census Tract 240 — Kings","native_id":"36047024000","source":"census_tract_2025","adm3_name":"Kings County","adm3_id":"36047","area_sqm":169751,"split":false},"geometry":{"type":"Polygon","coordinates":[[[-73.99736,40.62999],[-73.99562,40.63167],[-73.99546,40.63157],[-73.99341,40.63034],[-73.99121,40.62901],[-73.98901,40.62768],[-73.99017,40.62656],[-73.99076,40.626],[-73.99516,40.62866],[-73.99612,40.62923],[-73.99736,40.62999]]]}},{"type":"Feature","properties":{"unit_id":"36047082800","name":"Census Tract 828 — Kings","native_id":"36047082800","source":"census_tract_2025","adm3_name":"Kings County","adm3_id":"36047","area_sqm":156676,"split":false},"geometry":{"type":"Polygon","coordinates":[[[-73.95165,40.64307],[-73.94876,40.64325],[-73.94779,40.6433],[-73.94744,40.64005],[-73.94841,40.63999],[-73.94827,40.63861],[-73.95017,40.63849],[-73.95116,40.63843],[-73.95141,40.64077],[-73.95165,40.64307]]]}},{"type":"Feature","properties":{"unit_id":"36047078000","name":"Census Tract 780 — Kings","native_id":"36047078000","source":"census_tract_2025","adm3_name":"Kings County","adm3_id":"36047","area_sqm":164534,"split":false},"geometry":{"type":"Polygon","coordinates":[[[-73.94128,40.63669],[-73.93751,40.63692],[-73.93727,40.63465],[-73.93701,40.6323],[-73.93759,40.63227],[-73.94079,40.63208],[-73.94104,40.63442],[-73.94128,40.63669]]]}},{"type":"Feature","properties":{"unit_id":"36047048900","name":"Census Tract 489 — Kings","native_id":"36047048900","source":"census_tract_2025","adm3_name":"Kings County","adm3_id":"36047","area_sqm":91581,"split":false},"geometry":{"type":"Polygon","coordinates":[[[-73.94103,40.70464],[-73.93931,40.70482],[-73.9386,40.70407],[-73.93778,40.70352],[-73.93698,40.70191],[-73.93763,40.70174],[-73.94042,40.70108],[-73.94073,40.7029],[-73.94103,40.70464]]]}},{"type":"Feature","properties":{"unit_id":"36047056600","name":"Census Tract 566 — Kings","native_id":"36047056600","source":"census_tract_2025","adm3_name":"Kings County","adm3_id":"36047","area_sqm":171530,"split":false},"geometry":{"type":"Polygon","coordinates":[[[-73.94377,40.60496],[-73.94277,40.60507],[-73.94177,40.60518],[-73.93992,40.60539],[-73.93947,40.603],[-73.93904,40.60074],[-73.94289,40.60032],[-73.94332,40.60258],[-73.94377,40.60496]]]}},{"type":"Feature","properties":{"unit_id":"36047049100","name":"Census Tract 491 — Kings","native_id":"36047049100","source":"census_tract_2025","adm3_name":"Kings County","adm3_id":"36047","area_sqm":213164,"split":false},"geometry":{"type":"Polygon","coordinates":[[[-73.94984,40.70523],[-73.94626,40.7056],[-73.94457,40.70502],[-73.94285,40.70518],[-73.94273,40.70447],[-73.94103,40.70464],[-73.94073,40.7029],[-73.94042,40.70108],[-73.94193,40.70072],[-73.9422,40.70089],[-73.94401,40.70196],[-73.94585,40.70299],[-73.94705,40.70366],[-73.94925,40.7049],[-73.94984,40.70523]]]}},{"type":"Feature","properties":{"unit_id":"36061017100","name":"Census Tract 171 — New York","native_id":"36061017100","source":"census_tract_2025","adm3_name":"New York County","adm3_id":"36061","area_sqm":217834,"split":false},"geometry":{"type":"Polygon","coordinates":[[[-73.98819,40.79302],[-73.98193,40.79055],[-73.98036,40.78994],[-73.97786,40.78888],[-73.9765,40.78831],[-73.97502,40.78769],[-73.97598,40.78637],[-73.97644,40.78574],[-73.9769,40.7851],[-73.97853,40.78579],[-73.97974,40.7863],[-73.98123,40.78692],[-73.98375,40.78789],[-73.99005,40.79047],[-73.98819,40.79302]]]}},{"type":"Feature","properties":{"unit_id":"36047005100","name":"Census Tract 51 — Kings","native_id":"36047005100","source":"census_tract_2025","adm3_name":"Kings County","adm3_id":"36047","area_sqm":179702,"split":false},"geometry":{"type":"Polygon","coordinates":[[[-74.00582,40.68366],[-74.00518,40.685],[-74.00485,40.68567],[-74.0045,40.6863],[-74.00064,40.68525],[-74.00128,40.68391],[-74.00161,40.68324],[-74.00196,40.68259],[-74.00335,40.67963],[-74.00607,40.6832],[-74.00582,40.68366]]]}},{"type":"Feature","properties":{"unit_id":"36047034300","name":"Census Tract 343 — Kings","native_id":"36047034300","source":"census_tract_2025","adm3_name":"Kings County","adm3_id":"36047","area_sqm":162156,"split":false},"geometry":{"type":"Polygon","coordinates":[[[-73.94186,40.67297],[-73.94169,40.67475],[-73.9389,40.6746],[-73.93884,40.67549],[-73.93608,40.67533],[-73.93618,40.67438],[-73.93626,40.67356],[-73.93634,40.6727],[-73.93641,40.67177],[-73.93918,40.67193],[-73.94195,40.67208],[-73.94186,40.67297]]]}},{"type":"Feature","properties":{"unit_id":"36047099200","name":"Census Tract 992 — Kings","native_id":"36047099200","source":"census_tract_2025","adm3_name":"Kings County","adm3_id":"36047","area_sqm":134602,"split":false},"geometry":{"type":"Polygon","coordinates":[[[-73.90275,40.63947],[-73.90193,40.64],[-73.8983,40.63674],[-73.90126,40.63482],[-73.90218,40.63682],[-73.90413,40.63858],[-73.90275,40.63947]]]}},{"type":"Feature","properties":{"unit_id":"36061024301","name":"Census Tract 243.01 — New York","native_id":"36061024301","source":"census_tract_2025","adm3_name":"New York County","adm3_id":"36061","area_sqm":105194,"split":false},"geometry":{"type":"Polygon","coordinates":[[[-73.94005,40.83449],[-73.93977,40.83518],[-73.93989,40.83579],[-73.9401,40.83695],[-73.93983,40.8385],[-73.93834,40.83791],[-73.93669,40.83719],[-73.93738,40.83569],[-73.93804,40.83429],[-73.93915,40.83328],[-73.94036,40.83379],[-73.94005,40.83449]]]}},{"type":"Feature","properties":{"unit_id":"36047096800","name":"Census Tract 968 — Kings","native_id":"36047096800","source":"census_tract_2025","adm3_name":"Kings County","adm3_id":"36047","area_sqm":149019,"split":false},"geometry":{"type":"Polygon","coordinates":[[[-73.90565,40.64555],[-73.90398,40.64663],[-73.90231,40.64513],[-73.90138,40.6443],[-73.90067,40.64366],[-73.90234,40.64258],[-73.90377,40.64165],[-73.90448,40.64229],[-73.90542,40.64313],[-73.90708,40.64462],[-73.90565,40.64555]]]}},{"type":"Feature","properties":{"unit_id":"36061022200","name":"Census Tract 222 — New York","native_id":"36061022200","source":"census_tract_2025","adm3_name":"New York County","adm3_id":"36061","area_sqm":181422,"split":false},"geometry":{"type":"Polygon","coordinates":[[[-73.95068,40.81084],[-73.94784,40.80964],[-73.94499,40.80845],[-73.94598,40.8071],[-73.9469,40.80584],[-73.94974,40.80704],[-73.95258,40.80824],[-73.95068,40.81084]]]}},{"type":"Feature","properties":{"unit_id":"36047082000","name":"Census Tract 820 — Kings","native_id":"36047082000","source":"census_tract_2025","adm3_name":"Kings County","adm3_id":"36047","area_sqm":148600,"split":false},"geometry":{"type":"Polygon","coordinates":[[[-73.95305,40.65608],[-73.95016,40.65626],[-73.95007,40.65542],[-73.94993,40.65415],[-73.94977,40.65264],[-73.94967,40.6517],[-73.94957,40.65081],[-73.95247,40.65067],[-73.95256,40.65155],[-73.95266,40.65249],[-73.95282,40.65398],[-73.95296,40.65525],[-73.95305,40.65608]]]}},{"type":"Feature","properties":{"unit_id":"36047011000","name":"Census Tract 110 — Kings","native_id":"36047011000","source":"census_tract_2025","adm3_name":"Kings County","adm3_id":"36047","area_sqm":158058,"split":false},"geometry":{"type":"Polygon","coordinates":[[[-73.99568,40.64538],[-73.99398,40.6471],[-73.98906,40.64412],[-73.9905,40.64316],[-73.99193,40.6422],[-73.99627,40.64483],[-73.99568,40.64538]]]}},{"type":"Feature","properties":{"unit_id":"36047049200","name":"Census Tract 492 — Kings","native_id":"36047049200","source":"census_tract_2025","adm3_name":"Kings County","adm3_id":"36047","area_sqm":166635,"split":false},"geometry":{"type":"Polygon","coordinates":[[[-73.97174,40.646],[-73.97084,40.64638],[-73.97077,40.64611],[-73.97009,40.64375],[-73.96948,40.64169],[-73.96879,40.63926],[-73.96872,40.63902],[-73.96804,40.63665],[-73.97029,40.63641],[-73.97077,40.63879],[-73.97122,40.64118],[-73.97165,40.64357],[-73.97209,40.64586],[-73.97174,40.646]]]}},{"type":"Feature","properties":{"unit_id":"36047052700","name":"Census Tract 527 — Kings","native_id":"36047052700","source":"census_tract_2025","adm3_name":"Kings County","adm3_id":"36047","area_sqm":190002,"split":false},"geometry":{"type":"Polygon","coordinates":[[[-73.95749,40.70908],[-73.95662,40.71038],[-73.9555,40.70995],[-73.95517,40.71046],[-73.95236,40.70972],[-73.95083,40.70914],[-73.95066,40.70817],[-73.95053,40.70739],[-73.95041,40.70665],[-73.95024,40.70547],[-73.95109,40.70591],[-73.95191,40.70636],[-73.95338,40.70686],[-73.95402,40.70708],[-73.9579,40.70843],[-73.95749,40.70908]]]}},{"type":"Feature","properties":{"unit_id":"36047049700","name":"Census Tract 497 — Kings","native_id":"36047049700","source":"census_tract_2025","adm3_name":"Kings County","adm3_id":"36047","area_sqm":164634,"split":false},"geometry":{"type":"Polygon","coordinates":[[[-73.94674,40.71855],[-73.94343,40.71893],[-73.94329,40.71823],[-73.94317,40.71752],[-73.94269,40.71469],[-73.94207,40.71473],[-73.94171,40.71401],[-73.94258,40.71395],[-73.94427,40.7138],[-73.94595,40.71364],[-73.94607,40.71437],[-73.94619,40.71507],[-73.94653,40.7172],[-73.94672,40.71839],[-73.94674,40.71855]]]}},{"type":"Feature","properties":{"unit_id":"36047118202","name":"Census Tract 1182.02 — Kings","native_id":"36047118202","source":"census_tract_2025","adm3_name":"Kings County","adm3_id":"36047","area_sqm":124326,"split":false},"geometry":{"type":"Polygon","coordinates":[[[-73.87013,40.69071],[-73.86806,40.69118],[-73.86728,40.68774],[-73.86702,40.68683],[-73.86908,40.68632],[-73.86991,40.68612],[-73.87095,40.6905],[-73.87013,40.69071]]]}},{"type":"Feature","properties":{"unit_id":"36047033702","name":"Census Tract 337.02 — Kings","native_id":"36047033702","source":"census_tract_2025","adm3_name":"Kings County","adm3_id":"36047","area_sqm":98915,"split":false},"geometry":{"type":"Polygon","coordinates":[[[-73.94773,40.66971],[-73.9422,40.6694],[-73.93666,40.6691],[-73.93675,40.66813],[-73.93952,40.6683],[-73.94228,40.66846],[-73.94782,40.66878],[-73.94773,40.66971]]]}},{"type":"Feature","properties":{"unit_id":"36047093000","name":"Census Tract 930 — Kings","native_id":"36047093000","source":"census_tract_2025","adm3_name":"Kings County","adm3_id":"36047","area_sqm":194229,"split":false},"geometry":{"type":"Polygon","coordinates":[[[-73.9178,40.64857],[-73.91632,40.64953],[-73.91814,40.65116],[-73.91737,40.65165],[-73.91523,40.65304],[-73.91341,40.65141],[-73.91182,40.64998],[-73.91325,40.64906],[-73.91694,40.64668],[-73.91851,40.64811],[-73.9178,40.64857]]]}},{"type":"Feature","properties":{"unit_id":"36047031100","name":"Census Tract 311 — Kings","native_id":"36047031100","source":"census_tract_2025","adm3_name":"Kings County","adm3_id":"36047","area_sqm":152683,"split":false},"geometry":{"type":"Polygon","coordinates":[[[-73.94161,40.67564],[-73.94154,40.67642],[-73.94138,40.67792],[-73.94137,40.67809],[-73.93859,40.67797],[-73.93586,40.67782],[-73.936,40.67612],[-73.93608,40.67533],[-73.93884,40.67549],[-73.9389,40.6746],[-73.94169,40.67475],[-73.94161,40.67564]]]}},{"type":"Feature","properties":{"unit_id":"36047069601","name":"Census Tract 696.01 — Kings","native_id":"36047069601","source":"census_tract_2025","adm3_name":"Kings County","adm3_id":"36047","area_sqm":456923,"split":false},"geometry":{"type":"Polygon","coordinates":[[[-73.9186,40.6321],[-73.91692,40.63167],[-73.90848,40.62798],[-73.9108,40.62638],[-73.91207,40.62509],[-73.91747,40.62151],[-73.91751,40.62194],[-73.918,40.62646],[-73.91816,40.62801],[-73.91824,40.62877],[-73.9186,40.6321]]]}},{"type":"Feature","properties":{"unit_id":"36061025300","name":"Census Tract 253 — New York","native_id":"36061025300","source":"census_tract_2025","adm3_name":"New York County","adm3_id":"36061","area_sqm":169344,"split":false},"geometry":{"type":"Polygon","coordinates":[[[-73.94114,40.84405],[-73.94052,40.84537],[-73.93886,40.84468],[-73.93873,40.84464],[-73.93752,40.84414],[-73.93613,40.84355],[-73.93467,40.84296],[-73.93557,40.84171],[-73.93646,40.84048],[-73.93793,40.84109],[-73.93933,40.84168],[-73.94201,40.84281],[-73.94114,40.84405]]]}},{"type":"Feature","properties":{"unit_id":"36061021000","name":"Census Tract 210 — New York","native_id":"36061021000","source":"census_tract_2025","adm3_name":"New York County","adm3_id":"36061","area_sqm":203714,"split":false},"geometry":{"type":"Polygon","coordinates":[[[-73.93859,40.81144],[-73.93764,40.81275],[-73.93669,40.81404],[-73.93621,40.81467],[-73.93576,40.81533],[-73.93413,40.81773],[-73.93448,40.8197],[-73.93382,40.81949],[-73.93233,40.8195],[-73.9324,40.81415],[-73.9326,40.81152],[-73.93424,40.81085],[-73.93582,40.8095],[-73.93741,40.81018],[-73.93902,40.81086],[-73.93859,40.81144]]]}},{"type":"Feature","properties":{"unit_id":"36047074800","name":"Census Tract 748 — Kings","native_id":"36047074800","source":"census_tract_2025","adm3_name":"Kings County","adm3_id":"36047","area_sqm":176549,"split":false},"geometry":{"type":"Polygon","coordinates":[[[-73.94927,40.62407],[-73.94642,40.62438],[-73.94543,40.6245],[-73.94497,40.6221],[-73.94452,40.61971],[-73.94552,40.61961],[-73.94651,40.61949],[-73.94744,40.61939],[-73.94837,40.61929],[-73.94882,40.62168],[-73.94927,40.62407]]]}},{"type":"Feature","properties":{"unit_id":"36047120000","name":"Census Tract 1200 — Kings","native_id":"36047120000","source":"census_tract_2025","adm3_name":"Kings County","adm3_id":"36047","area_sqm":150529,"split":false},"geometry":{"type":"Polygon","coordinates":[[[-73.87039,40.67694],[-73.86978,40.67703],[-73.86726,40.67611],[-73.86455,40.67515],[-73.8631,40.67465],[-73.86176,40.67423],[-73.86207,40.67421],[-73.86299,40.67407],[-73.86392,40.67394],[-73.86667,40.67354],[-73.86945,40.67314],[-73.86975,40.6744],[-73.87007,40.67567],[-73.87039,40.67694]]]}},{"type":"Feature","properties":{"unit_id":"36047023200","name":"Census Tract 232 — Kings","native_id":"36047023200","source":"census_tract_2025","adm3_name":"Kings County","adm3_id":"36047","area_sqm":226376,"split":false},"geometry":{"type":"Polygon","coordinates":[[[-73.98979,40.63726],[-73.98921,40.63782],[-73.98862,40.63838],[-73.98804,40.63895],[-73.98745,40.6395],[-73.98525,40.63817],[-73.98584,40.63762],[-73.98363,40.63629],[-73.98422,40.63573],[-73.98202,40.63439],[-73.9826,40.63384],[-73.98376,40.63272],[-73.98596,40.63405],[-73.99037,40.6367],[-73.98979,40.63726]]]}},{"type":"Feature","properties":{"unit_id":"36061019701","name":"Census Tract 197.01 — New York","native_id":"36061019701","source":"census_tract_2025","adm3_name":"New York County","adm3_id":"36061","area_sqm":235976,"split":false},"geometry":{"type":"Polygon","coordinates":[[[-73.96338,40.80363],[-73.96293,40.80426],[-73.96247,40.80489],[-73.96201,40.80551],[-73.96007,40.80471],[-73.95983,40.80544],[-73.95841,40.80742],[-73.95762,40.80867],[-73.95709,40.81008],[-73.95827,40.81063],[-73.95781,40.81126],[-73.95497,40.81006],[-73.95543,40.80943],[-73.95634,40.80817],[-73.95727,40.80692],[-73.95818,40.8056],[-73.9582,40.80389],[-73.95825,40.80311],[-73.95965,40.80116],[-73.96108,40.8018],[-73.96386,40.80297],[-73.96338,40.80363]]]}},{"type":"Feature","properties":{"unit_id":"36047011200","name":"Census Tract 112 — Kings","native_id":"36047011200","source":"census_tract_2025","adm3_name":"Kings County","adm3_id":"36047","area_sqm":171313,"split":false},"geometry":{"type":"Polygon","coordinates":[[[-73.99801,40.64315],[-73.99743,40.64371],[-73.99684,40.64427],[-73.99627,40.64483],[-73.99193,40.6422],[-73.99264,40.64173],[-73.99408,40.64077],[-73.99433,40.6406],[-73.99551,40.63981],[-73.99697,40.64069],[-73.99918,40.64203],[-73.99801,40.64315]]]}},{"type":"Feature","properties":{"unit_id":"36047012901","name":"Census Tract 129.01 — Kings","native_id":"36047012901","source":"census_tract_2025","adm3_name":"Kings County","adm3_id":"36047","area_sqm":128568,"split":false},"geometry":{"type":"Polygon","coordinates":[[[-73.98089,40.68059],[-73.98046,40.68122],[-73.98003,40.68185],[-73.97961,40.68249],[-73.97874,40.68376],[-73.97834,40.6844],[-73.97803,40.68486],[-73.97746,40.68405],[-73.97667,40.68297],[-73.97632,40.68251],[-73.97702,40.68149],[-73.97746,40.68085],[-73.97782,40.68031],[-73.97789,40.68022],[-73.97868,40.67905],[-73.97956,40.67929],[-73.98132,40.67995],[-73.98089,40.68059]]]}},{"type":"Feature","properties":{"unit_id":"36047001501","name":"Census Tract 15.01 — Kings","native_id":"36047001501","source":"census_tract_2025","adm3_name":"Kings County","adm3_id":"36047","area_sqm":165241,"split":false},"geometry":{"type":"Polygon","coordinates":[[[-73.98461,40.69595],[-73.98496,40.69844],[-73.98315,40.69838],[-73.98305,40.69838],[-73.98219,40.6975],[-73.98051,40.69744],[-73.98039,40.69651],[-73.98036,40.69618],[-73.98014,40.69468],[-73.97917,40.69349],[-73.98251,40.69361],[-73.98245,40.6948],[-73.98514,40.69488],[-73.98461,40.69595]]]}},{"type":"Feature","properties":{"unit_id":"36047067600","name":"Census Tract 676 — Kings","native_id":"36047067600","source":"census_tract_2025","adm3_name":"Kings County","adm3_id":"36047","area_sqm":155374,"split":false},"geometry":{"type":"Polygon","coordinates":[[[-73.93219,40.62327],[-73.92832,40.62579],[-73.92671,40.62682],[-73.92492,40.62798],[-73.92471,40.62601],[-73.92447,40.62374],[-73.92637,40.62362],[-73.92737,40.62356],[-73.92931,40.62344],[-73.93028,40.62338],[-73.93219,40.62327]]]}},{"type":"Feature","properties":{"unit_id":"36047123700","name":"Census Tract 1237 — Kings","native_id":"36047123700","source":"census_tract_2025","adm3_name":"Kings County","adm3_id":"36047","area_sqm":321360,"split":false},"geometry":{"type":"Polygon","coordinates":[[[-73.96105,40.69833],[-73.95886,40.69868],[-73.95702,40.69897],[-73.95337,40.6994],[-73.95292,40.6972],[-73.95249,40.695],[-73.95431,40.69479],[-73.95614,40.69458],[-73.958,40.69437],[-73.96016,40.69412],[-73.96105,40.69833]]]}},{"type":"Feature","properties":{"unit_id":"36047079801","name":"Census Tract 798.01 — Kings","native_id":"36047079801","source":"census_tract_2025","adm3_name":"Kings County","adm3_id":"36047","area_sqm":129680,"split":false},"geometry":{"type":"Polygon","coordinates":[[[-73.96077,40.66173],[-73.95704,40.66197],[-73.95696,40.66118],[-73.95687,40.66044],[-73.9568,40.65973],[-73.95673,40.65902],[-73.95665,40.65831],[-73.96043,40.65807],[-73.96048,40.65841],[-73.96062,40.6602],[-73.96066,40.66095],[-73.96077,40.66173]]]}},{"type":"Feature","properties":{"unit_id":"36047042800","name":"Census Tract 428 — Kings","native_id":"36047042800","source":"census_tract_2025","adm3_name":"Kings County","adm3_id":"36047","area_sqm":164702,"split":false},"geometry":{"type":"Polygon","coordinates":[[[-73.98855,40.607],[-73.98842,40.60712],[-73.9844,40.60756],[-73.98348,40.60766],[-73.98255,40.60776],[-73.9821,40.60538],[-73.98168,40.60316],[-73.98261,40.60306],[-73.98446,40.60285],[-73.98493,40.60531],[-73.98597,40.60588],[-73.98913,40.60646],[-73.98855,40.607]]]}},{"type":"Feature","properties":{"unit_id":"36047056301","name":"Census Tract 563.01 — Kings","native_id":"36047056301","source":"census_tract_2025","adm3_name":"Kings County","adm3_id":"36047","area_sqm":179514,"split":false},"geometry":{"type":"Polygon","coordinates":[[[-73.95995,40.73398],[-73.95841,40.73484],[-73.95864,40.73621],[-73.95531,40.73658],[-73.95519,40.73587],[-73.95507,40.73516],[-73.95484,40.73374],[-73.95461,40.73232],[-73.95794,40.73201],[-73.95959,40.73185],[-73.95995,40.73398]]]}},{"type":"Feature","properties":{"unit_id":"36047052000","name":"Census Tract 520 — Kings","native_id":"36047052000","source":"census_tract_2025","adm3_name":"Kings County","adm3_id":"36047","area_sqm":190568,"split":false},"geometry":{"type":"Polygon","coordinates":[[[-73.96617,40.64043],[-73.96443,40.64121],[-73.96356,40.64161],[-73.96319,40.63967],[-73.9622,40.6345],[-73.96395,40.63366],[-73.9648,40.63325],[-73.96538,40.63628],[-73.96579,40.63844],[-73.96617,40.64043]]]}},{"type":"Feature","properties":{"unit_id":"36047081000","name":"Census Tract 810 — Kings","native_id":"36047081000","source":"census_tract_2025","adm3_name":"Kings County","adm3_id":"36047","area_sqm":162403,"split":false},"geometry":{"type":"Polygon","coordinates":[[[-73.94768,40.6603],[-73.94541,40.66044],[-73.93981,40.66078],[-73.93973,40.66007],[-73.94255,40.65989],[-73.94231,40.65761],[-73.94735,40.65728],[-73.94752,40.65888],[-73.9476,40.65959],[-73.94768,40.6603]]]}},{"type":"Feature","properties":{"unit_id":"36047095400","name":"Census Tract 954 — Kings","native_id":"36047095400","source":"census_tract_2025","adm3_name":"Kings County","adm3_id":"36047","area_sqm":237026,"split":false},"geometry":{"type":"Polygon","coordinates":[[[-73.91893,40.64059],[-73.91593,40.64238],[-73.9139,40.64057],[-73.91203,40.63889],[-73.91037,40.63739],[-73.91179,40.63647],[-73.91328,40.63551],[-73.91494,40.63701],[-73.91681,40.63868],[-73.91893,40.64059]]]}},{"type":"Feature","properties":{"unit_id":"36061013202","name":"Census Tract 132.02 — New York","native_id":"36061013202","source":"census_tract_2025","adm3_name":"New York County","adm3_id":"36061","area_sqm":68947,"split":false},"geometry":{"type":"Polygon","coordinates":[[[-73.9514,40.77007],[-73.95093,40.77071],[-73.95043,40.77139],[-73.94823,40.77046],[-73.94807,40.77039],[-73.9475,40.77012],[-73.94797,40.76951],[-73.94904,40.76826],[-73.95186,40.76944],[-73.9514,40.77007]]]}},{"type":"Feature","properties":{"unit_id":"36047021000","name":"Census Tract 210 — Kings","native_id":"36047021000","source":"census_tract_2025","adm3_name":"Kings County","adm3_id":"36047","area_sqm":150022,"split":false},"geometry":{"type":"Polygon","coordinates":[[[-74.01143,40.62916],[-74.01,40.63011],[-74.00875,40.62937],[-74.00655,40.62804],[-74.00435,40.62671],[-74.00493,40.62615],[-74.0061,40.62503],[-74.0083,40.62636],[-74.0105,40.62769],[-74.01214,40.62868],[-74.01143,40.62916]]]}},{"type":"Feature","properties":{"unit_id":"36061010601","name":"Census Tract 106.01 — New York","native_id":"36061010601","source":"census_tract_2025","adm3_name":"New York County","adm3_id":"36061","area_sqm":121959,"split":false},"geometry":{"type":"Polygon","coordinates":[[[-73.96387,40.75701],[-73.96341,40.75764],[-73.96292,40.75831],[-73.96243,40.75898],[-73.96197,40.75962],[-73.95972,40.75866],[-73.95872,40.75864],[-73.95848,40.75854],[-73.95553,40.75724],[-73.95861,40.75385],[-73.96156,40.75521],[-73.96177,40.75528],[-73.9621,40.75545],[-73.96433,40.75638],[-73.96387,40.75701]]]}},{"type":"Feature","properties":{"unit_id":"36047012600","name":"Census Tract 126 — Kings","native_id":"36047012600","source":"census_tract_2025","adm3_name":"Kings County","adm3_id":"36047","area_sqm":235982,"split":false},"geometry":{"type":"Polygon","coordinates":[[[-74.02291,40.63611],[-74.02263,40.6368],[-74.02109,40.63826],[-74.01955,40.63709],[-74.0189,40.63686],[-74.01675,40.63544],[-74.01592,40.63338],[-74.01514,40.63322],[-74.01605,40.63103],[-74.01696,40.63162],[-74.01853,40.63233],[-74.01824,40.63303],[-74.02072,40.63417],[-74.02323,40.63532],[-74.02291,40.63611]]]}},{"type":"Feature","properties":{"unit_id":"36061000201","name":"Census Tract 2.01 — New York","native_id":"36061000201","source":"census_tract_2025","adm3_name":"New York County","adm3_id":"36061","area_sqm":90233,"split":false},"geometry":{"type":"Polygon","coordinates":[[[-73.98717,40.71431],[-73.98534,40.71446],[-73.98506,40.71308],[-73.98455,40.70949],[-73.98419,40.70558],[-73.98653,40.70498],[-73.98655,40.7093],[-73.98674,40.71154],[-73.98693,40.7129],[-73.98706,40.71364],[-73.98717,40.71431]]]}},{"type":"Feature","properties":{"unit_id":"36061010200","name":"Census Tract 102 — New York","native_id":"36061010200","source":"census_tract_2025","adm3_name":"New York County","adm3_id":"36061","area_sqm":172891,"split":false},"geometry":{"type":"Polygon","coordinates":[[[-73.97765,40.75791],[-73.97446,40.76229],[-73.97285,40.76161],[-73.97124,40.76094],[-73.97444,40.75656],[-73.97604,40.75723],[-73.97765,40.75791]]]}},{"type":"Feature","properties":{"unit_id":"36047056500","name":"Census Tract 565 — Kings","native_id":"36047056500","source":"census_tract_2025","adm3_name":"Kings County","adm3_id":"36047","area_sqm":237963,"split":false},"geometry":{"type":"Polygon","coordinates":[[[-73.96184,40.73163],[-73.95959,40.73185],[-73.95794,40.73201],[-73.95461,40.73232],[-73.95438,40.73091],[-73.95425,40.7302],[-73.95396,40.7295],[-73.95366,40.72882],[-73.95736,40.72846],[-73.96121,40.72815],[-73.96121,40.72951],[-73.96145,40.73099],[-73.96184,40.73163]]]}},{"type":"Feature","properties":{"unit_id":"36061023000","name":"Census Tract 230 — New York","native_id":"36061023000","source":"census_tract_2025","adm3_name":"New York County","adm3_id":"36061","area_sqm":173688,"split":false},"geometry":{"type":"Polygon","coordinates":[[[-73.94423,40.81967],[-73.94378,40.82029],[-73.94332,40.82092],[-73.94048,40.81972],[-73.93764,40.81852],[-73.93809,40.8179],[-73.93854,40.81728],[-73.93899,40.81666],[-73.93946,40.81603],[-73.9423,40.81723],[-73.94514,40.81842],[-73.94423,40.81967]]]}},{"type":"Feature","properties":{"unit_id":"36061015403","name":"Census Tract 154.03 — New York","native_id":"36061015403","source":"census_tract_2025","adm3_name":"New York County","adm3_id":"36061","area_sqm":51715,"split":false},"geometry":{"type":"Polygon","coordinates":[[[-73.9512,40.78263],[-73.95074,40.78326],[-73.95028,40.78389],[-73.94804,40.78294],[-73.9485,40.78232],[-73.94896,40.78169],[-73.94942,40.78106],[-73.95028,40.78142],[-73.95166,40.78201],[-73.9512,40.78263]]]}},{"type":"Feature","properties":{"unit_id":"36047069800","name":"Census Tract 698 — Kings","native_id":"36047069800","source":"census_tract_2025","adm3_name":"Kings County","adm3_id":"36047","area_sqm":500249,"split":false},"geometry":{"type":"Polygon","coordinates":[[[-73.92112,40.6107],[-73.91901,40.61212],[-73.91609,40.614],[-73.91388,40.61543],[-73.91569,40.61706],[-73.91714,40.61839],[-73.91727,40.61955],[-73.91485,40.6197],[-73.91168,40.61685],[-73.90989,40.61524],[-73.91173,40.61402],[-73.91286,40.61164],[-73.91406,40.60898],[-73.91725,40.60673],[-73.91782,40.60639],[-73.9193,40.60695],[-73.91969,40.60731],[-73.9225,40.60981],[-73.92112,40.6107]]]}},{"type":"Feature","properties":{"unit_id":"36047006901","name":"Census Tract 69.01 — Kings","native_id":"36047006901","source":"census_tract_2025","adm3_name":"Kings County","adm3_id":"36047","area_sqm":74434,"split":false},"geometry":{"type":"Polygon","coordinates":[[[-73.99334,40.68768],[-73.99327,40.68782],[-73.99047,40.68673],[-73.98829,40.68587],[-73.98871,40.68522],[-73.98913,40.68459],[-73.99133,40.68545],[-73.99393,40.68645],[-73.99334,40.68768]]]}},{"type":"Feature","properties":{"unit_id":"36047051200","name":"Census Tract 512 — Kings","native_id":"36047051200","source":"census_tract_2025","adm3_name":"Kings County","adm3_id":"36047","area_sqm":139992,"split":false},"geometry":{"type":"Polygon","coordinates":[[[-73.96547,40.64672],[-73.96453,40.64682],[-73.9649,40.64872],[-73.96398,40.64908],[-73.96308,40.64944],[-73.96193,40.64851],[-73.96167,40.64711],[-73.96121,40.64472],[-73.96216,40.64462],[-73.96313,40.64451],[-73.96409,40.64441],[-73.96501,40.6443],[-73.96547,40.64672]]]}},{"type":"Feature","properties":{"unit_id":"36061023300","name":"Census Tract 233 — New York","native_id":"36061023300","source":"census_tract_2025","adm3_name":"New York County","adm3_id":"36061","area_sqm":232212,"split":false},"geometry":{"type":"Polygon","coordinates":[[[-73.95997,40.83441],[-73.95225,40.83128],[-73.94969,40.83024],[-73.94814,40.8296],[-73.94529,40.8284],[-73.9462,40.82715],[-73.94712,40.8259],[-73.94996,40.8271],[-73.95197,40.82704],[-73.95371,40.82728],[-73.95443,40.82807],[-73.96148,40.83088],[-73.95997,40.83441]]]}},{"type":"Feature","properties":{"unit_id":"36047042900","name":"Census Tract 429 — Kings","native_id":"36047042900","source":"census_tract_2025","adm3_name":"Kings County","adm3_id":"36047","area_sqm":168134,"split":false},"geometry":{"type":"Polygon","coordinates":[[[-73.92684,40.70133],[-73.92383,40.7044],[-73.92308,40.70397],[-73.92233,40.70354],[-73.92158,40.70311],[-73.92083,40.70269],[-73.92007,40.70226],[-73.92308,40.6992],[-73.92383,40.69963],[-73.92458,40.70006],[-73.92533,40.70048],[-73.92684,40.70133]]]}},{"type":"Feature","properties":{"unit_id":"36047070601","name":"Census Tract 706.01 — Kings","native_id":"36047070601","source":"census_tract_2025","adm3_name":"Kings County","adm3_id":"36047","area_sqm":453432,"split":false},"geometry":{"type":"Polygon","coordinates":[[[-73.90893,40.61888],[-73.90707,40.61727],[-73.90492,40.61866],[-73.9042,40.61913],[-73.90274,40.62007],[-73.90199,40.62056],[-73.89835,40.61731],[-73.89856,40.61517],[-73.89924,40.61467],[-73.90067,40.61374],[-73.90137,40.61328],[-73.90346,40.61404],[-73.90493,40.61324],[-73.91026,40.61778],[-73.90893,40.61888]]]}},{"type":"Feature","properties":{"unit_id":"36061022301","name":"Census Tract 223.01 — New York","native_id":"36061022301","source":"census_tract_2025","adm3_name":"New York County","adm3_id":"36061","area_sqm":186810,"split":false},"geometry":{"type":"Polygon","coordinates":[[[-73.96366,40.8263],[-73.95919,40.82434],[-73.95722,40.82323],[-73.9557,40.82288],[-73.95368,40.82202],[-73.95291,40.8217],[-73.95083,40.82083],[-73.9522,40.81895],[-73.95272,40.81824],[-73.95545,40.81938],[-73.95508,40.8201],[-73.95752,40.82114],[-73.95841,40.8215],[-73.95874,40.82162],[-73.96509,40.82448],[-73.96366,40.8263]]]}},{"type":"Feature","properties":{"unit_id":"36047057800","name":"Census Tract 578 — Kings","native_id":"36047057800","source":"census_tract_2025","adm3_name":"Kings County","adm3_id":"36047","area_sqm":172233,"split":false},"geometry":{"type":"Polygon","coordinates":[[[-73.95398,40.6014],[-73.95304,40.60151],[-73.95183,40.60164],[-73.94987,40.60185],[-73.94905,40.59748],[-73.95101,40.59726],[-73.95315,40.59703],[-73.95398,40.6014]]]}},{"type":"Feature","properties":{"unit_id":"36047056100","name":"Census Tract 561 — Kings","native_id":"36047056100","source":"census_tract_2025","adm3_name":"Kings County","adm3_id":"36047","area_sqm":338520,"split":false},"geometry":{"type":"Polygon","coordinates":[[[-73.96144,40.7273],[-73.96121,40.72815],[-73.95736,40.72846],[-73.95366,40.72882],[-73.95327,40.72813],[-73.95241,40.72842],[-73.95087,40.72572],[-73.95174,40.72544],[-73.9526,40.72515],[-73.95527,40.72428],[-73.95627,40.72339],[-73.95772,40.7243],[-73.95892,40.72435],[-73.96161,40.72495],[-73.96144,40.7273]]]}},{"type":"Feature","properties":{"unit_id":"36047102200","name":"Census Tract 1022 — Kings","native_id":"36047102200","source":"census_tract_2025","adm3_name":"Kings County","adm3_id":"36047","area_sqm":162849,"split":false},"geometry":{"type":"Polygon","coordinates":[[[-73.89338,40.63711],[-73.89033,40.63908],[-73.88665,40.63578],[-73.8897,40.6338],[-73.89156,40.63547],[-73.89338,40.63711]]]}},{"type":"Feature","properties":{"unit_id":"36061003400","name":"Census Tract 34 — New York","native_id":"36061003400","source":"census_tract_2025","adm3_name":"New York County","adm3_id":"36061","area_sqm":160257,"split":false},"geometry":{"type":"Polygon","coordinates":[[[-73.98445,40.72878],[-73.98354,40.73002],[-73.98308,40.73066],[-73.98256,40.73136],[-73.98034,40.73045],[-73.978,40.72943],[-73.97854,40.72875],[-73.979,40.72811],[-73.97947,40.72747],[-73.97991,40.72687],[-73.98223,40.72785],[-73.98266,40.72726],[-73.98488,40.72819],[-73.98445,40.72878]]]}},{"type":"Feature","properties":{"unit_id":"36047009800","name":"Census Tract 98 — Kings","native_id":"36047009800","source":"census_tract_2025","adm3_name":"Kings County","adm3_id":"36047","area_sqm":151006,"split":false},"geometry":{"type":"Polygon","coordinates":[[[-74.0109,40.64455],[-74.01032,40.64511],[-74.00974,40.64567],[-74.00915,40.64623],[-74.00695,40.6449],[-74.00475,40.64357],[-74.00533,40.64301],[-74.00591,40.64245],[-74.00708,40.64133],[-74.00928,40.64266],[-74.01148,40.64399],[-74.0109,40.64455]]]}},{"type":"Feature","properties":{"unit_id":"36061002800","name":"Census Tract 28 — New York","native_id":"36061002800","source":"census_tract_2025","adm3_name":"New York County","adm3_id":"36061","area_sqm":183626,"split":false},"geometry":{"type":"Polygon","coordinates":[[[-73.97991,40.72687],[-73.97947,40.72747],[-73.979,40.72811],[-73.97854,40.72875],[-73.978,40.72943],[-73.9757,40.72848],[-73.9733,40.72743],[-73.97516,40.72488],[-73.9756,40.72428],[-73.97798,40.72529],[-73.98033,40.72628],[-73.97991,40.72687]]]}},{"type":"Feature","properties":{"unit_id":"36061009100","name":"Census Tract 91 — New York","native_id":"36061009100","source":"census_tract_2025","adm3_name":"New York County","adm3_id":"36061","area_sqm":179098,"split":false},"geometry":{"type":"Polygon","coordinates":[[[-73.99849,40.74529],[-73.99801,40.74595],[-73.99755,40.74658],[-73.9971,40.74721],[-73.99426,40.746],[-73.99142,40.7448],[-73.99232,40.74357],[-73.99281,40.7429],[-73.99329,40.74223],[-73.99613,40.74343],[-73.99897,40.74463],[-73.99849,40.74529]]]}},{"type":"Feature","properties":{"unit_id":"36047079001","name":"Census Tract 790.01 — Kings","native_id":"36047079001","source":"census_tract_2025","adm3_name":"Kings County","adm3_id":"36047","area_sqm":60467,"split":false},"geometry":{"type":"Polygon","coordinates":[[[-73.95764,40.64269],[-73.95453,40.64289],[-73.95428,40.64059],[-73.95404,40.63888],[-73.95564,40.6405],[-73.95764,40.64269]]]}},{"type":"Feature","properties":{"unit_id":"36061000800","name":"Census Tract 8 — New York","native_id":"36061000800","source":"census_tract_2025","adm3_name":"New York County","adm3_id":"36061","area_sqm":220708,"split":false},"geometry":{"type":"Polygon","coordinates":[[[-73.9975,40.71407],[-73.99484,40.71421],[-73.99414,40.71427],[-73.99302,40.71436],[-73.99256,40.71439],[-73.99227,40.71247],[-73.99178,40.70982],[-73.99194,40.70953],[-73.98938,40.70514],[-73.9895,40.70515],[-73.99272,40.70554],[-73.99369,40.70448],[-73.996,40.70889],[-73.99622,40.70918],[-73.99635,40.70978],[-73.99644,40.7102],[-73.99678,40.71136],[-73.99695,40.71207],[-73.99712,40.7128],[-73.9975,40.71407]]]}},{"type":"Feature","properties":{"unit_id":"36061022102","name":"Census Tract 221.02 — New York","native_id":"36061022102","source":"census_tract_2025","adm3_name":"New York County","adm3_id":"36061","area_sqm":99000,"split":false},"geometry":{"type":"Polygon","coordinates":[[[-73.94704,40.81921],[-73.94608,40.82126],[-73.94515,40.82088],[-73.94378,40.82029],[-73.94423,40.81967],[-73.94514,40.81842],[-73.94606,40.81717],[-73.94703,40.81583],[-73.94836,40.81637],[-73.94704,40.81921]]]}},{"type":"Feature","properties":{"unit_id":"36047029500","name":"Census Tract 295 — Kings","native_id":"36047029500","source":"census_tract_2025","adm3_name":"Kings County","adm3_id":"36047","area_sqm":164586,"split":false},"geometry":{"type":"Polygon","coordinates":[[[-73.93559,40.6857],[-73.93267,40.68603],[-73.92975,40.68637],[-73.92959,40.68563],[-73.92945,40.6849],[-73.92931,40.68417],[-73.92916,40.68344],[-73.93209,40.6831],[-73.93501,40.68276],[-73.93515,40.6835],[-73.9353,40.68423],[-73.93544,40.68496],[-73.93559,40.6857]]]}},{"type":"Feature","properties":{"unit_id":"36061011202","name":"Census Tract 112.02 — New York","native_id":"36061011202","source":"census_tract_2025","adm3_name":"New York County","adm3_id":"36061","area_sqm":78008,"split":false},"geometry":{"type":"Polygon","coordinates":[[[-73.97302,40.76428],[-73.97141,40.76359],[-73.9698,40.76291],[-73.97124,40.76094],[-73.97285,40.76161],[-73.97446,40.76229],[-73.97302,40.76428]]]}},{"type":"Feature","properties":{"unit_id":"36061002100","name":"Census Tract 21 — New York","native_id":"36061002100","source":"census_tract_2025","adm3_name":"New York County","adm3_id":"36061","area_sqm":237229,"split":false},"geometry":{"type":"Polygon","coordinates":[[[-74.01319,40.7152],[-74.01273,40.71711],[-74.01097,40.7163],[-74.01083,40.71693],[-74.0092,40.71619],[-74.00882,40.71601],[-74.00754,40.71543],[-74.00589,40.71468],[-74.00723,40.71305],[-74.0086,40.71139],[-74.01012,40.71209],[-74.01166,40.7128],[-74.0137,40.71367],[-74.01319,40.7152]]]}},{"type":"Feature","properties":{"unit_id":"36061019800","name":"Census Tract 198 — New York","native_id":"36061019800","source":"census_tract_2025","adm3_name":"New York County","adm3_id":"36061","area_sqm":225452,"split":false},"geometry":{"type":"Polygon","coordinates":[[[-73.94569,40.80452],[-73.9443,40.80639],[-73.94275,40.80574],[-73.94177,40.80709],[-73.94016,40.80641],[-73.93854,40.80573],[-73.93999,40.80376],[-73.94091,40.8025],[-73.94182,40.80124],[-73.94344,40.80192],[-73.94505,40.8026],[-73.9446,40.80323],[-73.94613,40.80388],[-73.94569,40.80452]]]}},{"type":"Feature","properties":{"unit_id":"36047091200","name":"Census Tract 912 — Kings","native_id":"36047091200","source":"census_tract_2025","adm3_name":"Kings County","adm3_id":"36047","area_sqm":167237,"split":false},"geometry":{"type":"Polygon","coordinates":[[[-73.91009,40.66715],[-73.90636,40.66771],[-73.90597,40.66618],[-73.90558,40.66466],[-73.90517,40.66311],[-73.90892,40.66255],[-73.90931,40.6641],[-73.9097,40.66563],[-73.91009,40.66715]]]}},{"type":"Feature","properties":{"unit_id":"36047008200","name":"Census Tract 82 — Kings","native_id":"36047008200","source":"census_tract_2025","adm3_name":"Kings County","adm3_id":"36047","area_sqm":139691,"split":false},"geometry":{"type":"Polygon","coordinates":[[[-74.01031,40.65148],[-74.00854,40.6532],[-74.00675,40.65207],[-74.00449,40.65071],[-74.00507,40.65015],[-74.00566,40.64958],[-74.00682,40.64847],[-74.01091,40.65094],[-74.01031,40.65148]]]}},{"type":"Feature","properties":{"unit_id":"36047079201","name":"Census Tract 792.01 — Kings","native_id":"36047079201","source":"census_tract_2025","adm3_name":"Kings County","adm3_id":"36047","area_sqm":108751,"split":false},"geometry":{"type":"Polygon","coordinates":[[[-73.95811,40.64652],[-73.95565,40.64663],[-73.95473,40.64477],[-73.95467,40.6442],[-73.95453,40.64289],[-73.95764,40.64269],[-73.95792,40.64414],[-73.95802,40.64507],[-73.95811,40.64652]]]}},{"type":"Feature","properties":{"unit_id":"36061011000","name":"Census Tract 110 — New York","native_id":"36061011000","source":"census_tract_2025","adm3_name":"New York County","adm3_id":"36061","area_sqm":176516,"split":false},"geometry":{"type":"Polygon","coordinates":[[[-73.96521,40.76343],[-73.96475,40.76406],[-73.9643,40.76468],[-73.96206,40.76373],[-73.95969,40.76274],[-73.96015,40.76212],[-73.96061,40.76149],[-73.96107,40.76086],[-73.96143,40.76036],[-73.96197,40.75962],[-73.96356,40.76028],[-73.96431,40.7606],[-73.96658,40.76155],[-73.96521,40.76343]]]}},{"type":"Feature","properties":{"unit_id":"36047012100","name":"Census Tract 121 — Kings","native_id":"36047012100","source":"census_tract_2025","adm3_name":"Kings County","adm3_id":"36047","area_sqm":148056,"split":false},"geometry":{"type":"Polygon","coordinates":[[[-73.99388,40.672],[-73.99338,40.6726],[-73.99237,40.67381],[-73.98771,40.67156],[-73.98873,40.67034],[-73.98922,40.66975],[-73.98972,40.66915],[-73.99438,40.6714],[-73.99388,40.672]]]}},{"type":"Feature","properties":{"unit_id":"36061024700","name":"Census Tract 247 — New York","native_id":"36061024700","source":"census_tract_2025","adm3_name":"New York County","adm3_id":"36061","area_sqm":256348,"split":false},"geometry":{"type":"Polygon","coordinates":[[[-73.95566,40.84448],[-73.94772,40.84145],[-73.9465,40.84124],[-73.94468,40.84105],[-73.94307,40.84019],[-73.94374,40.83848],[-73.94402,40.83778],[-73.9443,40.83708],[-73.94457,40.83638],[-73.94397,40.83531],[-73.94443,40.83468],[-73.94551,40.83512],[-73.94959,40.83683],[-73.95772,40.83968],[-73.95566,40.84448]]]}},{"type":"Feature","properties":{"unit_id":"36047018000","name":"Census Tract 180 — Kings","native_id":"36047018000","source":"census_tract_2025","adm3_name":"Kings County","adm3_id":"36047","area_sqm":176108,"split":false},"geometry":{"type":"Polygon","coordinates":[[[-74.00908,40.60838],[-74.00601,40.61133],[-74.00342,40.60997],[-74.00486,40.60859],[-74.00662,40.6069],[-74.00837,40.60522],[-74.01082,40.6067],[-74.00908,40.60838]]]}},{"type":"Feature","properties":{"unit_id":"36047027800","name":"Census Tract 278 — Kings","native_id":"36047027800","source":"census_tract_2025","adm3_name":"Kings County","adm3_id":"36047","area_sqm":160472,"split":false},"geometry":{"type":"Polygon","coordinates":[[[-74.00264,40.60726],[-74.00195,40.60782],[-74.00093,40.60864],[-74.00002,40.60939],[-73.99945,40.60995],[-73.9975,40.60878],[-73.99809,40.60822],[-73.99867,40.60766],[-73.99983,40.60654],[-74.00046,40.60593],[-74.00263,40.60385],[-74.00493,40.60507],[-74.00264,40.60726]]]}},{"type":"Feature","properties":{"unit_id":"36047101800","name":"Census Tract 1018 — Kings","native_id":"36047101800","source":"census_tract_2025","adm3_name":"Kings County","adm3_id":"36047","area_sqm":283765,"split":false},"geometry":{"type":"Polygon","coordinates":[[[-73.89125,40.65003],[-73.88959,40.64811],[-73.88074,40.63961],[-73.88372,40.63768],[-73.88739,40.64098],[-73.88525,40.64236],[-73.8889,40.64563],[-73.89255,40.64891],[-73.89125,40.65003]]]}},{"type":"Feature","properties":{"unit_id":"36047023400","name":"Census Tract 234 — Kings","native_id":"36047023400","source":"census_tract_2025","adm3_name":"Kings County","adm3_id":"36047","area_sqm":169784,"split":false},"geometry":{"type":"Polygon","coordinates":[[[-73.99154,40.63558],[-73.99096,40.63614],[-73.99037,40.6367],[-73.98596,40.63405],[-73.98376,40.63272],[-73.98434,40.63216],[-73.98493,40.6316],[-73.98551,40.63104],[-73.98771,40.63237],[-73.99212,40.63503],[-73.99154,40.63558]]]}},{"type":"Feature","properties":{"unit_id":"36061029900","name":"Census Tract 299 — New York","native_id":"36061029900","source":"census_tract_2025","adm3_name":"New York County","adm3_id":"36061","area_sqm":620159,"split":false},"geometry":{"type":"Polygon","coordinates":[[[-73.92474,40.86159],[-73.92249,40.86241],[-73.92061,40.86311],[-73.92028,40.86261],[-73.91894,40.86446],[-73.91704,40.86703],[-73.91518,40.86955],[-73.91401,40.87116],[-73.91227,40.87252],[-73.91143,40.8733],[-73.91048,40.87401],[-73.9086,40.87168],[-73.9098,40.86828],[-73.91434,40.86252],[-73.91929,40.85748],[-73.92001,40.85668],[-73.92096,40.85511],[-73.92216,40.85561],[-73.92287,40.85587],[-73.92296,40.85891],[-73.92474,40.86159]]]}},{"type":"Feature","properties":{"unit_id":"36061016800","name":"Census Tract 168 — New York","native_id":"36061016800","source":"census_tract_2025","adm3_name":"New York County","adm3_id":"36061","area_sqm":199277,"split":false},"geometry":{"type":"Polygon","coordinates":[[[-73.95298,40.79172],[-73.95111,40.79429],[-73.94951,40.79361],[-73.9479,40.79293],[-73.94839,40.79226],[-73.9493,40.791],[-73.94977,40.79037],[-73.95024,40.78974],[-73.95161,40.78786],[-73.95482,40.78921],[-73.95298,40.79172]]]}},{"type":"Feature","properties":{"unit_id":"36047092000","name":"Census Tract 920 — Kings","native_id":"36047092000","source":"census_tract_2025","adm3_name":"Kings County","adm3_id":"36047","area_sqm":237149,"split":false},"geometry":{"type":"Polygon","coordinates":[[[-73.90719,40.65962],[-73.90627,40.65975],[-73.90439,40.66003],[-73.90066,40.66059],[-73.89965,40.66074],[-73.89922,40.65911],[-73.89881,40.65741],[-73.89904,40.65737],[-73.89997,40.65729],[-73.9003,40.65726],[-73.90076,40.65723],[-73.90356,40.65683],[-73.90545,40.65655],[-73.90637,40.65641],[-73.90719,40.65962]]]}},{"type":"Feature","properties":{"unit_id":"36047024500","name":"Census Tract 245 — Kings","native_id":"36047024500","source":"census_tract_2025","adm3_name":"Kings County","adm3_id":"36047","area_sqm":166849,"split":false},"geometry":{"type":"Polygon","coordinates":[[[-73.95425,40.68505],[-73.95059,40.68547],[-73.9503,40.684],[-73.95001,40.68254],[-73.94986,40.6818],[-73.94971,40.68107],[-73.94956,40.68039],[-73.95337,40.68064],[-73.95352,40.68138],[-73.95366,40.68212],[-73.95395,40.68358],[-73.95425,40.68505]]]}},{"type":"Feature","properties":{"unit_id":"36061011300","name":"Census Tract 113 — New York","native_id":"36061011300","source":"census_tract_2025","adm3_name":"New York County","adm3_id":"36061","area_sqm":175653,"split":false},"geometry":{"type":"Polygon","coordinates":[[[-73.98979,40.75723],[-73.98695,40.75604],[-73.98412,40.75484],[-73.98504,40.75355],[-73.98595,40.75232],[-73.99163,40.75471],[-73.98979,40.75723]]]}},{"type":"Feature","properties":{"unit_id":"36061020102","name":"Census Tract 201.02 — New York","native_id":"36061020102","source":"census_tract_2025","adm3_name":"New York County","adm3_id":"36061","area_sqm":83350,"split":false},"geometry":{"type":"Polygon","coordinates":[[[-73.95818,40.8056],[-73.95727,40.80692],[-73.95587,40.80634],[-73.95442,40.80573],[-73.95537,40.80442],[-73.95632,40.80311],[-73.95778,40.80373],[-73.9582,40.80389],[-73.95818,40.8056]]]}},{"type":"Feature","properties":{"unit_id":"36061028100","name":"Census Tract 281 — New York","native_id":"36061028100","source":"census_tract_2025","adm3_name":"New York County","adm3_id":"36061","area_sqm":94229,"split":false},"geometry":{"type":"Polygon","coordinates":[[[-73.9367,40.85562],[-73.9356,40.85711],[-73.93451,40.85862],[-73.93409,40.85938],[-73.93215,40.85953],[-73.93368,40.85678],[-73.93463,40.8545],[-73.93604,40.85491],[-73.93688,40.85514],[-73.9367,40.85562]]]}},{"type":"Feature","properties":{"unit_id":"36047109800","name":"Census Tract 1098 — Kings","native_id":"36047109800","source":"census_tract_2025","adm3_name":"Kings County","adm3_id":"36047","area_sqm":854382,"split":false},"geometry":{"type":"Polygon","coordinates":[[[-73.90945,40.65152],[-73.90856,40.6521],[-73.90786,40.65459],[-73.90692,40.65473],[-73.90317,40.6553],[-73.9003,40.65726],[-73.89997,40.65729],[-73.89904,40.65737],[-73.89881,40.65741],[-73.89611,40.65775],[-73.89538,40.65772],[-73.89355,40.6552],[-73.89761,40.65345],[-73.89586,40.65188],[-73.89794,40.65051],[-73.90089,40.64864],[-73.90398,40.64663],[-73.90762,40.6499],[-73.90868,40.65072],[-73.90945,40.65152]]]}},{"type":"Feature","properties":{"unit_id":"36047035000","name":"Census Tract 350 — Kings","native_id":"36047035000","source":"census_tract_2025","adm3_name":"Kings County","adm3_id":"36047","area_sqm":198571,"split":false},"geometry":{"type":"Polygon","coordinates":[[[-73.98198,40.57925],[-73.97794,40.57963],[-73.97627,40.57982],[-73.97655,40.57599],[-73.97662,40.5753],[-73.98126,40.57556],[-73.98198,40.57925]]]}},{"type":"Feature","properties":{"unit_id":"36047056400","name":"Census Tract 564 — Kings","native_id":"36047056400","source":"census_tract_2025","adm3_name":"Kings County","adm3_id":"36047","area_sqm":183221,"split":false},"geometry":{"type":"Polygon","coordinates":[[[-73.94606,40.60708],[-73.94513,40.60718],[-73.9456,40.60964],[-73.94364,40.60986],[-73.94355,40.60935],[-73.94231,40.60827],[-73.94155,40.60758],[-73.93921,40.60548],[-73.93992,40.60539],[-73.94177,40.60518],[-73.94277,40.60507],[-73.94377,40.60496],[-73.94562,40.60476],[-73.94606,40.60708]]]}},{"type":"Feature","properties":{"unit_id":"36047041401","name":"Census Tract 414.01 — Kings","native_id":"36047041401","source":"census_tract_2025","adm3_name":"Kings County","adm3_id":"36047","area_sqm":135123,"split":false},"geometry":{"type":"Polygon","coordinates":[[[-73.97257,40.60179],[-73.97235,40.60335],[-73.97218,40.60419],[-73.97099,40.60432],[-73.97002,40.60444],[-73.96958,40.60212],[-73.96913,40.59973],[-73.97006,40.59963],[-73.97191,40.59942],[-73.97291,40.59931],[-73.97257,40.60179]]]}},{"type":"Feature","properties":{"unit_id":"36047002200","name":"Census Tract 22 — Kings","native_id":"36047002200","source":"census_tract_2025","adm3_name":"Kings County","adm3_id":"36047","area_sqm":340046,"split":false},"geometry":{"type":"Polygon","coordinates":[[[-74.02626,40.64013],[-74.02572,40.64063],[-74.02277,40.64347],[-74.0216,40.6446],[-74.02384,40.64592],[-74.02146,40.64818],[-74.01926,40.64685],[-74.01665,40.64533],[-74.01788,40.6442],[-74.01793,40.64423],[-74.01901,40.64317],[-74.02021,40.64198],[-74.02116,40.64142],[-74.02311,40.64],[-74.02354,40.63931],[-74.02475,40.63812],[-74.02686,40.63954],[-74.02626,40.64013]]]}},{"type":"Feature","properties":{"unit_id":"36061004500","name":"Census Tract 45 — New York","native_id":"36061004500","source":"census_tract_2025","adm3_name":"New York County","adm3_id":"36061","area_sqm":104948,"split":false},"geometry":{"type":"Polygon","coordinates":[[[-74.00142,40.71994],[-73.99985,40.72179],[-73.99881,40.72302],[-73.99712,40.7223],[-73.99765,40.72084],[-73.99996,40.71802],[-74.00188,40.7194],[-74.00142,40.71994]]]}},{"type":"Feature","properties":{"unit_id":"36047092200","name":"Census Tract 922 — Kings","native_id":"36047092200","source":"census_tract_2025","adm3_name":"Kings County","adm3_id":"36047","area_sqm":161392,"split":false},"geometry":{"type":"Polygon","coordinates":[[[-73.91012,40.65585],[-73.90824,40.65613],[-73.90731,40.65627],[-73.90637,40.65641],[-73.90545,40.65655],[-73.90356,40.65683],[-73.90076,40.65723],[-73.9003,40.65726],[-73.90317,40.6553],[-73.90692,40.65473],[-73.90786,40.65459],[-73.90856,40.6521],[-73.90933,40.65281],[-73.90973,40.65431],[-73.90977,40.65447],[-73.91012,40.65585]]]}},{"type":"Feature","properties":{"unit_id":"36061012101","name":"Census Tract 121.01 — New York","native_id":"36061012101","source":"census_tract_2025","adm3_name":"New York County","adm3_id":"36061","area_sqm":89046,"split":false},"geometry":{"type":"Polygon","coordinates":[[[-73.99214,40.7591],[-73.99169,40.75973],[-73.99123,40.76035],[-73.99076,40.76099],[-73.98793,40.75979],[-73.98884,40.75853],[-73.98979,40.75723],[-73.99263,40.75843],[-73.99214,40.7591]]]}},{"type":"Feature","properties":{"unit_id":"36061014602","name":"Census Tract 146.02 — New York","native_id":"36061014602","source":"census_tract_2025","adm3_name":"New York County","adm3_id":"36061","area_sqm":109174,"split":false},"geometry":{"type":"Polygon","coordinates":[[[-73.95349,40.7795],[-73.95303,40.78013],[-73.95257,40.78075],[-73.95034,40.77981],[-73.94797,40.77881],[-73.94842,40.77818],[-73.94888,40.77755],[-73.94937,40.77688],[-73.95174,40.77788],[-73.95398,40.77882],[-73.95349,40.7795]]]}},{"type":"Feature","properties":{"unit_id":"36061013601","name":"Census Tract 136.01 — New York","native_id":"36061013601","source":"census_tract_2025","adm3_name":"New York County","adm3_id":"36061","area_sqm":37574,"split":false},"geometry":{"type":"Polygon","coordinates":[[[-73.94758,40.77108],[-73.94712,40.77171],[-73.94666,40.77235],[-73.9462,40.77298],[-73.94573,40.77362],[-73.94434,40.77311],[-73.94019,40.77296],[-73.94215,40.77204],[-73.94466,40.76985],[-73.94514,40.76911],[-73.9475,40.77012],[-73.94807,40.77039],[-73.94758,40.77108]]]}},{"type":"Feature","properties":{"unit_id":"36047113400","name":"Census Tract 1134 — Kings","native_id":"36047113400","source":"census_tract_2025","adm3_name":"Kings County","adm3_id":"36047","area_sqm":153420,"split":false},"geometry":{"type":"Polygon","coordinates":[[[-73.90198,40.66967],[-73.89834,40.67021],[-73.89802,40.66896],[-73.89763,40.66742],[-73.89723,40.66588],[-73.89908,40.66561],[-73.90085,40.66535],[-73.90167,40.66841],[-73.90198,40.66967]]]}},{"type":"Feature","properties":{"unit_id":"36047116000","name":"Census Tract 1160 — Kings","native_id":"36047116000","source":"census_tract_2025","adm3_name":"Kings County","adm3_id":"36047","area_sqm":151414,"split":false},"geometry":{"type":"Polygon","coordinates":[[[-73.89088,40.67132],[-73.88819,40.67171],[-73.88729,40.67185],[-73.88697,40.67059],[-73.88657,40.66906],[-73.88618,40.66752],[-73.88889,40.66712],[-73.88977,40.66699],[-73.89016,40.66852],[-73.89056,40.67006],[-73.89088,40.67132]]]}},{"type":"Feature","properties":{"unit_id":"36047117202","name":"Census Tract 1172.02 — Kings","native_id":"36047117202","source":"census_tract_2025","adm3_name":"Kings County","adm3_id":"36047","area_sqm":151822,"split":false},"geometry":{"type":"Polygon","coordinates":[[[-73.8865,40.68335],[-73.8822,40.68536],[-73.88165,40.68327],[-73.88117,40.68135],[-73.88303,40.68109],[-73.88489,40.68081],[-73.88581,40.68067],[-73.8863,40.68259],[-73.8865,40.68335]]]}},{"type":"Feature","properties":{"unit_id":"36047028100","name":"Census Tract 281 — Kings","native_id":"36047028100","source":"census_tract_2025","adm3_name":"Kings County","adm3_id":"36047","area_sqm":161938,"split":false},"geometry":{"type":"Polygon","coordinates":[[[-73.9431,40.69382],[-73.94026,40.69415],[-73.93734,40.69449],[-73.9372,40.69375],[-73.93705,40.69302],[-73.9369,40.69229],[-73.93676,40.69156],[-73.93968,40.69122],[-73.94252,40.69089],[-73.94266,40.69162],[-73.94295,40.69309],[-73.9431,40.69382]]]}},{"type":"Feature","properties":{"unit_id":"36047032900","name":"Census Tract 329 — Kings","native_id":"36047032900","source":"census_tract_2025","adm3_name":"Kings County","adm3_id":"36047","area_sqm":156418,"split":false},"geometry":{"type":"Polygon","coordinates":[[[-73.95385,40.66373],[-73.95097,40.6639],[-73.94817,40.66408],[-73.94546,40.66423],[-73.9427,40.66405],[-73.94283,40.66285],[-73.94561,40.66268],[-73.94791,40.66253],[-73.95081,40.66235],[-73.9537,40.66217],[-73.95385,40.66373]]]}},{"type":"Feature","properties":{"unit_id":"36047046800","name":"Census Tract 468 — Kings","native_id":"36047046800","source":"census_tract_2025","adm3_name":"Kings County","adm3_id":"36047","area_sqm":295918,"split":false},"geometry":{"type":"Polygon","coordinates":[[[-73.9844,40.62489],[-73.98157,40.62409],[-73.97936,40.62277],[-73.97703,40.62153],[-73.97538,40.62079],[-73.97738,40.61788],[-73.9795,40.61919],[-73.9817,40.62052],[-73.98228,40.61996],[-73.98448,40.62129],[-73.9839,40.62185],[-73.9861,40.62318],[-73.9844,40.62489]]]}},{"type":"Feature","properties":{"unit_id":"36047082400","name":"Census Tract 824 — Kings","native_id":"36047082400","source":"census_tract_2025","adm3_name":"Kings County","adm3_id":"36047","area_sqm":214365,"split":false},"geometry":{"type":"Polygon","coordinates":[[[-73.95247,40.65067],[-73.94957,40.65081],[-73.94859,40.65085],[-73.94667,40.65095],[-73.94626,40.64701],[-73.94724,40.64696],[-73.94915,40.64689],[-73.95205,40.64677],[-73.95219,40.64802],[-73.95236,40.64967],[-73.95247,40.65067]]]}},{"type":"Feature","properties":{"unit_id":"36047042600","name":"Census Tract 426 — Kings","native_id":"36047042600","source":"census_tract_2025","adm3_name":"Kings County","adm3_id":"36047","area_sqm":170007,"split":false},"geometry":{"type":"Polygon","coordinates":[[[-73.98255,40.60776],[-73.98162,40.60787],[-73.98069,40.60797],[-73.9797,40.60808],[-73.9787,40.60819],[-73.97783,40.60359],[-73.97883,40.60348],[-73.97983,40.60337],[-73.98075,40.60326],[-73.98168,40.60316],[-73.9821,40.60538],[-73.98255,40.60776]]]}},{"type":"Feature","properties":{"unit_id":"36047016200","name":"Census Tract 162 — Kings","native_id":"36047016200","source":"census_tract_2025","adm3_name":"Kings County","adm3_id":"36047","area_sqm":237712,"split":false},"geometry":{"type":"Polygon","coordinates":[[[-74.03602,40.61027],[-74.03487,40.61137],[-74.03264,40.61401],[-74.03195,40.61482],[-74.03151,40.61533],[-74.03048,40.61652],[-74.0287,40.61563],[-74.0275,40.61696],[-74.0263,40.61633],[-74.02839,40.61425],[-74.02897,40.61352],[-74.03145,40.61112],[-74.03192,40.61083],[-74.03505,40.60954],[-74.0353,40.60949],[-74.03602,40.61027]]]}},{"type":"Feature","properties":{"unit_id":"36047021500","name":"Census Tract 215 — Kings","native_id":"36047021500","source":"census_tract_2025","adm3_name":"Kings County","adm3_id":"36047","area_sqm":152313,"split":false},"geometry":{"type":"Polygon","coordinates":[[[-73.96719,40.67369],[-73.96694,40.67442],[-73.96295,40.67359],[-73.96314,40.67457],[-73.96333,40.67556],[-73.96318,40.67553],[-73.96007,40.67488],[-73.96071,40.67312],[-73.96134,40.67135],[-73.96262,40.67163],[-73.9663,40.67268],[-73.96749,40.67288],[-73.96719,40.67369]]]}},{"type":"Feature","properties":{"unit_id":"36047042700","name":"Census Tract 427 — Kings","native_id":"36047042700","source":"census_tract_2025","adm3_name":"Kings County","adm3_id":"36047","area_sqm":148265,"split":false},"geometry":{"type":"Polygon","coordinates":[[[-73.93116,40.70377],[-73.92874,40.70472],[-73.92609,40.70568],[-73.92534,40.70525],[-73.92459,40.70482],[-73.92383,40.7044],[-73.92684,40.70133],[-73.92759,40.70176],[-73.92834,40.70219],[-73.92909,40.70262],[-73.93116,40.70377]]]}},{"type":"Feature","properties":{"unit_id":"36047029300","name":"Census Tract 293 — Kings","native_id":"36047029300","source":"census_tract_2025","adm3_name":"Kings County","adm3_id":"36047","area_sqm":164460,"split":false},"geometry":{"type":"Polygon","coordinates":[[[-73.93617,40.68863],[-73.93032,40.6893],[-73.93018,40.68856],[-73.93004,40.68783],[-73.92989,40.6871],[-73.92975,40.68637],[-73.93267,40.68603],[-73.93559,40.6857],[-73.93574,40.68643],[-73.93588,40.68716],[-73.93603,40.68789],[-73.93617,40.68863]]]}},{"type":"Feature","properties":{"unit_id":"36047078801","name":"Census Tract 788.01 — Kings","native_id":"36047078801","source":"census_tract_2025","adm3_name":"Kings County","adm3_id":"36047","area_sqm":93155,"split":false},"geometry":{"type":"Polygon","coordinates":[[[-73.95213,40.63842],[-73.95116,40.63843],[-73.95017,40.63849],[-73.94827,40.63861],[-73.94801,40.63627],[-73.94992,40.63615],[-73.9511,40.63607],[-73.9536,40.63842],[-73.95213,40.63842]]]}},{"type":"Feature","properties":{"unit_id":"36047020400","name":"Census Tract 204 — Kings","native_id":"36047020400","source":"census_tract_2025","adm3_name":"Kings County","adm3_id":"36047","area_sqm":134801,"split":false},"geometry":{"type":"Polygon","coordinates":[[[-74.01466,40.62369],[-74.01403,40.62429],[-74.01341,40.6249],[-74.01283,40.62546],[-74.01224,40.62602],[-74.01004,40.62469],[-74.01062,40.62413],[-74.01121,40.62357],[-74.01183,40.62297],[-74.01246,40.62236],[-74.0142,40.62069],[-74.01641,40.62201],[-74.01466,40.62369]]]}},{"type":"Feature","properties":{"unit_id":"36047051900","name":"Census Tract 519 — Kings","native_id":"36047051900","source":"census_tract_2025","adm3_name":"Kings County","adm3_id":"36047","area_sqm":274935,"split":false},"geometry":{"type":"Polygon","coordinates":[[[-73.9598,40.71389],[-73.95822,40.71537],[-73.95644,40.71703],[-73.95584,40.71759],[-73.95347,40.7198],[-73.95248,40.71922],[-73.95184,40.71544],[-73.95275,40.71474],[-73.95349,40.71407],[-73.95434,40.71407],[-73.95548,40.71227],[-73.95681,40.71276],[-73.95834,40.71331],[-73.9598,40.71389]]]}},{"type":"Feature","properties":{"unit_id":"36047014000","name":"Census Tract 140 — Kings","native_id":"36047014000","source":"census_tract_2025","adm3_name":"Kings County","adm3_id":"36047","area_sqm":147522,"split":false},"geometry":{"type":"Polygon","coordinates":[[[-74.02293,40.6195],[-74.02069,40.62183],[-74.01971,40.62219],[-74.01908,40.62362],[-74.01641,40.62201],[-74.01815,40.62034],[-74.02053,40.61806],[-74.02122,40.61847],[-74.02293,40.6195]]]}},{"type":"Feature","properties":{"unit_id":"36061005700","name":"Census Tract 57 — New York","native_id":"36061005700","source":"census_tract_2025","adm3_name":"New York County","adm3_id":"36061","area_sqm":108047,"split":false},"geometry":{"type":"Polygon","coordinates":[[[-73.99506,40.72881],[-73.99325,40.73094],[-73.99241,40.73059],[-73.99192,40.73117],[-73.99146,40.73174],[-73.99039,40.73129],[-73.99076,40.72974],[-73.99129,40.72776],[-73.99155,40.72709],[-73.99315,40.72787],[-73.99425,40.72841],[-73.99506,40.72881]]]}},{"type":"Feature","properties":{"unit_id":"36047111800","name":"Census Tract 1118 — Kings","native_id":"36047111800","source":"census_tract_2025","adm3_name":"Kings County","adm3_id":"36047","area_sqm":162313,"split":false},"geometry":{"type":"Polygon","coordinates":[[[-73.87887,40.67019],[-73.87423,40.67086],[-73.8738,40.66933],[-73.87284,40.66803],[-73.87369,40.66766],[-73.87695,40.66626],[-73.87838,40.66823],[-73.87849,40.66866],[-73.87887,40.67019]]]}},{"type":"Feature","properties":{"unit_id":"36047039100","name":"Census Tract 391 — Kings","native_id":"36047039100","source":"census_tract_2025","adm3_name":"Kings County","adm3_id":"36047","area_sqm":166173,"split":false},"geometry":{"type":"Polygon","coordinates":[[[-73.93698,40.70191],[-73.93395,40.70267],[-73.93235,40.69981],[-73.93052,40.69877],[-73.92996,40.69825],[-73.92932,40.69764],[-73.93227,40.69732],[-73.93476,40.6987],[-73.93547,40.69907],[-73.93637,40.70049],[-73.93698,40.70191]]]}},{"type":"Feature","properties":{"unit_id":"36047076400","name":"Census Tract 764 — Kings","native_id":"36047076400","source":"census_tract_2025","adm3_name":"Kings County","adm3_id":"36047","area_sqm":161588,"split":false},"geometry":{"type":"Polygon","coordinates":[[[-73.96041,40.63536],[-73.95952,40.63579],[-73.9584,40.63633],[-73.9582,40.63529],[-73.95775,40.6329],[-73.9573,40.63051],[-73.95685,40.62812],[-73.95805,40.62797],[-73.95899,40.62789],[-73.95945,40.63028],[-73.9599,40.63267],[-73.96041,40.63536]]]}},{"type":"Feature","properties":{"unit_id":"36047030800","name":"Census Tract 308 — Kings","native_id":"36047030800","source":"census_tract_2025","adm3_name":"Kings County","adm3_id":"36047","area_sqm":681579,"split":false},"geometry":{"type":"Polygon","coordinates":[[[-73.98742,40.58513],[-73.9845,40.58789],[-73.98372,40.58862],[-73.9838,40.58904],[-73.98094,40.58938],[-73.97848,40.58965],[-73.97876,40.59282],[-73.97769,40.59218],[-73.97557,40.58995],[-73.97422,40.59011],[-73.97441,40.58576],[-73.97464,40.58311],[-73.9775,40.58278],[-73.98281,40.58379],[-73.98388,40.58398],[-73.98548,40.58452],[-73.98708,40.58462],[-73.98742,40.58513]]]}},{"type":"Feature","properties":{"unit_id":"36061013502","name":"Census Tract 135.02 — New York","native_id":"36061013502","source":"census_tract_2025","adm3_name":"New York County","adm3_id":"36061","area_sqm":231316,"split":false},"geometry":{"type":"Polygon","coordinates":[[[-74.00162,40.77455],[-74.00045,40.77615],[-73.99597,40.77401],[-73.99395,40.77288],[-73.99332,40.77283],[-73.99378,40.7722],[-73.99091,40.77099],[-73.98806,40.76979],[-73.98856,40.76911],[-73.98905,40.76844],[-73.9895,40.76782],[-73.98996,40.76719],[-73.99281,40.76838],[-73.99485,40.76926],[-73.99644,40.7698],[-73.99878,40.77081],[-74.00295,40.77272],[-74.00162,40.77455]]]}},{"type":"Feature","properties":{"unit_id":"36047081600","name":"Census Tract 816 — Kings","native_id":"36047081600","source":"census_tract_2025","adm3_name":"Kings County","adm3_id":"36047","area_sqm":179640,"split":false},"geometry":{"type":"Polygon","coordinates":[[[-73.94716,40.65559],[-73.9424,40.65588],[-73.9421,40.65309],[-73.94189,40.65117],[-73.94283,40.65111],[-73.9438,40.65111],[-73.94571,40.65101],[-73.9459,40.65286],[-73.94607,40.65441],[-73.94703,40.65434],[-73.94716,40.65559]]]}},{"type":"Feature","properties":{"unit_id":"36047035701","name":"Census Tract 357.01 — Kings","native_id":"36047035701","source":"census_tract_2025","adm3_name":"Kings County","adm3_id":"36047","area_sqm":69809,"split":false},"geometry":{"type":"Polygon","coordinates":[[[-73.92818,40.67043],[-73.9281,40.67132],[-73.92533,40.67117],[-73.92541,40.67028],[-73.9256,40.6685],[-73.92835,40.66865],[-73.92818,40.67043]]]}},{"type":"Feature","properties":{"unit_id":"36061028500","name":"Census Tract 285 — New York","native_id":"36061028500","source":"census_tract_2025","adm3_name":"New York County","adm3_id":"36061","area_sqm":121940,"split":false},"geometry":{"type":"Polygon","coordinates":[[[-73.93017,40.86165],[-73.93,40.8621],[-73.92969,40.86221],[-73.9286,40.86261],[-73.92777,40.86293],[-73.92601,40.86357],[-73.92537,40.86258],[-73.92474,40.86159],[-73.92488,40.86154],[-73.92515,40.86145],[-73.9265,40.86096],[-73.92733,40.86065],[-73.92842,40.86024],[-73.93131,40.85933],[-73.93017,40.86165]]]}},{"type":"Feature","properties":{"unit_id":"36047049000","name":"Census Tract 490 — Kings","native_id":"36047049000","source":"census_tract_2025","adm3_name":"Kings County","adm3_id":"36047","area_sqm":191799,"split":false},"geometry":{"type":"Polygon","coordinates":[[[-73.97642,40.63817],[-73.97549,40.63827],[-73.97456,40.63837],[-73.97347,40.63849],[-73.97394,40.64088],[-73.97122,40.64118],[-73.97077,40.63879],[-73.97029,40.63641],[-73.97136,40.63629],[-73.97411,40.63598],[-73.97596,40.63578],[-73.97642,40.63817]]]}},{"type":"Feature","properties":{"unit_id":"36061012102","name":"Census Tract 121.02 — New York","native_id":"36061012102","source":"census_tract_2025","adm3_name":"New York County","adm3_id":"36061","area_sqm":89113,"split":false},"geometry":{"type":"Polygon","coordinates":[[[-73.99498,40.7603],[-73.99453,40.76093],[-73.99407,40.76155],[-73.99361,40.76218],[-73.99076,40.76099],[-73.99123,40.76035],[-73.99169,40.75973],[-73.99214,40.7591],[-73.99263,40.75843],[-73.99488,40.75938],[-73.99547,40.75963],[-73.99498,40.7603]]]}},{"type":"Feature","properties":{"unit_id":"36047079400","name":"Census Tract 794 — Kings","native_id":"36047079400","source":"census_tract_2025","adm3_name":"Kings County","adm3_id":"36047","area_sqm":222181,"split":false},"geometry":{"type":"Polygon","coordinates":[[[-73.95871,40.65039],[-73.95583,40.65053],[-73.95247,40.65067],[-73.95236,40.64967],[-73.95219,40.64802],[-73.95205,40.64677],[-73.95565,40.64663],[-73.95811,40.64652],[-73.95814,40.6475],[-73.95815,40.64777],[-73.95871,40.65039]]]}},{"type":"Feature","properties":{"unit_id":"36047044500","name":"Census Tract 445 — Kings","native_id":"36047044500","source":"census_tract_2025","adm3_name":"Kings County","adm3_id":"36047","area_sqm":169739,"split":false},"geometry":{"type":"Polygon","coordinates":[[[-73.92308,40.70397],[-73.92141,40.70567],[-73.91922,40.70781],[-73.91774,40.70694],[-73.91625,40.70607],[-73.9185,40.70386],[-73.92007,40.70226],[-73.92083,40.70269],[-73.92158,40.70311],[-73.92233,40.70354],[-73.92308,40.70397]]]}},{"type":"Feature","properties":{"unit_id":"36047032300","name":"Census Tract 323 — Kings","native_id":"36047032300","source":"census_tract_2025","adm3_name":"Kings County","adm3_id":"36047","area_sqm":173046,"split":false},"geometry":{"type":"Polygon","coordinates":[[[-73.95729,40.6643],[-73.95686,40.66572],[-73.95654,40.6666],[-73.95622,40.66748],[-73.95591,40.66836],[-73.95527,40.67012],[-73.95327,40.67001],[-73.95344,40.66822],[-73.95352,40.66733],[-73.95361,40.66644],[-73.95369,40.66555],[-73.95385,40.66373],[-73.95721,40.66352],[-73.95729,40.6643]]]}},{"type":"Feature","properties":{"unit_id":"36047102801","name":"Census Tract 1028.01 — Kings","native_id":"36047102801","source":"census_tract_2025","adm3_name":"Kings County","adm3_id":"36047","area_sqm":153894,"split":false},"geometry":{"type":"Polygon","coordinates":[[[-73.89277,40.63181],[-73.8897,40.6338],[-73.88636,40.63082],[-73.89209,40.62866],[-73.89082,40.63085],[-73.89277,40.63181]]]}},{"type":"Feature","properties":{"unit_id":"36061014000","name":"Census Tract 140 — New York","native_id":"36061014000","source":"census_tract_2025","adm3_name":"New York County","adm3_id":"36061","area_sqm":179112,"split":false},"geometry":{"type":"Polygon","coordinates":[[[-73.96052,40.77564],[-73.95909,40.77759],[-73.95816,40.77886],[-73.95655,40.77818],[-73.95494,40.7775],[-73.95541,40.77687],[-73.95587,40.77624],[-73.95633,40.7756],[-73.9568,40.77497],[-73.95729,40.77428],[-73.95779,40.7736],[-73.95825,40.77296],[-73.95986,40.77364],[-73.96147,40.77432],[-73.96052,40.77564]]]}},{"type":"Feature","properties":{"unit_id":"36047049302","name":"Census Tract 493.02 — Kings","native_id":"36047049302","source":"census_tract_2025","adm3_name":"Kings County","adm3_id":"36047","area_sqm":160188,"split":false},"geometry":{"type":"Polygon","coordinates":[[[-73.94344,40.70878],[-73.94008,40.7091],[-73.93996,40.70839],[-73.93886,40.70849],[-73.9387,40.70701],[-73.93904,40.70627],[-73.93943,40.70526],[-73.93931,40.70482],[-73.94103,40.70464],[-73.94273,40.70447],[-73.94285,40.70518],[-73.9432,40.70734],[-73.94344,40.70878]]]}},{"type":"Feature","properties":{"unit_id":"36047073800","name":"Census Tract 738 — Kings","native_id":"36047073800","source":"census_tract_2025","adm3_name":"Kings County","adm3_id":"36047","area_sqm":180580,"split":false},"geometry":{"type":"Polygon","coordinates":[[[-73.94168,40.62491],[-73.93956,40.62516],[-73.93723,40.62296],[-73.93664,40.6224],[-73.93538,40.62122],[-73.93634,40.62061],[-73.9408,40.62013],[-73.94085,40.62046],[-73.94123,40.62252],[-73.94168,40.62491]]]}},{"type":"Feature","properties":{"unit_id":"36047116800","name":"Census Tract 1168 — Kings","native_id":"36047116800","source":"census_tract_2025","adm3_name":"Kings County","adm3_id":"36047","area_sqm":143956,"split":false},"geometry":{"type":"Polygon","coordinates":[[[-73.88489,40.68081],[-73.88303,40.68109],[-73.88117,40.68135],[-73.88061,40.67911],[-73.88106,40.67898],[-73.8805,40.67677],[-73.88233,40.6765],[-73.88323,40.67637],[-73.8837,40.67823],[-73.8842,40.67809],[-73.88467,40.67994],[-73.88489,40.68081]]]}},{"type":"Feature","properties":{"unit_id":"36061027500","name":"Census Tract 275 — New York","native_id":"36061027500","source":"census_tract_2025","adm3_name":"New York County","adm3_id":"36061","area_sqm":279711,"split":false},"geometry":{"type":"Polygon","coordinates":[[[-73.94834,40.85845],[-73.94584,40.86252],[-73.93779,40.85981],[-73.93629,40.85927],[-73.93561,40.85886],[-73.93795,40.85557],[-73.93865,40.85468],[-73.93954,40.85349],[-73.94029,40.85132],[-73.94204,40.85193],[-73.9428,40.85117],[-73.94319,40.84976],[-73.94701,40.85046],[-73.95257,40.85154],[-73.94834,40.85845]]]}},{"type":"Feature","properties":{"unit_id":"36061011201","name":"Census Tract 112.01 — New York","native_id":"36061011201","source":"census_tract_2025","adm3_name":"New York County","adm3_id":"36061","area_sqm":79536,"split":false},"geometry":{"type":"Polygon","coordinates":[[[-73.9767,40.765],[-73.97623,40.76568],[-73.97302,40.76428],[-73.97446,40.76229],[-73.97769,40.76364],[-73.9767,40.765]]]}},{"type":"Feature","properties":{"unit_id":"36061025100","name":"Census Tract 251 — New York","native_id":"36061025100","source":"census_tract_2025","adm3_name":"New York County","adm3_id":"36061","area_sqm":159422,"split":false},"geometry":{"type":"Polygon","coordinates":[[[-73.94228,40.84215],[-73.94201,40.84281],[-73.93933,40.84168],[-73.93793,40.84109],[-73.93646,40.84048],[-73.93733,40.83929],[-73.93834,40.83791],[-73.93983,40.8385],[-73.94114,40.83918],[-73.94307,40.84019],[-73.94228,40.84215]]]}},{"type":"Feature","properties":{"unit_id":"36047112000","name":"Census Tract 1120 — Kings","native_id":"36047112000","source":"census_tract_2025","adm3_name":"Kings County","adm3_id":"36047","area_sqm":173004,"split":false},"geometry":{"type":"Polygon","coordinates":[[[-73.8836,40.6679],[-73.88278,40.66803],[-73.87849,40.66866],[-73.87838,40.66823],[-73.87695,40.66626],[-73.88186,40.66415],[-73.88331,40.66611],[-73.88315,40.66618],[-73.8836,40.6679]]]}},{"type":"Feature","properties":{"unit_id":"36047061003","name":"Census Tract 610.03 — Kings","native_id":"36047061003","source":"census_tract_2025","adm3_name":"Kings County","adm3_id":"36047","area_sqm":80173,"split":false},"geometry":{"type":"Polygon","coordinates":[[[-73.96003,40.58321],[-73.95901,40.58287],[-73.95685,40.58286],[-73.95654,40.58266],[-73.95966,40.57837],[-73.9598,40.58008],[-73.95988,40.58117],[-73.95994,40.58196],[-73.96003,40.58321]]]}},{"type":"Feature","properties":{"unit_id":"36047018200","name":"Census Tract 182 — Kings","native_id":"36047018200","source":"census_tract_2025","adm3_name":"Kings County","adm3_id":"36047","area_sqm":165463,"split":false},"geometry":{"type":"Polygon","coordinates":[[[-74.00494,40.61236],[-74.00436,40.61292],[-74.00378,40.61348],[-74.00203,40.61515],[-74.00019,40.61495],[-74.00091,40.61239],[-74.00107,40.61183],[-74.0013,40.61107],[-74.00266,40.60957],[-74.00342,40.60997],[-74.00601,40.61133],[-74.00494,40.61236]]]}},{"type":"Feature","properties":{"unit_id":"36047036600","name":"Census Tract 366 — Kings","native_id":"36047036600","source":"census_tract_2025","adm3_name":"Kings County","adm3_id":"36047","area_sqm":234143,"split":false},"geometry":{"type":"Polygon","coordinates":[[[-73.96734,40.58152],[-73.96689,40.58335],[-73.96678,40.5839],[-73.96661,40.58458],[-73.96344,40.58468],[-73.96255,40.58478],[-73.96026,40.58504],[-73.96023,40.58452],[-73.96003,40.58321],[-73.95994,40.58196],[-73.96103,40.58173],[-73.96194,40.58154],[-73.96465,40.58096],[-73.9676,40.58036],[-73.96734,40.58152]]]}},{"type":"Feature","properties":{"unit_id":"36047050500","name":"Census Tract 505 — Kings","native_id":"36047050500","source":"census_tract_2025","adm3_name":"Kings County","adm3_id":"36047","area_sqm":169412,"split":false},"geometry":{"type":"Polygon","coordinates":[[[-73.94697,40.70989],[-73.94548,40.71074],[-73.94379,40.7109],[-73.94344,40.70878],[-73.9432,40.70734],[-73.94285,40.70518],[-73.94457,40.70502],[-73.94626,40.7056],[-73.94652,40.70701],[-73.94676,40.70847],[-73.94697,40.70989]]]}},{"type":"Feature","properties":{"unit_id":"36061011402","name":"Census Tract 114.02 — New York","native_id":"36061011402","source":"census_tract_2025","adm3_name":"New York County","adm3_id":"36061","area_sqm":98800,"split":false},"geometry":{"type":"Polygon","coordinates":[[[-73.9698,40.76291],[-73.96797,40.76541],[-73.96636,40.76473],[-73.96475,40.76406],[-73.96521,40.76343],[-73.96658,40.76155],[-73.96819,40.76223],[-73.9698,40.76291]]]}},{"type":"Feature","properties":{"unit_id":"36047048200","name":"Census Tract 482 — Kings","native_id":"36047048200","source":"census_tract_2025","adm3_name":"Kings County","adm3_id":"36047","area_sqm":196675,"split":false},"geometry":{"type":"Polygon","coordinates":[[[-73.97242,40.63299],[-73.96987,40.63419],[-73.97029,40.63641],[-73.96804,40.63665],[-73.96763,40.63524],[-73.96741,40.63447],[-73.96678,40.63229],[-73.96793,40.63174],[-73.96841,40.63151],[-73.97157,40.62999],[-73.97181,40.62987],[-73.97192,40.63065],[-73.97211,40.63137],[-73.97242,40.63299]]]}},{"type":"Feature","properties":{"unit_id":"36047014800","name":"Census Tract 148 — Kings","native_id":"36047014800","source":"census_tract_2025","adm3_name":"Kings County","adm3_id":"36047","area_sqm":133459,"split":false},"geometry":{"type":"Polygon","coordinates":[[[-74.01612,40.61538],[-74.01375,40.61768],[-74.012,40.61935],[-74.0098,40.61802],[-74.01154,40.61635],[-74.01393,40.61406],[-74.01612,40.61538]]]}},{"type":"Feature","properties":{"unit_id":"36047038700","name":"Census Tract 387 — Kings","native_id":"36047038700","source":"census_tract_2025","adm3_name":"Kings County","adm3_id":"36047","area_sqm":188275,"split":false},"geometry":{"type":"Polygon","coordinates":[[[-73.93091,40.69223],[-73.92799,40.69256],[-73.92751,40.6926],[-73.92707,40.69235],[-73.92439,40.69083],[-73.92413,40.69],[-73.92398,40.68928],[-73.93018,40.68856],[-73.93032,40.6893],[-73.93047,40.69003],[-73.93062,40.69076],[-73.93091,40.69223]]]}},{"type":"Feature","properties":{"unit_id":"36061005502","name":"Census Tract 55.02 — New York","native_id":"36061005502","source":"census_tract_2025","adm3_name":"New York County","adm3_id":"36061","area_sqm":115486,"split":false},"geometry":{"type":"Polygon","coordinates":[[[-73.99677,40.72543],[-73.99425,40.72841],[-73.99315,40.72787],[-73.99155,40.72709],[-73.99179,40.72639],[-73.99221,40.72523],[-73.9926,40.72414],[-73.99491,40.72495],[-73.99533,40.72508],[-73.99677,40.72543]]]}},{"type":"Feature","properties":{"unit_id":"36061022302","name":"Census Tract 223.02 — New York","native_id":"36061022302","source":"census_tract_2025","adm3_name":"New York County","adm3_id":"36061","area_sqm":60089,"split":false},"geometry":{"type":"Polygon","coordinates":[[[-73.96571,40.8237],[-73.96509,40.82448],[-73.95874,40.82162],[-73.95841,40.8215],[-73.95752,40.82114],[-73.95508,40.8201],[-73.95545,40.81938],[-73.95602,40.8188],[-73.95887,40.82001],[-73.95942,40.82023],[-73.96001,40.82042],[-73.96599,40.82335],[-73.96571,40.8237]]]}},{"type":"Feature","properties":{"unit_id":"36061020300","name":"Census Tract 203 — New York","native_id":"36061020300","source":"census_tract_2025","adm3_name":"New York County","adm3_id":"36061","area_sqm":178225,"split":false},"geometry":{"type":"Polygon","coordinates":[[[-73.96439,40.80734],[-73.9639,40.808],[-73.96206,40.81054],[-73.96111,40.81183],[-73.95827,40.81063],[-73.95922,40.80934],[-73.96011,40.80812],[-73.96201,40.80551],[-73.96485,40.80671],[-73.96439,40.80734]]]}},{"type":"Feature","properties":{"unit_id":"36047000501","name":"Census Tract 5.01 — Kings","native_id":"36047000501","source":"census_tract_2025","adm3_name":"Kings County","adm3_id":"36047","area_sqm":83724,"split":false},"geometry":{"type":"Polygon","coordinates":[[[-73.9962,40.69451],[-73.99586,40.69522],[-73.99555,40.69589],[-73.99533,40.69638],[-73.99429,40.69853],[-73.99271,40.6981],[-73.99302,40.69746],[-73.99379,40.69587],[-73.99398,40.69546],[-73.9943,40.69479],[-73.99508,40.69315],[-73.99672,40.69344],[-73.9962,40.69451]]]}},{"type":"Feature","properties":{"unit_id":"36047004700","name":"Census Tract 47 — Kings","native_id":"36047004700","source":"census_tract_2025","adm3_name":"Kings County","adm3_id":"36047","area_sqm":283961,"split":false},"geometry":{"type":"Polygon","coordinates":[[[-74.00824,40.68603],[-74.0074,40.68727],[-74.00563,40.68678],[-74.00459,40.68821],[-74.00341,40.68961],[-74.00299,40.69043],[-74.00196,40.69014],[-74.0007,40.69061],[-74.00197,40.69184],[-74.00174,40.69241],[-74.0005,40.69194],[-73.99779,40.69119],[-73.99907,40.6885],[-73.9997,40.6872],[-74.00064,40.68525],[-74.0045,40.6863],[-74.00485,40.68567],[-74.0055,40.68585],[-74.00838,40.68595],[-74.00824,40.68603]]]}},{"type":"Feature","properties":{"unit_id":"36047079202","name":"Census Tract 792.02 — Kings","native_id":"36047079202","source":"census_tract_2025","adm3_name":"Kings County","adm3_id":"36047","area_sqm":107940,"split":false},"geometry":{"type":"Polygon","coordinates":[[[-73.95565,40.64663],[-73.95205,40.64677],[-73.95185,40.64495],[-73.95179,40.64431],[-73.95165,40.64307],[-73.95262,40.64301],[-73.95453,40.64289],[-73.95467,40.6442],[-73.95473,40.64477],[-73.95565,40.64663]]]}},{"type":"Feature","properties":{"unit_id":"36061006600","name":"Census Tract 66 — New York","native_id":"36061006600","source":"census_tract_2025","adm3_name":"New York County","adm3_id":"36061","area_sqm":174701,"split":false},"geometry":{"type":"Polygon","coordinates":[[[-73.98221,40.74012],[-73.98176,40.74073],[-73.98131,40.74135],[-73.98086,40.74197],[-73.98041,40.74259],[-73.97817,40.74164],[-73.9758,40.74064],[-73.97625,40.74003],[-73.97715,40.7388],[-73.9776,40.73817],[-73.97805,40.73755],[-73.98042,40.73855],[-73.98266,40.7395],[-73.98221,40.74012]]]}},{"type":"Feature","properties":{"unit_id":"36061018500","name":"Census Tract 185 — New York","native_id":"36061018500","source":"census_tract_2025","adm3_name":"New York County","adm3_id":"36061","area_sqm":130395,"split":false},"geometry":{"type":"Polygon","coordinates":[[[-73.96941,40.79536],[-73.96848,40.79664],[-73.96563,40.79546],[-73.9643,40.79479],[-73.96283,40.7942],[-73.9638,40.79288],[-73.96418,40.79236],[-73.96701,40.79356],[-73.96987,40.79474],[-73.96941,40.79536]]]}},{"type":"Feature","properties":{"unit_id":"36047053300","name":"Census Tract 533 — Kings","native_id":"36047053300","source":"census_tract_2025","adm3_name":"Kings County","adm3_id":"36047","area_sqm":193151,"split":false},"geometry":{"type":"Polygon","coordinates":[[[-73.96034,40.70344],[-73.95934,40.70518],[-73.95864,40.70648],[-73.95846,40.70725],[-73.95634,40.70544],[-73.95507,40.70431],[-73.95381,40.70318],[-73.95572,40.70195],[-73.95746,40.70082],[-73.95807,40.7014],[-73.95869,40.70195],[-73.95989,40.70303],[-73.96034,40.70344]]]}},{"type":"Feature","properties":{"unit_id":"36047055000","name":"Census Tract 550 — Kings","native_id":"36047055000","source":"census_tract_2025","adm3_name":"Kings County","adm3_id":"36047","area_sqm":179814,"split":false},"geometry":{"type":"Polygon","coordinates":[[[-73.9548,40.61082],[-73.95258,40.61104],[-73.95071,40.61125],[-73.9503,40.60912],[-73.94984,40.60667],[-73.95076,40.60657],[-73.95272,40.60635],[-73.95392,40.60622],[-73.9548,40.61082]]]}},{"type":"Feature","properties":{"unit_id":"36047089200","name":"Census Tract 892 — Kings","native_id":"36047089200","source":"census_tract_2025","adm3_name":"Kings County","adm3_id":"36047","area_sqm":179663,"split":false},"geometry":{"type":"Polygon","coordinates":[[[-73.92546,40.66592],[-73.92439,40.66638],[-73.92288,40.66495],[-73.9221,40.66425],[-73.92166,40.66384],[-73.92097,40.66395],[-73.92005,40.66409],[-73.9191,40.66423],[-73.9187,40.66269],[-73.9183,40.66116],[-73.9186,40.66112],[-73.91958,40.66199],[-73.91974,40.66077],[-73.92008,40.65986],[-73.92091,40.6606],[-73.92273,40.66223],[-73.92455,40.66386],[-73.92638,40.66551],[-73.92546,40.66592]]]}},{"type":"Feature","properties":{"unit_id":"36047075200","name":"Census Tract 752 — Kings","native_id":"36047075200","source":"census_tract_2025","adm3_name":"Kings County","adm3_id":"36047","area_sqm":173194,"split":false},"geometry":{"type":"Polygon","coordinates":[[[-73.95489,40.62834],[-73.95111,40.62875],[-73.95066,40.62636],[-73.9502,40.62397],[-73.95305,40.62366],[-73.95398,40.62356],[-73.95489,40.62834]]]}},{"type":"Feature","properties":{"unit_id":"36061012500","name":"Census Tract 125 — New York","native_id":"36061012500","source":"census_tract_2025","adm3_name":"New York County","adm3_id":"36061","area_sqm":174253,"split":false},"geometry":{"type":"Polygon","coordinates":[[[-73.98701,40.76104],[-73.98656,40.76166],[-73.9861,40.76229],[-73.98326,40.76109],[-73.98043,40.7599],[-73.98089,40.75927],[-73.98226,40.75739],[-73.98508,40.75859],[-73.98532,40.75869],[-73.98793,40.75979],[-73.98701,40.76104]]]}},{"type":"Feature","properties":{"unit_id":"36047112600","name":"Census Tract 1126 — Kings","native_id":"36047112600","source":"census_tract_2025","adm3_name":"Kings County","adm3_id":"36047","area_sqm":168500,"split":false},"geometry":{"type":"Polygon","coordinates":[[[-73.89632,40.66602],[-73.89444,40.6663],[-73.89345,40.66645],[-73.89253,40.66658],[-73.89069,40.66685],[-73.88991,40.66378],[-73.89174,40.66351],[-73.89365,40.66322],[-73.89553,40.66295],[-73.89592,40.66447],[-73.89632,40.66602]]]}},{"type":"Feature","properties":{"unit_id":"36061009300","name":"Census Tract 93 — New York","native_id":"36061009300","source":"census_tract_2025","adm3_name":"New York County","adm3_id":"36061","area_sqm":179099,"split":false},"geometry":{"type":"Polygon","coordinates":[[[-74.00417,40.74769],[-74.00394,40.748],[-74.00368,40.74835],[-74.00324,40.74897],[-74.00279,40.74959],[-73.99994,40.7484],[-73.99924,40.74811],[-73.99792,40.74755],[-73.9971,40.74721],[-73.99755,40.74658],[-73.99801,40.74595],[-73.99849,40.74529],[-73.99897,40.74463],[-74.00181,40.74583],[-74.00465,40.74702],[-74.00417,40.74769]]]}},{"type":"Feature","properties":{"unit_id":"36047067200","name":"Census Tract 672 — Kings","native_id":"36047067200","source":"census_tract_2025","adm3_name":"Kings County","adm3_id":"36047","area_sqm":174237,"split":false},"geometry":{"type":"Polygon","coordinates":[[[-73.92931,40.62344],[-73.92737,40.62356],[-73.92714,40.62136],[-73.92688,40.61895],[-73.9264,40.61448],[-73.92629,40.61319],[-73.92848,40.61502],[-73.92931,40.62344]]]}},{"type":"Feature","properties":{"unit_id":"36047049900","name":"Census Tract 499 — Kings","native_id":"36047049900","source":"census_tract_2025","adm3_name":"Kings County","adm3_id":"36047","area_sqm":141699,"split":false},"geometry":{"type":"Polygon","coordinates":[[[-73.94908,40.72254],[-73.94627,40.72286],[-73.94501,40.723],[-73.9448,40.72168],[-73.94441,40.72024],[-73.94679,40.71882],[-73.94721,40.71856],[-73.94842,40.71845],[-73.94888,40.72129],[-73.94908,40.72254]]]}},{"type":"Feature","properties":{"unit_id":"36047024400","name":"Census Tract 244 — Kings","native_id":"36047024400","source":"census_tract_2025","adm3_name":"Kings County","adm3_id":"36047","area_sqm":155278,"split":false},"geometry":{"type":"Polygon","coordinates":[[[-73.9883,40.62451],[-73.9861,40.62318],[-73.9839,40.62185],[-73.98448,40.62129],[-73.98228,40.61996],[-73.98349,40.6188],[-73.98569,40.62013],[-73.98785,40.62143],[-73.99009,40.62279],[-73.9883,40.62451]]]}},{"type":"Feature","properties":{"unit_id":"36047083400","name":"Census Tract 834 — Kings","native_id":"36047083400","source":"census_tract_2025","adm3_name":"Kings County","adm3_id":"36047","area_sqm":125994,"split":false},"geometry":{"type":"Polygon","coordinates":[[[-73.94016,40.64378],[-73.93728,40.64396],[-73.93704,40.64166],[-73.93679,40.63932],[-73.93776,40.63926],[-73.93966,40.63914],[-73.93991,40.64148],[-73.94016,40.64378]]]}},{"type":"Feature","properties":{"unit_id":"36061019100","name":"Census Tract 191 — New York","native_id":"36061019100","source":"census_tract_2025","adm3_name":"New York County","adm3_id":"36061","area_sqm":223477,"split":false},"geometry":{"type":"Polygon","coordinates":[[[-73.97894,40.80576],[-73.9729,40.80338],[-73.97005,40.80226],[-73.96858,40.80164],[-73.96788,40.80135],[-73.96571,40.80044],[-73.96666,40.79913],[-73.96757,40.79787],[-73.969,40.79848],[-73.97042,40.79907],[-73.97192,40.79971],[-73.97471,40.80085],[-73.9807,40.80333],[-73.97894,40.80576]]]}},{"type":"Feature","properties":{"unit_id":"36047050600","name":"Census Tract 506 — Kings","native_id":"36047050600","source":"census_tract_2025","adm3_name":"Kings County","adm3_id":"36047","area_sqm":164685,"split":false},"geometry":{"type":"Polygon","coordinates":[[[-73.9714,40.64826],[-73.96879,40.64925],[-73.96703,40.64995],[-73.96465,40.65089],[-73.96435,40.651],[-73.96302,40.65153],[-73.96219,40.64979],[-73.96308,40.64944],[-73.96398,40.64908],[-73.9649,40.64872],[-73.96667,40.64803],[-73.96755,40.64768],[-73.96843,40.64733],[-73.97084,40.64638],[-73.97121,40.64762],[-73.9714,40.64826]]]}},{"type":"Feature","properties":{"unit_id":"36061025900","name":"Census Tract 259 — New York","native_id":"36061025900","source":"census_tract_2025","adm3_name":"New York County","adm3_id":"36061","area_sqm":75465,"split":false},"geometry":{"type":"Polygon","coordinates":[[[-73.94515,40.82088],[-73.94351,40.82263],[-73.94292,40.82326],[-73.9406,40.82641],[-73.9396,40.826],[-73.94052,40.82476],[-73.94143,40.82351],[-73.94192,40.82284],[-73.94241,40.82216],[-73.94332,40.82092],[-73.94378,40.82029],[-73.94515,40.82088]]]}},{"type":"Feature","properties":{"unit_id":"36047057600","name":"Census Tract 576 — Kings","native_id":"36047057600","source":"census_tract_2025","adm3_name":"Kings County","adm3_id":"36047","area_sqm":158605,"split":false},"geometry":{"type":"Polygon","coordinates":[[[-73.94987,40.60185],[-73.94895,40.60195],[-73.94802,40.60206],[-73.94706,40.60216],[-73.9461,40.60227],[-73.94527,40.59789],[-73.94623,40.59779],[-73.94719,40.59768],[-73.94905,40.59748],[-73.94987,40.60185]]]}},{"type":"Feature","properties":{"unit_id":"36047036900","name":"Census Tract 369 — Kings","native_id":"36047036900","source":"census_tract_2025","adm3_name":"Kings County","adm3_id":"36047","area_sqm":226736,"split":false},"geometry":{"type":"Polygon","coordinates":[[[-73.91166,40.68245],[-73.91151,40.6835],[-73.90927,40.68223],[-73.90886,40.68199],[-73.90852,40.6818],[-73.90702,40.68095],[-73.90549,40.68004],[-73.90783,40.67812],[-73.90809,40.67619],[-73.91093,40.67634],[-73.9108,40.67828],[-73.91108,40.67952],[-73.91123,40.68024],[-73.91137,40.68098],[-73.91152,40.68171],[-73.91166,40.68245]]]}},{"type":"Feature","properties":{"unit_id":"36047102400","name":"Census Tract 1024 — Kings","native_id":"36047102400","source":"census_tract_2025","adm3_name":"Kings County","adm3_id":"36047","area_sqm":143125,"split":false},"geometry":{"type":"Polygon","coordinates":[[[-73.89686,40.63205],[-73.89476,40.63341],[-73.89156,40.63547],[-73.8897,40.6338],[-73.89277,40.63181],[-73.895,40.63039],[-73.89686,40.63205]]]}},{"type":"Feature","properties":{"unit_id":"36047026800","name":"Census Tract 268 — Kings","native_id":"36047026800","source":"census_tract_2025","adm3_name":"Kings County","adm3_id":"36047","area_sqm":178968,"split":false},"geometry":{"type":"Polygon","coordinates":[[[-73.99334,40.61277],[-73.99276,40.61333],[-73.99056,40.612],[-73.98836,40.61068],[-73.98613,40.60933],[-73.98734,40.60817],[-73.98797,40.60757],[-73.99019,40.60891],[-73.99239,40.61024],[-73.9946,40.61157],[-73.99334,40.61277]]]}},{"type":"Feature","properties":{"unit_id":"36061009600","name":"Census Tract 96 — New York","native_id":"36061009600","source":"census_tract_2025","adm3_name":"New York County","adm3_id":"36061","area_sqm":175330,"split":false},"geometry":{"type":"Polygon","coordinates":[[[-73.98226,40.75739],[-73.98089,40.75927],[-73.97765,40.75791],[-73.97902,40.75603],[-73.98089,40.75348],[-73.98412,40.75484],[-73.98226,40.75739]]]}},{"type":"Feature","properties":{"unit_id":"36061007200","name":"Census Tract 72 — New York","native_id":"36061007200","source":"census_tract_2025","adm3_name":"New York County","adm3_id":"36061","area_sqm":175015,"split":false},"geometry":{"type":"Polygon","coordinates":[[[-73.98363,40.74394],[-73.98273,40.74518],[-73.98228,40.7458],[-73.98136,40.74715],[-73.98085,40.74775],[-73.97924,40.74707],[-73.97764,40.74639],[-73.97812,40.74573],[-73.97861,40.74506],[-73.97906,40.74444],[-73.97951,40.74383],[-73.97996,40.74321],[-73.98041,40.74259],[-73.98086,40.74197],[-73.98246,40.74265],[-73.98408,40.74333],[-73.98363,40.74394]]]}},{"type":"Feature","properties":{"unit_id":"36047057902","name":"Census Tract 579.02 — Kings","native_id":"36047057902","source":"census_tract_2025","adm3_name":"Kings County","adm3_id":"36047","area_sqm":503282,"split":false},"geometry":{"type":"Polygon","coordinates":[[[-73.95267,40.73926],[-73.95254,40.73923],[-73.94706,40.73752],[-73.94216,40.73568],[-73.94037,40.73327],[-73.94186,40.7328],[-73.9428,40.73266],[-73.94372,40.73239],[-73.94461,40.73207],[-73.94419,40.72944],[-73.94605,40.72926],[-73.94625,40.73049],[-73.94991,40.72924],[-73.95065,40.73054],[-73.94922,40.73068],[-73.9502,40.73671],[-73.95303,40.7375],[-73.95267,40.73926]]]}},{"type":"Feature","properties":{"unit_id":"36047069000","name":"Census Tract 690 — Kings","native_id":"36047069000","source":"census_tract_2025","adm3_name":"Kings County","adm3_id":"36047","area_sqm":172913,"split":false},"geometry":{"type":"Polygon","coordinates":[[[-73.92326,40.6216],[-73.92136,40.62172],[-73.92039,40.62178],[-73.91751,40.62194],[-73.91747,40.62151],[-73.91727,40.61955],[-73.9211,40.61931],[-73.92085,40.61697],[-73.92275,40.61685],[-73.92301,40.61919],[-73.92326,40.6216]]]}},{"type":"Feature","properties":{"unit_id":"36047021300","name":"Census Tract 213 — Kings","native_id":"36047021300","source":"census_tract_2025","adm3_name":"Kings County","adm3_id":"36047","area_sqm":184156,"split":false},"geometry":{"type":"Polygon","coordinates":[[[-73.96262,40.67163],[-73.96134,40.67135],[-73.95797,40.67066],[-73.95861,40.6689],[-73.95924,40.66714],[-73.96034,40.66411],[-73.96062,40.6633],[-73.96096,40.66329],[-73.96181,40.66768],[-73.96219,40.66964],[-73.96262,40.67163]]]}},{"type":"Feature","properties":{"unit_id":"36061026100","name":"Census Tract 261 — New York","native_id":"36061026100","source":"census_tract_2025","adm3_name":"New York County","adm3_id":"36061","area_sqm":156222,"split":false},"geometry":{"type":"Polygon","coordinates":[[[-73.93752,40.84414],[-73.93608,40.84611],[-73.93517,40.84736],[-73.93469,40.848],[-73.93424,40.84863],[-73.93285,40.84804],[-73.93139,40.84743],[-73.93185,40.8468],[-73.93233,40.84615],[-73.93323,40.84491],[-73.93372,40.84425],[-73.93467,40.84296],[-73.93613,40.84355],[-73.93752,40.84414]]]}},{"type":"Feature","properties":{"unit_id":"36047028700","name":"Census Tract 287 — Kings","native_id":"36047028700","source":"census_tract_2025","adm3_name":"Kings County","adm3_id":"36047","area_sqm":148811,"split":false},"geometry":{"type":"Polygon","coordinates":[[[-73.93818,40.69864],[-73.93676,40.69783],[-73.93522,40.69699],[-73.93312,40.69579],[-73.93193,40.69512],[-73.93146,40.69485],[-73.93134,40.69442],[-73.9372,40.69375],[-73.93734,40.69449],[-73.93748,40.69522],[-73.93763,40.69595],[-73.93779,40.69669],[-73.93818,40.69864]]]}},{"type":"Feature","properties":{"unit_id":"36047001300","name":"Census Tract 13 — Kings","native_id":"36047001300","source":"census_tract_2025","adm3_name":"Kings County","adm3_id":"36047","area_sqm":293167,"split":false},"geometry":{"type":"Polygon","coordinates":[[[-73.99141,40.69863],[-73.99093,40.70077],[-73.99017,40.70075],[-73.98973,40.70073],[-73.98868,40.7007],[-73.9868,40.70062],[-73.98681,40.69996],[-73.98695,40.69871],[-73.98496,40.69844],[-73.98461,40.69595],[-73.98514,40.69488],[-73.99009,40.69507],[-73.99075,40.69503],[-73.99137,40.69701],[-73.99141,40.69863]]]}},{"type":"Feature","properties":{"unit_id":"36061008900","name":"Census Tract 89 — New York","native_id":"36061008900","source":"census_tract_2025","adm3_name":"New York County","adm3_id":"36061","area_sqm":165577,"split":false},"geometry":{"type":"Polygon","coordinates":[[[-74.00553,40.74582],[-74.00465,40.74702],[-74.00181,40.74583],[-73.99897,40.74463],[-73.99942,40.74401],[-73.99985,40.74343],[-74.00028,40.74284],[-74.0007,40.74225],[-74.00354,40.74345],[-74.00638,40.74465],[-74.00553,40.74582]]]}},{"type":"Feature","properties":{"unit_id":"36047061600","name":"Census Tract 616 — Kings","native_id":"36047061600","source":"census_tract_2025","adm3_name":"Kings County","adm3_id":"36047","area_sqm":726087,"split":false},"geometry":{"type":"Polygon","coordinates":[[[-73.95287,40.57688],[-73.94629,40.57761],[-73.9398,40.57832],[-73.94044,40.58188],[-73.93304,40.582],[-73.9313,40.57668],[-73.93197,40.57577],[-73.94272,40.57564],[-73.94463,40.57562],[-73.9463,40.5756],[-73.95249,40.57491],[-73.95287,40.57688]]]}},{"type":"Feature","properties":{"unit_id":"36047030600","name":"Census Tract 306 — Kings","native_id":"36047030600","source":"census_tract_2025","adm3_name":"Kings County","adm3_id":"36047","area_sqm":193681,"split":false},"geometry":{"type":"Polygon","coordinates":[[[-73.98962,40.59098],[-73.98799,40.59255],[-73.98602,40.59445],[-73.98468,40.59366],[-73.98464,40.59355],[-73.9842,40.59117],[-73.98409,40.59057],[-73.9838,40.58904],[-73.98372,40.58862],[-73.9845,40.58789],[-73.98596,40.58877],[-73.98742,40.58965],[-73.98816,40.5901],[-73.98962,40.59098]]]}},{"type":"Feature","properties":{"unit_id":"36047016600","name":"Census Tract 166 — Kings","native_id":"36047016600","source":"census_tract_2025","adm3_name":"Kings County","adm3_id":"36047","area_sqm":266930,"split":false},"geometry":{"type":"Polygon","coordinates":[[[-74.02053,40.61806],[-74.01815,40.62034],[-74.01641,40.62201],[-74.0142,40.62069],[-74.012,40.61935],[-74.01375,40.61768],[-74.01612,40.61538],[-74.01832,40.61672],[-74.02053,40.61806]]]}},{"type":"Feature","properties":{"unit_id":"36047051001","name":"Census Tract 510.01 — Kings","native_id":"36047051001","source":"census_tract_2025","adm3_name":"Kings County","adm3_id":"36047","area_sqm":76942,"split":false},"geometry":{"type":"Polygon","coordinates":[[[-73.96167,40.64711],[-73.96047,40.64724],[-73.95814,40.6475],[-73.95811,40.64652],[-73.95802,40.64507],[-73.96002,40.64485],[-73.96121,40.64472],[-73.96167,40.64711]]]}},{"type":"Feature","properties":{"unit_id":"36047063800","name":"Census Tract 638 — Kings","native_id":"36047063800","source":"census_tract_2025","adm3_name":"Kings County","adm3_id":"36047","area_sqm":139188,"split":false},"geometry":{"type":"Polygon","coordinates":[[[-73.94231,40.60827],[-73.94155,40.60877],[-73.93935,40.61019],[-73.93754,40.60856],[-73.93973,40.60713],[-73.93426,40.60223],[-73.93503,40.60173],[-73.93683,40.60334],[-73.93921,40.60548],[-73.94155,40.60758],[-73.94231,40.60827]]]}},{"type":"Feature","properties":{"unit_id":"36061021200","name":"Census Tract 212 — New York","native_id":"36061021200","source":"census_tract_2025","adm3_name":"New York County","adm3_id":"36061","area_sqm":176396,"split":false},"geometry":{"type":"Polygon","coordinates":[[[-73.9418,40.81282],[-73.94135,40.81344],[-73.94085,40.81411],[-73.94037,40.81477],[-73.93991,40.8154],[-73.93946,40.81603],[-73.93899,40.81666],[-73.93725,40.81594],[-73.93576,40.81533],[-73.93621,40.81467],[-73.93669,40.81404],[-73.93764,40.81275],[-73.93859,40.81144],[-73.93902,40.81086],[-73.94225,40.8122],[-73.9418,40.81282]]]}},{"type":"Feature","properties":{"unit_id":"36061000600","name":"Census Tract 6 — New York","native_id":"36061000600","source":"census_tract_2025","adm3_name":"New York County","adm3_id":"36061","area_sqm":240406,"split":false},"geometry":{"type":"Polygon","coordinates":[[[-73.99256,40.71439],[-73.99022,40.7144],[-73.98934,40.71413],[-73.98717,40.71431],[-73.98706,40.71364],[-73.98693,40.7129],[-73.98674,40.71154],[-73.98655,40.7093],[-73.98653,40.70498],[-73.98727,40.70518],[-73.98938,40.70514],[-73.99194,40.70953],[-73.99178,40.70982],[-73.99227,40.71247],[-73.99256,40.71439]]]}},{"type":"Feature","properties":{"unit_id":"36047036501","name":"Census Tract 365.01 — Kings","native_id":"36047036501","source":"census_tract_2025","adm3_name":"Kings County","adm3_id":"36047","area_sqm":126345,"split":false},"geometry":{"type":"Polygon","coordinates":[[[-73.9137,40.6765],[-73.91093,40.67634],[-73.90809,40.67619],[-73.90831,40.6746],[-73.91107,40.67476],[-73.91122,40.67315],[-73.914,40.67324],[-73.9137,40.6765]]]}},{"type":"Feature","properties":{"unit_id":"36061002902","name":"Census Tract 29.02 — New York","native_id":"36061002902","source":"census_tract_2025","adm3_name":"New York County","adm3_id":"36061","area_sqm":123830,"split":false},"geometry":{"type":"Polygon","coordinates":[[[-74.00157,40.71368],[-74.00075,40.71451],[-74.00046,40.71437],[-74.00079,40.71529],[-74.00014,40.7162],[-73.99931,40.71755],[-73.99859,40.7171],[-73.99776,40.71681],[-73.99698,40.71654],[-73.99606,40.71623],[-73.9975,40.71407],[-73.99858,40.71347],[-74.00089,40.71301],[-74.00157,40.71368]]]}},{"type":"Feature","properties":{"unit_id":"36047016900","name":"Census Tract 169 — Kings","native_id":"36047016900","source":"census_tract_2025","adm3_name":"Kings County","adm3_id":"36047","area_sqm":209462,"split":false},"geometry":{"type":"Polygon","coordinates":[[[-73.98448,40.6596],[-73.98392,40.66014],[-73.98324,40.66094],[-73.98223,40.66214],[-73.98017,40.66116],[-73.98006,40.66079],[-73.97751,40.65986],[-73.97851,40.65866],[-73.97902,40.65805],[-73.97951,40.65748],[-73.98007,40.65694],[-73.98065,40.65638],[-73.98507,40.65903],[-73.98448,40.6596]]]}},{"type":"Feature","properties":{"unit_id":"36047036400","name":"Census Tract 364 — Kings","native_id":"36047036400","source":"census_tract_2025","adm3_name":"Kings County","adm3_id":"36047","area_sqm":143250,"split":false},"geometry":{"type":"Polygon","coordinates":[[[-73.9676,40.58036],[-73.96465,40.58096],[-73.96194,40.58154],[-73.96103,40.58173],[-73.95994,40.58196],[-73.95988,40.58117],[-73.9598,40.58008],[-73.96311,40.57938],[-73.96401,40.57919],[-73.96582,40.57881],[-73.96807,40.57831],[-73.9676,40.58036]]]}},{"type":"Feature","properties":{"unit_id":"36061008700","name":"Census Tract 87 — New York","native_id":"36061008700","source":"census_tract_2025","adm3_name":"New York County","adm3_id":"36061","area_sqm":165443,"split":false},"geometry":{"type":"Polygon","coordinates":[[[-74.00028,40.74284],[-73.99985,40.74343],[-73.99942,40.74401],[-73.99897,40.74463],[-73.99613,40.74343],[-73.99329,40.74223],[-73.99374,40.74162],[-73.99416,40.74103],[-73.99502,40.73986],[-73.99786,40.74106],[-74.0007,40.74225],[-74.00028,40.74284]]]}},{"type":"Feature","properties":{"unit_id":"36047069602","name":"Census Tract 696.02 — Kings","native_id":"36047069602","source":"census_tract_2025","adm3_name":"Kings County","adm3_id":"36047","area_sqm":688168,"split":false},"geometry":{"type":"Polygon","coordinates":[[[-73.91747,40.62151],[-73.91207,40.62509],[-73.9108,40.62638],[-73.90848,40.62798],[-73.90178,40.62482],[-73.89826,40.62299],[-73.90016,40.62168],[-73.90199,40.62056],[-73.90274,40.62007],[-73.90456,40.6217],[-73.9053,40.62122],[-73.90696,40.62271],[-73.90839,40.62178],[-73.90911,40.62132],[-73.91055,40.6204],[-73.91017,40.61999],[-73.90893,40.61888],[-73.91026,40.61778],[-73.91168,40.61685],[-73.91485,40.6197],[-73.91727,40.61955],[-73.91747,40.62151]]]}},{"type":"Feature","properties":{"unit_id":"36047016300","name":"Census Tract 163 — Kings","native_id":"36047016300","source":"census_tract_2025","adm3_name":"Kings County","adm3_id":"36047","area_sqm":184092,"split":false},"geometry":{"type":"Polygon","coordinates":[[[-73.97235,40.67745],[-73.97203,40.67833],[-73.97171,40.67921],[-73.97139,40.68008],[-73.97085,40.68162],[-73.97064,40.68241],[-73.96866,40.682],[-73.96748,40.68175],[-73.96768,40.68095],[-73.96795,40.68019],[-73.96823,40.67942],[-73.96854,40.67854],[-73.96886,40.67766],[-73.96918,40.67679],[-73.9695,40.67591],[-73.9719,40.67641],[-73.97244,40.67716],[-73.97235,40.67745]]]}},{"type":"Feature","properties":{"unit_id":"36061003900","name":"Census Tract 39 — New York","native_id":"36061003900","source":"census_tract_2025","adm3_name":"New York County","adm3_id":"36061","area_sqm":331071,"split":false},"geometry":{"type":"Polygon","coordinates":[[[-74.02229,40.72361],[-74.02189,40.72525],[-74.02183,40.72549],[-74.01198,40.72433],[-74.01081,40.72579],[-74.00791,40.7237],[-74.00835,40.72132],[-74.0092,40.71619],[-74.01083,40.71693],[-74.01097,40.7163],[-74.01273,40.71711],[-74.01229,40.71904],[-74.01305,40.71909],[-74.02307,40.72041],[-74.02229,40.72361]]]}},{"type":"Feature","properties":{"unit_id":"36047020000","name":"Census Tract 200 — Kings","native_id":"36047020000","source":"census_tract_2025","adm3_name":"Kings County","adm3_id":"36047","area_sqm":134858,"split":false},"geometry":{"type":"Polygon","coordinates":[[[-74.01026,40.62103],[-74.00963,40.62163],[-74.009,40.62224],[-74.00784,40.62335],[-74.00564,40.62202],[-74.00743,40.6203],[-74.0098,40.61802],[-74.012,40.61935],[-74.01026,40.62103]]]}},{"type":"Feature","properties":{"unit_id":"36047118201","name":"Census Tract 1182.01 — Kings","native_id":"36047118201","source":"census_tract_2025","adm3_name":"Kings County","adm3_id":"36047","area_sqm":126387,"split":false},"geometry":{"type":"Polygon","coordinates":[[[-73.87405,40.6893],[-73.8726,40.68992],[-73.87095,40.6905],[-73.86991,40.68612],[-73.8707,40.68592],[-73.87274,40.68541],[-73.87322,40.68694],[-73.87405,40.6893]]]}},{"type":"Feature","properties":{"unit_id":"36047037500","name":"Census Tract 375 — Kings","native_id":"36047037500","source":"census_tract_2025","adm3_name":"Kings County","adm3_id":"36047","area_sqm":158809,"split":false},"geometry":{"type":"Polygon","coordinates":[[[-73.92439,40.69083],[-73.92364,40.6904],[-73.92121,40.68902],[-73.92055,40.68864],[-73.91906,40.68778],[-73.91878,40.68763],[-73.91829,40.68736],[-73.91805,40.68721],[-73.918,40.68697],[-73.91785,40.68623],[-73.92325,40.68561],[-73.9234,40.68635],[-73.92354,40.68708],[-73.92369,40.68781],[-73.92383,40.68854],[-73.92398,40.68928],[-73.92413,40.69],[-73.92439,40.69083]]]}},{"type":"Feature","properties":{"unit_id":"36047013400","name":"Census Tract 134 — Kings","native_id":"36047013400","source":"census_tract_2025","adm3_name":"Kings County","adm3_id":"36047","area_sqm":268233,"split":false},"geometry":{"type":"Polygon","coordinates":[[[-74.02507,40.63081],[-74.02479,40.63151],[-74.02452,40.63217],[-74.02202,40.63099],[-74.01955,40.62985],[-74.01926,40.63056],[-74.01853,40.63233],[-74.01696,40.63162],[-74.01605,40.63103],[-74.01634,40.63029],[-74.01784,40.62659],[-74.01864,40.62707],[-74.01896,40.6263],[-74.02296,40.6287],[-74.02536,40.63011],[-74.02507,40.63081]]]}},{"type":"Feature","properties":{"unit_id":"36061025700","name":"Census Tract 257 — New York","native_id":"36061025700","source":"census_tract_2025","adm3_name":"New York County","adm3_id":"36061","area_sqm":144062,"split":false},"geometry":{"type":"Polygon","coordinates":[[[-73.95634,40.80817],[-73.95543,40.80943],[-73.95497,40.81006],[-73.95358,40.80948],[-73.9521,40.81144],[-73.95068,40.81084],[-73.95258,40.80824],[-73.95292,40.80778],[-73.9535,40.80698],[-73.95442,40.80573],[-73.95587,40.80634],[-73.95727,40.80692],[-73.95634,40.80817]]]}},{"type":"Feature","properties":{"unit_id":"36047084600","name":"Census Tract 846 — Kings","native_id":"36047084600","source":"census_tract_2025","adm3_name":"Kings County","adm3_id":"36047","area_sqm":166530,"split":false},"geometry":{"type":"Polygon","coordinates":[[[-73.9296,40.64443],[-73.92572,40.64467],[-73.92538,40.64238],[-73.92574,40.64001],[-73.92911,40.63979],[-73.92936,40.64213],[-73.9296,40.64443]]]}},{"type":"Feature","properties":{"unit_id":"36061016300","name":"Census Tract 163 — New York","native_id":"36061016300","source":"census_tract_2025","adm3_name":"New York County","adm3_id":"36061","area_sqm":263617,"split":false},"geometry":{"type":"Polygon","coordinates":[[[-73.99303,40.78637],[-73.99173,40.78816],[-73.99141,40.7886],[-73.98505,40.786],[-73.98264,40.78498],[-73.9833,40.78435],[-73.98166,40.78366],[-73.98047,40.78316],[-73.97882,40.78247],[-73.97975,40.78119],[-73.98021,40.78056],[-73.98067,40.77992],[-73.98152,40.78028],[-73.98351,40.78113],[-73.98507,40.78178],[-73.98568,40.78031],[-73.98731,40.78104],[-73.98814,40.78141],[-73.99048,40.78238],[-73.99487,40.78384],[-73.99303,40.78637]]]}},{"type":"Feature","properties":{"unit_id":"36047044902","name":"Census Tract 449.02 — Kings","native_id":"36047044902","source":"census_tract_2025","adm3_name":"Kings County","adm3_id":"36047","area_sqm":1756701,"split":false},"geometry":{"type":"Polygon","coordinates":[[[-73.93676,40.72484],[-73.93412,40.72686],[-73.93183,40.72848],[-73.92906,40.72769],[-73.9278,40.72649],[-73.92717,40.72523],[-73.92418,40.72002],[-73.92428,40.71854],[-73.92271,40.71648],[-73.92433,40.71557],[-73.92404,40.71401],[-73.92223,40.71285],[-73.92074,40.71053],[-73.92189,40.7094],[-73.93207,40.70779],[-73.93252,40.70824],[-73.9348,40.71337],[-73.93496,40.71372],[-73.93561,40.71519],[-73.93634,40.71678],[-73.9347,40.71721],[-73.93588,40.71986],[-73.9365,40.72125],[-73.93504,40.72167],[-73.93559,40.72299],[-73.93619,40.72434],[-73.93676,40.72484]]]}},{"type":"Feature","properties":{"unit_id":"36061006500","name":"Census Tract 65 — New York","native_id":"36061006500","source":"census_tract_2025","adm3_name":"New York County","adm3_id":"36061","area_sqm":201127,"split":false},"geometry":{"type":"Polygon","coordinates":[[[-74.00281,40.72836],[-74.00168,40.73058],[-74.00141,40.73107],[-74.00095,40.73171],[-74.00007,40.73293],[-73.99697,40.73141],[-73.99556,40.73071],[-73.99657,40.72955],[-73.99789,40.72931],[-73.99895,40.72807],[-73.99992,40.72693],[-74.00139,40.72766],[-74.00215,40.72804],[-74.00281,40.72836]]]}},{"type":"Feature","properties":{"unit_id":"36061019300","name":"Census Tract 193 — New York","native_id":"36061019300","source":"census_tract_2025","adm3_name":"New York County","adm3_id":"36061","area_sqm":175714,"split":false},"geometry":{"type":"Polygon","coordinates":[[[-73.96522,40.80111],[-73.96476,40.80174],[-73.96386,40.80297],[-73.96108,40.8018],[-73.95965,40.80116],[-73.9582,40.80055],[-73.95908,40.79935],[-73.96004,40.79804],[-73.96148,40.79865],[-73.96287,40.79924],[-73.96571,40.80044],[-73.96522,40.80111]]]}},{"type":"Feature","properties":{"unit_id":"36047021700","name":"Census Tract 217 — Kings","native_id":"36047021700","source":"census_tract_2025","adm3_name":"Kings County","adm3_id":"36047","area_sqm":119682,"split":false},"geometry":{"type":"Polygon","coordinates":[[[-73.96071,40.67312],[-73.96007,40.67488],[-73.9567,40.67417],[-73.95702,40.67329],[-73.95734,40.67241],[-73.95797,40.67066],[-73.96134,40.67135],[-73.96071,40.67312]]]}},{"type":"Feature","properties":{"unit_id":"36047005800","name":"Census Tract 58 — Kings","native_id":"36047005800","source":"census_tract_2025","adm3_name":"Kings County","adm3_id":"36047","area_sqm":193316,"split":false},"geometry":{"type":"Polygon","coordinates":[[[-74.03544,40.61996],[-74.03489,40.62132],[-74.0322,40.62069],[-74.02956,40.61983],[-74.0282,40.61917],[-74.0293,40.6179],[-74.03048,40.61652],[-74.03331,40.61794],[-74.03599,40.6186],[-74.03544,40.61996]]]}},{"type":"Feature","properties":{"unit_id":"36061017300","name":"Census Tract 173 — New York","native_id":"36061017300","source":"census_tract_2025","adm3_name":"New York County","adm3_id":"36061","area_sqm":178602,"split":false},"geometry":{"type":"Polygon","coordinates":[[[-73.97452,40.78836],[-73.97406,40.78899],[-73.97315,40.79024],[-73.97246,40.78995],[-73.9703,40.78905],[-73.96808,40.78813],[-73.96745,40.78786],[-73.96793,40.78722],[-73.96838,40.7866],[-73.96884,40.78597],[-73.96934,40.78529],[-73.97217,40.78649],[-73.97502,40.78769],[-73.97452,40.78836]]]}},{"type":"Feature","properties":{"unit_id":"36047010801","name":"Census Tract 108.01 — Kings","native_id":"36047010801","source":"census_tract_2025","adm3_name":"Kings County","adm3_id":"36047","area_sqm":75490,"split":false},"geometry":{"type":"Polygon","coordinates":[[[-74.00591,40.64245],[-74.00533,40.64301],[-74.00475,40.64357],[-74.00254,40.64224],[-74.00371,40.64112],[-74.00488,40.63999],[-74.00708,40.64133],[-74.00591,40.64245]]]}},{"type":"Feature","properties":{"unit_id":"36061021400","name":"Census Tract 214 — New York","native_id":"36061021400","source":"census_tract_2025","adm3_name":"New York County","adm3_id":"36061","area_sqm":135576,"split":false},"geometry":{"type":"Polygon","coordinates":[[[-73.93854,40.81728],[-73.93809,40.8179],[-73.93764,40.81852],[-73.93672,40.81977],[-73.93623,40.82044],[-73.93448,40.8197],[-73.93413,40.81773],[-73.93576,40.81533],[-73.93725,40.81594],[-73.93899,40.81666],[-73.93854,40.81728]]]}},{"type":"Feature","properties":{"unit_id":"36047077600","name":"Census Tract 776 — Kings","native_id":"36047077600","source":"census_tract_2025","adm3_name":"Kings County","adm3_id":"36047","area_sqm":186545,"split":false},"geometry":{"type":"Polygon","coordinates":[[[-73.94562,40.63178],[-73.94463,40.63184],[-73.94079,40.63208],[-73.93759,40.63227],[-73.93701,40.6323],[-73.93677,40.62997],[-73.93961,40.6298],[-73.94151,40.62968],[-73.94341,40.62956],[-73.94415,40.62951],[-73.94551,40.63079],[-73.94648,40.63171],[-73.94562,40.63178]]]}},{"type":"Feature","properties":{"unit_id":"36047011902","name":"Census Tract 119.02 — Kings","native_id":"36047011902","source":"census_tract_2025","adm3_name":"Kings County","adm3_id":"36047","area_sqm":205872,"split":false},"geometry":{"type":"Polygon","coordinates":[[[-73.99855,40.67193],[-73.99528,40.67578],[-73.99257,40.67611],[-73.9908,40.67578],[-73.99043,40.67625],[-73.99237,40.67381],[-73.99338,40.6726],[-73.99388,40.672],[-73.99438,40.6714],[-73.9949,40.67079],[-73.99539,40.67019],[-73.99643,40.66901],[-73.99653,40.66889],[-73.99846,40.67157],[-73.99862,40.67183],[-73.99855,40.67193]]]}},{"type":"Feature","properties":{"unit_id":"36061002601","name":"Census Tract 26.01 — New York","native_id":"36061002601","source":"census_tract_2025","adm3_name":"New York County","adm3_id":"36061","area_sqm":106047,"split":false},"geometry":{"type":"Polygon","coordinates":[[[-73.98252,40.72328],[-73.98208,40.72388],[-73.98164,40.72449],[-73.97928,40.72351],[-73.97689,40.7225],[-73.97735,40.72189],[-73.97768,40.72142],[-73.97823,40.72067],[-73.98061,40.72168],[-73.98296,40.72267],[-73.98252,40.72328]]]}},{"type":"Feature","properties":{"unit_id":"36047085200","name":"Census Tract 852 — Kings","native_id":"36047085200","source":"census_tract_2025","adm3_name":"Kings County","adm3_id":"36047","area_sqm":395710,"split":false},"geometry":{"type":"Polygon","coordinates":[[[-73.94352,40.64854],[-73.94305,40.64931],[-73.94263,40.64934],[-73.9389,40.64957],[-73.93875,40.64897],[-73.93586,40.64866],[-73.93396,40.64873],[-73.93292,40.648],[-73.93261,40.64525],[-73.93738,40.64491],[-73.94214,40.64468],[-73.94261,40.64466],[-73.94331,40.64653],[-73.94337,40.64711],[-73.94352,40.64854]]]}},{"type":"Feature","properties":{"unit_id":"36047060600","name":"Census Tract 606 — Kings","native_id":"36047060600","source":"census_tract_2025","adm3_name":"Kings County","adm3_id":"36047","area_sqm":179262,"split":false},"geometry":{"type":"Polygon","coordinates":[[[-73.96035,40.58731],[-73.95935,40.58742],[-73.9582,40.58754],[-73.95713,40.58766],[-73.95619,40.58776],[-73.95434,40.58797],[-73.95421,40.58738],[-73.95325,40.5872],[-73.95342,40.58807],[-73.95245,40.58817],[-73.95267,40.58716],[-73.95189,40.58594],[-73.95124,40.58492],[-73.95398,40.58571],[-73.95668,40.58536],[-73.96026,40.58504],[-73.96035,40.58731]]]}},{"type":"Feature","properties":{"unit_id":"36061002901","name":"Census Tract 29.01 — New York","native_id":"36061002901","source":"census_tract_2025","adm3_name":"New York County","adm3_id":"36061","area_sqm":145055,"split":false},"geometry":{"type":"Polygon","coordinates":[[[-74.0036,40.71365],[-74.00309,40.71396],[-74.00212,40.71516],[-73.99996,40.71802],[-73.99931,40.71755],[-74.00014,40.7162],[-74.00079,40.71529],[-74.00046,40.71437],[-74.00075,40.71451],[-74.00157,40.71368],[-74.00089,40.71301],[-74.00082,40.71138],[-74.00051,40.71098],[-74.00078,40.71064],[-74.00142,40.70981],[-74.00331,40.71131],[-74.00486,40.71245],[-74.0036,40.71365]]]}},{"type":"Feature","properties":{"unit_id":"36047020600","name":"Census Tract 206 — Kings","native_id":"36047020600","source":"census_tract_2025","adm3_name":"Kings County","adm3_id":"36047","area_sqm":170942,"split":false},"geometry":{"type":"Polygon","coordinates":[[[-74.01888,40.6243],[-74.01726,40.62527],[-74.01649,40.62577],[-74.01357,40.62773],[-74.01166,40.62657],[-74.01224,40.62602],[-74.01283,40.62546],[-74.01341,40.6249],[-74.01403,40.62429],[-74.01466,40.62369],[-74.01641,40.62201],[-74.01908,40.62362],[-74.01888,40.6243]]]}},{"type":"Feature","properties":{"unit_id":"36047118000","name":"Census Tract 1180 — Kings","native_id":"36047118000","source":"census_tract_2025","adm3_name":"Kings County","adm3_id":"36047","area_sqm":751605,"split":false},"geometry":{"type":"Polygon","coordinates":[[[-73.88961,40.68421],[-73.88452,40.68669],[-73.88378,40.68786],[-73.87946,40.69123],[-73.87402,40.69419],[-73.86892,40.69515],[-73.86872,40.69462],[-73.86867,40.69385],[-73.86806,40.69118],[-73.87013,40.69071],[-73.87095,40.6905],[-73.8726,40.68992],[-73.87405,40.6893],[-73.87668,40.68809],[-73.87908,40.68688],[-73.8822,40.68536],[-73.8865,40.68335],[-73.88819,40.68256],[-73.88892,40.68313],[-73.88961,40.68421]]]}},{"type":"Feature","properties":{"unit_id":"36047002000","name":"Census Tract 20 — Kings","native_id":"36047002000","source":"census_tract_2025","adm3_name":"Kings County","adm3_id":"36047","area_sqm":154138,"split":false},"geometry":{"type":"Polygon","coordinates":[[[-74.01751,40.64853],[-74.01518,40.65077],[-74.01263,40.64923],[-74.01317,40.64865],[-74.01373,40.64808],[-74.01493,40.64698],[-74.01553,40.64642],[-74.01609,40.64588],[-74.01665,40.64533],[-74.01926,40.64685],[-74.01751,40.64853]]]}},{"type":"Feature","properties":{"unit_id":"36047076800","name":"Census Tract 768 — Kings","native_id":"36047076800","source":"census_tract_2025","adm3_name":"Kings County","adm3_id":"36047","area_sqm":303359,"split":false},"geometry":{"type":"Polygon","coordinates":[[[-73.96427,40.61998],[-73.96327,40.62009],[-73.96234,40.6202],[-73.96142,40.6203],[-73.96049,40.6204],[-73.96094,40.62279],[-73.95809,40.62311],[-73.95763,40.62071],[-73.9586,40.62061],[-73.95815,40.61822],[-73.95911,40.61811],[-73.95865,40.61572],[-73.95958,40.61562],[-73.96051,40.61552],[-73.96236,40.61531],[-73.96336,40.6152],[-73.96427,40.61998]]]}},{"type":"Feature","properties":{"unit_id":"36047002100","name":"Census Tract 21 — Kings","native_id":"36047002100","source":"census_tract_2025","adm3_name":"Kings County","adm3_id":"36047","area_sqm":528955,"split":false},"geometry":{"type":"Polygon","coordinates":[[[-73.9945,40.70432],[-73.99369,40.70448],[-73.99272,40.70554],[-73.9895,40.70515],[-73.98938,40.70514],[-73.98727,40.70518],[-73.98653,40.70498],[-73.98419,40.70558],[-73.98203,40.70551],[-73.98099,40.70537],[-73.98091,40.70591],[-73.97923,40.70577],[-73.97917,40.7053],[-73.98073,40.70127],[-73.98285,40.70136],[-73.98476,40.70144],[-73.98544,40.70059],[-73.98563,40.70059],[-73.9866,40.70062],[-73.9868,40.70062],[-73.98868,40.7007],[-73.98973,40.70073],[-73.99017,40.70075],[-73.99093,40.70077],[-73.99129,40.70105],[-73.99261,40.70206],[-73.99327,40.70244],[-73.99507,40.7031],[-73.9945,40.70432]]]}},{"type":"Feature","properties":{"unit_id":"36047006700","name":"Census Tract 67 — Kings","native_id":"36047006700","source":"census_tract_2025","adm3_name":"Kings County","adm3_id":"36047","area_sqm":156139,"split":false},"geometry":{"type":"Polygon","coordinates":[[[-73.99972,40.68347],[-73.99908,40.68482],[-73.99819,40.6867],[-73.99636,40.6861],[-73.99441,40.68545],[-73.9949,40.68443],[-73.99523,40.68374],[-73.99556,40.68307],[-73.99588,40.68239],[-73.99621,40.68172],[-74.00005,40.6828],[-73.99972,40.68347]]]}},{"type":"Feature","properties":{"unit_id":"36047048800","name":"Census Tract 488 — Kings","native_id":"36047048800","source":"census_tract_2025","adm3_name":"Kings County","adm3_id":"36047","area_sqm":143330,"split":false},"geometry":{"type":"Polygon","coordinates":[[[-73.97833,40.64327],[-73.97658,40.644],[-73.9764,40.64305],[-73.97594,40.64066],[-73.97501,40.64076],[-73.97394,40.64088],[-73.97347,40.63849],[-73.97456,40.63837],[-73.97549,40.63827],[-73.97642,40.63817],[-73.97734,40.63807],[-73.9778,40.64046],[-73.97825,40.64285],[-73.97833,40.64327]]]}},{"type":"Feature","properties":{"unit_id":"36061016700","name":"Census Tract 167 — New York","native_id":"36061016700","source":"census_tract_2025","adm3_name":"New York County","adm3_id":"36061","area_sqm":196979,"split":false},"geometry":{"type":"Polygon","coordinates":[[[-73.99005,40.79047],[-73.98375,40.78789],[-73.98123,40.78692],[-73.97974,40.7863],[-73.97853,40.78579],[-73.9769,40.7851],[-73.97737,40.78446],[-73.97783,40.78383],[-73.97833,40.78315],[-73.97882,40.78247],[-73.98047,40.78316],[-73.98166,40.78366],[-73.9833,40.78435],[-73.98264,40.78498],[-73.98505,40.786],[-73.99141,40.7886],[-73.99005,40.79047]]]}},{"type":"Feature","properties":{"unit_id":"36047062800","name":"Census Tract 628 — Kings","native_id":"36047062800","source":"census_tract_2025","adm3_name":"Kings County","adm3_id":"36047","area_sqm":767918,"split":false},"geometry":{"type":"Polygon","coordinates":[[[-73.93301,40.59464],[-73.93205,40.59547],[-73.93258,40.59772],[-73.9314,40.59848],[-73.92974,40.59698],[-73.92957,40.59682],[-73.92653,40.5941],[-73.92364,40.5915],[-73.92096,40.5891],[-73.91766,40.58561],[-73.91994,40.58465],[-73.92537,40.58469],[-73.92595,40.58501],[-73.92721,40.5848],[-73.93137,40.58607],[-73.93178,40.58814],[-73.93261,40.59252],[-73.93301,40.59464]]]}},{"type":"Feature","properties":{"unit_id":"36047036100","name":"Census Tract 361 — Kings","native_id":"36047036100","source":"census_tract_2025","adm3_name":"Kings County","adm3_id":"36047","area_sqm":141090,"split":false},"geometry":{"type":"Polygon","coordinates":[[[-73.92263,40.66837],[-73.92254,40.66928],[-73.92247,40.67012],[-73.92238,40.67101],[-73.91979,40.67087],[-73.91702,40.67072],[-73.91696,40.67071],[-73.91487,40.67053],[-73.91714,40.66954],[-73.91748,40.66939],[-73.91838,40.669],[-73.91923,40.66863],[-73.92004,40.66828],[-73.92102,40.66785],[-73.92187,40.66748],[-73.92275,40.6671],[-73.92263,40.66837]]]}},{"type":"Feature","properties":{"unit_id":"36047058800","name":"Census Tract 588 — Kings","native_id":"36047058800","source":"census_tract_2025","adm3_name":"Kings County","adm3_id":"36047","area_sqm":159611,"split":false},"geometry":{"type":"Polygon","coordinates":[[[-73.96068,40.5916],[-73.957,40.592],[-73.95659,40.58988],[-73.95619,40.58776],[-73.95713,40.58766],[-73.9582,40.58754],[-73.95935,40.58742],[-73.96035,40.58731],[-73.96046,40.58872],[-73.96052,40.58945],[-73.96057,40.59018],[-73.96068,40.5916]]]}},{"type":"Feature","properties":{"unit_id":"36061009000","name":"Census Tract 90 — New York","native_id":"36061009000","source":"census_tract_2025","adm3_name":"New York County","adm3_id":"36061","area_sqm":174696,"split":false},"geometry":{"type":"Polygon","coordinates":[[[-73.97259,40.75332],[-73.97214,40.75394],[-73.97122,40.75519],[-73.96898,40.75425],[-73.96662,40.75324],[-73.96723,40.75269],[-73.96726,40.75264],[-73.9677,40.75204],[-73.96797,40.75137],[-73.96843,40.75076],[-73.96891,40.75011],[-73.97126,40.75112],[-73.9735,40.75207],[-73.97259,40.75332]]]}},{"type":"Feature","properties":{"unit_id":"36047088200","name":"Census Tract 882 — Kings","native_id":"36047088200","source":"census_tract_2025","adm3_name":"Kings County","adm3_id":"36047","area_sqm":203181,"split":false},"geometry":{"type":"Polygon","coordinates":[[[-73.9294,40.6642],[-73.92854,40.66457],[-73.92823,40.66471],[-73.92614,40.66283],[-73.92685,40.66237],[-73.92503,40.66074],[-73.92322,40.65911],[-73.9214,40.65748],[-73.9236,40.65605],[-73.92465,40.65701],[-73.92464,40.65818],[-73.92646,40.65981],[-73.92828,40.66145],[-73.93068,40.66362],[-73.9294,40.6642]]]}},{"type":"Feature","properties":{"unit_id":"36047036200","name":"Census Tract 362 — Kings","native_id":"36047036200","source":"census_tract_2025","adm3_name":"Kings County","adm3_id":"36047","area_sqm":171110,"split":false},"geometry":{"type":"Polygon","coordinates":[[[-73.96807,40.57831],[-73.96582,40.57881],[-73.96401,40.57919],[-73.96311,40.57938],[-73.9598,40.58008],[-73.95966,40.57837],[-73.95963,40.57799],[-73.96144,40.57761],[-73.96236,40.57741],[-73.96328,40.57721],[-73.9651,40.57683],[-73.96638,40.57655],[-73.96854,40.57629],[-73.96807,40.57831]]]}},{"type":"Feature","properties":{"unit_id":"36047072000","name":"Census Tract 720 — Kings","native_id":"36047072000","source":"census_tract_2025","adm3_name":"Kings County","adm3_id":"36047","area_sqm":158228,"split":false},"geometry":{"type":"Polygon","coordinates":[[[-73.9243,40.62839],[-73.92042,40.6309],[-73.9186,40.6321],[-73.91824,40.62877],[-73.91816,40.62801],[-73.918,40.62646],[-73.91994,40.62631],[-73.92087,40.62625],[-73.92112,40.62859],[-73.9243,40.62839]]]}},{"type":"Feature","properties":{"unit_id":"36047065200","name":"Census Tract 652 — Kings","native_id":"36047065200","source":"census_tract_2025","adm3_name":"Kings County","adm3_id":"36047","area_sqm":174713,"split":false},"geometry":{"type":"Polygon","coordinates":[[[-73.93321,40.61697],[-73.93173,40.61793],[-73.9306,40.61692],[-73.92848,40.61502],[-73.92629,40.61319],[-73.92617,40.61306],[-73.92846,40.61161],[-73.93028,40.61324],[-73.93392,40.61651],[-73.93321,40.61697]]]}},{"type":"Feature","properties":{"unit_id":"36047037000","name":"Census Tract 370 — Kings","native_id":"36047037000","source":"census_tract_2025","adm3_name":"Kings County","adm3_id":"36047","area_sqm":336233,"split":false},"geometry":{"type":"Polygon","coordinates":[[[-73.96615,40.58667],[-73.96564,40.58889],[-73.96513,40.59111],[-73.96284,40.59136],[-73.96068,40.5916],[-73.96057,40.59018],[-73.96052,40.58945],[-73.96046,40.58872],[-73.96035,40.58731],[-73.96026,40.58504],[-73.96255,40.58478],[-73.96344,40.58468],[-73.96661,40.58458],[-73.96615,40.58667]]]}},{"type":"Feature","properties":{"unit_id":"36047091000","name":"Census Tract 910 — Kings","native_id":"36047091000","source":"census_tract_2025","adm3_name":"Kings County","adm3_id":"36047","area_sqm":212068,"split":false},"geometry":{"type":"Polygon","coordinates":[[[-73.90636,40.66771],[-73.90357,40.66813],[-73.90263,40.66827],[-73.90167,40.66841],[-73.90085,40.66535],[-73.90042,40.66381],[-73.90145,40.66366],[-73.90238,40.66352],[-73.90517,40.66311],[-73.90558,40.66466],[-73.90597,40.66618],[-73.90636,40.66771]]]}},{"type":"Feature","properties":{"unit_id":"36061030900","name":"Census Tract 309 — New York","native_id":"36061030900","source":"census_tract_2025","adm3_name":"New York County","adm3_id":"36061","area_sqm":302756,"split":false},"geometry":{"type":"Polygon","coordinates":[[[-73.91141,40.87928],[-73.91031,40.87905],[-73.9095,40.87888],[-73.90855,40.87771],[-73.9072,40.87639],[-73.907,40.87345],[-73.9071,40.87298],[-73.9086,40.87168],[-73.91048,40.87401],[-73.91053,40.87407],[-73.9152,40.87558],[-73.91141,40.87928]]]}},{"type":"Feature","properties":{"unit_id":"36047026600","name":"Census Tract 266 — Kings","native_id":"36047026600","source":"census_tract_2025","adm3_name":"Kings County","adm3_id":"36047","area_sqm":165897,"split":false},"geometry":{"type":"Polygon","coordinates":[[[-73.9948,40.61456],[-73.99365,40.61569],[-73.9916,40.61445],[-73.9894,40.61312],[-73.98719,40.61179],[-73.98496,40.61045],[-73.98613,40.60933],[-73.98836,40.61068],[-73.99056,40.612],[-73.99276,40.61333],[-73.99334,40.61277],[-73.99537,40.614],[-73.9948,40.61456]]]}},{"type":"Feature","properties":{"unit_id":"36047031500","name":"Census Tract 315 — Kings","native_id":"36047031500","source":"census_tract_2025","adm3_name":"Kings County","adm3_id":"36047","area_sqm":180191,"split":false},"geometry":{"type":"Polygon","coordinates":[[[-73.95301,40.67882],[-73.95205,40.67867],[-73.94968,40.67857],[-73.94691,40.67839],[-73.94693,40.67822],[-73.94707,40.67672],[-73.94715,40.67594],[-73.94723,40.67505],[-73.95,40.6752],[-73.95277,40.67536],[-73.95269,40.67625],[-73.95268,40.67703],[-73.95301,40.67882]]]}},{"type":"Feature","properties":{"unit_id":"36047117602","name":"Census Tract 1176.02 — Kings","native_id":"36047117602","source":"census_tract_2025","adm3_name":"Kings County","adm3_id":"36047","area_sqm":143799,"split":false},"geometry":{"type":"Polygon","coordinates":[[[-73.87668,40.68809],[-73.87405,40.6893],[-73.87322,40.68694],[-73.87274,40.68541],[-73.87219,40.68365],[-73.87411,40.6831],[-73.87457,40.68496],[-73.87583,40.68464],[-73.87668,40.68809]]]}},{"type":"Feature","properties":{"unit_id":"36047095600","name":"Census Tract 956 — Kings","native_id":"36047095600","source":"census_tract_2025","adm3_name":"Kings County","adm3_id":"36047","area_sqm":237582,"split":false},"geometry":{"type":"Polygon","coordinates":[[[-73.91328,40.63551],[-73.91179,40.63647],[-73.91037,40.63739],[-73.90745,40.63928],[-73.90561,40.63762],[-73.90778,40.63622],[-73.90995,40.63482],[-73.91144,40.63386],[-73.9132,40.63193],[-73.91622,40.63361],[-73.91328,40.63551]]]}},{"type":"Feature","properties":{"unit_id":"36047017400","name":"Census Tract 174 — Kings","native_id":"36047017400","source":"census_tract_2025","adm3_name":"Kings County","adm3_id":"36047","area_sqm":165543,"split":false},"geometry":{"type":"Polygon","coordinates":[[[-74.01475,40.60216],[-74.01237,40.60521],[-74.01082,40.6067],[-74.00837,40.60522],[-74.00978,40.60386],[-74.01002,40.60247],[-74.01115,40.60087],[-74.01154,40.60101],[-74.01155,40.60101],[-74.0129,40.6015],[-74.01383,40.60183],[-74.01466,40.60213],[-74.01475,40.60216]]]}},{"type":"Feature","properties":{"unit_id":"36047086000","name":"Census Tract 860 — Kings","native_id":"36047086000","source":"census_tract_2025","adm3_name":"Kings County","adm3_id":"36047","area_sqm":175366,"split":false},"geometry":{"type":"Polygon","coordinates":[[[-73.93618,40.65147],[-73.93427,40.65156],[-73.93233,40.65165],[-73.93139,40.65169],[-73.93038,40.65173],[-73.93021,40.65011],[-73.93,40.64818],[-73.93194,40.64806],[-73.93292,40.648],[-73.93396,40.64873],[-73.93586,40.64866],[-73.93618,40.65147]]]}},{"type":"Feature","properties":{"unit_id":"36061023400","name":"Census Tract 234 — New York","native_id":"36061023400","source":"census_tract_2025","adm3_name":"New York County","adm3_id":"36061","area_sqm":108228,"split":false},"geometry":{"type":"Polygon","coordinates":[[[-73.94052,40.82476],[-73.9396,40.826],[-73.93935,40.8259],[-73.93679,40.82481],[-73.93722,40.82419],[-73.93767,40.82357],[-73.93813,40.82293],[-73.93533,40.82175],[-73.93574,40.82111],[-73.93859,40.82231],[-73.94143,40.82351],[-73.94052,40.82476]]]}},{"type":"Feature","properties":{"unit_id":"36047082600","name":"Census Tract 826 — Kings","native_id":"36047082600","source":"census_tract_2025","adm3_name":"Kings County","adm3_id":"36047","area_sqm":199091,"split":false},"geometry":{"type":"Polygon","coordinates":[[[-73.95205,40.64677],[-73.94915,40.64689],[-73.94724,40.64696],[-73.94626,40.64701],[-73.94607,40.64531],[-73.94599,40.64453],[-73.94587,40.64342],[-73.94779,40.6433],[-73.94876,40.64325],[-73.95165,40.64307],[-73.95179,40.64431],[-73.95185,40.64495],[-73.95205,40.64677]]]}},{"type":"Feature","properties":{"unit_id":"36047039300","name":"Census Tract 393 — Kings","native_id":"36047039300","source":"census_tract_2025","adm3_name":"Kings County","adm3_id":"36047","area_sqm":189603,"split":false},"geometry":{"type":"Polygon","coordinates":[[[-73.93522,40.69699],[-73.93227,40.69732],[-73.92932,40.69764],[-73.92823,40.69667],[-73.92725,40.69614],[-73.9265,40.69571],[-73.9275,40.6947],[-73.92648,40.69414],[-73.92781,40.69277],[-73.93115,40.69467],[-73.93146,40.69485],[-73.93193,40.69512],[-73.93312,40.69579],[-73.93522,40.69699]]]}},{"type":"Feature","properties":{"unit_id":"36047009600","name":"Census Tract 96 — Kings","native_id":"36047009600","source":"census_tract_2025","adm3_name":"Kings County","adm3_id":"36047","area_sqm":150752,"split":false},"geometry":{"type":"Polygon","coordinates":[[[-74.00799,40.64734],[-74.00682,40.64847],[-74.00462,40.64713],[-74.00241,40.64581],[-74.00358,40.64469],[-74.00417,40.64413],[-74.00475,40.64357],[-74.00695,40.6449],[-74.00915,40.64623],[-74.00799,40.64734]]]}},{"type":"Feature","properties":{"unit_id":"36047043100","name":"Census Tract 431 — Kings","native_id":"36047043100","source":"census_tract_2025","adm3_name":"Kings County","adm3_id":"36047","area_sqm":168207,"split":false},"geometry":{"type":"Polygon","coordinates":[[[-73.92308,40.6992],[-73.92007,40.70226],[-73.91932,40.70183],[-73.91857,40.7014],[-73.91782,40.70098],[-73.91707,40.70055],[-73.91632,40.70012],[-73.91787,40.69854],[-73.91932,40.69706],[-73.92007,40.69749],[-73.92082,40.69792],[-73.92157,40.69835],[-73.92233,40.69877],[-73.92308,40.6992]]]}},{"type":"Feature","properties":{"unit_id":"36047068600","name":"Census Tract 686 — Kings","native_id":"36047068600","source":"census_tract_2025","adm3_name":"Kings County","adm3_id":"36047","area_sqm":148006,"split":false},"geometry":{"type":"Polygon","coordinates":[[[-73.92053,40.61394],[-73.91789,40.61565],[-73.91701,40.6172],[-73.91714,40.61839],[-73.91569,40.61706],[-73.91388,40.61543],[-73.91609,40.614],[-73.91901,40.61212],[-73.92053,40.61394]]]}},{"type":"Feature","properties":{"unit_id":"36061023900","name":"Census Tract 239 — New York","native_id":"36061023900","source":"census_tract_2025","adm3_name":"New York County","adm3_id":"36061","area_sqm":63850,"split":false},"geometry":{"type":"Polygon","coordinates":[[[-73.9425,40.83224],[-73.94203,40.83286],[-73.94158,40.83349],[-73.94112,40.83411],[-73.94036,40.83379],[-73.93915,40.83328],[-73.94037,40.83147],[-73.94035,40.83046],[-73.94137,40.83089],[-73.94298,40.83157],[-73.9425,40.83224]]]}},{"type":"Feature","properties":{"unit_id":"36047048600","name":"Census Tract 486 — Kings","native_id":"36047048600","source":"census_tract_2025","adm3_name":"Kings County","adm3_id":"36047","area_sqm":175436,"split":false},"geometry":{"type":"Polygon","coordinates":[[[-73.98042,40.64238],[-73.97944,40.6428],[-73.97902,40.64297],[-73.97833,40.64327],[-73.97825,40.64285],[-73.9778,40.64046],[-73.97734,40.63807],[-73.97642,40.63817],[-73.97596,40.63578],[-73.97689,40.63567],[-73.97802,40.63555],[-73.97911,40.63544],[-73.97939,40.63693],[-73.97987,40.63952],[-73.98042,40.64238]]]}},{"type":"Feature","properties":{"unit_id":"36047067000","name":"Census Tract 670 — Kings","native_id":"36047067000","source":"census_tract_2025","adm3_name":"Kings County","adm3_id":"36047","area_sqm":208266,"split":false},"geometry":{"type":"Polygon","coordinates":[[[-73.9264,40.61448],[-73.92539,40.61454],[-73.9235,40.61466],[-73.92062,40.61484],[-73.92053,40.61394],[-73.91901,40.61212],[-73.92112,40.6107],[-73.9225,40.60981],[-73.92436,40.61146],[-73.92617,40.61306],[-73.92629,40.61319],[-73.9264,40.61448]]]}},{"type":"Feature","properties":{"unit_id":"36047013900","name":"Census Tract 139 — Kings","native_id":"36047013900","source":"census_tract_2025","adm3_name":"Kings County","adm3_id":"36047","area_sqm":151331,"split":false},"geometry":{"type":"Polygon","coordinates":[[[-73.99023,40.66854],[-73.98972,40.66915],[-73.98922,40.66975],[-73.98873,40.67034],[-73.98394,40.66803],[-73.98444,40.66744],[-73.98494,40.66683],[-73.98544,40.66623],[-73.98595,40.66563],[-73.99073,40.66794],[-73.99023,40.66854]]]}},{"type":"Feature","properties":{"unit_id":"36047080000","name":"Census Tract 800 — Kings","native_id":"36047080000","source":"census_tract_2025","adm3_name":"Kings County","adm3_id":"36047","area_sqm":173679,"split":false},"geometry":{"type":"Polygon","coordinates":[[[-73.95704,40.66197],[-73.9537,40.66217],[-73.95081,40.66235],[-73.95072,40.66157],[-73.95064,40.66083],[-73.95057,40.66012],[-73.95049,40.6594],[-73.95673,40.65902],[-73.9568,40.65973],[-73.95687,40.66044],[-73.95696,40.66118],[-73.95704,40.66197]]]}},{"type":"Feature","properties":{"unit_id":"36061014300","name":"Census Tract 143 — New York","native_id":"36061014300","source":"census_tract_2025","adm3_name":"New York County","adm3_id":"36061","area_sqm":2992159,"split":false},"geometry":{"type":"Polygon","coordinates":[[[-73.98102,40.76927],[-73.98056,40.76991],[-73.98011,40.77053],[-73.97965,40.77116],[-73.97919,40.77178],[-73.97873,40.77242],[-73.97783,40.77366],[-73.97737,40.77428],[-73.97691,40.77491],[-73.97646,40.77553],[-73.97595,40.77622],[-73.97546,40.7769],[-73.975,40.77753],[-73.97453,40.77817],[-73.97407,40.7788],[-73.97357,40.77948],[-73.97172,40.78202],[-73.97122,40.78271],[-73.97076,40.78334],[-73.9703,40.78397],[-73.96983,40.78461],[-73.96934,40.78529],[-73.96884,40.78597],[-73.96838,40.7866],[-73.96793,40.78722],[-73.96745,40.78786],[-73.96655,40.78911],[-73.96609,40.78973],[-73.96563,40.79037],[-73.96518,40.79099],[-73.96469,40.79166],[-73.96418,40.79236],[-73.9638,40.79288],[-73.96283,40.7942],[-73.96144,40.79611],[-73.96004,40.79804],[-73.95908,40.79935],[-73.9582,40.80055],[-73.95529,40.79944],[-73.95248,40.79825],[-73.9496,40.79705],[-73.94922,40.79691],[-73.9494,40.79663],[-73.95016,40.79559],[-73.95111,40.79429],[-73.95298,40.79172],[-73.95482,40.78921],[-73.95528,40.78858],[-73.95578,40.78791],[-73.95672,40.7866],[-73.95717,40.78598],[-73.9581,40.78472],[-73.95947,40.78283],[-73.96042,40.78153],[-73.96136,40.78024],[-73.9623,40.77895],[-73.96323,40.77768],[-73.96373,40.77699],[-73.96469,40.77568],[-73.96607,40.77377],[-73.96704,40.77246],[-73.96799,40.77115],[-73.96936,40.76927],[-73.97119,40.76677],[-73.97302,40.76428],[-73.97623,40.76568],[-73.97908,40.76688],[-73.98143,40.76787],[-73.98102,40.76927]]]}},{"type":"Feature","properties":{"unit_id":"36061015102","name":"Census Tract 151.02 — New York","native_id":"36061015102","source":"census_tract_2025","adm3_name":"New York County","adm3_id":"36061","area_sqm":223442,"split":false},"geometry":{"type":"Polygon","coordinates":[[[-73.99782,40.77978],[-73.99387,40.7781],[-73.99076,40.77769],[-73.99091,40.77754],[-73.99017,40.77725],[-73.9892,40.77686],[-73.98843,40.77653],[-73.98724,40.77602],[-73.98818,40.77473],[-73.98863,40.77412],[-73.98954,40.77287],[-73.98999,40.77224],[-73.99045,40.77161],[-73.99091,40.77099],[-73.99378,40.7722],[-73.99332,40.77283],[-73.99395,40.77288],[-73.99597,40.77401],[-74.00045,40.77615],[-73.99782,40.77978]]]}},{"type":"Feature","properties":{"unit_id":"36047059600","name":"Census Tract 596 — Kings","native_id":"36047059600","source":"census_tract_2025","adm3_name":"Kings County","adm3_id":"36047","area_sqm":173084,"split":false},"geometry":{"type":"Polygon","coordinates":[[[-73.94401,40.59126],[-73.94123,40.59157],[-73.9402,40.59168],[-73.93924,40.59179],[-73.93964,40.59392],[-73.93778,40.59413],[-73.93738,40.59199],[-73.93699,40.58987],[-73.93884,40.58967],[-73.9398,40.58957],[-73.94175,40.58935],[-73.94361,40.58915],[-73.94401,40.59126]]]}},{"type":"Feature","properties":{"unit_id":"36047064000","name":"Census Tract 640 — Kings","native_id":"36047064000","source":"census_tract_2025","adm3_name":"Kings County","adm3_id":"36047","area_sqm":153403,"split":false},"geometry":{"type":"Polygon","coordinates":[[[-73.9437,40.61021],[-73.94265,40.61086],[-73.94116,40.61182],[-73.93897,40.61324],[-73.93825,40.6137],[-73.93644,40.61207],[-73.93935,40.61019],[-73.94155,40.60877],[-73.94231,40.60827],[-73.94355,40.60935],[-73.94364,40.60986],[-73.9437,40.61021]]]}},{"type":"Feature","properties":{"unit_id":"36061001800","name":"Census Tract 18 — New York","native_id":"36061001800","source":"census_tract_2025","adm3_name":"New York County","adm3_id":"36061","area_sqm":222964,"split":false},"geometry":{"type":"Polygon","coordinates":[[[-73.99438,40.71952],[-73.9938,40.72094],[-73.99352,40.72163],[-73.99151,40.72103],[-73.99063,40.72077],[-73.98986,40.72053],[-73.98754,40.71983],[-73.98675,40.71959],[-73.98736,40.71837],[-73.98788,40.71741],[-73.98837,40.71645],[-73.98915,40.71671],[-73.99142,40.71742],[-73.99309,40.71792],[-73.99481,40.71846],[-73.99438,40.71952]]]}},{"type":"Feature","properties":{"unit_id":"36047054700","name":"Census Tract 547 — Kings","native_id":"36047054700","source":"census_tract_2025","adm3_name":"Kings County","adm3_id":"36047","area_sqm":170095,"split":false},"geometry":{"type":"Polygon","coordinates":[[[-73.96994,40.70931],[-73.96961,40.71016],[-73.96852,40.71005],[-73.96241,40.70935],[-73.96257,40.70853],[-73.96274,40.70768],[-73.96442,40.70753],[-73.96485,40.70745],[-73.96729,40.707],[-73.96839,40.70683],[-73.96961,40.70763],[-73.96994,40.70931]]]}},{"type":"Feature","properties":{"unit_id":"36047012200","name":"Census Tract 122 — Kings","native_id":"36047012200","source":"census_tract_2025","adm3_name":"Kings County","adm3_id":"36047","area_sqm":181661,"split":false},"geometry":{"type":"Polygon","coordinates":[[[-74.01961,40.6397],[-74.01902,40.64026],[-74.01842,40.64085],[-74.01617,40.63948],[-74.01396,40.63815],[-74.01457,40.63757],[-74.01515,40.63701],[-74.01607,40.63614],[-74.01631,40.6359],[-74.01675,40.63544],[-74.0189,40.63686],[-74.01955,40.63709],[-74.02109,40.63826],[-74.01961,40.6397]]]}},{"type":"Feature","properties":{"unit_id":"36047009202","name":"Census Tract 92.02 — Kings","native_id":"36047009202","source":"census_tract_2025","adm3_name":"Kings County","adm3_id":"36047","area_sqm":56624,"split":false},"geometry":{"type":"Polygon","coordinates":[[[-73.99963,40.64504],[-73.99905,40.6456],[-73.99847,40.64616],[-73.99627,40.64483],[-73.99684,40.64427],[-73.99743,40.64371],[-73.99801,40.64315],[-74.00021,40.64448],[-73.99963,40.64504]]]}},{"type":"Feature","properties":{"unit_id":"36047015100","name":"Census Tract 151 — Kings","native_id":"36047015100","source":"census_tract_2025","adm3_name":"Kings County","adm3_id":"36047","area_sqm":149311,"split":false},"geometry":{"type":"Polygon","coordinates":[[[-73.98544,40.66623],[-73.98494,40.66683],[-73.98444,40.66744],[-73.98394,40.66803],[-73.98158,40.66689],[-73.97922,40.66575],[-73.97972,40.66515],[-73.98022,40.66455],[-73.98072,40.66395],[-73.98122,40.66335],[-73.98359,40.66449],[-73.98595,40.66563],[-73.98544,40.66623]]]}},{"type":"Feature","properties":{"unit_id":"36061024500","name":"Census Tract 245 — New York","native_id":"36061024500","source":"census_tract_2025","adm3_name":"New York County","adm3_id":"36061","area_sqm":212070,"split":false},"geometry":{"type":"Polygon","coordinates":[[[-73.9443,40.83708],[-73.94402,40.83778],[-73.94374,40.83848],[-73.94307,40.84019],[-73.94114,40.83918],[-73.93983,40.8385],[-73.9401,40.83695],[-73.93989,40.83579],[-73.93977,40.83518],[-73.94005,40.83449],[-73.94036,40.83379],[-73.94112,40.83411],[-73.94158,40.83349],[-73.94443,40.83468],[-73.94397,40.83531],[-73.94457,40.83638],[-73.9443,40.83708]]]}},{"type":"Feature","properties":{"unit_id":"36061015602","name":"Census Tract 156.02 — New York","native_id":"36061015602","source":"census_tract_2025","adm3_name":"New York County","adm3_id":"36061","area_sqm":108763,"split":false},"geometry":{"type":"Polygon","coordinates":[[[-73.94933,40.78519],[-73.94883,40.78588],[-73.94838,40.7865],[-73.94792,40.78712],[-73.9457,40.78617],[-73.94332,40.78517],[-73.94472,40.78325],[-73.94707,40.78424],[-73.94893,40.78502],[-73.94933,40.78519]]]}},{"type":"Feature","properties":{"unit_id":"36061026900","name":"Census Tract 269 — New York","native_id":"36061026900","source":"census_tract_2025","adm3_name":"New York County","adm3_id":"36061","area_sqm":175569,"split":false},"geometry":{"type":"Polygon","coordinates":[[[-73.93286,40.85051],[-73.93243,40.8511],[-73.93149,40.85238],[-73.931,40.85306],[-73.93054,40.85368],[-73.92915,40.8531],[-73.92769,40.85249],[-73.92866,40.85118],[-73.93001,40.84931],[-73.93062,40.84848],[-73.93139,40.84743],[-73.93285,40.84804],[-73.93424,40.84863],[-73.93286,40.85051]]]}},{"type":"Feature","properties":{"unit_id":"36061001502","name":"Census Tract 15.02 — New York","native_id":"36061001502","source":"census_tract_2025","adm3_name":"New York County","adm3_id":"36061","area_sqm":208794,"split":false},"geometry":{"type":"MultiPolygon","coordinates":[[[[-73.99636,40.70338],[-73.99637,40.70342],[-73.99514,40.70298],[-73.99775,40.70135],[-73.99636,40.70338]]],[[[-74.01054,40.70915],[-74.00906,40.71089],[-74.00774,40.71022],[-74.00551,40.70909],[-74.00482,40.70839],[-74.00433,40.70782],[-74.00406,40.70744],[-74.00314,40.70625],[-74.0022,40.70538],[-74.00275,40.70512],[-74.00332,40.70486],[-74.00428,40.70441],[-74.00475,40.70523],[-74.00678,40.70672],[-74.00746,40.70722],[-74.00827,40.70772],[-74.00937,40.70861],[-74.01054,40.70915]]]]}},{"type":"Feature","properties":{"unit_id":"36047075600","name":"Census Tract 756 — Kings","native_id":"36047075600","source":"census_tract_2025","adm3_name":"Kings County","adm3_id":"36047","area_sqm":173546,"split":false},"geometry":{"type":"Polygon","coordinates":[[[-73.95026,40.61908],[-73.94837,40.61929],[-73.94744,40.61939],[-73.94651,40.61949],[-73.94607,40.6171],[-73.94574,40.61536],[-73.94657,40.61479],[-73.94746,40.6142],[-73.94931,40.61403],[-73.95026,40.61908]]]}},{"type":"Feature","properties":{"unit_id":"36047074400","name":"Census Tract 744 — Kings","native_id":"36047074400","source":"census_tract_2025","adm3_name":"Kings County","adm3_id":"36047","area_sqm":170074,"split":false},"geometry":{"type":"Polygon","coordinates":[[[-73.94543,40.6245],[-73.9445,40.6246],[-73.94264,40.6248],[-73.94168,40.62491],[-73.94123,40.62252],[-73.94085,40.62046],[-73.9408,40.62013],[-73.94359,40.61982],[-73.94452,40.61971],[-73.94497,40.6221],[-73.94543,40.6245]]]}},{"type":"Feature","properties":{"unit_id":"36061022800","name":"Census Tract 228 — New York","native_id":"36061022800","source":"census_tract_2025","adm3_name":"New York County","adm3_id":"36061","area_sqm":180633,"split":false},"geometry":{"type":"Polygon","coordinates":[[[-73.94606,40.81717],[-73.94514,40.81842],[-73.9423,40.81723],[-73.93946,40.81603],[-73.93991,40.8154],[-73.94037,40.81477],[-73.94085,40.81411],[-73.94135,40.81344],[-73.94419,40.81463],[-73.94703,40.81583],[-73.94606,40.81717]]]}},{"type":"Feature","properties":{"unit_id":"36047029000","name":"Census Tract 290 — Kings","native_id":"36047029000","source":"census_tract_2025","adm3_name":"Kings County","adm3_id":"36047","area_sqm":154712,"split":false},"geometry":{"type":"Polygon","coordinates":[[[-73.99605,40.60327],[-73.99543,40.60388],[-73.99485,40.60444],[-73.99426,40.605],[-73.9931,40.60612],[-73.99087,40.60477],[-73.99204,40.60365],[-73.99262,40.60309],[-73.9932,40.60253],[-73.99559,40.60023],[-73.99782,40.60158],[-73.99605,40.60327]]]}},{"type":"Feature","properties":{"unit_id":"36061001200","name":"Census Tract 12 — New York","native_id":"36061001200","source":"census_tract_2025","adm3_name":"New York County","adm3_id":"36061","area_sqm":120597,"split":false},"geometry":{"type":"Polygon","coordinates":[[[-73.9834,40.71857],[-73.98248,40.71829],[-73.98229,40.71698],[-73.98058,40.71646],[-73.97891,40.71595],[-73.97899,40.7158],[-73.97996,40.71397],[-73.98165,40.71446],[-73.98245,40.7147],[-73.98334,40.71493],[-73.98501,40.71544],[-73.9834,40.71857]]]}},{"type":"Feature","properties":{"unit_id":"36047065000","name":"Census Tract 650 — Kings","native_id":"36047065000","source":"census_tract_2025","adm3_name":"Kings County","adm3_id":"36047","area_sqm":166228,"split":false},"geometry":{"type":"Polygon","coordinates":[[[-73.93634,40.62061],[-73.93538,40.62122],[-73.9331,40.62269],[-73.93219,40.62327],[-73.93173,40.61793],[-73.93321,40.61697],[-73.93502,40.6186],[-73.93687,40.62025],[-73.93634,40.62061]]]}},{"type":"Feature","properties":{"unit_id":"36061028700","name":"Census Tract 287 — New York","native_id":"36061028700","source":"census_tract_2025","adm3_name":"New York County","adm3_id":"36061","area_sqm":532368,"split":false},"geometry":{"type":"Polygon","coordinates":[[[-73.93895,40.87378],[-73.93835,40.87475],[-73.93252,40.86991],[-73.92872,40.86674],[-73.92806,40.8662],[-73.92727,40.86554],[-73.92601,40.86357],[-73.92777,40.86293],[-73.9286,40.86261],[-73.92969,40.86221],[-73.93,40.8621],[-73.93017,40.86165],[-73.93131,40.85933],[-73.93215,40.85953],[-73.93409,40.85938],[-73.93561,40.85886],[-73.93629,40.85927],[-73.93779,40.85981],[-73.94584,40.86252],[-73.93895,40.87378]]]}},{"type":"Feature","properties":{"unit_id":"36047022200","name":"Census Tract 222 — Kings","native_id":"36047022200","source":"census_tract_2025","adm3_name":"Kings County","adm3_id":"36047","area_sqm":176184,"split":false},"geometry":{"type":"Polygon","coordinates":[[[-73.99623,40.63933],[-73.99551,40.63981],[-73.99433,40.6406],[-73.99408,40.64077],[-73.99141,40.63916],[-73.98921,40.63782],[-73.98979,40.63726],[-73.99037,40.6367],[-73.99096,40.63614],[-73.99154,40.63558],[-73.99374,40.63691],[-73.99694,40.63885],[-73.99623,40.63933]]]}},{"type":"Feature","properties":{"unit_id":"36047050100","name":"Census Tract 501 — Kings","native_id":"36047050100","source":"census_tract_2025","adm3_name":"Kings County","adm3_id":"36047","area_sqm":172687,"split":false},"geometry":{"type":"Polygon","coordinates":[[[-73.95349,40.71407],[-73.95275,40.71474],[-73.95184,40.71544],[-73.95114,40.71603],[-73.94721,40.71856],[-73.94679,40.71882],[-73.94674,40.71855],[-73.94672,40.71839],[-73.94653,40.7172],[-73.94619,40.71507],[-73.94607,40.71437],[-73.94772,40.71422],[-73.94937,40.71407],[-73.95162,40.71407],[-73.95291,40.71406],[-73.95349,40.71407]]]}},{"type":"Feature","properties":{"unit_id":"36061016001","name":"Census Tract 160.01 — New York","native_id":"36061016001","source":"census_tract_2025","adm3_name":"New York County","adm3_id":"36061","area_sqm":125615,"split":false},"geometry":{"type":"Polygon","coordinates":[[[-73.95717,40.78598],[-73.95672,40.7866],[-73.95578,40.78791],[-73.95416,40.78723],[-73.95255,40.78655],[-73.9535,40.78525],[-73.95396,40.78462],[-73.95488,40.78336],[-73.95649,40.78404],[-73.9581,40.78472],[-73.95717,40.78598]]]}},{"type":"Feature","properties":{"unit_id":"36061009400","name":"Census Tract 94 — New York","native_id":"36061009400","source":"census_tract_2025","adm3_name":"New York County","adm3_id":"36061","area_sqm":152754,"split":false},"geometry":{"type":"Polygon","coordinates":[[[-73.98089,40.75348],[-73.97902,40.75603],[-73.97765,40.75791],[-73.97604,40.75723],[-73.97444,40.75656],[-73.97652,40.75497],[-73.97837,40.75242],[-73.97929,40.7528],[-73.98089,40.75348]]]}},{"type":"Feature","properties":{"unit_id":"36061020901","name":"Census Tract 209.01 — New York","native_id":"36061020901","source":"census_tract_2025","adm3_name":"New York County","adm3_id":"36061","area_sqm":115806,"split":false},"geometry":{"type":"Polygon","coordinates":[[[-73.95683,40.81261],[-73.95627,40.81338],[-73.95571,40.81414],[-73.95408,40.81228],[-73.95354,40.81205],[-73.9521,40.81144],[-73.95358,40.80948],[-73.95497,40.81006],[-73.95781,40.81126],[-73.95683,40.81261]]]}},{"type":"Feature","properties":{"unit_id":"36061025500","name":"Census Tract 255 — New York","native_id":"36061025500","source":"census_tract_2025","adm3_name":"New York County","adm3_id":"36061","area_sqm":441356,"split":false},"geometry":{"type":"Polygon","coordinates":[[[-73.95416,40.84799],[-73.95283,40.85111],[-73.95257,40.85154],[-73.94701,40.85046],[-73.94319,40.84976],[-73.94407,40.84785],[-73.94205,40.84832],[-73.93952,40.84784],[-73.93978,40.84721],[-73.94052,40.84537],[-73.94114,40.84405],[-73.94201,40.84281],[-73.94228,40.84215],[-73.94307,40.84019],[-73.94468,40.84105],[-73.9465,40.84124],[-73.94772,40.84145],[-73.95566,40.84448],[-73.95416,40.84799]]]}},{"type":"Feature","properties":{"unit_id":"36047089000","name":"Census Tract 890 — Kings","native_id":"36047089000","source":"census_tract_2025","adm3_name":"Kings County","adm3_id":"36047","area_sqm":248416,"split":false},"geometry":{"type":"Polygon","coordinates":[[[-73.91974,40.66077],[-73.91958,40.66199],[-73.9186,40.66112],[-73.9183,40.66116],[-73.91818,40.66073],[-73.91742,40.66005],[-73.91707,40.65975],[-73.91557,40.65839],[-73.91378,40.65678],[-73.91234,40.65553],[-73.912,40.65556],[-73.91012,40.65585],[-73.90977,40.65447],[-73.90973,40.65431],[-73.91068,40.65418],[-73.91233,40.65413],[-73.91374,40.65417],[-73.91531,40.65422],[-73.91633,40.65513],[-73.91815,40.65677],[-73.91727,40.65733],[-73.91909,40.65897],[-73.92008,40.65986],[-73.91974,40.66077]]]}},{"type":"Feature","properties":{"unit_id":"36047072600","name":"Census Tract 726 — Kings","native_id":"36047072600","source":"census_tract_2025","adm3_name":"Kings County","adm3_id":"36047","area_sqm":275168,"split":false},"geometry":{"type":"Polygon","coordinates":[[[-73.93727,40.63465],[-73.93439,40.63483],[-73.93343,40.63488],[-73.9325,40.63495],[-73.93153,40.63501],[-73.93127,40.63267],[-73.93031,40.63273],[-73.93005,40.63039],[-73.93198,40.63027],[-73.9358,40.63003],[-73.93677,40.62997],[-73.93701,40.6323],[-73.93727,40.63465]]]}},{"type":"Feature","properties":{"unit_id":"36061000900","name":"Census Tract 9 — New York","native_id":"36061000900","source":"census_tract_2025","adm3_name":"New York County","adm3_id":"36061","area_sqm":298886,"split":false},"geometry":{"type":"MultiPolygon","coordinates":[[[[-74.00177,40.69548],[-74.00029,40.69764],[-73.99923,40.69918],[-73.99803,40.69876],[-73.99885,40.69714],[-73.99946,40.69628],[-74.00028,40.69496],[-74.0007,40.69439],[-74.00096,40.69407],[-74.0024,40.69456],[-74.00177,40.69548]]],[[[-74.01429,40.70455],[-74.01333,40.70503],[-74.01325,40.70587],[-74.01251,40.70677],[-74.01119,40.70628],[-74.00987,40.7058],[-74.00998,40.70515],[-74.00899,40.70408],[-74.00798,40.70319],[-74.00773,40.70281],[-74.01269,40.70051],[-74.01367,40.70083],[-74.01431,40.70286],[-74.01429,40.70455]]]]}},{"type":"Feature","properties":{"unit_id":"36047056900","name":"Census Tract 569 — Kings","native_id":"36047056900","source":"census_tract_2025","adm3_name":"Kings County","adm3_id":"36047","area_sqm":127954,"split":false},"geometry":{"type":"Polygon","coordinates":[[[-73.95527,40.72428],[-73.9526,40.72515],[-73.95174,40.72544],[-73.95087,40.72572],[-73.94992,40.72406],[-73.94908,40.72254],[-73.95065,40.72171],[-73.95165,40.72349],[-73.95478,40.72246],[-73.95627,40.72339],[-73.95527,40.72428]]]}},{"type":"Feature","properties":{"unit_id":"36047116600","name":"Census Tract 1166 — Kings","native_id":"36047116600","source":"census_tract_2025","adm3_name":"Kings County","adm3_id":"36047","area_sqm":159390,"split":false},"geometry":{"type":"Polygon","coordinates":[[[-73.88485,40.67613],[-73.88323,40.67637],[-73.88233,40.6765],[-73.8805,40.67677],[-73.8802,40.67553],[-73.87988,40.67426],[-73.87957,40.67299],[-73.88389,40.67236],[-73.88421,40.67362],[-73.88454,40.67489],[-73.88485,40.67613]]]}},{"type":"Feature","properties":{"unit_id":"36047021900","name":"Census Tract 219 — Kings","native_id":"36047021900","source":"census_tract_2025","adm3_name":"Kings County","adm3_id":"36047","area_sqm":147042,"split":false},"geometry":{"type":"Polygon","coordinates":[[[-73.95734,40.67241],[-73.95702,40.67329],[-73.9567,40.67417],[-73.954,40.67363],[-73.95294,40.67357],[-73.95302,40.67268],[-73.95319,40.6709],[-73.95327,40.67001],[-73.95527,40.67012],[-73.95797,40.67066],[-73.95734,40.67241]]]}},{"type":"Feature","properties":{"unit_id":"36047083800","name":"Census Tract 838 — Kings","native_id":"36047083800","source":"census_tract_2025","adm3_name":"Kings County","adm3_id":"36047","area_sqm":166942,"split":false},"geometry":{"type":"Polygon","coordinates":[[[-73.93728,40.64396],[-73.93348,40.64419],[-73.93323,40.64189],[-73.93298,40.63956],[-73.93489,40.63944],[-73.93679,40.63932],[-73.93704,40.64166],[-73.93728,40.64396]]]}},{"type":"Feature","properties":{"unit_id":"36047024600","name":"Census Tract 246 — Kings","native_id":"36047024600","source":"census_tract_2025","adm3_name":"Kings County","adm3_id":"36047","area_sqm":172880,"split":false},"geometry":{"type":"Polygon","coordinates":[[[-73.98569,40.62013],[-73.98349,40.6188],[-73.98228,40.61996],[-73.9817,40.62052],[-73.9795,40.61919],[-73.97738,40.61788],[-73.97785,40.61729],[-73.97906,40.61613],[-73.97964,40.61556],[-73.98187,40.61691],[-73.98407,40.61824],[-73.98628,40.61957],[-73.98569,40.62013]]]}},{"type":"Feature","properties":{"unit_id":"36061006800","name":"Census Tract 68 — New York","native_id":"36061006800","source":"census_tract_2025","adm3_name":"New York County","adm3_id":"36061","area_sqm":174441,"split":false},"geometry":{"type":"Polygon","coordinates":[[[-73.98685,40.73952],[-73.98637,40.74019],[-73.98588,40.74085],[-73.98408,40.74333],[-73.98246,40.74265],[-73.98086,40.74197],[-73.98131,40.74135],[-73.98176,40.74073],[-73.98221,40.74012],[-73.98266,40.7395],[-73.98363,40.73817],[-73.98408,40.73755],[-73.9873,40.7389],[-73.98685,40.73952]]]}},{"type":"Feature","properties":{"unit_id":"36047030400","name":"Census Tract 304 — Kings","native_id":"36047030400","source":"census_tract_2025","adm3_name":"Kings County","adm3_id":"36047","area_sqm":465276,"split":false},"geometry":{"type":"Polygon","coordinates":[[[-73.99932,40.5931],[-73.99737,40.59397],[-73.99619,40.59399],[-73.99531,40.59443],[-73.99675,40.59564],[-73.99523,40.59709],[-73.99239,40.59521],[-73.99019,40.59388],[-73.98799,40.59255],[-73.98962,40.59098],[-73.99036,40.59143],[-73.99154,40.59039],[-73.99256,40.58992],[-73.99331,40.58958],[-73.99376,40.59033],[-73.99629,40.58923],[-73.99708,40.59141],[-73.99713,40.59145],[-73.99768,40.59186],[-73.99932,40.5931]]]}},{"type":"Feature","properties":{"unit_id":"36047054300","name":"Census Tract 543 — Kings","native_id":"36047054300","source":"census_tract_2025","adm3_name":"Kings County","adm3_id":"36047","area_sqm":955334,"split":false},"geometry":{"type":"Polygon","coordinates":[[[-73.98073,40.70127],[-73.97917,40.7053],[-73.97923,40.70577],[-73.97548,40.70749],[-73.97279,40.70938],[-73.97032,40.70733],[-73.96961,40.70763],[-73.96839,40.70683],[-73.96795,40.70573],[-73.96721,40.70426],[-73.9652,40.70262],[-73.96258,40.70051],[-73.96218,40.70022],[-73.96237,40.6996],[-73.96284,40.69804],[-73.96577,40.69764],[-73.96973,40.6978],[-73.97679,40.69809],[-73.98054,40.69825],[-73.98046,40.6997],[-73.98073,40.70127]]]}},{"type":"Feature","properties":{"unit_id":"36047094401","name":"Census Tract 944.01 — Kings","native_id":"36047094401","source":"census_tract_2025","adm3_name":"Kings County","adm3_id":"36047","area_sqm":368968,"split":false},"geometry":{"type":"Polygon","coordinates":[[[-73.92651,40.63654],[-73.92608,40.63816],[-73.92574,40.64001],[-73.92538,40.64238],[-73.92356,40.6425],[-73.92333,40.6399],[-73.92161,40.64169],[-73.91973,40.64272],[-73.91966,40.6421],[-73.91956,40.64119],[-73.91946,40.64024],[-73.91929,40.6386],[-73.91917,40.63747],[-73.92012,40.63699],[-73.92102,40.63653],[-73.92283,40.63554],[-73.92571,40.63537],[-73.92745,40.63526],[-73.92651,40.63654]]]}},{"type":"Feature","properties":{"unit_id":"36047101200","name":"Census Tract 1012 — Kings","native_id":"36047101200","source":"census_tract_2025","adm3_name":"Kings County","adm3_id":"36047","area_sqm":160761,"split":false},"geometry":{"type":"Polygon","coordinates":[[[-73.89701,40.64037],[-73.89396,40.64234],[-73.89214,40.64071],[-73.89033,40.63908],[-73.89338,40.63711],[-73.89519,40.63874],[-73.89701,40.64037]]]}},{"type":"Feature","properties":{"unit_id":"36061013800","name":"Census Tract 138 — New York","native_id":"36061013800","source":"census_tract_2025","adm3_name":"New York County","adm3_id":"36061","area_sqm":182092,"split":false},"geometry":{"type":"Polygon","coordinates":[[[-73.9568,40.77497],[-73.95633,40.7756],[-73.95587,40.77624],[-73.95541,40.77687],[-73.95494,40.7775],[-73.9527,40.77656],[-73.95034,40.77556],[-73.9508,40.77493],[-73.95126,40.77429],[-73.95172,40.77366],[-73.95219,40.77302],[-73.95269,40.77234],[-73.95506,40.77334],[-73.95729,40.77428],[-73.9568,40.77497]]]}},{"type":"Feature","properties":{"unit_id":"36047000700","name":"Census Tract 7 — Kings","native_id":"36047000700","source":"census_tract_2025","adm3_name":"Kings County","adm3_id":"36047","area_sqm":176774,"split":false},"geometry":{"type":"Polygon","coordinates":[[[-74.00096,40.69407],[-74.0007,40.69439],[-74.00002,40.6941],[-73.99761,40.6936],[-73.99672,40.69344],[-73.99508,40.69315],[-73.9931,40.69285],[-73.99374,40.69154],[-73.99436,40.69024],[-73.99623,40.69076],[-73.99779,40.69119],[-74.0005,40.69194],[-74.00174,40.69241],[-74.00096,40.69407]]]}},{"type":"Feature","properties":{"unit_id":"36047057500","name":"Census Tract 575 — Kings","native_id":"36047057500","source":"census_tract_2025","adm3_name":"Kings County","adm3_id":"36047","area_sqm":181405,"split":false},"geometry":{"type":"Polygon","coordinates":[[[-73.95519,40.73587],[-73.95297,40.73608],[-73.95234,40.73398],[-73.9521,40.73256],[-73.95187,40.73114],[-73.95159,40.73045],[-73.95073,40.72897],[-73.95241,40.72842],[-73.95327,40.72813],[-73.95366,40.72882],[-73.95396,40.7295],[-73.95425,40.7302],[-73.95438,40.73091],[-73.95461,40.73232],[-73.95484,40.73374],[-73.95507,40.73516],[-73.95519,40.73587]]]}},{"type":"Feature","properties":{"unit_id":"36061008300","name":"Census Tract 83 — New York","native_id":"36061008300","source":"census_tract_2025","adm3_name":"New York County","adm3_id":"36061","area_sqm":174158,"split":false},"geometry":{"type":"Polygon","coordinates":[[[-74.00724,40.74347],[-74.00681,40.74406],[-74.00638,40.74465],[-74.00354,40.74345],[-74.0007,40.74225],[-74.00113,40.74167],[-74.00155,40.74108],[-74.00202,40.74044],[-74.00252,40.73975],[-74.00516,40.74086],[-74.00537,40.74095],[-74.0082,40.74215],[-74.00724,40.74347]]]}},{"type":"Feature","properties":{"unit_id":"36047103402","name":"Census Tract 1034.02 — Kings","native_id":"36047103402","source":"census_tract_2025","adm3_name":"Kings County","adm3_id":"36047","area_sqm":490129,"split":false},"geometry":{"type":"Polygon","coordinates":[[[-73.88511,40.63162],[-73.88365,40.63274],[-73.88289,40.63344],[-73.88542,40.63573],[-73.88594,40.63623],[-73.88372,40.63768],[-73.88074,40.63961],[-73.87881,40.63794],[-73.8763,40.63519],[-73.87396,40.63377],[-73.88239,40.62754],[-73.884,40.62877],[-73.88636,40.63082],[-73.88511,40.63162]]]}},{"type":"Feature","properties":{"unit_id":"36047105804","name":"Census Tract 1058.04 — Kings","native_id":"36047105804","source":"census_tract_2025","adm3_name":"Kings County","adm3_id":"36047","area_sqm":770249,"split":false},"geometry":{"type":"Polygon","coordinates":[[[-73.88999,40.65114],[-73.88628,40.65276],[-73.88481,40.65076],[-73.88411,40.64996],[-73.88241,40.64844],[-73.88148,40.6476],[-73.87729,40.64384],[-73.87608,40.64329],[-73.87785,40.6399],[-73.8785,40.63858],[-73.87881,40.63794],[-73.88074,40.63961],[-73.88959,40.64811],[-73.89125,40.65003],[-73.88999,40.65114]]]}},{"type":"Feature","properties":{"unit_id":"36047006300","name":"Census Tract 63 — Kings","native_id":"36047006300","source":"census_tract_2025","adm3_name":"Kings County","adm3_id":"36047","area_sqm":103152,"split":false},"geometry":{"type":"Polygon","coordinates":[[[-74.00335,40.67963],[-74.00196,40.68259],[-74.00161,40.68324],[-74.00128,40.68391],[-74.00064,40.68525],[-73.99908,40.68482],[-73.99972,40.68347],[-74.00005,40.6828],[-74.00037,40.68213],[-74.00069,40.68146],[-74.00112,40.68057],[-74.00152,40.67975],[-74.0019,40.67894],[-74.00226,40.6782],[-74.00335,40.67963]]]}},{"type":"Feature","properties":{"unit_id":"36061015402","name":"Census Tract 154.02 — New York","native_id":"36061015402","source":"census_tract_2025","adm3_name":"New York County","adm3_id":"36061","area_sqm":54705,"split":false},"geometry":{"type":"Polygon","coordinates":[[[-73.94896,40.78169],[-73.9485,40.78232],[-73.94804,40.78294],[-73.94567,40.78195],[-73.94613,40.78132],[-73.94659,40.78069],[-73.94705,40.78006],[-73.94942,40.78106],[-73.94896,40.78169]]]}},{"type":"Feature","properties":{"unit_id":"36047019200","name":"Census Tract 192 — Kings","native_id":"36047019200","source":"census_tract_2025","adm3_name":"Kings County","adm3_id":"36047","area_sqm":189790,"split":false},"geometry":{"type":"Polygon","coordinates":[[[-74.00193,40.62903],[-74.00168,40.62931],[-74.00135,40.6296],[-74.00014,40.63076],[-73.99956,40.63132],[-73.99736,40.62999],[-73.99612,40.62923],[-73.99634,40.62844],[-73.99679,40.62683],[-73.99688,40.62653],[-73.99702,40.62606],[-73.99724,40.62529],[-73.99812,40.62582],[-74.00031,40.62714],[-74.00252,40.62848],[-74.00193,40.62903]]]}},{"type":"Feature","properties":{"unit_id":"36061008603","name":"Census Tract 86.03 — New York","native_id":"36061008603","source":"census_tract_2025","adm3_name":"New York County","adm3_id":"36061","area_sqm":116889,"split":false},"geometry":{"type":"Polygon","coordinates":[[[-73.96662,40.75324],[-73.96654,40.75335],[-73.96616,40.75388],[-73.9657,40.75451],[-73.96524,40.75513],[-73.96479,40.75576],[-73.96433,40.75638],[-73.9621,40.75545],[-73.96177,40.75528],[-73.96156,40.75521],[-73.95861,40.75385],[-73.96156,40.74946],[-73.96471,40.75172],[-73.96506,40.75181],[-73.96519,40.75195],[-73.96723,40.75269],[-73.96662,40.75324]]]}},{"type":"Feature","properties":{"unit_id":"36061015802","name":"Census Tract 158.02 — New York","native_id":"36061015802","source":"census_tract_2025","adm3_name":"New York County","adm3_id":"36061","area_sqm":51508,"split":false},"geometry":{"type":"Polygon","coordinates":[[[-73.95206,40.78722],[-73.95161,40.78786],[-73.94838,40.7865],[-73.94883,40.78588],[-73.94933,40.78519],[-73.95093,40.78587],[-73.95255,40.78655],[-73.95206,40.78722]]]}},{"type":"Feature","properties":{"unit_id":"36047035500","name":"Census Tract 355 — Kings","native_id":"36047035500","source":"census_tract_2025","adm3_name":"Kings County","adm3_id":"36047","area_sqm":138406,"split":false},"geometry":{"type":"Polygon","coordinates":[[[-73.93707,40.66464],[-73.93698,40.66554],[-73.93422,40.66538],[-73.93145,40.66523],[-73.92868,40.66509],[-73.92854,40.66457],[-73.9294,40.6642],[-73.93068,40.66362],[-73.93161,40.66356],[-73.93455,40.66336],[-73.93726,40.66319],[-73.93707,40.66464]]]}},{"type":"Feature","properties":{"unit_id":"36047077000","name":"Census Tract 770 — Kings","native_id":"36047077000","source":"census_tract_2025","adm3_name":"Kings County","adm3_id":"36047","area_sqm":163281,"split":false},"geometry":{"type":"Polygon","coordinates":[[[-73.9584,40.63633],[-73.95743,40.63679],[-73.95657,40.63721],[-73.95374,40.63857],[-73.9536,40.63842],[-73.9511,40.63607],[-73.94945,40.63451],[-73.95106,40.63363],[-73.95201,40.63353],[-73.95246,40.63592],[-73.95624,40.63551],[-73.9582,40.63529],[-73.9584,40.63633]]]}},{"type":"Feature","properties":{"unit_id":"36047036700","name":"Census Tract 367 — Kings","native_id":"36047036700","source":"census_tract_2025","adm3_name":"Kings County","adm3_id":"36047","area_sqm":182968,"split":false},"geometry":{"type":"Polygon","coordinates":[[[-73.90783,40.67812],[-73.90549,40.68004],[-73.90405,40.67922],[-73.90347,40.6789],[-73.89999,40.6769],[-73.90079,40.67657],[-73.90254,40.67588],[-73.90346,40.67602],[-73.90712,40.67625],[-73.90809,40.67619],[-73.90783,40.67812]]]}},{"type":"Feature","properties":{"unit_id":"36047036300","name":"Census Tract 363 — Kings","native_id":"36047036300","source":"census_tract_2025","adm3_name":"Kings County","adm3_id":"36047","area_sqm":259726,"split":false},"geometry":{"type":"Polygon","coordinates":[[[-73.9223,40.6719],[-73.92213,40.67368],[-73.91954,40.67354],[-73.91677,40.67339],[-73.914,40.67324],[-73.91122,40.67315],[-73.90926,40.67295],[-73.91134,40.67208],[-73.91404,40.6709],[-73.91487,40.67053],[-73.91696,40.67071],[-73.91702,40.67072],[-73.91979,40.67087],[-73.92238,40.67101],[-73.9223,40.6719]]]}},{"type":"Feature","properties":{"unit_id":"36047065400","name":"Census Tract 654 — Kings","native_id":"36047065400","source":"census_tract_2025","adm3_name":"Kings County","adm3_id":"36047","area_sqm":151523,"split":false},"geometry":{"type":"Polygon","coordinates":[[[-73.93392,40.61651],[-73.93028,40.61324],[-73.92846,40.61161],[-73.92989,40.61069],[-73.93134,40.60975],[-73.93316,40.61138],[-73.93171,40.61232],[-73.93353,40.61395],[-73.93535,40.61558],[-73.93392,40.61651]]]}},{"type":"Feature","properties":{"unit_id":"36047070602","name":"Census Tract 706.02 — Kings","native_id":"36047070602","source":"census_tract_2025","adm3_name":"Kings County","adm3_id":"36047","area_sqm":1196753,"split":false},"geometry":{"type":"Polygon","coordinates":[[[-73.90346,40.61404],[-73.90137,40.61328],[-73.90067,40.61374],[-73.89924,40.61467],[-73.89856,40.61517],[-73.89835,40.61731],[-73.90199,40.62056],[-73.90016,40.62168],[-73.89826,40.62299],[-73.89231,40.62056],[-73.88705,40.61632],[-73.88446,40.60944],[-73.89195,40.60553],[-73.89862,40.60461],[-73.90144,40.60435],[-73.9017,40.60822],[-73.90319,40.61149],[-73.90493,40.61324],[-73.90346,40.61404]]]}},{"type":"Feature","properties":{"unit_id":"36061002700","name":"Census Tract 27 — New York","native_id":"36061002700","source":"census_tract_2025","adm3_name":"New York County","adm3_id":"36061","area_sqm":59282,"split":false},"geometry":{"type":"Polygon","coordinates":[[[-74.00089,40.71301],[-73.99858,40.71347],[-73.9975,40.71407],[-73.99712,40.7128],[-73.99695,40.71207],[-73.9997,40.71178],[-74.00051,40.71098],[-74.00082,40.71138],[-74.00089,40.71301]]]}},{"type":"Feature","properties":{"unit_id":"36061001600","name":"Census Tract 16 — New York","native_id":"36061001600","source":"census_tract_2025","adm3_name":"New York County","adm3_id":"36061","area_sqm":207381,"split":false},"geometry":{"type":"Polygon","coordinates":[[[-73.99606,40.71623],[-73.99481,40.71846],[-73.99309,40.71792],[-73.99142,40.71742],[-73.98915,40.71671],[-73.98975,40.71555],[-73.99022,40.7144],[-73.99256,40.71439],[-73.99302,40.71436],[-73.99414,40.71427],[-73.99484,40.71421],[-73.9975,40.71407],[-73.99606,40.71623]]]}},{"type":"Feature","properties":{"unit_id":"36047054500","name":"Census Tract 545 — Kings","native_id":"36047054500","source":"census_tract_2025","adm3_name":"Kings County","adm3_id":"36047","area_sqm":167767,"split":false},"geometry":{"type":"Polygon","coordinates":[[[-73.96839,40.70683],[-73.96729,40.707],[-73.96485,40.70745],[-73.96439,40.70706],[-73.96375,40.70648],[-73.9631,40.7059],[-73.96249,40.70535],[-73.96185,40.70479],[-73.96443,40.70312],[-73.9652,40.70262],[-73.96721,40.70426],[-73.96795,40.70573],[-73.96839,40.70683]]]}},{"type":"Feature","properties":{"unit_id":"36061001501","name":"Census Tract 15.01 — New York","native_id":"36061001501","source":"census_tract_2025","adm3_name":"New York County","adm3_id":"36061","area_sqm":270812,"split":false},"geometry":{"type":"Polygon","coordinates":[[[-74.0086,40.71139],[-74.00609,40.712],[-74.00486,40.71245],[-74.00331,40.71131],[-74.00142,40.70981],[-73.99949,40.70828],[-73.99918,40.70802],[-73.9945,40.70432],[-73.99507,40.7031],[-73.99514,40.70298],[-73.99637,40.70342],[-73.99712,40.70562],[-74.0001,40.70635],[-74.00109,40.70589],[-74.0022,40.70538],[-74.00314,40.70625],[-74.00406,40.70744],[-74.00433,40.70782],[-74.00482,40.70839],[-74.00551,40.70909],[-74.00774,40.71022],[-74.00906,40.71089],[-74.0086,40.71139]]]}},{"type":"Feature","properties":{"unit_id":"36061030700","name":"Census Tract 307 — New York","native_id":"36061030700","source":"census_tract_2025","adm3_name":"New York County","adm3_id":"36061","area_sqm":84374,"split":false},"geometry":{"type":"Polygon","coordinates":[[[-73.91846,40.87302],[-73.91628,40.87212],[-73.91506,40.8716],[-73.91401,40.87116],[-73.91518,40.86955],[-73.91627,40.86958],[-73.91697,40.87015],[-73.91792,40.87092],[-73.91946,40.87225],[-73.91846,40.87302]]]}},{"type":"Feature","properties":{"unit_id":"36047017500","name":"Census Tract 175 — Kings","native_id":"36047017500","source":"census_tract_2025","adm3_name":"Kings County","adm3_id":"36047","area_sqm":1961397,"split":false},"geometry":{"type":"Polygon","coordinates":[[[-74.00041,40.65463],[-73.99867,40.65631],[-73.99517,40.65967],[-73.99296,40.65834],[-73.99238,40.6589],[-73.99019,40.6576],[-73.98843,40.65925],[-73.98623,40.65792],[-73.9818,40.65525],[-73.98145,40.65342],[-73.98111,40.65159],[-73.98071,40.64952],[-73.98036,40.64769],[-73.98029,40.6473],[-73.98133,40.64718],[-73.9818,40.64713],[-73.98307,40.64663],[-73.98528,40.64577],[-73.98835,40.64456],[-73.98906,40.64412],[-73.99398,40.6471],[-73.99609,40.64831],[-73.99828,40.64973],[-73.99782,40.65028],[-74.00214,40.65296],[-74.00041,40.65463]]]}},{"type":"Feature","properties":{"unit_id":"36047120803","name":"Census Tract 1208.03 — Kings","native_id":"36047120803","source":"census_tract_2025","adm3_name":"Kings County","adm3_id":"36047","area_sqm":155241,"split":false},"geometry":{"type":"Polygon","coordinates":[[[-73.86392,40.67394],[-73.86299,40.67407],[-73.86207,40.67421],[-73.86176,40.67423],[-73.86106,40.67434],[-73.86108,40.67402],[-73.86078,40.67281],[-73.86039,40.67127],[-73.85947,40.67138],[-73.85855,40.67153],[-73.85728,40.67031],[-73.86284,40.66952],[-73.86321,40.67102],[-73.86392,40.67394]]]}},{"type":"Feature","properties":{"unit_id":"36061024100","name":"Census Tract 241 — New York","native_id":"36061024100","source":"census_tract_2025","adm3_name":"New York County","adm3_id":"36061","area_sqm":178781,"split":false},"geometry":{"type":"Polygon","coordinates":[[[-73.95772,40.83968],[-73.94959,40.83683],[-73.94551,40.83512],[-73.94443,40.83468],[-73.94158,40.83349],[-73.94203,40.83286],[-73.9425,40.83224],[-73.94298,40.83157],[-73.94582,40.83277],[-73.94829,40.83386],[-73.95028,40.83433],[-73.95869,40.83741],[-73.95772,40.83968]]]}},{"type":"Feature","properties":{"unit_id":"36047040900","name":"Census Tract 409 — Kings","native_id":"36047040900","source":"census_tract_2025","adm3_name":"Kings County","adm3_id":"36047","area_sqm":172310,"split":false},"geometry":{"type":"Polygon","coordinates":[[[-73.90804,40.69065],[-73.9066,40.69212],[-73.90504,40.6937],[-73.90429,40.69328],[-73.90207,40.692],[-73.90124,40.69144],[-73.9018,40.69077],[-73.90414,40.68857],[-73.90504,40.68894],[-73.90654,40.68979],[-73.90729,40.69022],[-73.90804,40.69065]]]}},{"type":"Feature","properties":{"unit_id":"36047102802","name":"Census Tract 1028.02 — Kings","native_id":"36047102802","source":"census_tract_2025","adm3_name":"Kings County","adm3_id":"36047","area_sqm":864989,"split":false},"geometry":{"type":"Polygon","coordinates":[[[-73.90115,40.62568],[-73.89968,40.62737],[-73.895,40.63039],[-73.89277,40.63181],[-73.89082,40.63085],[-73.89209,40.62866],[-73.88636,40.63082],[-73.884,40.62877],[-73.88239,40.62754],[-73.89231,40.62056],[-73.89826,40.62299],[-73.90178,40.62482],[-73.90115,40.62568]]]}},{"type":"Feature","properties":{"unit_id":"36047086400","name":"Census Tract 864 — Kings","native_id":"36047086400","source":"census_tract_2025","adm3_name":"Kings County","adm3_id":"36047","area_sqm":150823,"split":false},"geometry":{"type":"Polygon","coordinates":[[[-73.92609,40.65692],[-73.92465,40.65701],[-73.9236,40.65605],[-73.92178,40.65442],[-73.9217,40.65437],[-73.92077,40.65255],[-73.92285,40.65246],[-73.92367,40.65254],[-73.92561,40.65245],[-73.92595,40.65563],[-73.92609,40.65692]]]}},{"type":"Feature","properties":{"unit_id":"36047035601","name":"Census Tract 356.01 — Kings","native_id":"36047035601","source":"census_tract_2025","adm3_name":"Kings County","adm3_id":"36047","area_sqm":67890,"split":false},"geometry":{"type":"Polygon","coordinates":[[[-73.97113,40.58202],[-73.96734,40.58152],[-73.9676,40.58036],[-73.96913,40.58005],[-73.97106,40.57978],[-73.97183,40.57981],[-73.97113,40.58202]]]}},{"type":"Feature","properties":{"unit_id":"36061019600","name":"Census Tract 196 — New York","native_id":"36061019600","source":"census_tract_2025","adm3_name":"New York County","adm3_id":"36061","area_sqm":177186,"split":false},"geometry":{"type":"Polygon","coordinates":[[[-73.94091,40.8025],[-73.93999,40.80376],[-73.93854,40.80573],[-73.93533,40.80437],[-73.93582,40.8037],[-73.93631,40.80302],[-73.93723,40.80177],[-73.93769,40.80114],[-73.93814,40.80051],[-73.9386,40.79988],[-73.94021,40.80056],[-73.94182,40.80124],[-73.94091,40.8025]]]}},{"type":"Feature","properties":{"unit_id":"36061031100","name":"Census Tract 311 — New York","native_id":"36061031100","source":"census_tract_2025","adm3_name":"New York County","adm3_id":"36061","area_sqm":730773,"split":false},"geometry":{"type":"Polygon","coordinates":[[[-73.94037,40.83147],[-73.93915,40.83328],[-73.93804,40.83429],[-73.93738,40.83569],[-73.93669,40.83719],[-73.93508,40.83927],[-73.93557,40.84171],[-73.93467,40.84296],[-73.93372,40.84425],[-73.93323,40.84491],[-73.93233,40.84615],[-73.93185,40.8468],[-73.93139,40.84743],[-73.93062,40.84848],[-73.92978,40.84815],[-73.92748,40.85069],[-73.92769,40.85249],[-73.92469,40.85664],[-73.92519,40.85803],[-73.92727,40.85793],[-73.92517,40.86031],[-73.92488,40.86154],[-73.92474,40.86159],[-73.92296,40.85891],[-73.92287,40.85587],[-73.92216,40.85561],[-73.92096,40.85511],[-73.9214,40.85436],[-73.92298,40.85202],[-73.9239,40.85049],[-73.9273,40.84656],[-73.92816,40.84549],[-73.93041,40.84028],[-73.93061,40.83968],[-73.93301,40.83568],[-73.9347,40.83563],[-73.9344,40.83605],[-73.9365,40.83457],[-73.93796,40.83345],[-73.93868,40.8328],[-73.93934,40.83161],[-73.94017,40.83038],[-73.94035,40.83046],[-73.94037,40.83147]]]}},{"type":"Feature","properties":{"unit_id":"36047044400","name":"Census Tract 444 — Kings","native_id":"36047044400","source":"census_tract_2025","adm3_name":"Kings County","adm3_id":"36047","area_sqm":174544,"split":false},"geometry":{"type":"Polygon","coordinates":[[[-73.97336,40.61654],[-73.97141,40.61676],[-73.96911,40.61701],[-73.96774,40.61716],[-73.96574,40.61738],[-73.96529,40.61499],[-73.96622,40.61489],[-73.96729,40.61477],[-73.96866,40.61462],[-73.97003,40.61447],[-73.97096,40.61437],[-73.97188,40.61427],[-73.9729,40.61415],[-73.97336,40.61654]]]}},{"type":"Feature","properties":{"unit_id":"36047047600","name":"Census Tract 476 — Kings","native_id":"36047047600","source":"census_tract_2025","adm3_name":"Kings County","adm3_id":"36047","area_sqm":207174,"split":false},"geometry":{"type":"Polygon","coordinates":[[[-73.98434,40.63216],[-73.98376,40.63272],[-73.9826,40.63384],[-73.98014,40.63235],[-73.98072,40.63179],[-73.97816,40.63028],[-73.97716,40.63075],[-73.97658,40.62757],[-73.97807,40.62745],[-73.98043,40.62888],[-73.98241,40.63007],[-73.98493,40.6316],[-73.98434,40.63216]]]}},{"type":"Feature","properties":{"unit_id":"36047048500","name":"Census Tract 485 — Kings","native_id":"36047048500","source":"census_tract_2025","adm3_name":"Kings County","adm3_id":"36047","area_sqm":581535,"split":false},"geometry":{"type":"Polygon","coordinates":[[[-73.94069,40.71196],[-73.9348,40.71337],[-73.93252,40.70824],[-73.93207,40.70779],[-73.93392,40.70749],[-73.93359,40.70637],[-73.9327,40.70317],[-73.93352,40.70285],[-73.93395,40.70267],[-73.93698,40.70191],[-73.93778,40.70352],[-73.9386,40.70407],[-73.93931,40.70482],[-73.93943,40.70526],[-73.93904,40.70627],[-73.9387,40.70701],[-73.93886,40.70849],[-73.93996,40.70839],[-73.94008,40.7091],[-73.94042,40.71122],[-73.94069,40.71196]]]}},{"type":"Feature","properties":{"unit_id":"36061013000","name":"Census Tract 130 — New York","native_id":"36061013000","source":"census_tract_2025","adm3_name":"New York County","adm3_id":"36061","area_sqm":178225,"split":false},"geometry":{"type":"Polygon","coordinates":[[[-73.96704,40.77246],[-73.96607,40.77377],[-73.96469,40.77568],[-73.96309,40.775],[-73.96147,40.77432],[-73.96286,40.77242],[-73.96333,40.77179],[-73.96478,40.7698],[-73.96639,40.77048],[-73.96799,40.77115],[-73.96704,40.77246]]]}},{"type":"Feature","properties":{"unit_id":"36047031702","name":"Census Tract 317.02 — Kings","native_id":"36047031702","source":"census_tract_2025","adm3_name":"Kings County","adm3_id":"36047","area_sqm":139788,"split":false},"geometry":{"type":"Polygon","coordinates":[[[-73.95319,40.6709],[-73.95302,40.67268],[-73.95025,40.67253],[-73.94748,40.67238],[-73.94764,40.67066],[-73.94765,40.6706],[-73.94773,40.66971],[-73.9505,40.66986],[-73.95327,40.67001],[-73.95319,40.6709]]]}},{"type":"Feature","properties":{"unit_id":"36047112800","name":"Census Tract 1128 — Kings","native_id":"36047112800","source":"census_tract_2025","adm3_name":"Kings County","adm3_id":"36047","area_sqm":184193,"split":false},"geometry":{"type":"Polygon","coordinates":[[[-73.89553,40.66295],[-73.89365,40.66322],[-73.89174,40.66351],[-73.88991,40.66378],[-73.88979,40.66329],[-73.88838,40.66134],[-73.89002,40.66064],[-73.89165,40.65993],[-73.89328,40.65923],[-73.89469,40.66113],[-73.89515,40.66131],[-73.89553,40.66295]]]}},{"type":"Feature","properties":{"unit_id":"36061004300","name":"Census Tract 43 — New York","native_id":"36061004300","source":"census_tract_2025","adm3_name":"New York County","adm3_id":"36061","area_sqm":149239,"split":false},"geometry":{"type":"Polygon","coordinates":[[[-73.99881,40.72302],[-73.99677,40.72543],[-73.99533,40.72508],[-73.99491,40.72495],[-73.9926,40.72414],[-73.99326,40.72235],[-73.99352,40.72163],[-73.9938,40.72094],[-73.99546,40.72162],[-73.99627,40.72195],[-73.99712,40.7223],[-73.99881,40.72302]]]}},{"type":"Feature","properties":{"unit_id":"36061021500","name":"Census Tract 215 — New York","native_id":"36061021500","source":"census_tract_2025","adm3_name":"New York County","adm3_id":"36061","area_sqm":69708,"split":false},"geometry":{"type":"Polygon","coordinates":[[[-73.95093,40.81258],[-73.95035,40.81316],[-73.94902,40.81502],[-73.94836,40.81637],[-73.94703,40.81583],[-73.94842,40.81394],[-73.94931,40.81271],[-73.95022,40.81148],[-73.95068,40.81084],[-73.9521,40.81144],[-73.95093,40.81258]]]}},{"type":"Feature","properties":{"unit_id":"36047021100","name":"Census Tract 211 — Kings","native_id":"36047021100","source":"census_tract_2025","adm3_name":"Kings County","adm3_id":"36047","area_sqm":271830,"split":false},"geometry":{"type":"Polygon","coordinates":[[[-73.98054,40.69825],[-73.97679,40.69809],[-73.96973,40.6978],[-73.96577,40.69764],[-73.96284,40.69804],[-73.9632,40.6971],[-73.96455,40.69611],[-73.96516,40.69597],[-73.96742,40.69603],[-73.9694,40.69609],[-73.97247,40.69621],[-73.97348,40.69625],[-73.97644,40.69637],[-73.97838,40.69649],[-73.98039,40.69651],[-73.98051,40.69744],[-73.98054,40.69825]]]}},{"type":"Feature","properties":{"unit_id":"36047003000","name":"Census Tract 30 — Kings","native_id":"36047003000","source":"census_tract_2025","adm3_name":"Kings County","adm3_id":"36047","area_sqm":110188,"split":false},"geometry":{"type":"Polygon","coordinates":[[[-74.03089,40.63828],[-74.03061,40.63896],[-74.02907,40.64097],[-74.02908,40.64127],[-74.02626,40.64013],[-74.02686,40.63954],[-74.02762,40.6388],[-74.028,40.63815],[-74.02828,40.63747],[-74.02866,40.63655],[-74.03127,40.63736],[-74.03089,40.63828]]]}},{"type":"Feature","properties":{"unit_id":"36047019900","name":"Census Tract 199 — Kings","native_id":"36047019900","source":"census_tract_2025","adm3_name":"Kings County","adm3_id":"36047","area_sqm":188914,"split":false},"geometry":{"type":"Polygon","coordinates":[[[-73.96949,40.68629],[-73.96749,40.68652],[-73.96552,40.68674],[-73.96508,40.68455],[-73.96478,40.68304],[-73.96445,40.68113],[-73.96748,40.68175],[-73.96866,40.682],[-73.96906,40.68416],[-73.96949,40.68629]]]}},{"type":"Feature","properties":{"unit_id":"36047070000","name":"Census Tract 700 — Kings","native_id":"36047070000","source":"census_tract_2025","adm3_name":"Kings County","adm3_id":"36047","area_sqm":201893,"split":false},"geometry":{"type":"Polygon","coordinates":[[[-73.91055,40.6204],[-73.90911,40.62132],[-73.90839,40.62178],[-73.90696,40.62271],[-73.9053,40.62122],[-73.90456,40.6217],[-73.90274,40.62007],[-73.9042,40.61913],[-73.90492,40.61866],[-73.90707,40.61727],[-73.90893,40.61888],[-73.91017,40.61999],[-73.91055,40.6204]]]}},{"type":"Feature","properties":{"unit_id":"36047070201","name":"Census Tract 702.01 — Kings","native_id":"36047070201","source":"census_tract_2025","adm3_name":"Kings County","adm3_id":"36047","area_sqm":1074093,"split":false},"geometry":{"type":"Polygon","coordinates":[[[-73.91406,40.60898],[-73.91286,40.61164],[-73.91173,40.61402],[-73.90989,40.61524],[-73.91168,40.61685],[-73.91026,40.61778],[-73.90493,40.61324],[-73.90319,40.61149],[-73.9017,40.60822],[-73.90144,40.60435],[-73.90657,40.60365],[-73.91299,40.60286],[-73.91725,40.60673],[-73.91406,40.60898]]]}},{"type":"Feature","properties":{"unit_id":"36061006100","name":"Census Tract 61 — New York","native_id":"36061006100","source":"census_tract_2025","adm3_name":"New York County","adm3_id":"36061","area_sqm":142178,"split":false},"geometry":{"type":"Polygon","coordinates":[[[-73.99459,40.73467],[-73.99362,40.736],[-73.99171,40.73521],[-73.99075,40.73484],[-73.9899,40.73443],[-73.98987,40.73353],[-73.99021,40.732],[-73.99039,40.73129],[-73.99146,40.73174],[-73.99381,40.73273],[-73.99549,40.73344],[-73.99459,40.73467]]]}},{"type":"Feature","properties":{"unit_id":"36047037300","name":"Census Tract 373 — Kings","native_id":"36047037300","source":"census_tract_2025","adm3_name":"Kings County","adm3_id":"36047","area_sqm":170809,"split":false},"geometry":{"type":"Polygon","coordinates":[[[-73.91805,40.68721],[-73.91605,40.68607],[-73.91529,40.68565],[-73.91304,40.68437],[-73.91227,40.68393],[-73.91151,40.6835],[-73.91166,40.68245],[-73.91432,40.68214],[-73.91698,40.68183],[-73.91712,40.68257],[-73.91727,40.6833],[-73.91756,40.68477],[-73.9177,40.6855],[-73.91785,40.68623],[-73.918,40.68697],[-73.91805,40.68721]]]}},{"type":"Feature","properties":{"unit_id":"36047098200","name":"Census Tract 982 — Kings","native_id":"36047098200","source":"census_tract_2025","adm3_name":"Kings County","adm3_id":"36047","area_sqm":345646,"split":false},"geometry":{"type":"Polygon","coordinates":[[[-73.89794,40.65051],[-73.89586,40.65188],[-73.89761,40.65345],[-73.89355,40.6552],[-73.89137,40.65237],[-73.88999,40.65114],[-73.89125,40.65003],[-73.89255,40.64891],[-73.89468,40.64753],[-73.89542,40.64705],[-73.89616,40.64657],[-73.89783,40.64807],[-73.89634,40.64903],[-73.89794,40.65051]]]}},{"type":"Feature","properties":{"unit_id":"36047070202","name":"Census Tract 702.02 — Kings","native_id":"36047070202","source":"census_tract_2025","adm3_name":"Kings County","adm3_id":"36047","area_sqm":5162435,"split":false},"geometry":{"type":"Polygon","coordinates":[[[-73.91782,40.60639],[-73.91725,40.60673],[-73.91299,40.60286],[-73.90657,40.60365],[-73.90144,40.60435],[-73.89862,40.60461],[-73.89195,40.60553],[-73.88446,40.60944],[-73.87142,40.57854],[-73.87922,40.57466],[-73.88348,40.57894],[-73.88794,40.57839],[-73.89153,40.58176],[-73.89383,40.58365],[-73.90266,40.59164],[-73.90336,40.59239],[-73.9193,40.60695],[-73.91782,40.60639]]]}},{"type":"Feature","properties":{"unit_id":"36047011800","name":"Census Tract 118 — Kings","native_id":"36047011800","source":"census_tract_2025","adm3_name":"Kings County","adm3_id":"36047","area_sqm":219234,"split":false},"geometry":{"type":"Polygon","coordinates":[[[-74.01607,40.63614],[-74.01515,40.63701],[-74.01457,40.63757],[-74.01396,40.63815],[-74.01176,40.63682],[-74.00956,40.63549],[-74.00736,40.63416],[-74.00556,40.63308],[-74.00662,40.63238],[-74.00702,40.63211],[-74.01074,40.63436],[-74.01191,40.63323],[-74.01631,40.6359],[-74.01607,40.63614]]]}},{"type":"Feature","properties":{"unit_id":"36061003700","name":"Census Tract 37 — New York","native_id":"36061003700","source":"census_tract_2025","adm3_name":"New York County","adm3_id":"36061","area_sqm":383379,"split":false},"geometry":{"type":"Polygon","coordinates":[[[-74.02135,40.72746],[-74.02097,40.72904],[-74.01489,40.7285],[-74.01138,40.72823],[-74.01054,40.7291],[-74.00709,40.72877],[-74.00531,40.72861],[-74.00281,40.72836],[-74.00215,40.72804],[-74.00312,40.72688],[-74.00403,40.72551],[-74.00458,40.72417],[-74.00531,40.72182],[-74.00791,40.7237],[-74.01081,40.72579],[-74.01198,40.72433],[-74.02183,40.72549],[-74.02135,40.72746]]]}},{"type":"Feature","properties":{"unit_id":"36047032700","name":"Census Tract 327 — Kings","native_id":"36047032700","source":"census_tract_2025","adm3_name":"Kings County","adm3_id":"36047","area_sqm":177080,"split":false},"geometry":{"type":"Polygon","coordinates":[[[-73.96288,40.66262],[-73.96243,40.66313],[-73.96096,40.66329],[-73.96062,40.6633],[-73.96034,40.66411],[-73.95729,40.6643],[-73.95721,40.66352],[-73.95385,40.66373],[-73.9537,40.66217],[-73.95704,40.66197],[-73.96077,40.66173],[-73.96066,40.66095],[-73.96201,40.66067],[-73.96281,40.6605],[-73.96288,40.66262]]]}},{"type":"Feature","properties":{"unit_id":"36047083600","name":"Census Tract 836 — Kings","native_id":"36047083600","source":"census_tract_2025","adm3_name":"Kings County","adm3_id":"36047","area_sqm":208197,"split":false},"geometry":{"type":"Polygon","coordinates":[[[-73.93776,40.63926],[-73.93679,40.63932],[-73.93489,40.63944],[-73.93298,40.63956],[-73.9325,40.63495],[-73.93343,40.63488],[-73.93439,40.63483],[-73.93727,40.63465],[-73.93751,40.63692],[-73.93776,40.63926]]]}},{"type":"Feature","properties":{"unit_id":"36047019400","name":"Census Tract 194 — Kings","native_id":"36047019400","source":"census_tract_2025","adm3_name":"Kings County","adm3_id":"36047","area_sqm":178420,"split":false},"geometry":{"type":"Polygon","coordinates":[[[-74.00435,40.62671],[-74.0031,40.62792],[-74.00252,40.62848],[-74.00031,40.62714],[-73.99812,40.62582],[-73.99724,40.62529],[-73.99748,40.62452],[-73.99771,40.62368],[-73.99932,40.62466],[-74.00053,40.62349],[-74.00273,40.62482],[-74.00493,40.62615],[-74.00435,40.62671]]]}},{"type":"Feature","properties":{"unit_id":"36047050900","name":"Census Tract 509 — Kings","native_id":"36047050900","source":"census_tract_2025","adm3_name":"Kings County","adm3_id":"36047","area_sqm":141788,"split":false},"geometry":{"type":"Polygon","coordinates":[[[-73.95381,40.70318],[-73.9519,40.70442],[-73.95024,40.70547],[-73.94984,40.70523],[-73.94925,40.7049],[-73.94705,40.70366],[-73.94938,40.70216],[-73.95129,40.70092],[-73.95192,40.70149],[-73.95255,40.70205],[-73.95381,40.70318]]]}},{"type":"Feature","properties":{"unit_id":"36047066600","name":"Census Tract 666 — Kings","native_id":"36047066600","source":"census_tract_2025","adm3_name":"Kings County","adm3_id":"36047","area_sqm":4046958,"split":false},"geometry":{"type":"Polygon","coordinates":[[[-73.93754,40.60856],[-73.93605,40.60952],[-73.93351,40.60834],[-73.92987,40.60507],[-73.92769,40.60648],[-73.92625,40.60741],[-73.92444,40.60579],[-73.92158,40.60764],[-73.91969,40.60731],[-73.9193,40.60695],[-73.90336,40.59239],[-73.90266,40.59164],[-73.89383,40.58365],[-73.89153,40.58176],[-73.88794,40.57839],[-73.8941,40.57763],[-73.89554,40.57798],[-73.89651,40.58331],[-73.89868,40.58748],[-73.90045,40.5881],[-73.90206,40.5875],[-73.90626,40.58741],[-73.91144,40.5859],[-73.91327,40.58288],[-73.91584,40.582],[-73.92274,40.58351],[-73.93016,40.5836],[-73.9311,40.58317],[-73.93173,40.58289],[-73.93175,40.58288],[-73.93184,40.58308],[-73.93204,40.58423],[-73.93108,40.58439],[-73.9301,40.5845],[-73.93019,40.58509],[-73.93126,40.58543],[-73.93137,40.58607],[-73.92721,40.5848],[-73.92595,40.58501],[-73.92537,40.58469],[-73.91994,40.58465],[-73.91766,40.58561],[-73.92096,40.5891],[-73.92364,40.5915],[-73.92653,40.5941],[-73.92957,40.59682],[-73.92879,40.59732],[-73.92813,40.59778],[-73.93173,40.60106],[-73.93355,40.60269],[-73.93426,40.60223],[-73.93973,40.60713],[-73.93754,40.60856]]]}},{"type":"Feature","properties":{"unit_id":"36061009800","name":"Census Tract 98 — New York","native_id":"36061009800","source":"census_tract_2025","adm3_name":"New York County","adm3_id":"36061","area_sqm":177061,"split":false},"geometry":{"type":"Polygon","coordinates":[[[-73.97031,40.75645],[-73.96939,40.7577],[-73.96894,40.75833],[-73.9667,40.75738],[-73.96433,40.75638],[-73.96479,40.75576],[-73.96524,40.75513],[-73.9657,40.75451],[-73.96616,40.75388],[-73.96654,40.75335],[-73.96662,40.75324],[-73.96898,40.75425],[-73.97122,40.75519],[-73.97031,40.75645]]]}},{"type":"Feature","properties":{"unit_id":"36061004900","name":"Census Tract 49 — New York","native_id":"36061004900","source":"census_tract_2025","adm3_name":"New York County","adm3_id":"36061","area_sqm":207318,"split":false},"geometry":{"type":"Polygon","coordinates":[[[-74.00312,40.72688],[-74.00215,40.72804],[-74.00139,40.72766],[-73.99992,40.72693],[-73.99761,40.7258],[-73.99677,40.72543],[-73.99881,40.72302],[-73.99985,40.72179],[-74.00217,40.72293],[-74.00113,40.72417],[-74.00193,40.72455],[-74.00403,40.72551],[-74.00312,40.72688]]]}},{"type":"Feature","properties":{"unit_id":"36061009901","name":"Census Tract 99.01 — New York","native_id":"36061009901","source":"census_tract_2025","adm3_name":"New York County","adm3_id":"36061","area_sqm":391156,"split":false},"geometry":{"type":"Polygon","coordinates":[[[-74.01601,40.7494],[-74.01501,40.75351],[-74.00857,40.75184],[-74.00563,40.75079],[-74.00279,40.74959],[-74.00324,40.74897],[-74.00368,40.74835],[-74.00394,40.748],[-74.00417,40.74769],[-74.00465,40.74702],[-74.00553,40.74582],[-74.00638,40.74465],[-74.00681,40.74406],[-74.00724,40.74347],[-74.0082,40.74215],[-74.0087,40.74236],[-74.00933,40.74257],[-74.01728,40.74418],[-74.01601,40.7494]]]}},{"type":"Feature","properties":{"unit_id":"36047062600","name":"Census Tract 626 — Kings","native_id":"36047062600","source":"census_tract_2025","adm3_name":"Kings County","adm3_id":"36047","area_sqm":318163,"split":false},"geometry":{"type":"Polygon","coordinates":[[[-73.93778,40.59413],[-73.93495,40.59443],[-73.93537,40.59654],[-73.93348,40.59714],[-73.93258,40.59772],[-73.93205,40.59547],[-73.93301,40.59464],[-73.93261,40.59252],[-73.93178,40.58814],[-73.93371,40.58793],[-73.93467,40.58783],[-73.93509,40.59008],[-73.93699,40.58987],[-73.93738,40.59199],[-73.93778,40.59413]]]}},{"type":"Feature","properties":{"unit_id":"36047046400","name":"Census Tract 464 — Kings","native_id":"36047046400","source":"census_tract_2025","adm3_name":"Kings County","adm3_id":"36047","area_sqm":164016,"split":false},"geometry":{"type":"Polygon","coordinates":[[[-73.9804,40.62521],[-73.97982,40.62577],[-73.97807,40.62745],[-73.97658,40.62757],[-73.97651,40.62729],[-73.97624,40.62598],[-73.97726,40.62585],[-73.97703,40.62153],[-73.97936,40.62277],[-73.98157,40.62409],[-73.9804,40.62521]]]}},{"type":"Feature","properties":{"unit_id":"36047111600","name":"Census Tract 1116 — Kings","native_id":"36047111600","source":"census_tract_2025","adm3_name":"Kings County","adm3_id":"36047","area_sqm":499698,"split":false},"geometry":{"type":"Polygon","coordinates":[[[-73.88186,40.66415],[-73.87695,40.66626],[-73.87369,40.66766],[-73.87284,40.66803],[-73.87188,40.66676],[-73.86948,40.66355],[-73.87859,40.6597],[-73.87968,40.66117],[-73.88089,40.66283],[-73.88186,40.66415]]]}},{"type":"Feature","properties":{"unit_id":"36047044200","name":"Census Tract 442 — Kings","native_id":"36047044200","source":"census_tract_2025","adm3_name":"Kings County","adm3_id":"36047","area_sqm":182832,"split":false},"geometry":{"type":"Polygon","coordinates":[[[-73.96815,40.61196],[-73.96678,40.61211],[-73.96729,40.61477],[-73.96622,40.61489],[-73.96529,40.61499],[-73.96436,40.61509],[-73.96336,40.6152],[-73.96286,40.61255],[-73.96478,40.61233],[-73.9643,40.60978],[-73.96522,40.60967],[-73.96767,40.6094],[-73.96815,40.61196]]]}},{"type":"Feature","properties":{"unit_id":"36047087200","name":"Census Tract 872 — Kings","native_id":"36047087200","source":"census_tract_2025","adm3_name":"Kings County","adm3_id":"36047","area_sqm":147204,"split":false},"geometry":{"type":"Polygon","coordinates":[[[-73.93859,40.65612],[-73.93572,40.6563],[-73.93558,40.65504],[-73.93465,40.6551],[-73.93448,40.65356],[-73.93427,40.65156],[-73.93618,40.65147],[-73.93808,40.65138],[-73.93829,40.65333],[-73.93845,40.65486],[-73.93859,40.65612]]]}},{"type":"Feature","properties":{"unit_id":"36061002000","name":"Census Tract 20 — New York","native_id":"36061002000","source":"census_tract_2025","adm3_name":"New York County","adm3_id":"36061","area_sqm":126279,"split":false},"geometry":{"type":"Polygon","coordinates":[[[-73.97823,40.72067],[-73.97768,40.72142],[-73.97735,40.72189],[-73.97689,40.7225],[-73.97476,40.7216],[-73.97287,40.72073],[-73.96651,40.71792],[-73.96758,40.7165],[-73.96772,40.71604],[-73.97364,40.71861],[-73.97512,40.71875],[-73.97545,40.71895],[-73.97635,40.71913],[-73.97722,40.71931],[-73.97803,40.71964],[-73.97875,40.71993],[-73.97823,40.72067]]]}},{"type":"Feature","properties":{"unit_id":"36047119200","name":"Census Tract 1192 — Kings","native_id":"36047119200","source":"census_tract_2025","adm3_name":"Kings County","adm3_id":"36047","area_sqm":225444,"split":false},"geometry":{"type":"Polygon","coordinates":[[[-73.88061,40.67911],[-73.87838,40.67974],[-73.87743,40.68002],[-73.87734,40.68006],[-73.87656,40.68018],[-73.8759,40.67743],[-73.87559,40.67619],[-73.87528,40.67492],[-73.87988,40.67426],[-73.8802,40.67553],[-73.8805,40.67677],[-73.88106,40.67898],[-73.88061,40.67911]]]}},{"type":"Feature","properties":{"unit_id":"36047045600","name":"Census Tract 456 — Kings","native_id":"36047045600","source":"census_tract_2025","adm3_name":"Kings County","adm3_id":"36047","area_sqm":153654,"split":false},"geometry":{"type":"Polygon","coordinates":[[[-73.96893,40.62923],[-73.968,40.62933],[-73.96708,40.62944],[-73.96607,40.62955],[-73.96563,40.62716],[-73.96517,40.62477],[-73.96472,40.62237],[-73.96572,40.62226],[-73.96664,40.62216],[-73.96755,40.62694],[-73.96848,40.62684],[-73.96893,40.62923]]]}},{"type":"Feature","properties":{"unit_id":"36047003500","name":"Census Tract 35 — Kings","native_id":"36047003500","source":"census_tract_2025","adm3_name":"Kings County","adm3_id":"36047","area_sqm":133028,"split":false},"geometry":{"type":"Polygon","coordinates":[[[-73.97936,40.68668],[-73.97736,40.68692],[-73.97655,40.68699],[-73.97559,40.68709],[-73.97462,40.68719],[-73.97428,40.68551],[-73.97392,40.68376],[-73.97378,40.68306],[-73.97593,40.6835],[-73.97746,40.68405],[-73.97803,40.68486],[-73.97936,40.68668]]]}},{"type":"Feature","properties":{"unit_id":"36047086200","name":"Census Tract 862 — Kings","native_id":"36047086200","source":"census_tract_2025","adm3_name":"Kings County","adm3_id":"36047","area_sqm":140147,"split":false},"geometry":{"type":"Polygon","coordinates":[[[-73.93038,40.65173],[-73.92848,40.65218],[-73.92751,40.65232],[-73.92655,40.65239],[-73.92633,40.65035],[-73.92612,40.64842],[-73.92709,40.64836],[-73.93,40.64818],[-73.93021,40.65011],[-73.93038,40.65173]]]}},{"type":"Feature","properties":{"unit_id":"36061006700","name":"Census Tract 67 — New York","native_id":"36061006700","source":"census_tract_2025","adm3_name":"New York County","adm3_id":"36061","area_sqm":168483,"split":false},"geometry":{"type":"Polygon","coordinates":[[[-74.00697,40.7295],[-74.00686,40.73023],[-74.00662,40.73167],[-74.00571,40.73163],[-74.00361,40.73232],[-74.00347,40.73237],[-74.00212,40.73284],[-74.00095,40.73171],[-74.00141,40.73107],[-74.00168,40.73058],[-74.00281,40.72836],[-74.00531,40.72861],[-74.00709,40.72877],[-74.00697,40.7295]]]}},{"type":"Feature","properties":{"unit_id":"36047020200","name":"Census Tract 202 — Kings","native_id":"36047020200","source":"census_tract_2025","adm3_name":"Kings County","adm3_id":"36047","area_sqm":134828,"split":false},"geometry":{"type":"Polygon","coordinates":[[[-74.01246,40.62236],[-74.01183,40.62297],[-74.01121,40.62357],[-74.01062,40.62413],[-74.01004,40.62469],[-74.00784,40.62335],[-74.009,40.62224],[-74.00963,40.62163],[-74.01026,40.62103],[-74.012,40.61935],[-74.0142,40.62069],[-74.01246,40.62236]]]}},{"type":"Feature","properties":{"unit_id":"36061011700","name":"Census Tract 117 — New York","native_id":"36061011700","source":"census_tract_2025","adm3_name":"New York County","adm3_id":"36061","area_sqm":196623,"split":false},"geometry":{"type":"Polygon","coordinates":[[[-74.0086,40.76498],[-74.00172,40.76221],[-74.00104,40.76197],[-73.99832,40.76082],[-73.99623,40.75995],[-73.99547,40.75963],[-73.99731,40.75711],[-74.00014,40.75831],[-74.00007,40.7584],[-74.00284,40.75969],[-74.00383,40.76013],[-74.01023,40.76275],[-74.0086,40.76498]]]}},{"type":"Feature","properties":{"unit_id":"36047046202","name":"Census Tract 462.02 — Kings","native_id":"36047046202","source":"census_tract_2025","adm3_name":"Kings County","adm3_id":"36047","area_sqm":172844,"split":false},"geometry":{"type":"Polygon","coordinates":[[[-73.97726,40.62585],[-73.97624,40.62598],[-73.97415,40.62622],[-73.97092,40.62657],[-73.97047,40.62418],[-73.9737,40.62383],[-73.9758,40.62359],[-73.9753,40.62091],[-73.97538,40.62079],[-73.97703,40.62153],[-73.97726,40.62585]]]}},{"type":"Feature","properties":{"unit_id":"36061021100","name":"Census Tract 211 — New York","native_id":"36061021100","source":"census_tract_2025","adm3_name":"New York County","adm3_id":"36061","area_sqm":347995,"split":false},"geometry":{"type":"Polygon","coordinates":[[[-73.96808,40.8207],[-73.96796,40.82085],[-73.96298,40.81851],[-73.96207,40.8181],[-73.96157,40.81791],[-73.96069,40.81751],[-73.95949,40.81701],[-73.95829,40.81569],[-73.95755,40.81483],[-73.95627,40.81338],[-73.95683,40.81261],[-73.95781,40.81126],[-73.95827,40.81063],[-73.96111,40.81183],[-73.96211,40.81225],[-73.96302,40.81262],[-73.96538,40.81396],[-73.97125,40.81634],[-73.96808,40.8207]]]}},{"type":"Feature","properties":{"unit_id":"36047013600","name":"Census Tract 136 — Kings","native_id":"36047013600","source":"census_tract_2025","adm3_name":"Kings County","adm3_id":"36047","area_sqm":214252,"split":false},"geometry":{"type":"Polygon","coordinates":[[[-74.02626,40.62792],[-74.02596,40.62865],[-74.02536,40.63011],[-74.02296,40.6287],[-74.01896,40.6263],[-74.01864,40.62707],[-74.01784,40.62659],[-74.01888,40.6243],[-74.01963,40.62488],[-74.02119,40.62582],[-74.02179,40.62436],[-74.02415,40.62578],[-74.02656,40.62719],[-74.02626,40.62792]]]}},{"type":"Feature","properties":{"unit_id":"36047022900","name":"Census Tract 229 — Kings","native_id":"36047022900","source":"census_tract_2025","adm3_name":"Kings County","adm3_id":"36047","area_sqm":171838,"split":false},"geometry":{"type":"Polygon","coordinates":[[[-73.95957,40.68668],[-73.95684,40.687],[-73.95468,40.68724],[-73.95454,40.68651],[-73.95439,40.68578],[-73.95425,40.68505],[-73.95395,40.68358],[-73.95611,40.68333],[-73.95884,40.68302],[-73.95928,40.68522],[-73.95957,40.68668]]]}},{"type":"Feature","properties":{"unit_id":"36061015700","name":"Census Tract 157 — New York","native_id":"36061015700","source":"census_tract_2025","adm3_name":"New York County","adm3_id":"36061","area_sqm":182390,"split":false},"geometry":{"type":"Polygon","coordinates":[[[-73.98212,40.77792],[-73.98162,40.77861],[-73.98113,40.77929],[-73.98067,40.77992],[-73.97783,40.77873],[-73.975,40.77753],[-73.97546,40.7769],[-73.97595,40.77622],[-73.97646,40.77553],[-73.97691,40.77491],[-73.97975,40.77611],[-73.98258,40.7773],[-73.98212,40.77792]]]}},{"type":"Feature","properties":{"unit_id":"36047078602","name":"Census Tract 786.02 — Kings","native_id":"36047078602","source":"census_tract_2025","adm3_name":"Kings County","adm3_id":"36047","area_sqm":83930,"split":false},"geometry":{"type":"Polygon","coordinates":[[[-73.94801,40.63627],[-73.94512,40.63645],[-73.94488,40.63418],[-73.94463,40.63184],[-73.94562,40.63178],[-73.94587,40.63412],[-73.94777,40.634],[-73.94801,40.63627]]]}},{"type":"Feature","properties":{"unit_id":"36047052900","name":"Census Tract 529 — Kings","native_id":"36047052900","source":"census_tract_2025","adm3_name":"Kings County","adm3_id":"36047","area_sqm":174907,"split":false},"geometry":{"type":"Polygon","coordinates":[[[-73.9579,40.70843],[-73.95402,40.70708],[-73.95338,40.70686],[-73.95191,40.70636],[-73.95109,40.70591],[-73.95024,40.70547],[-73.9519,40.70442],[-73.95381,40.70318],[-73.95507,40.70431],[-73.95634,40.70544],[-73.95846,40.70725],[-73.9579,40.70843]]]}},{"type":"Feature","properties":{"unit_id":"36047027300","name":"Census Tract 273 — Kings","native_id":"36047027300","source":"census_tract_2025","adm3_name":"Kings County","adm3_id":"36047","area_sqm":149705,"split":false},"geometry":{"type":"Polygon","coordinates":[[[-73.94077,40.6821],[-73.93501,40.68276],[-73.93486,40.68203],[-73.93471,40.6813],[-73.93457,40.68057],[-73.93435,40.67956],[-73.93844,40.67979],[-73.94033,40.67989],[-73.94048,40.68064],[-73.94062,40.68137],[-73.94077,40.6821]]]}},{"type":"Feature","properties":{"unit_id":"36047096000","name":"Census Tract 960 — Kings","native_id":"36047096000","source":"census_tract_2025","adm3_name":"Kings County","adm3_id":"36047","area_sqm":423887,"split":false},"geometry":{"type":"Polygon","coordinates":[[[-73.91995,40.64471],[-73.91694,40.64668],[-73.91325,40.64906],[-73.91182,40.64998],[-73.90945,40.65152],[-73.90868,40.65072],[-73.90762,40.6499],[-73.9084,40.64939],[-73.90929,40.64882],[-73.91072,40.64789],[-73.91175,40.64722],[-73.91276,40.64633],[-73.91291,40.64418],[-73.91444,40.64334],[-73.91472,40.64316],[-73.91593,40.64238],[-73.91893,40.64059],[-73.91956,40.64119],[-73.91966,40.6421],[-73.91973,40.64272],[-73.91995,40.64471]]]}},{"type":"Feature","properties":{"unit_id":"36047045300","name":"Census Tract 453 — Kings","native_id":"36047045300","source":"census_tract_2025","adm3_name":"Kings County","adm3_id":"36047","area_sqm":319529,"split":false},"geometry":{"type":"Polygon","coordinates":[[[-73.93392,40.70749],[-73.93207,40.70779],[-73.92189,40.7094],[-73.92417,40.70739],[-73.92609,40.70568],[-73.92874,40.70472],[-73.93116,40.70377],[-73.9327,40.70317],[-73.93359,40.70637],[-73.93392,40.70749]]]}},{"type":"Feature","properties":{"unit_id":"36047093600","name":"Census Tract 936 — Kings","native_id":"36047093600","source":"census_tract_2025","adm3_name":"Kings County","adm3_id":"36047","area_sqm":165121,"split":false},"geometry":{"type":"Polygon","coordinates":[[[-73.92285,40.65246],[-73.92077,40.65255],[-73.92058,40.65071],[-73.92047,40.64965],[-73.91998,40.64503],[-73.92192,40.64491],[-73.92212,40.6468],[-73.92305,40.64674],[-73.92325,40.6486],[-73.92231,40.64866],[-73.92252,40.65059],[-73.92359,40.65052],[-73.92285,40.65246]]]}},{"type":"Feature","properties":{"unit_id":"36047031401","name":"Census Tract 314.01 — Kings","native_id":"36047031401","source":"census_tract_2025","adm3_name":"Kings County","adm3_id":"36047","area_sqm":450195,"split":false},"geometry":{"type":"Polygon","coordinates":[[[-73.99667,40.58747],[-73.99594,40.58827],[-73.9962,40.58897],[-73.99629,40.58923],[-73.99376,40.59033],[-73.99331,40.58958],[-73.99256,40.58992],[-73.99154,40.59039],[-73.99036,40.59143],[-73.98962,40.59098],[-73.98816,40.5901],[-73.98742,40.58965],[-73.98596,40.58877],[-73.9845,40.58789],[-73.98742,40.58513],[-73.98708,40.58462],[-73.98661,40.58372],[-73.98836,40.58347],[-73.98915,40.58467],[-73.99222,40.58745],[-73.99252,40.58798],[-73.9985,40.58547],[-73.99667,40.58747]]]}},{"type":"Feature","properties":{"unit_id":"36061008200","name":"Census Tract 82 — New York","native_id":"36061008200","source":"census_tract_2025","adm3_name":"New York County","adm3_id":"36061","area_sqm":172401,"split":false},"geometry":{"type":"Polygon","coordinates":[[[-73.98408,40.7491],[-73.98182,40.7522],[-73.98089,40.75348],[-73.97929,40.7528],[-73.97837,40.75242],[-73.97768,40.75212],[-73.97861,40.75084],[-73.97995,40.74898],[-73.98085,40.74775],[-73.98247,40.74843],[-73.98408,40.7491]]]}},{"type":"Feature","properties":{"unit_id":"36061011800","name":"Census Tract 118 — New York","native_id":"36061011800","source":"census_tract_2025","adm3_name":"New York County","adm3_id":"36061","area_sqm":176762,"split":false},"geometry":{"type":"Polygon","coordinates":[[[-73.96384,40.76531],[-73.9634,40.76591],[-73.96293,40.76656],[-73.96247,40.76718],[-73.96201,40.76781],[-73.95978,40.76687],[-73.95741,40.76587],[-73.95878,40.76399],[-73.95924,40.76337],[-73.95969,40.76274],[-73.96206,40.76373],[-73.9643,40.76468],[-73.96384,40.76531]]]}},{"type":"Feature","properties":{"unit_id":"36047057400","name":"Census Tract 574 — Kings","native_id":"36047057400","source":"census_tract_2025","adm3_name":"Kings County","adm3_id":"36047","area_sqm":159204,"split":false},"geometry":{"type":"Polygon","coordinates":[[[-73.9461,40.60227],[-73.94517,40.60237],[-73.94562,40.60476],[-73.94377,40.60496],[-73.94332,40.60258],[-73.94289,40.60032],[-73.94248,40.5982],[-73.94527,40.59789],[-73.9461,40.60227]]]}},{"type":"Feature","properties":{"unit_id":"36047058901","name":"Census Tract 589.01 — Kings","native_id":"36047058901","source":"census_tract_2025","adm3_name":"Kings County","adm3_id":"36047","area_sqm":201626,"split":false},"geometry":{"type":"Polygon","coordinates":[[[-73.94605,40.72926],[-73.94419,40.72944],[-73.94461,40.73207],[-73.94372,40.73239],[-73.9428,40.73266],[-73.94199,40.72775],[-73.94104,40.72784],[-73.94074,40.72597],[-73.94169,40.72588],[-73.94264,40.72579],[-73.94357,40.72571],[-73.94543,40.72552],[-73.94588,40.72735],[-73.94605,40.72926]]]}},{"type":"Feature","properties":{"unit_id":"36061003602","name":"Census Tract 36.02 — New York","native_id":"36061003602","source":"census_tract_2025","adm3_name":"New York County","adm3_id":"36061","area_sqm":89011,"split":false},"geometry":{"type":"Polygon","coordinates":[[[-73.99221,40.72523],[-73.99179,40.72639],[-73.98987,40.72558],[-73.9875,40.72458],[-73.98797,40.72394],[-73.98845,40.72328],[-73.98864,40.72293],[-73.98939,40.72317],[-73.99027,40.72343],[-73.9926,40.72414],[-73.99221,40.72523]]]}},{"type":"Feature","properties":{"unit_id":"36047005303","name":"Census Tract 53.03 — Kings","native_id":"36047005303","source":"census_tract_2025","adm3_name":"Kings County","adm3_id":"36047","area_sqm":297317,"split":false},"geometry":{"type":"Polygon","coordinates":[[[-74.01869,40.67968],[-74.00838,40.68595],[-74.0055,40.68585],[-74.00485,40.68567],[-74.00518,40.685],[-74.00582,40.68366],[-74.00662,40.68366],[-74.0092,40.6815],[-74.0117,40.67936],[-74.01388,40.6808],[-74.01628,40.67865],[-74.01869,40.67968]]]}},{"type":"Feature","properties":{"unit_id":"36047058902","name":"Census Tract 589.02 — Kings","native_id":"36047058902","source":"census_tract_2025","adm3_name":"Kings County","adm3_id":"36047","area_sqm":222399,"split":false},"geometry":{"type":"Polygon","coordinates":[[[-73.9428,40.73266],[-73.94186,40.7328],[-73.94037,40.73327],[-73.93966,40.73149],[-73.93752,40.72982],[-73.93183,40.72848],[-73.93412,40.72686],[-73.93724,40.72779],[-73.93819,40.7281],[-73.94012,40.72793],[-73.94104,40.72784],[-73.94199,40.72775],[-73.9428,40.73266]]]}},{"type":"Feature","properties":{"unit_id":"36047025901","name":"Census Tract 259.01 — Kings","native_id":"36047025901","source":"census_tract_2025","adm3_name":"Kings County","adm3_id":"36047","area_sqm":80219,"split":false},"geometry":{"type":"Polygon","coordinates":[[[-73.94921,40.69538],[-73.94637,40.6957],[-73.94353,40.69603],[-73.94339,40.69529],[-73.94324,40.69456],[-73.94608,40.69423],[-73.94891,40.69391],[-73.94921,40.69538]]]}},{"type":"Feature","properties":{"unit_id":"36061001300","name":"Census Tract 13 — New York","native_id":"36061001300","source":"census_tract_2025","adm3_name":"New York County","adm3_id":"36061","area_sqm":317216,"split":false},"geometry":{"type":"Polygon","coordinates":[[[-74.01551,40.70771],[-74.01486,40.70939],[-74.0147,40.70978],[-74.01436,40.71101],[-74.01415,40.71221],[-74.0137,40.71367],[-74.01166,40.7128],[-74.01012,40.71209],[-74.0086,40.71139],[-74.00906,40.71089],[-74.01054,40.70915],[-74.01101,40.70859],[-74.01251,40.70677],[-74.01325,40.70587],[-74.01333,40.70503],[-74.01429,40.70455],[-74.01663,40.7048],[-74.01551,40.70771]]]}},{"type":"Feature","properties":{"unit_id":"36047028600","name":"Census Tract 286 — Kings","native_id":"36047028600","source":"census_tract_2025","adm3_name":"Kings County","adm3_id":"36047","area_sqm":176618,"split":false},"geometry":{"type":"Polygon","coordinates":[[[-74.00445,40.59865],[-74.00283,40.6002],[-74.00154,40.60144],[-74.00032,40.60262],[-74.00002,40.60291],[-73.99782,40.60158],[-73.99945,40.60001],[-74.00074,40.59877],[-74.00122,40.59831],[-74.00169,40.59786],[-74.00269,40.59704],[-74.00382,40.59746],[-74.00495,40.59817],[-74.00445,40.59865]]]}},{"type":"Feature","properties":{"unit_id":"36047043800","name":"Census Tract 438 — Kings","native_id":"36047043800","source":"census_tract_2025","adm3_name":"Kings County","adm3_id":"36047","area_sqm":156073,"split":false},"geometry":{"type":"Polygon","coordinates":[[[-73.97451,40.61126],[-73.97348,40.61137],[-73.9724,40.61149],[-73.97045,40.6117],[-73.96953,40.61181],[-73.96815,40.61196],[-73.96767,40.6094],[-73.96997,40.60915],[-73.97299,40.60881],[-73.97403,40.6087],[-73.97439,40.61058],[-73.97451,40.61126]]]}},{"type":"Feature","properties":{"unit_id":"36061026700","name":"Census Tract 267 — New York","native_id":"36061026700","source":"census_tract_2025","adm3_name":"New York County","adm3_id":"36061","area_sqm":47339,"split":false},"geometry":{"type":"Polygon","coordinates":[[[-73.93001,40.84931],[-73.92866,40.85118],[-73.92769,40.85249],[-73.92748,40.85069],[-73.92978,40.84815],[-73.93062,40.84848],[-73.93001,40.84931]]]}},{"type":"Feature","properties":{"unit_id":"36061003601","name":"Census Tract 36.01 — New York","native_id":"36061003601","source":"census_tract_2025","adm3_name":"New York County","adm3_id":"36061","area_sqm":99812,"split":false},"geometry":{"type":"Polygon","coordinates":[[[-73.99326,40.72235],[-73.9926,40.72414],[-73.99027,40.72343],[-73.98939,40.72317],[-73.98864,40.72293],[-73.98923,40.72168],[-73.98986,40.72053],[-73.99063,40.72077],[-73.99151,40.72103],[-73.99352,40.72163],[-73.99326,40.72235]]]}},{"type":"Feature","properties":{"unit_id":"36047064200","name":"Census Tract 642 — Kings","native_id":"36047064200","source":"census_tract_2025","adm3_name":"Kings County","adm3_id":"36047","area_sqm":235070,"split":false},"geometry":{"type":"Polygon","coordinates":[[[-73.94931,40.61403],[-73.94746,40.6142],[-73.94657,40.61479],[-73.94574,40.61536],[-73.94483,40.61605],[-73.94417,40.61272],[-73.94406,40.61199],[-73.9437,40.61021],[-73.94364,40.60986],[-73.9456,40.60964],[-73.94841,40.60933],[-73.94882,40.61148],[-73.94931,40.61403]]]}},{"type":"Feature","properties":{"unit_id":"36061007900","name":"Census Tract 79 — New York","native_id":"36061007900","source":"census_tract_2025","adm3_name":"New York County","adm3_id":"36061","area_sqm":274202,"split":false},"geometry":{"type":"Polygon","coordinates":[[[-74.01814,40.74067],[-74.01728,40.74418],[-74.00933,40.74257],[-74.0087,40.74236],[-74.0082,40.74215],[-74.00537,40.74095],[-74.00516,40.74086],[-74.00569,40.73755],[-74.00577,40.73717],[-74.00583,40.73653],[-74.00662,40.73643],[-74.00832,40.73619],[-74.00993,40.736],[-74.01066,40.73602],[-74.01918,40.73637],[-74.01814,40.74067]]]}},{"type":"Feature","properties":{"unit_id":"36047088600","name":"Census Tract 886 — Kings","native_id":"36047088600","source":"census_tract_2025","adm3_name":"Kings County","adm3_id":"36047","area_sqm":179724,"split":false},"geometry":{"type":"Polygon","coordinates":[[[-73.9236,40.65605],[-73.9214,40.65748],[-73.92322,40.65911],[-73.92091,40.6606],[-73.92008,40.65986],[-73.91909,40.65897],[-73.91727,40.65733],[-73.91815,40.65677],[-73.91886,40.65631],[-73.91958,40.65584],[-73.92178,40.65442],[-73.9236,40.65605]]]}},{"type":"Feature","properties":{"unit_id":"36047015000","name":"Census Tract 150 — Kings","native_id":"36047015000","source":"census_tract_2025","adm3_name":"Kings County","adm3_id":"36047","area_sqm":133505,"split":false},"geometry":{"type":"Polygon","coordinates":[[[-74.01393,40.61406],[-74.01154,40.61635],[-74.0098,40.61802],[-74.0076,40.61669],[-74.00818,40.61613],[-74.00934,40.61501],[-74.0105,40.6139],[-74.01171,40.61274],[-74.01393,40.61406]]]}},{"type":"Feature","properties":{"unit_id":"36061010000","name":"Census Tract 100 — New York","native_id":"36061010000","source":"census_tract_2025","adm3_name":"New York County","adm3_id":"36061","area_sqm":172894,"split":false},"geometry":{"type":"Polygon","coordinates":[[[-73.97444,40.75656],[-73.97124,40.76094],[-73.96962,40.76025],[-73.96802,40.75958],[-73.96894,40.75833],[-73.96939,40.7577],[-73.97031,40.75645],[-73.97122,40.75519],[-73.97282,40.75587],[-73.97444,40.75656]]]}},{"type":"Feature","properties":{"unit_id":"36047102000","name":"Census Tract 1020 — Kings","native_id":"36047102000","source":"census_tract_2025","adm3_name":"Kings County","adm3_id":"36047","area_sqm":157042,"split":false},"geometry":{"type":"Polygon","coordinates":[[[-73.88739,40.64098],[-73.88372,40.63768],[-73.88594,40.63623],[-73.88665,40.63578],[-73.89033,40.63908],[-73.88739,40.64098]]]}},{"type":"Feature","properties":{"unit_id":"36061005600","name":"Census Tract 56 — New York","native_id":"36061005600","source":"census_tract_2025","adm3_name":"New York County","adm3_id":"36061","area_sqm":174425,"split":false},"geometry":{"type":"Polygon","coordinates":[[[-73.99007,40.74088],[-73.98932,40.74191],[-73.98819,40.74345],[-73.9873,40.74468],[-73.9857,40.74401],[-73.98408,40.74333],[-73.98588,40.74085],[-73.98637,40.74019],[-73.98685,40.73952],[-73.9873,40.7389],[-73.98958,40.73987],[-73.99052,40.74026],[-73.99007,40.74088]]]}},{"type":"Feature","properties":{"unit_id":"36047040300","name":"Census Tract 403 — Kings","native_id":"36047040300","source":"census_tract_2025","adm3_name":"Kings County","adm3_id":"36047","area_sqm":210275,"split":false},"geometry":{"type":"Polygon","coordinates":[[[-73.91227,40.68393],[-73.91089,40.68537],[-73.90944,40.68684],[-73.90718,40.68556],[-73.90574,40.68704],[-73.90534,40.68682],[-73.90449,40.6863],[-73.90543,40.68366],[-73.90638,40.6828],[-73.90713,40.68323],[-73.90852,40.6818],[-73.90886,40.68199],[-73.90927,40.68223],[-73.91151,40.6835],[-73.91227,40.68393]]]}},{"type":"Feature","properties":{"unit_id":"36047062200","name":"Census Tract 622 — Kings","native_id":"36047062200","source":"census_tract_2025","adm3_name":"Kings County","adm3_id":"36047","area_sqm":247463,"split":false},"geometry":{"type":"Polygon","coordinates":[[[-73.94139,40.58334],[-73.93874,40.5839],[-73.93903,40.58541],[-73.93914,40.58598],[-73.93445,40.58665],[-73.93344,40.58654],[-73.93137,40.58607],[-73.93126,40.58543],[-73.93019,40.58509],[-73.9301,40.5845],[-73.93108,40.58439],[-73.93204,40.58423],[-73.93184,40.58308],[-73.93175,40.58288],[-73.93187,40.58283],[-73.93312,40.58227],[-73.93304,40.582],[-73.94044,40.58188],[-73.94095,40.58191],[-73.94139,40.58334]]]}},{"type":"Feature","properties":{"unit_id":"36047099800","name":"Census Tract 998 — Kings","native_id":"36047099800","source":"census_tract_2025","adm3_name":"Kings County","adm3_id":"36047","area_sqm":419733,"split":false},"geometry":{"type":"Polygon","coordinates":[[[-73.9186,40.6321],[-73.91622,40.63361],[-73.9132,40.63193],[-73.91144,40.63386],[-73.9096,40.6322],[-73.90894,40.63162],[-73.90735,40.63083],[-73.90652,40.63046],[-73.90239,40.6286],[-73.89968,40.62737],[-73.90115,40.62568],[-73.90178,40.62482],[-73.90848,40.62798],[-73.91692,40.63167],[-73.9186,40.6321]]]}},{"type":"Feature","properties":{"unit_id":"36061004001","name":"Census Tract 40.01 — New York","native_id":"36061004001","source":"census_tract_2025","adm3_name":"New York County","adm3_id":"36061","area_sqm":91742,"split":false},"geometry":{"type":"Polygon","coordinates":[[[-73.98681,40.72978],[-73.98637,40.73038],[-73.98591,40.73102],[-73.98544,40.73166],[-73.98494,40.73235],[-73.98256,40.73136],[-73.98308,40.73066],[-73.98354,40.73002],[-73.98445,40.72878],[-73.98488,40.72819],[-73.98724,40.72919],[-73.98681,40.72978]]]}},{"type":"Feature","properties":{"unit_id":"36047079802","name":"Census Tract 798.02 — Kings","native_id":"36047079802","source":"census_tract_2025","adm3_name":"Kings County","adm3_id":"36047","area_sqm":106366,"split":false},"geometry":{"type":"Polygon","coordinates":[[[-73.96201,40.66067],[-73.96066,40.66095],[-73.96062,40.6602],[-73.96048,40.65841],[-73.96043,40.65807],[-73.96007,40.65649],[-73.95986,40.65563],[-73.96169,40.65495],[-73.9619,40.65487],[-73.96281,40.6605],[-73.96201,40.66067]]]}},{"type":"Feature","properties":{"unit_id":"36047073400","name":"Census Tract 734 — Kings","native_id":"36047073400","source":"census_tract_2025","adm3_name":"Kings County","adm3_id":"36047","area_sqm":151105,"split":false},"geometry":{"type":"Polygon","coordinates":[[[-73.93961,40.6298],[-73.93677,40.62997],[-73.9358,40.63003],[-73.93555,40.62769],[-73.93535,40.62584],[-73.93729,40.62571],[-73.93916,40.6256],[-73.93936,40.62746],[-73.93961,40.6298]]]}},{"type":"Feature","properties":{"unit_id":"36047039900","name":"Census Tract 399 — Kings","native_id":"36047039900","source":"census_tract_2025","adm3_name":"Kings County","adm3_id":"36047","area_sqm":151244,"split":false},"geometry":{"type":"Polygon","coordinates":[[[-73.92115,40.6928],[-73.9203,40.69248],[-73.91946,40.69215],[-73.91862,40.69181],[-73.91779,40.69146],[-73.91696,40.69111],[-73.91545,40.69026],[-73.91395,40.68941],[-73.91319,40.68898],[-73.91464,40.68751],[-73.9169,40.68879],[-73.91765,40.68922],[-73.91915,40.69008],[-73.91991,40.6905],[-73.92223,40.69182],[-73.92115,40.6928]]]}},{"type":"Feature","properties":{"unit_id":"36047056200","name":"Census Tract 562 — Kings","native_id":"36047056200","source":"census_tract_2025","adm3_name":"Kings County","adm3_id":"36047","area_sqm":170814,"split":false},"geometry":{"type":"Polygon","coordinates":[[[-73.94984,40.60667],[-73.94795,40.60688],[-73.94606,40.60708],[-73.94562,40.60476],[-73.94517,40.60237],[-73.9461,40.60227],[-73.94706,40.60216],[-73.94802,40.60206],[-73.94895,40.60195],[-73.94984,40.60667]]]}},{"type":"Feature","properties":{"unit_id":"36047039600","name":"Census Tract 396 — Kings","native_id":"36047039600","source":"census_tract_2025","adm3_name":"Kings County","adm3_id":"36047","area_sqm":163301,"split":false},"geometry":{"type":"Polygon","coordinates":[[[-73.97191,40.59942],[-73.97006,40.59963],[-73.96913,40.59973],[-73.9682,40.59983],[-73.96778,40.59758],[-73.96738,40.59546],[-73.9683,40.59536],[-73.96923,40.59526],[-73.97011,40.59496],[-73.97177,40.59511],[-73.97133,40.59635],[-73.97148,40.59717],[-73.97163,40.59794],[-73.97191,40.59942]]]}},{"type":"Feature","properties":{"unit_id":"36047043700","name":"Census Tract 437 — Kings","native_id":"36047043700","source":"census_tract_2025","adm3_name":"Kings County","adm3_id":"36047","area_sqm":168127,"split":false},"geometry":{"type":"Polygon","coordinates":[[[-73.91181,40.69279],[-73.91036,40.69426],[-73.9088,40.69584],[-73.90805,40.69542],[-73.90654,40.69456],[-73.9058,40.69413],[-73.90504,40.6937],[-73.9066,40.69212],[-73.90804,40.69065],[-73.9088,40.69107],[-73.9103,40.69193],[-73.91105,40.69236],[-73.91181,40.69279]]]}},{"type":"Feature","properties":{"unit_id":"36047091600","name":"Census Tract 916 — Kings","native_id":"36047091600","source":"census_tract_2025","adm3_name":"Kings County","adm3_id":"36047","area_sqm":215640,"split":false},"geometry":{"type":"Polygon","coordinates":[[[-73.91173,40.66213],[-73.90986,40.66241],[-73.90892,40.66255],[-73.90852,40.66101],[-73.90758,40.66116],[-73.90719,40.65962],[-73.90637,40.65641],[-73.90731,40.65627],[-73.90824,40.65613],[-73.91012,40.65585],[-73.91094,40.65906],[-73.91133,40.6606],[-73.91173,40.66213]]]}},{"type":"Feature","properties":{"unit_id":"36047089400","name":"Census Tract 894 — Kings","native_id":"36047089400","source":"census_tract_2025","adm3_name":"Kings County","adm3_id":"36047","area_sqm":172215,"split":false},"geometry":{"type":"Polygon","coordinates":[[[-73.9191,40.66423],[-73.91814,40.66437],[-73.91722,40.66451],[-73.91627,40.66465],[-73.91587,40.66312],[-73.91548,40.66157],[-73.91453,40.66172],[-73.91413,40.66018],[-73.91374,40.65864],[-73.91557,40.65839],[-73.91707,40.65975],[-73.91742,40.66005],[-73.91818,40.66073],[-73.9183,40.66116],[-73.9187,40.66269],[-73.9191,40.66423]]]}},{"type":"Feature","properties":{"unit_id":"36061016100","name":"Census Tract 161 — New York","native_id":"36061016100","source":"census_tract_2025","adm3_name":"New York County","adm3_id":"36061","area_sqm":155737,"split":false},"geometry":{"type":"Polygon","coordinates":[[[-73.98021,40.78056],[-73.97975,40.78119],[-73.97882,40.78247],[-73.97598,40.78127],[-73.97643,40.78065],[-73.97357,40.77948],[-73.97407,40.7788],[-73.97453,40.77817],[-73.975,40.77753],[-73.97783,40.77873],[-73.98067,40.77992],[-73.98021,40.78056]]]}},{"type":"Feature","properties":{"unit_id":"36047053500","name":"Census Tract 535 — Kings","native_id":"36047053500","source":"census_tract_2025","adm3_name":"Kings County","adm3_id":"36047","area_sqm":130364,"split":false},"geometry":{"type":"Polygon","coordinates":[[[-73.96442,40.70753],[-73.96274,40.70768],[-73.96114,40.70752],[-73.9594,40.70735],[-73.95846,40.70725],[-73.95864,40.70648],[-73.95934,40.70518],[-73.96034,40.70344],[-73.96185,40.70479],[-73.96249,40.70535],[-73.9631,40.7059],[-73.96375,40.70648],[-73.96439,40.70706],[-73.96485,40.70745],[-73.96442,40.70753]]]}},{"type":"Feature","properties":{"unit_id":"36047050401","name":"Census Tract 504.01 — Kings","native_id":"36047050401","source":"census_tract_2025","adm3_name":"Kings County","adm3_id":"36047","area_sqm":144970,"split":false},"geometry":{"type":"Polygon","coordinates":[[[-73.97635,40.65122],[-73.97268,40.65264],[-73.97262,40.65084],[-73.97208,40.65064],[-73.97156,40.64882],[-73.9714,40.64826],[-73.9735,40.6476],[-73.97473,40.64777],[-73.97496,40.6478],[-73.97553,40.6497],[-73.97635,40.65122]]]}},{"type":"Feature","properties":{"unit_id":"36061021800","name":"Census Tract 218 — New York","native_id":"36061021800","source":"census_tract_2025","adm3_name":"New York County","adm3_id":"36061","area_sqm":181869,"split":false},"geometry":{"type":"Polygon","coordinates":[[[-73.95537,40.80442],[-73.95442,40.80573],[-73.95157,40.80453],[-73.94873,40.80333],[-73.94919,40.8027],[-73.94968,40.80202],[-73.95019,40.80133],[-73.95064,40.80072],[-73.95256,40.80153],[-73.95348,40.80192],[-73.95632,40.80311],[-73.95537,40.80442]]]}},{"type":"Feature","properties":{"unit_id":"36061018300","name":"Census Tract 183 — New York","native_id":"36061018300","source":"census_tract_2025","adm3_name":"New York County","adm3_id":"36061","area_sqm":224323,"split":false},"geometry":{"type":"Polygon","coordinates":[[[-73.98258,40.80075],[-73.97649,40.79829],[-73.97365,40.79715],[-73.97226,40.79656],[-73.97084,40.79596],[-73.96941,40.79536],[-73.96987,40.79474],[-73.97037,40.79405],[-73.97086,40.79338],[-73.97132,40.79275],[-73.97274,40.79335],[-73.97416,40.79395],[-73.97623,40.79483],[-73.97832,40.79569],[-73.98442,40.79822],[-73.98258,40.80075]]]}},{"type":"Feature","properties":{"unit_id":"36047017100","name":"Census Tract 171 — Kings","native_id":"36047017100","source":"census_tract_2025","adm3_name":"Kings County","adm3_id":"36047","area_sqm":208490,"split":false},"geometry":{"type":"Polygon","coordinates":[[[-73.98007,40.65694],[-73.97951,40.65748],[-73.97902,40.65805],[-73.97851,40.65866],[-73.97751,40.65986],[-73.97448,40.65834],[-73.97379,40.65639],[-73.97356,40.65564],[-73.9743,40.65537],[-73.97642,40.65454],[-73.97657,40.65531],[-73.97804,40.65475],[-73.97847,40.65504],[-73.98065,40.65638],[-73.98007,40.65694]]]}},{"type":"Feature","properties":{"unit_id":"36047035702","name":"Census Tract 357.02 — Kings","native_id":"36047035702","source":"census_tract_2025","adm3_name":"Kings County","adm3_id":"36047","area_sqm":110255,"split":false},"geometry":{"type":"Polygon","coordinates":[[[-73.9286,40.66597],[-73.92852,40.66687],[-73.92835,40.66865],[-73.9256,40.6685],[-73.92554,40.66849],[-73.92477,40.66749],[-73.92439,40.66638],[-73.92546,40.66592],[-73.92638,40.66551],[-73.92823,40.66471],[-73.92854,40.66457],[-73.92868,40.66509],[-73.9286,40.66597]]]}},{"type":"Feature","properties":{"unit_id":"36047033000","name":"Census Tract 330 — Kings","native_id":"36047033000","source":"census_tract_2025","adm3_name":"Kings County","adm3_id":"36047","area_sqm":372144,"split":false},"geometry":{"type":"Polygon","coordinates":[[[-74.004,40.58172],[-74.00074,40.58123],[-74.00072,40.58123],[-73.99991,40.58144],[-73.99837,40.58185],[-73.99068,40.58006],[-73.9907,40.57932],[-73.9905,40.57836],[-73.99264,40.57812],[-73.99581,40.57776],[-73.99899,40.57738],[-74.00003,40.57724],[-74.0011,40.57712],[-74.00322,40.57689],[-74.00348,40.57826],[-74.00361,40.5789],[-74.00392,40.5806],[-74.004,40.58172]]]}},{"type":"Feature","properties":{"unit_id":"36047101600","name":"Census Tract 1016 — Kings","native_id":"36047101600","source":"census_tract_2025","adm3_name":"Kings County","adm3_id":"36047","area_sqm":112418,"split":false},"geometry":{"type":"Polygon","coordinates":[[[-73.89102,40.64424],[-73.8889,40.64563],[-73.88525,40.64236],[-73.88739,40.64098],[-73.8892,40.64261],[-73.89102,40.64424]]]}},{"type":"Feature","properties":{"unit_id":"36061006200","name":"Census Tract 62 — New York","native_id":"36061006200","source":"census_tract_2025","adm3_name":"New York County","adm3_id":"36061","area_sqm":293517,"split":false},"geometry":{"type":"Polygon","coordinates":[[[-73.97805,40.73755],[-73.9776,40.73817],[-73.97715,40.7388],[-73.97625,40.74003],[-73.9758,40.74064],[-73.97534,40.74127],[-73.97492,40.74185],[-73.97401,40.74309],[-73.97351,40.74378],[-73.97223,40.74325],[-73.97157,40.74299],[-73.96262,40.73903],[-73.96248,40.7368],[-73.96267,40.73645],[-73.96235,40.73381],[-73.96231,40.73312],[-73.96229,40.7329],[-73.96184,40.73163],[-73.96145,40.73099],[-73.96121,40.72951],[-73.97355,40.73494],[-73.97443,40.73531],[-73.97514,40.73539],[-73.9785,40.73679],[-73.97805,40.73755]]]}},{"type":"Feature","properties":{"unit_id":"36047051300","name":"Census Tract 513 — Kings","native_id":"36047051300","source":"census_tract_2025","adm3_name":"Kings County","adm3_id":"36047","area_sqm":258100,"split":false},"geometry":{"type":"Polygon","coordinates":[[[-73.95662,40.71038],[-73.95548,40.71227],[-73.95434,40.71407],[-73.95349,40.71407],[-73.95291,40.71406],[-73.95162,40.71407],[-73.94937,40.71407],[-73.94889,40.71117],[-73.94866,40.70972],[-73.95087,40.70951],[-73.95083,40.70914],[-73.95236,40.70972],[-73.95517,40.71046],[-73.9555,40.70995],[-73.95662,40.71038]]]}},{"type":"Feature","properties":{"unit_id":"36047010601","name":"Census Tract 106.01 — Kings","native_id":"36047010601","source":"census_tract_2025","adm3_name":"Kings County","adm3_id":"36047","area_sqm":75434,"split":false},"geometry":{"type":"Polygon","coordinates":[[[-74.00824,40.64021],[-74.00708,40.64133],[-74.00488,40.63999],[-74.00604,40.63888],[-74.00721,40.63775],[-74.00941,40.63909],[-74.00824,40.64021]]]}},{"type":"Feature","properties":{"unit_id":"36047034800","name":"Census Tract 348 — Kings","native_id":"36047034800","source":"census_tract_2025","adm3_name":"Kings County","adm3_id":"36047","area_sqm":592737,"split":false},"geometry":{"type":"Polygon","coordinates":[[[-73.99068,40.58006],[-73.98824,40.5797],[-73.99001,40.58068],[-73.98955,40.58193],[-73.98836,40.58347],[-73.98661,40.58372],[-73.98708,40.58462],[-73.98548,40.58452],[-73.98388,40.58398],[-73.98281,40.58379],[-73.9775,40.58278],[-73.97464,40.58311],[-73.97462,40.58279],[-73.9745,40.58187],[-73.97469,40.57998],[-73.97627,40.57982],[-73.97794,40.57963],[-73.98198,40.57925],[-73.98126,40.57556],[-73.98344,40.57541],[-73.98415,40.57905],[-73.98628,40.57882],[-73.9905,40.57836],[-73.9907,40.57932],[-73.99068,40.58006]]]}},{"type":"Feature","properties":{"unit_id":"36047041500","name":"Census Tract 415 — Kings","native_id":"36047041500","source":"census_tract_2025","adm3_name":"Kings County","adm3_id":"36047","area_sqm":162692,"split":false},"geometry":{"type":"Polygon","coordinates":[[[-73.91779,40.69146],[-73.91626,40.69302],[-73.91481,40.6945],[-73.91406,40.69407],[-73.91331,40.69364],[-73.91181,40.69279],[-73.91105,40.69236],[-73.9125,40.69088],[-73.91395,40.68941],[-73.91545,40.69026],[-73.91696,40.69111],[-73.91779,40.69146]]]}},{"type":"Feature","properties":{"unit_id":"36047094600","name":"Census Tract 946 — Kings","native_id":"36047094600","source":"census_tract_2025","adm3_name":"Kings County","adm3_id":"36047","area_sqm":281769,"split":false},"geometry":{"type":"Polygon","coordinates":[[[-73.92612,40.64842],[-73.92325,40.6486],[-73.92305,40.64674],[-73.92212,40.6468],[-73.92192,40.64491],[-73.91998,40.64503],[-73.91995,40.64471],[-73.91973,40.64272],[-73.92161,40.64169],[-73.92333,40.6399],[-73.92356,40.6425],[-73.92538,40.64238],[-73.92572,40.64467],[-73.92592,40.64656],[-73.92612,40.64842]]]}},{"type":"Feature","properties":{"unit_id":"36047119000","name":"Census Tract 1190 — Kings","native_id":"36047119000","source":"census_tract_2025","adm3_name":"Kings County","adm3_id":"36047","area_sqm":140618,"split":false},"geometry":{"type":"Polygon","coordinates":[[[-73.87734,40.68006],[-73.8736,40.68112],[-73.87328,40.67992],[-73.8712,40.68022],[-73.86934,40.68019],[-73.86855,40.67721],[-73.86887,40.67716],[-73.86978,40.67703],[-73.87039,40.67694],[-73.87131,40.67681],[-73.87259,40.67787],[-73.87518,40.68008],[-73.87656,40.68018],[-73.87734,40.68006]]]}},{"type":"Feature","properties":{"unit_id":"36061012700","name":"Census Tract 127 — New York","native_id":"36061012700","source":"census_tract_2025","adm3_name":"New York County","adm3_id":"36061","area_sqm":174025,"split":false},"geometry":{"type":"Polygon","coordinates":[[[-73.9927,40.76343],[-73.99179,40.76468],[-73.98895,40.76349],[-73.98759,40.76292],[-73.9861,40.76229],[-73.98656,40.76166],[-73.98701,40.76104],[-73.98793,40.75979],[-73.99076,40.76099],[-73.99361,40.76218],[-73.9927,40.76343]]]}},{"type":"Feature","properties":{"unit_id":"36061013300","name":"Census Tract 133 — New York","native_id":"36061013300","source":"census_tract_2025","adm3_name":"New York County","adm3_id":"36061","area_sqm":174355,"split":false},"geometry":{"type":"Polygon","coordinates":[[[-73.99133,40.76531],[-73.99088,40.76593],[-73.99042,40.76656],[-73.98996,40.76719],[-73.98712,40.76599],[-73.98428,40.76479],[-73.98473,40.76417],[-73.98519,40.76354],[-73.98565,40.76291],[-73.9861,40.76229],[-73.98759,40.76292],[-73.98895,40.76349],[-73.99179,40.76468],[-73.99133,40.76531]]]}},{"type":"Feature","properties":{"unit_id":"36047017200","name":"Census Tract 172 — Kings","native_id":"36047017200","source":"census_tract_2025","adm3_name":"Kings County","adm3_id":"36047","area_sqm":206317,"split":false},"geometry":{"type":"Polygon","coordinates":[[[-74.0147,40.60642],[-74.01128,40.60971],[-74.00951,40.61141],[-74.0083,40.61257],[-74.00601,40.61133],[-74.00908,40.60838],[-74.01082,40.6067],[-74.01237,40.60521],[-74.0147,40.60642]]]}},{"type":"Feature","properties":{"unit_id":"36047117800","name":"Census Tract 1178 — Kings","native_id":"36047117800","source":"census_tract_2025","adm3_name":"Kings County","adm3_id":"36047","area_sqm":140598,"split":false},"geometry":{"type":"Polygon","coordinates":[[[-73.87787,40.68204],[-73.87411,40.6831],[-73.87219,40.68365],[-73.87157,40.68169],[-73.8712,40.68022],[-73.87328,40.67992],[-73.8736,40.68112],[-73.87734,40.68006],[-73.87743,40.68002],[-73.87787,40.68204]]]}},{"type":"Feature","properties":{"unit_id":"36061022900","name":"Census Tract 229 — New York","native_id":"36061022900","source":"census_tract_2025","adm3_name":"New York County","adm3_id":"36061","area_sqm":211053,"split":false},"geometry":{"type":"Polygon","coordinates":[[[-73.96148,40.83088],[-73.95443,40.82807],[-73.95371,40.82728],[-73.95197,40.82704],[-73.94996,40.8271],[-73.94712,40.8259],[-73.9476,40.82523],[-73.9481,40.82456],[-73.94855,40.82394],[-73.94901,40.82332],[-73.94969,40.8236],[-73.95185,40.82451],[-73.95746,40.82687],[-73.96236,40.82881],[-73.96148,40.83088]]]}},{"type":"Feature","properties":{"unit_id":"36047064800","name":"Census Tract 648 — Kings","native_id":"36047064800","source":"census_tract_2025","adm3_name":"Kings County","adm3_id":"36047","area_sqm":151522,"split":false},"geometry":{"type":"Polygon","coordinates":[[[-73.93972,40.61841],[-73.93687,40.62025],[-73.93502,40.6186],[-73.93321,40.61697],[-73.93392,40.61651],[-73.93535,40.61558],[-73.93606,40.61512],[-73.93788,40.61676],[-73.93972,40.61841]]]}},{"type":"Feature","properties":{"unit_id":"36061009903","name":"Census Tract 99.03 — New York","native_id":"36061009903","source":"census_tract_2025","adm3_name":"New York County","adm3_id":"36061","area_sqm":420391,"split":false},"geometry":{"type":"Polygon","coordinates":[[[-74.01403,40.75755],[-74.01023,40.76275],[-74.00383,40.76013],[-74.00284,40.75969],[-74.00007,40.7584],[-74.00014,40.75831],[-73.99731,40.75711],[-73.99821,40.75587],[-73.99914,40.75458],[-74.00097,40.75205],[-74.00665,40.75445],[-74.0072,40.75468],[-74.01425,40.75666],[-74.01403,40.75755]]]}},{"type":"Feature","properties":{"unit_id":"36047077200","name":"Census Tract 772 — Kings","native_id":"36047077200","source":"census_tract_2025","adm3_name":"Kings County","adm3_id":"36047","area_sqm":404333,"split":false},"geometry":{"type":"Polygon","coordinates":[[[-73.9573,40.63051],[-73.95662,40.63059],[-73.95547,40.63143],[-73.95624,40.63551],[-73.95246,40.63592],[-73.95201,40.63353],[-73.95106,40.63363],[-73.95084,40.63235],[-73.94754,40.63158],[-73.95045,40.63026],[-73.95018,40.62885],[-73.95111,40.62875],[-73.95489,40.62834],[-73.95581,40.62823],[-73.95685,40.62812],[-73.9573,40.63051]]]}},{"type":"Feature","properties":{"unit_id":"36047052300","name":"Census Tract 523 — Kings","native_id":"36047052300","source":"census_tract_2025","adm3_name":"Kings County","adm3_id":"36047","area_sqm":144959,"split":false},"geometry":{"type":"Polygon","coordinates":[[[-73.96196,40.71049],[-73.96142,40.71135],[-73.96103,40.71197],[-73.96056,40.71271],[-73.96016,40.71334],[-73.9598,40.71389],[-73.95834,40.71331],[-73.95681,40.71276],[-73.95548,40.71227],[-73.95662,40.71038],[-73.95843,40.71019],[-73.96038,40.71],[-73.9613,40.71028],[-73.96204,40.71036],[-73.96196,40.71049]]]}},{"type":"Feature","properties":{"unit_id":"36061024302","name":"Census Tract 243.02 — New York","native_id":"36061024302","source":"census_tract_2025","adm3_name":"New York County","adm3_id":"36061","area_sqm":213258,"split":false},"geometry":{"type":"Polygon","coordinates":[[[-73.93934,40.83161],[-73.93868,40.8328],[-73.93796,40.83345],[-73.9365,40.83457],[-73.9344,40.83605],[-73.9347,40.83563],[-73.93301,40.83568],[-73.93314,40.83481],[-73.93346,40.83318],[-73.93306,40.82816],[-73.93456,40.82805],[-73.93484,40.82803],[-73.93727,40.82915],[-73.93859,40.82972],[-73.94017,40.83038],[-73.93934,40.83161]]]}},{"type":"Feature","properties":{"unit_id":"36061023802","name":"Census Tract 238.02 — New York","native_id":"36061023802","source":"census_tract_2025","adm3_name":"New York County","adm3_id":"36061","area_sqm":243418,"split":false},"geometry":{"type":"Polygon","coordinates":[[[-73.94997,40.76365],[-73.94773,40.76608],[-73.9454,40.76865],[-73.94514,40.76911],[-73.94466,40.76985],[-73.94215,40.77204],[-73.94019,40.77296],[-73.94015,40.77295],[-73.93747,40.7725],[-73.93496,40.77173],[-73.93532,40.77049],[-73.94046,40.76753],[-73.94131,40.76692],[-73.94472,40.76288],[-73.94663,40.76387],[-73.94764,40.76419],[-73.94845,40.76347],[-73.94997,40.76365]]]}},{"type":"Feature","properties":{"unit_id":"36047006200","name":"Census Tract 62 — Kings","native_id":"36047006200","source":"census_tract_2025","adm3_name":"Kings County","adm3_id":"36047","area_sqm":162273,"split":false},"geometry":{"type":"Polygon","coordinates":[[[-74.03339,40.62497],[-74.03311,40.62565],[-74.03256,40.62701],[-74.02987,40.62637],[-74.02715,40.62573],[-74.02773,40.6243],[-74.02799,40.62368],[-74.02835,40.6228],[-74.03374,40.6241],[-74.03339,40.62497]]]}},{"type":"Feature","properties":{"unit_id":"36047017700","name":"Census Tract 177 — Kings","native_id":"36047017700","source":"census_tract_2025","adm3_name":"Kings County","adm3_id":"36047","area_sqm":2313048,"split":false},"geometry":{"type":"Polygon","coordinates":[[[-73.98017,40.66116],[-73.97965,40.66124],[-73.97835,40.6628],[-73.97734,40.66401],[-73.97633,40.66521],[-73.97534,40.66642],[-73.97433,40.66762],[-73.97332,40.66882],[-73.97282,40.66943],[-73.97132,40.67125],[-73.97041,40.67262],[-73.96925,40.67274],[-73.96892,40.67294],[-73.96749,40.67288],[-73.9663,40.67268],[-73.96262,40.67163],[-73.96219,40.66964],[-73.96181,40.66768],[-73.96096,40.66329],[-73.96243,40.66313],[-73.96288,40.66262],[-73.96281,40.6605],[-73.9619,40.65487],[-73.96621,40.65319],[-73.96575,40.6525],[-73.96524,40.65174],[-73.96465,40.65089],[-73.96703,40.64995],[-73.96879,40.64925],[-73.9714,40.64826],[-73.97156,40.64882],[-73.97208,40.65064],[-73.97262,40.65084],[-73.97268,40.65264],[-73.97305,40.65391],[-73.97356,40.65564],[-73.97379,40.65639],[-73.97448,40.65834],[-73.97751,40.65986],[-73.98006,40.66079],[-73.98017,40.66116]]]}},{"type":"Feature","properties":{"unit_id":"36061028300","name":"Census Tract 283 — New York","native_id":"36061028300","source":"census_tract_2025","adm3_name":"New York County","adm3_id":"36061","area_sqm":151093,"split":false},"geometry":{"type":"Polygon","coordinates":[[[-73.93182,40.85827],[-73.93131,40.85933],[-73.92842,40.86024],[-73.92733,40.86065],[-73.9265,40.86096],[-73.92515,40.86145],[-73.92488,40.86154],[-73.92517,40.86031],[-73.92727,40.85793],[-73.92823,40.85717],[-73.92973,40.85738],[-73.93148,40.85685],[-73.93263,40.85672],[-73.93182,40.85827]]]}},{"type":"Feature","properties":{"unit_id":"36047051500","name":"Census Tract 515 — Kings","native_id":"36047051500","source":"census_tract_2025","adm3_name":"Kings County","adm3_id":"36047","area_sqm":186924,"split":false},"geometry":{"type":"Polygon","coordinates":[[[-73.95271,40.72045],[-73.95065,40.72171],[-73.94908,40.72254],[-73.94888,40.72129],[-73.94842,40.71845],[-73.94721,40.71856],[-73.95114,40.71603],[-73.95184,40.71544],[-73.95248,40.71922],[-73.95347,40.7198],[-73.95271,40.72045]]]}},{"type":"Feature","properties":{"unit_id":"36047107800","name":"Census Tract 1078 — Kings","native_id":"36047107800","source":"census_tract_2025","adm3_name":"Kings County","adm3_id":"36047","area_sqm":506528,"split":false},"geometry":{"type":"Polygon","coordinates":[[[-73.88568,40.65485],[-73.88251,40.65621],[-73.88081,40.65695],[-73.88183,40.65831],[-73.87859,40.6597],[-73.86948,40.66355],[-73.86837,40.66201],[-73.86718,40.66045],[-73.86916,40.66012],[-73.87812,40.65626],[-73.87973,40.65556],[-73.88221,40.6545],[-73.88465,40.65345],[-73.88568,40.65485]]]}},{"type":"Feature","properties":{"unit_id":"36061014802","name":"Census Tract 148.02 — New York","native_id":"36061014802","source":"census_tract_2025","adm3_name":"New York County","adm3_id":"36061","area_sqm":125621,"split":false},"geometry":{"type":"Polygon","coordinates":[[[-73.95671,40.78086],[-73.95625,40.78148],[-73.95579,40.78211],[-73.95488,40.78336],[-73.95326,40.78268],[-73.95166,40.78201],[-73.95212,40.78139],[-73.95257,40.78075],[-73.95303,40.78013],[-73.95349,40.7795],[-73.95398,40.77882],[-73.95558,40.7795],[-73.9572,40.78018],[-73.95671,40.78086]]]}},{"type":"Feature","properties":{"unit_id":"36047023100","name":"Census Tract 231 — Kings","native_id":"36047023100","source":"census_tract_2025","adm3_name":"Kings County","adm3_id":"36047","area_sqm":159414,"split":false},"geometry":{"type":"Polygon","coordinates":[[[-73.96284,40.68856],[-73.96001,40.68888],[-73.95971,40.68742],[-73.95957,40.68668],[-73.95928,40.68522],[-73.95884,40.68302],[-73.95978,40.68291],[-73.96167,40.68269],[-73.96211,40.68489],[-73.96255,40.68709],[-73.96284,40.68856]]]}},{"type":"Feature","properties":{"unit_id":"36047000502","name":"Census Tract 5.02 — Kings","native_id":"36047000502","source":"census_tract_2025","adm3_name":"Kings County","adm3_id":"36047","area_sqm":96799,"split":false},"geometry":{"type":"Polygon","coordinates":[[[-73.9943,40.69479],[-73.99398,40.69546],[-73.99379,40.69587],[-73.99302,40.69746],[-73.99137,40.69701],[-73.99075,40.69503],[-73.99066,40.69456],[-73.9921,40.69495],[-73.9931,40.69285],[-73.99508,40.69315],[-73.9943,40.69479]]]}},{"type":"Feature","properties":{"unit_id":"36047025100","name":"Census Tract 251 — Kings","native_id":"36047025100","source":"census_tract_2025","adm3_name":"Kings County","adm3_id":"36047","area_sqm":138489,"split":false},"geometry":{"type":"Polygon","coordinates":[[[-73.95146,40.68986],[-73.94818,40.69024],[-73.94789,40.68878],[-73.94775,40.68804],[-73.9476,40.68731],[-73.94746,40.68658],[-73.94731,40.68585],[-73.95059,40.68547],[-73.95088,40.68693],[-73.95118,40.6884],[-73.95146,40.68986]]]}},{"type":"Feature","properties":{"unit_id":"36047068800","name":"Census Tract 688 — Kings","native_id":"36047068800","source":"census_tract_2025","adm3_name":"Kings County","adm3_id":"36047","area_sqm":156912,"split":false},"geometry":{"type":"Polygon","coordinates":[[[-73.9211,40.61931],[-73.91727,40.61955],[-73.91714,40.61839],[-73.91701,40.6172],[-73.91789,40.61565],[-73.92053,40.61394],[-73.92062,40.61484],[-73.92085,40.61697],[-73.9211,40.61931]]]}},{"type":"Feature","properties":{"unit_id":"36047005302","name":"Census Tract 53.02 — Kings","native_id":"36047005302","source":"census_tract_2025","adm3_name":"Kings County","adm3_id":"36047","area_sqm":779108,"split":false},"geometry":{"type":"Polygon","coordinates":[[[-74.01877,40.67081],[-74.01426,40.66974],[-74.01189,40.67044],[-74.01101,40.67223],[-74.00961,40.67512],[-74.00771,40.67462],[-74.00601,40.67415],[-74.00261,40.67318],[-74.00202,40.67448],[-74.00135,40.67579],[-74.00121,40.67587],[-73.99992,40.674],[-73.99862,40.67183],[-73.99902,40.67143],[-73.99946,40.67014],[-74.00017,40.6686],[-74.00145,40.66763],[-74.00219,40.66734],[-74.00231,40.66754],[-74.00269,40.66759],[-74.00604,40.66808],[-74.007,40.66821],[-74.00986,40.66862],[-74.00996,40.66842],[-74.01166,40.66515],[-74.01602,40.66467],[-74.01643,40.66491],[-74.01654,40.66498],[-74.01782,40.66572],[-74.01877,40.67081]]]}},{"type":"Feature","properties":{"unit_id":"36061003300","name":"Census Tract 33 — New York","native_id":"36061003300","source":"census_tract_2025","adm3_name":"New York County","adm3_id":"36061","area_sqm":341677,"split":false},"geometry":{"type":"Polygon","coordinates":[[[-74.0092,40.71619],[-74.00835,40.72132],[-74.00791,40.7237],[-74.00531,40.72182],[-74.00463,40.72135],[-74.00351,40.72056],[-74.00188,40.7194],[-74.00403,40.71687],[-74.00453,40.71628],[-74.00589,40.71468],[-74.00754,40.71543],[-74.00882,40.71601],[-74.0092,40.71619]]]}},{"type":"Feature","properties":{"unit_id":"36047067800","name":"Census Tract 678 — Kings","native_id":"36047067800","source":"census_tract_2025","adm3_name":"Kings County","adm3_id":"36047","area_sqm":166222,"split":false},"geometry":{"type":"Polygon","coordinates":[[[-73.92492,40.62798],[-73.9243,40.62839],[-73.92112,40.62859],[-73.92087,40.62625],[-73.92063,40.62398],[-73.9235,40.6238],[-73.92447,40.62374],[-73.92471,40.62601],[-73.92492,40.62798]]]}},{"type":"Feature","properties":{"unit_id":"36047023800","name":"Census Tract 238 — Kings","native_id":"36047023800","source":"census_tract_2025","adm3_name":"Kings County","adm3_id":"36047","area_sqm":169884,"split":false},"geometry":{"type":"Polygon","coordinates":[[[-73.99562,40.63167],[-73.99387,40.63335],[-73.99166,40.63202],[-73.98946,40.63069],[-73.98726,40.62935],[-73.98843,40.62823],[-73.98901,40.62768],[-73.99121,40.62901],[-73.99341,40.63034],[-73.99546,40.63157],[-73.99562,40.63167]]]}},{"type":"Feature","properties":{"unit_id":"36047025700","name":"Census Tract 257 — Kings","native_id":"36047025700","source":"census_tract_2025","adm3_name":"Kings County","adm3_id":"36047","area_sqm":181125,"split":false},"geometry":{"type":"Polygon","coordinates":[[[-73.95009,40.69979],[-73.94439,40.70043],[-73.9441,40.69897],[-73.94395,40.69822],[-73.9468,40.6979],[-73.94637,40.6957],[-73.94921,40.69538],[-73.94965,40.69758],[-73.94979,40.69831],[-73.95009,40.69979]]]}},{"type":"Feature","properties":{"unit_id":"36047012700","name":"Census Tract 127 — Kings","native_id":"36047012700","source":"census_tract_2025","adm3_name":"Kings County","adm3_id":"36047","area_sqm":163391,"split":false},"geometry":{"type":"Polygon","coordinates":[[[-73.98523,40.68228],[-73.9848,40.68291],[-73.98438,40.68354],[-73.98395,40.68418],[-73.98199,40.68342],[-73.97961,40.68249],[-73.98003,40.68185],[-73.98046,40.68122],[-73.98089,40.68059],[-73.98132,40.67995],[-73.98176,40.67932],[-73.9861,40.68101],[-73.98523,40.68228]]]}},{"type":"Feature","properties":{"unit_id":"36047052800","name":"Census Tract 528 — Kings","native_id":"36047052800","source":"census_tract_2025","adm3_name":"Kings County","adm3_id":"36047","area_sqm":175595,"split":false},"geometry":{"type":"Polygon","coordinates":[[[-73.96668,40.63192],[-73.96367,40.63225],[-73.9623,40.6324],[-73.9599,40.63267],[-73.95945,40.63028],[-73.95899,40.62789],[-73.95996,40.62778],[-73.96041,40.63017],[-73.96137,40.63006],[-73.96182,40.63002],[-73.9623,40.62996],[-73.96322,40.62986],[-73.96415,40.62976],[-73.96607,40.62955],[-73.96668,40.63192]]]}},{"type":"Feature","properties":{"unit_id":"36047001803","name":"Census Tract 18.03 — Kings","native_id":"36047001803","source":"census_tract_2025","adm3_name":"Kings County","adm3_id":"36047","area_sqm":614381,"split":false},"geometry":{"type":"Polygon","coordinates":[[[-74.02452,40.6474],[-74.02437,40.6504],[-74.02334,40.65114],[-74.02215,40.652],[-74.01517,40.65703],[-74.0142,40.65647],[-74.0139,40.65547],[-74.01505,40.65436],[-74.01284,40.65302],[-74.01518,40.65077],[-74.01751,40.64853],[-74.01926,40.64685],[-74.02146,40.64818],[-74.02384,40.64592],[-74.02504,40.64695],[-74.02452,40.6474]]]}},{"type":"Feature","properties":{"unit_id":"36061005000","name":"Census Tract 50 — New York","native_id":"36061005000","source":"census_tract_2025","adm3_name":"New York County","adm3_id":"36061","area_sqm":166468,"split":false},"geometry":{"type":"Polygon","coordinates":[[[-73.98992,40.73535],[-73.98902,40.73656],[-73.98773,40.73832],[-73.9873,40.7389],[-73.98408,40.73755],[-73.98451,40.73696],[-73.98493,40.73638],[-73.98536,40.73579],[-73.98579,40.73521],[-73.98621,40.73462],[-73.98668,40.73398],[-73.98718,40.73329],[-73.98878,40.73397],[-73.9899,40.73443],[-73.98992,40.73535]]]}},{"type":"Feature","properties":{"unit_id":"36061015001","name":"Census Tract 150.01 — New York","native_id":"36061015001","source":"census_tract_2025","adm3_name":"New York County","adm3_id":"36061","area_sqm":51643,"split":false},"geometry":{"type":"Polygon","coordinates":[[[-73.96042,40.78153],[-73.95881,40.78086],[-73.9572,40.78018],[-73.9577,40.7795],[-73.95816,40.77886],[-73.95977,40.77954],[-73.96136,40.78024],[-73.96042,40.78153]]]}},{"type":"Feature","properties":{"unit_id":"36061015200","name":"Census Tract 152 — New York","native_id":"36061015200","source":"census_tract_2025","adm3_name":"New York County","adm3_id":"36061","area_sqm":189340,"split":false},"geometry":{"type":"Polygon","coordinates":[[[-73.94751,40.77944],[-73.94705,40.78006],[-73.94659,40.78069],[-73.94613,40.78132],[-73.94567,40.78195],[-73.94521,40.78257],[-73.94472,40.78325],[-73.94405,40.78296],[-73.9436,40.78265],[-73.93761,40.78175],[-73.93441,40.77809],[-73.93586,40.77721],[-73.93638,40.77692],[-73.93766,40.77509],[-73.93786,40.77409],[-73.93747,40.7725],[-73.94015,40.77295],[-73.94019,40.77296],[-73.94434,40.77311],[-73.94194,40.77603],[-73.94223,40.77757],[-73.94338,40.77687],[-73.94571,40.77786],[-73.94797,40.77881],[-73.94751,40.77944]]]}},{"type":"Feature","properties":{"unit_id":"36047025500","name":"Census Tract 255 — Kings","native_id":"36047025500","source":"census_tract_2025","adm3_name":"Kings County","adm3_id":"36047","area_sqm":138632,"split":false},"geometry":{"type":"Polygon","coordinates":[[[-73.95337,40.6994],[-73.95009,40.69979],[-73.94979,40.69831],[-73.94965,40.69758],[-73.94921,40.69538],[-73.95249,40.695],[-73.95292,40.6972],[-73.95337,40.6994]]]}},{"type":"Feature","properties":{"unit_id":"36047037401","name":"Census Tract 374.01 — Kings","native_id":"36047037401","source":"census_tract_2025","adm3_name":"Kings County","adm3_id":"36047","area_sqm":225522,"split":false},"geometry":{"type":"Polygon","coordinates":[[[-73.97022,40.59054],[-73.96837,40.59075],[-73.96744,40.59085],[-73.96652,40.59095],[-73.96513,40.59111],[-73.96564,40.58889],[-73.96615,40.58667],[-73.96661,40.58458],[-73.96906,40.584],[-73.96942,40.58631],[-73.96982,40.58843],[-73.97022,40.59054]]]}},{"type":"Feature","properties":{"unit_id":"36047003400","name":"Census Tract 34 — Kings","native_id":"36047003400","source":"census_tract_2025","adm3_name":"Kings County","adm3_id":"36047","area_sqm":477399,"split":false},"geometry":{"type":"Polygon","coordinates":[[[-74.03717,40.638],[-74.03696,40.63833],[-74.03342,40.64392],[-74.03297,40.64399],[-74.02906,40.64173],[-74.02908,40.64127],[-74.02907,40.64097],[-74.03061,40.63896],[-74.03089,40.63828],[-74.03127,40.63736],[-74.03183,40.63599],[-74.03204,40.63547],[-74.03232,40.63479],[-74.0381,40.63653],[-74.03717,40.638]]]}},{"type":"Feature","properties":{"unit_id":"36047020800","name":"Census Tract 208 — Kings","native_id":"36047020800","source":"census_tract_2025","adm3_name":"Kings County","adm3_id":"36047","area_sqm":143311,"split":false},"geometry":{"type":"Polygon","coordinates":[[[-74.01286,40.62821],[-74.01214,40.62868],[-74.0105,40.62769],[-74.0083,40.62636],[-74.0061,40.62503],[-74.00668,40.62447],[-74.00726,40.62391],[-74.00784,40.62335],[-74.01004,40.62469],[-74.01224,40.62602],[-74.01166,40.62657],[-74.01357,40.62773],[-74.01286,40.62821]]]}},{"type":"Feature","properties":{"unit_id":"36047086800","name":"Census Tract 868 — Kings","native_id":"36047086800","source":"census_tract_2025","adm3_name":"Kings County","adm3_id":"36047","area_sqm":174581,"split":false},"geometry":{"type":"Polygon","coordinates":[[[-73.93191,40.65654],[-73.9309,40.65661],[-73.92799,40.6568],[-73.92786,40.65552],[-73.92769,40.65398],[-73.92751,40.65232],[-73.92848,40.65218],[-73.93038,40.65173],[-73.93139,40.65169],[-73.93161,40.65374],[-73.93177,40.65527],[-73.93191,40.65654]]]}},{"type":"Feature","properties":{"unit_id":"36061010400","name":"Census Tract 104 — New York","native_id":"36061010400","source":"census_tract_2025","adm3_name":"New York County","adm3_id":"36061","area_sqm":173230,"split":false},"geometry":{"type":"Polygon","coordinates":[[[-73.98043,40.7599],[-73.9786,40.7624],[-73.97769,40.76364],[-73.97446,40.76229],[-73.97765,40.75791],[-73.98089,40.75927],[-73.98043,40.7599]]]}},{"type":"Feature","properties":{"unit_id":"36047051400","name":"Census Tract 514 — Kings","native_id":"36047051400","source":"census_tract_2025","adm3_name":"Kings County","adm3_id":"36047","area_sqm":181082,"split":false},"geometry":{"type":"Polygon","coordinates":[[[-73.96409,40.64441],[-73.96313,40.64451],[-73.96216,40.64462],[-73.96121,40.64472],[-73.96002,40.64485],[-73.95802,40.64507],[-73.95792,40.64414],[-73.95875,40.64377],[-73.95973,40.64333],[-73.95938,40.64147],[-73.9605,40.64094],[-73.96139,40.64052],[-73.96228,40.6401],[-73.96319,40.63967],[-73.96356,40.64161],[-73.96409,40.64441]]]}},{"type":"Feature","properties":{"unit_id":"36061027100","name":"Census Tract 271 — New York","native_id":"36061027100","source":"census_tract_2025","adm3_name":"New York County","adm3_id":"36061","area_sqm":192909,"split":false},"geometry":{"type":"Polygon","coordinates":[[[-73.93666,40.85045],[-73.93572,40.85234],[-73.93654,40.85261],[-73.93629,40.85427],[-73.93604,40.85491],[-73.93463,40.8545],[-73.93371,40.85417],[-73.93223,40.85358],[-73.931,40.85306],[-73.93149,40.85238],[-73.93243,40.8511],[-73.93286,40.85051],[-73.93424,40.84863],[-73.93547,40.84915],[-73.9364,40.84954],[-73.93575,40.85017],[-73.93666,40.85045]]]}},{"type":"Feature","properties":{"unit_id":"36047055600","name":"Census Tract 556 — Kings","native_id":"36047055600","source":"census_tract_2025","adm3_name":"Kings County","adm3_id":"36047","area_sqm":193196,"split":false},"geometry":{"type":"Polygon","coordinates":[[[-73.96173,40.60536],[-73.96073,40.60547],[-73.95958,40.6056],[-73.95772,40.6058],[-73.95728,40.60347],[-73.95683,40.60109],[-73.95776,40.60099],[-73.95868,40.60088],[-73.95961,40.60078],[-73.96136,40.60059],[-73.96173,40.60536]]]}},{"type":"Feature","properties":{"unit_id":"36047019800","name":"Census Tract 198 — Kings","native_id":"36047019800","source":"census_tract_2025","adm3_name":"Kings County","adm3_id":"36047","area_sqm":134715,"split":false},"geometry":{"type":"Polygon","coordinates":[[[-74.0098,40.61802],[-74.00743,40.6203],[-74.00564,40.62202],[-74.00344,40.6207],[-74.00402,40.62014],[-74.00523,40.61897],[-74.00643,40.61781],[-74.0076,40.61669],[-74.0098,40.61802]]]}},{"type":"Feature","properties":{"unit_id":"36061017200","name":"Census Tract 172 — New York","native_id":"36061017200","source":"census_tract_2025","adm3_name":"New York County","adm3_id":"36061","area_sqm":177939,"split":false},"geometry":{"type":"Polygon","coordinates":[[[-73.9479,40.79293],[-73.94695,40.79423],[-73.94604,40.79547],[-73.9451,40.79676],[-73.94348,40.79607],[-73.94188,40.79541],[-73.9428,40.79413],[-73.94327,40.79349],[-73.94372,40.79287],[-73.94468,40.79157],[-73.94517,40.79089],[-73.94677,40.79157],[-73.94839,40.79226],[-73.9479,40.79293]]]}},{"type":"Feature","properties":{"unit_id":"36047114600","name":"Census Tract 1146 — Kings","native_id":"36047114600","source":"census_tract_2025","adm3_name":"Kings County","adm3_id":"36047","area_sqm":160101,"split":false},"geometry":{"type":"Polygon","coordinates":[[[-73.89654,40.67859],[-73.89319,40.68016],[-73.89233,40.68057],[-73.88977,40.6818],[-73.88941,40.68014],[-73.88901,40.67856],[-73.88988,40.6783],[-73.89167,40.67803],[-73.89258,40.6779],[-73.89622,40.67736],[-73.89654,40.67859]]]}},{"type":"Feature","properties":{"unit_id":"36061014700","name":"Census Tract 147 — New York","native_id":"36061014700","source":"census_tract_2025","adm3_name":"New York County","adm3_id":"36061","area_sqm":65417,"split":false},"geometry":{"type":"Polygon","coordinates":[[[-73.99045,40.77161],[-73.98999,40.77224],[-73.98954,40.77287],[-73.98669,40.77167],[-73.98715,40.77105],[-73.98762,40.77041],[-73.98806,40.76979],[-73.99091,40.77099],[-73.99045,40.77161]]]}},{"type":"Feature","properties":{"unit_id":"36047091800","name":"Census Tract 918 — Kings","native_id":"36047091800","source":"census_tract_2025","adm3_name":"Kings County","adm3_id":"36047","area_sqm":209632,"split":false},"geometry":{"type":"Polygon","coordinates":[[[-73.90892,40.66255],[-73.90517,40.66311],[-73.90238,40.66352],[-73.90145,40.66366],[-73.90066,40.66059],[-73.90439,40.66003],[-73.90627,40.65975],[-73.90719,40.65962],[-73.90758,40.66116],[-73.90852,40.66101],[-73.90892,40.66255]]]}},{"type":"Feature","properties":{"unit_id":"36061016200","name":"Census Tract 162 — New York","native_id":"36061016200","source":"census_tract_2025","adm3_name":"New York County","adm3_id":"36061","area_sqm":272018,"split":false},"geometry":{"type":"Polygon","coordinates":[[[-73.94472,40.78325],[-73.94332,40.78517],[-73.94194,40.78706],[-73.94102,40.78832],[-73.94056,40.78895],[-73.94007,40.78963],[-73.93956,40.79032],[-73.93913,40.79091],[-73.93865,40.79156],[-73.93774,40.79282],[-73.93534,40.79184],[-73.93505,40.79169],[-73.93179,40.79017],[-73.93624,40.78569],[-73.93543,40.78325],[-73.93062,40.78225],[-73.92771,40.78096],[-73.92575,40.7784],[-73.92632,40.77824],[-73.92828,40.7769],[-73.92988,40.77622],[-73.93185,40.77789],[-73.93441,40.77809],[-73.93761,40.78175],[-73.9436,40.78265],[-73.94405,40.78296],[-73.94472,40.78325]]]}},{"type":"Feature","properties":{"unit_id":"36061022700","name":"Census Tract 227 — New York","native_id":"36061022700","source":"census_tract_2025","adm3_name":"New York County","adm3_id":"36061","area_sqm":150708,"split":false},"geometry":{"type":"Polygon","coordinates":[[[-73.94947,40.82269],[-73.94901,40.82332],[-73.94855,40.82394],[-73.9481,40.82456],[-73.9476,40.82523],[-73.94622,40.82465],[-73.94476,40.82403],[-73.94384,40.82365],[-73.94292,40.82326],[-73.94351,40.82263],[-73.94515,40.82088],[-73.94608,40.82126],[-73.94808,40.82211],[-73.94992,40.82207],[-73.94947,40.82269]]]}},{"type":"Feature","properties":{"unit_id":"36061017800","name":"Census Tract 178 — New York","native_id":"36061017800","source":"census_tract_2025","adm3_name":"New York County","adm3_id":"36061","area_sqm":248850,"split":false},"geometry":{"type":"Polygon","coordinates":[[[-73.93726,40.79347],[-73.93591,40.79531],[-73.93491,40.79668],[-73.93399,40.79793],[-73.93174,40.79699],[-73.92978,40.79616],[-73.92926,40.79587],[-73.92726,40.79488],[-73.92837,40.79284],[-73.92651,40.79087],[-73.93016,40.79131],[-73.93179,40.79017],[-73.93505,40.79169],[-73.93534,40.79184],[-73.93774,40.79282],[-73.93726,40.79347]]]}},{"type":"Feature","properties":{"unit_id":"36047024100","name":"Census Tract 241 — Kings","native_id":"36047024100","source":"census_tract_2025","adm3_name":"Kings County","adm3_id":"36047","area_sqm":180215,"split":false},"geometry":{"type":"Polygon","coordinates":[[[-73.95614,40.69458],[-73.95431,40.69479],[-73.95249,40.695],[-73.95219,40.69353],[-73.9519,40.69206],[-73.95176,40.69133],[-73.95146,40.68986],[-73.95512,40.68944],[-73.95541,40.69091],[-73.95583,40.69299],[-73.95614,40.69458]]]}},{"type":"Feature","properties":{"unit_id":"36047028800","name":"Census Tract 288 — Kings","native_id":"36047028800","source":"census_tract_2025","adm3_name":"Kings County","adm3_id":"36047","area_sqm":152808,"split":false},"geometry":{"type":"Polygon","coordinates":[[[-73.99825,40.60461],[-73.99704,40.60577],[-73.99647,40.60633],[-73.99588,40.60689],[-73.9953,40.60744],[-73.9931,40.60612],[-73.99426,40.605],[-73.99485,40.60444],[-73.99543,40.60388],[-73.99605,40.60327],[-73.99782,40.60158],[-74.00002,40.60291],[-73.99825,40.60461]]]}},{"type":"Feature","properties":{"unit_id":"36047007100","name":"Census Tract 71 — Kings","native_id":"36047007100","source":"census_tract_2025","adm3_name":"Kings County","adm3_id":"36047","area_sqm":167530,"split":false},"geometry":{"type":"Polygon","coordinates":[[[-73.98956,40.68396],[-73.98913,40.68459],[-73.98871,40.68522],[-73.98829,40.68587],[-73.98612,40.68502],[-73.98395,40.68418],[-73.98438,40.68354],[-73.9848,40.68291],[-73.98523,40.68228],[-73.9861,40.68101],[-73.98767,40.68082],[-73.98728,40.68147],[-73.99042,40.68269],[-73.98956,40.68396]]]}},{"type":"Feature","properties":{"unit_id":"36047007700","name":"Census Tract 77 — Kings","native_id":"36047007700","source":"census_tract_2025","adm3_name":"Kings County","adm3_id":"36047","area_sqm":389422,"split":false},"geometry":{"type":"Polygon","coordinates":[[[-73.99935,40.6752],[-73.99873,40.67649],[-73.99807,40.67787],[-73.99767,40.67868],[-73.99728,40.6795],[-73.99689,40.68032],[-73.99653,40.68106],[-73.99465,40.68054],[-73.99489,40.6802],[-73.99259,40.67952],[-73.98939,40.67829],[-73.98991,40.67685],[-73.99043,40.67625],[-73.9908,40.67578],[-73.99257,40.67611],[-73.99528,40.67578],[-73.99855,40.67193],[-73.99862,40.67183],[-73.99992,40.674],[-73.99935,40.6752]]]}},{"type":"Feature","properties":{"unit_id":"36047036001","name":"Census Tract 360.01 — Kings","native_id":"36047036001","source":"census_tract_2025","adm3_name":"Kings County","adm3_id":"36047","area_sqm":94811,"split":false},"geometry":{"type":"Polygon","coordinates":[[[-73.96854,40.57629],[-73.96638,40.57655],[-73.9651,40.57683],[-73.96328,40.57721],[-73.96288,40.57498],[-73.96471,40.57478],[-73.96675,40.57483],[-73.96887,40.57524],[-73.96854,40.57629]]]}},{"type":"Feature","properties":{"unit_id":"36047014300","name":"Census Tract 143 — Kings","native_id":"36047014300","source":"census_tract_2025","adm3_name":"Kings County","adm3_id":"36047","area_sqm":217205,"split":false},"geometry":{"type":"Polygon","coordinates":[[[-73.99639,40.66495],[-73.9958,40.66552],[-73.99484,40.6668],[-73.99277,40.66551],[-73.99052,40.66416],[-73.98834,40.6628],[-73.98877,40.66243],[-73.98892,40.66228],[-73.99005,40.66114],[-73.99063,40.66058],[-73.99284,40.66191],[-73.99696,40.66439],[-73.99639,40.66495]]]}},{"type":"Feature","properties":{"unit_id":"36047062000","name":"Census Tract 620 — Kings","native_id":"36047062000","source":"census_tract_2025","adm3_name":"Kings County","adm3_id":"36047","area_sqm":319578,"split":false},"geometry":{"type":"Polygon","coordinates":[[[-73.95334,40.57927],[-73.94674,40.57999],[-73.94399,40.5803],[-73.94431,40.5822],[-73.94095,40.58191],[-73.94044,40.58188],[-73.9398,40.57832],[-73.94629,40.57761],[-73.95287,40.57688],[-73.95334,40.57927]]]}},{"type":"Feature","properties":{"unit_id":"36047005301","name":"Census Tract 53.01 — Kings","native_id":"36047005301","source":"census_tract_2025","adm3_name":"Kings County","adm3_id":"36047","area_sqm":575471,"split":false},"geometry":{"type":"Polygon","coordinates":[[[-74.01887,40.67158],[-74.01886,40.67224],[-74.01886,40.67224],[-74.01885,40.67452],[-74.01884,40.67653],[-74.01883,40.67959],[-74.01869,40.67968],[-74.01628,40.67865],[-74.01388,40.6808],[-74.0117,40.67936],[-74.00954,40.6779],[-74.01141,40.67632],[-74.00961,40.67512],[-74.01101,40.67223],[-74.01189,40.67044],[-74.01426,40.66974],[-74.01877,40.67081],[-74.01887,40.6713],[-74.01887,40.67158]]]}},{"type":"Feature","properties":{"unit_id":"36061013604","name":"Census Tract 136.04 — New York","native_id":"36061013604","source":"census_tract_2025","adm3_name":"New York County","adm3_id":"36061","area_sqm":71689,"split":false},"geometry":{"type":"Polygon","coordinates":[[[-73.9508,40.77493],[-73.95034,40.77556],[-73.94808,40.77461],[-73.94573,40.77362],[-73.9462,40.77298],[-73.94666,40.77235],[-73.94901,40.77334],[-73.95126,40.77429],[-73.9508,40.77493]]]}},{"type":"Feature","properties":{"unit_id":"36047069200","name":"Census Tract 692 — Kings","native_id":"36047069200","source":"census_tract_2025","adm3_name":"Kings County","adm3_id":"36047","area_sqm":182215,"split":false},"geometry":{"type":"Polygon","coordinates":[[[-73.9235,40.6238],[-73.92063,40.62398],[-73.92087,40.62625],[-73.91994,40.62631],[-73.918,40.62646],[-73.91751,40.62194],[-73.92039,40.62178],[-73.92136,40.62172],[-73.92326,40.6216],[-73.9235,40.6238]]]}},{"type":"Feature","properties":{"unit_id":"36061022000","name":"Census Tract 220 — New York","native_id":"36061022000","source":"census_tract_2025","adm3_name":"New York County","adm3_id":"36061","area_sqm":174954,"split":false},"geometry":{"type":"Polygon","coordinates":[[[-73.9535,40.80698],[-73.95292,40.80778],[-73.95258,40.80824],[-73.94974,40.80704],[-73.9469,40.80584],[-73.94735,40.80521],[-73.94781,40.80459],[-73.94827,40.80396],[-73.94873,40.80333],[-73.95157,40.80453],[-73.95442,40.80573],[-73.9535,40.80698]]]}},{"type":"Feature","properties":{"unit_id":"36047030000","name":"Census Tract 300 — Kings","native_id":"36047030000","source":"census_tract_2025","adm3_name":"Kings County","adm3_id":"36047","area_sqm":195051,"split":false},"geometry":{"type":"Polygon","coordinates":[[[-73.99336,40.59889],[-73.9916,40.60058],[-73.99015,40.59971],[-73.9894,40.59925],[-73.98866,40.5988],[-73.98719,40.59793],[-73.98575,40.59704],[-73.98527,40.59674],[-73.98506,40.59567],[-73.98502,40.59541],[-73.98468,40.59366],[-73.98602,40.59445],[-73.9875,40.59534],[-73.98822,40.59578],[-73.98896,40.59622],[-73.99042,40.5971],[-73.99191,40.598],[-73.99336,40.59889]]]}},{"type":"Feature","properties":{"unit_id":"36047005602","name":"Census Tract 56.02 — Kings","native_id":"36047005602","source":"census_tract_2025","adm3_name":"Kings County","adm3_id":"36047","area_sqm":135056,"split":false},"geometry":{"type":"Polygon","coordinates":[[[-74.03707,40.61382],[-74.03458,40.61486],[-74.03264,40.61401],[-74.03487,40.61137],[-74.03602,40.61027],[-74.03874,40.61325],[-74.03707,40.61382]]]}},{"type":"Feature","properties":{"unit_id":"36047039000","name":"Census Tract 390 — Kings","native_id":"36047039000","source":"census_tract_2025","adm3_name":"Kings County","adm3_id":"36047","area_sqm":173850,"split":false},"geometry":{"type":"Polygon","coordinates":[[[-73.96738,40.59546],[-73.96508,40.59572],[-73.96464,40.59333],[-73.96085,40.59374],[-73.96068,40.5916],[-73.96284,40.59136],[-73.96513,40.59111],[-73.96652,40.59095],[-73.96738,40.59546]]]}},{"type":"Feature","properties":{"unit_id":"36047059402","name":"Census Tract 594.02 — Kings","native_id":"36047059402","source":"census_tract_2025","adm3_name":"Kings County","adm3_id":"36047","area_sqm":322477,"split":false},"geometry":{"type":"Polygon","coordinates":[[[-73.94623,40.59779],[-73.94527,40.59789],[-73.94248,40.5982],[-73.94148,40.5983],[-73.94061,40.59381],[-73.93964,40.59392],[-73.93924,40.59179],[-73.9402,40.59168],[-73.94123,40.59157],[-73.94401,40.59126],[-73.94497,40.59116],[-73.94537,40.59328],[-73.94577,40.5954],[-73.94623,40.59779]]]}},{"type":"Feature","properties":{"unit_id":"36061029500","name":"Census Tract 295 — New York","native_id":"36061029500","source":"census_tract_2025","adm3_name":"New York County","adm3_id":"36061","area_sqm":135565,"split":false},"geometry":{"type":"Polygon","coordinates":[[[-73.92872,40.86674],[-73.92623,40.86851],[-73.92382,40.86902],[-73.92215,40.86915],[-73.92121,40.86769],[-73.92311,40.86702],[-73.925,40.86634],[-73.92727,40.86554],[-73.92806,40.8662],[-73.92872,40.86674]]]}},{"type":"Feature","properties":{"unit_id":"36047061004","name":"Census Tract 610.04 — Kings","native_id":"36047061004","source":"census_tract_2025","adm3_name":"Kings County","adm3_id":"36047","area_sqm":224494,"split":false},"geometry":{"type":"Polygon","coordinates":[[[-73.95966,40.57837],[-73.95654,40.58266],[-73.95604,40.58274],[-73.95414,40.58311],[-73.95403,40.58252],[-73.95334,40.57927],[-73.95287,40.57688],[-73.95404,40.57746],[-73.95483,40.57739],[-73.95605,40.57777],[-73.95665,40.57795],[-73.95781,40.57827],[-73.95963,40.57799],[-73.95966,40.57837]]]}},{"type":"Feature","properties":{"unit_id":"36047100600","name":"Census Tract 1006 — Kings","native_id":"36047100600","source":"census_tract_2025","adm3_name":"Kings County","adm3_id":"36047","area_sqm":152116,"split":false},"geometry":{"type":"Polygon","coordinates":[[[-73.90415,40.63295],[-73.90126,40.63482],[-73.89945,40.63318],[-73.89763,40.63155],[-73.90051,40.62969],[-73.90233,40.63132],[-73.90415,40.63295]]]}},{"type":"Feature","properties":{"unit_id":"36047001502","name":"Census Tract 15.02 — Kings","native_id":"36047001502","source":"census_tract_2025","adm3_name":"Kings County","adm3_id":"36047","area_sqm":142146,"split":false},"geometry":{"type":"Polygon","coordinates":[[[-73.98528,40.69216],[-73.98514,40.69488],[-73.98245,40.6948],[-73.98251,40.69361],[-73.98239,40.69297],[-73.98174,40.69202],[-73.98208,40.69129],[-73.98136,40.68993],[-73.98351,40.68992],[-73.98536,40.69067],[-73.98528,40.69216]]]}},{"type":"Feature","properties":{"unit_id":"36061015900","name":"Census Tract 159 — New York","native_id":"36061015900","source":"census_tract_2025","adm3_name":"New York County","adm3_id":"36061","area_sqm":175135,"split":false},"geometry":{"type":"Polygon","coordinates":[[[-73.99487,40.78384],[-73.99048,40.78238],[-73.98814,40.78141],[-73.98731,40.78104],[-73.98568,40.78031],[-73.98507,40.78178],[-73.98351,40.78113],[-73.98152,40.78028],[-73.98067,40.77992],[-73.98113,40.77929],[-73.98162,40.77861],[-73.98212,40.77792],[-73.98258,40.7773],[-73.98545,40.77848],[-73.98709,40.77916],[-73.98919,40.77994],[-73.99579,40.78257],[-73.99487,40.78384]]]}},{"type":"Feature","properties":{"unit_id":"36047042100","name":"Census Tract 421 — Kings","native_id":"36047042100","source":"census_tract_2025","adm3_name":"Kings County","adm3_id":"36047","area_sqm":153368,"split":false},"geometry":{"type":"Polygon","coordinates":[[[-73.92725,40.69614],[-73.92527,40.69816],[-73.92383,40.69963],[-73.92308,40.6992],[-73.92233,40.69877],[-73.92157,40.69835],[-73.92082,40.69792],[-73.92425,40.69443],[-73.92499,40.69485],[-73.92575,40.69528],[-73.9265,40.69571],[-73.92725,40.69614]]]}},{"type":"Feature","properties":{"unit_id":"36061004800","name":"Census Tract 48 — New York","native_id":"36061004800","source":"census_tract_2025","adm3_name":"New York County","adm3_id":"36061","area_sqm":175762,"split":false},"geometry":{"type":"Polygon","coordinates":[[[-73.98668,40.73398],[-73.98621,40.73462],[-73.98579,40.73521],[-73.98536,40.73579],[-73.98493,40.73638],[-73.9827,40.73543],[-73.98028,40.73441],[-73.98071,40.73381],[-73.98113,40.73324],[-73.98156,40.73264],[-73.98256,40.73136],[-73.98494,40.73235],[-73.98718,40.73329],[-73.98668,40.73398]]]}},{"type":"Feature","properties":{"unit_id":"36061027900","name":"Census Tract 279 — New York","native_id":"36061027900","source":"census_tract_2025","adm3_name":"New York County","adm3_id":"36061","area_sqm":180013,"split":false},"geometry":{"type":"Polygon","coordinates":[[[-73.93463,40.8545],[-73.93368,40.85678],[-73.93215,40.85953],[-73.93131,40.85933],[-73.93182,40.85827],[-73.93263,40.85672],[-73.93148,40.85685],[-73.92973,40.85738],[-73.92823,40.85717],[-73.92827,40.85681],[-73.92841,40.85661],[-73.92872,40.85618],[-73.92964,40.85491],[-73.93054,40.85368],[-73.931,40.85306],[-73.93223,40.85358],[-73.93371,40.85417],[-73.93463,40.8545]]]}},{"type":"Feature","properties":{"unit_id":"36047052500","name":"Census Tract 525 — Kings","native_id":"36047052500","source":"census_tract_2025","adm3_name":"Kings County","adm3_id":"36047","area_sqm":124144,"split":false},"geometry":{"type":"Polygon","coordinates":[[[-73.96257,40.70853],[-73.96241,40.70935],[-73.96229,40.70992],[-73.96204,40.71036],[-73.9613,40.71028],[-73.96038,40.71],[-73.95843,40.71019],[-73.95662,40.71038],[-73.95749,40.70908],[-73.9579,40.70843],[-73.95846,40.70725],[-73.9594,40.70735],[-73.96114,40.70752],[-73.96274,40.70768],[-73.96257,40.70853]]]}},{"type":"Feature","properties":{"unit_id":"36047110400","name":"Census Tract 1104 — Kings","native_id":"36047110400","source":"census_tract_2025","adm3_name":"Kings County","adm3_id":"36047","area_sqm":742525,"split":false},"geometry":{"type":"Polygon","coordinates":[[[-73.89617,40.65797],[-73.89328,40.65923],[-73.89165,40.65993],[-73.89002,40.66064],[-73.88838,40.66134],[-73.88681,40.66201],[-73.88186,40.66415],[-73.88089,40.66283],[-73.88413,40.66143],[-73.88291,40.65978],[-73.88458,40.65906],[-73.88779,40.65768],[-73.88669,40.6562],[-73.88568,40.65485],[-73.88465,40.65345],[-73.88628,40.65276],[-73.88999,40.65114],[-73.89137,40.65237],[-73.89355,40.6552],[-73.89538,40.65772],[-73.89611,40.65775],[-73.89617,40.65797]]]}},{"type":"Feature","properties":{"unit_id":"36047078802","name":"Census Tract 788.02 — Kings","native_id":"36047078802","source":"census_tract_2025","adm3_name":"Kings County","adm3_id":"36047","area_sqm":63958,"split":false},"geometry":{"type":"Polygon","coordinates":[[[-73.94827,40.63861],[-73.94537,40.63879],[-73.94512,40.63645],[-73.94801,40.63627],[-73.94827,40.63861]]]}},{"type":"Feature","properties":{"unit_id":"36047078200","name":"Census Tract 782 — Kings","native_id":"36047078200","source":"census_tract_2025","adm3_name":"Kings County","adm3_id":"36047","area_sqm":168304,"split":false},"geometry":{"type":"Polygon","coordinates":[[[-73.94537,40.63879],[-73.9425,40.63896],[-73.94153,40.63902],[-73.93966,40.63914],[-73.93776,40.63926],[-73.93751,40.63692],[-73.94128,40.63669],[-73.94225,40.63663],[-73.94415,40.63651],[-73.94512,40.63645],[-73.94537,40.63879]]]}},{"type":"Feature","properties":{"unit_id":"36047020100","name":"Census Tract 201 — Kings","native_id":"36047020100","source":"census_tract_2025","adm3_name":"Kings County","adm3_id":"36047","area_sqm":175379,"split":false},"geometry":{"type":"Polygon","coordinates":[[[-73.96552,40.68674],[-73.96351,40.68698],[-73.96255,40.68709],[-73.96211,40.68489],[-73.96167,40.68269],[-73.96161,40.68238],[-73.96131,40.68046],[-73.96445,40.68113],[-73.96478,40.68304],[-73.96508,40.68455],[-73.96552,40.68674]]]}},{"type":"Feature","properties":{"unit_id":"36061024000","name":"Census Tract 240 — New York","native_id":"36061024000","source":"census_tract_2025","adm3_name":"New York County","adm3_id":"36061","area_sqm":2183933,"split":false},"geometry":{"type":"Polygon","coordinates":[[[-73.93624,40.78569],[-73.93179,40.79017],[-73.93016,40.79131],[-73.92651,40.79087],[-73.92837,40.79284],[-73.92726,40.79488],[-73.9276,40.79803],[-73.92529,40.802],[-73.92508,40.80252],[-73.92302,40.80242],[-73.91986,40.79935],[-73.91362,40.79679],[-73.91246,40.7961],[-73.91067,40.79312],[-73.9103,40.79066],[-73.91207,40.78934],[-73.91534,40.78612],[-73.91717,40.78419],[-73.91997,40.78263],[-73.92482,40.77876],[-73.92575,40.7784],[-73.92771,40.78096],[-73.93062,40.78225],[-73.93543,40.78325],[-73.93624,40.78569]]]}},{"type":"Feature","properties":{"unit_id":"36061018000","name":"Census Tract 180 — New York","native_id":"36061018000","source":"census_tract_2025","adm3_name":"New York County","adm3_id":"36061","area_sqm":212522,"split":false},"geometry":{"type":"Polygon","coordinates":[[[-73.9428,40.79413],[-73.94188,40.79541],[-73.94093,40.7967],[-73.94052,40.79726],[-73.93828,40.7963],[-73.93591,40.79531],[-73.93726,40.79347],[-73.93774,40.79282],[-73.93865,40.79156],[-73.94103,40.79255],[-73.94327,40.79349],[-73.9428,40.79413]]]}},{"type":"Feature","properties":{"unit_id":"36047090000","name":"Census Tract 900 — Kings","native_id":"36047090000","source":"census_tract_2025","adm3_name":"Kings County","adm3_id":"36047","area_sqm":246190,"split":false},"geometry":{"type":"Polygon","coordinates":[[[-73.92439,40.66638],[-73.92275,40.6671],[-73.92187,40.66748],[-73.92102,40.66785],[-73.92004,40.66828],[-73.91923,40.66863],[-73.91838,40.669],[-73.91748,40.66939],[-73.91731,40.66871],[-73.91627,40.66465],[-73.91722,40.66451],[-73.91814,40.66437],[-73.9191,40.66423],[-73.92005,40.66409],[-73.92097,40.66395],[-73.92166,40.66384],[-73.9221,40.66425],[-73.92288,40.66495],[-73.92439,40.66638]]]}},{"type":"Feature","properties":{"unit_id":"36047012000","name":"Census Tract 120 — Kings","native_id":"36047012000","source":"census_tract_2025","adm3_name":"Kings County","adm3_id":"36047","area_sqm":193342,"split":false},"geometry":{"type":"Polygon","coordinates":[[[-74.01631,40.6359],[-74.01191,40.63323],[-74.01074,40.63436],[-74.00702,40.63211],[-74.00846,40.63115],[-74.01,40.63011],[-74.01514,40.63322],[-74.01592,40.63338],[-74.01675,40.63544],[-74.01631,40.6359]]]}},{"type":"Feature","properties":{"unit_id":"36047039800","name":"Census Tract 398 — Kings","native_id":"36047039800","source":"census_tract_2025","adm3_name":"Kings County","adm3_id":"36047","area_sqm":202902,"split":false},"geometry":{"type":"Polygon","coordinates":[[[-73.98036,40.59619],[-73.97751,40.59651],[-73.97651,40.59662],[-73.97559,40.59672],[-73.97408,40.59688],[-73.97148,40.59717],[-73.97133,40.59635],[-73.97177,40.59511],[-73.97178,40.59376],[-73.97541,40.59412],[-73.97611,40.5945],[-73.9771,40.59439],[-73.97996,40.59407],[-73.98036,40.59619]]]}},{"type":"Feature","properties":{"unit_id":"36047081800","name":"Census Tract 818 — Kings","native_id":"36047081800","source":"census_tract_2025","adm3_name":"Kings County","adm3_id":"36047","area_sqm":157920,"split":false},"geometry":{"type":"Polygon","coordinates":[[[-73.95007,40.65542],[-73.94716,40.65559],[-73.94703,40.65434],[-73.94607,40.65441],[-73.9459,40.65286],[-73.94571,40.65101],[-73.94667,40.65095],[-73.94859,40.65085],[-73.94957,40.65081],[-73.94967,40.6517],[-73.94977,40.65264],[-73.94993,40.65415],[-73.95007,40.65542]]]}},{"type":"Feature","properties":{"unit_id":"36047038200","name":"Census Tract 382 — Kings","native_id":"36047038200","source":"census_tract_2025","adm3_name":"Kings County","adm3_id":"36047","area_sqm":233431,"split":false},"geometry":{"type":"Polygon","coordinates":[[[-73.98464,40.59355],[-73.98367,40.59366],[-73.98179,40.59387],[-73.98071,40.594],[-73.97876,40.59282],[-73.97848,40.58965],[-73.98094,40.58938],[-73.9838,40.58904],[-73.98409,40.59057],[-73.9842,40.59117],[-73.98464,40.59355]]]}},{"type":"Feature","properties":{"unit_id":"36047050001","name":"Census Tract 500.01 — Kings","native_id":"36047050001","source":"census_tract_2025","adm3_name":"Kings County","adm3_id":"36047","area_sqm":140050,"split":false},"geometry":{"type":"Polygon","coordinates":[[[-73.98071,40.64952],[-73.97872,40.65029],[-73.97635,40.65122],[-73.97553,40.6497],[-73.97496,40.6478],[-73.97518,40.64782],[-73.97819,40.64753],[-73.98029,40.6473],[-73.98036,40.64769],[-73.98071,40.64952]]]}},{"type":"Feature","properties":{"unit_id":"36061017900","name":"Census Tract 179 — New York","native_id":"36061017900","source":"census_tract_2025","adm3_name":"New York County","adm3_id":"36061","area_sqm":213907,"split":false},"geometry":{"type":"Polygon","coordinates":[[[-73.9848,40.79769],[-73.98442,40.79822],[-73.97832,40.79569],[-73.97623,40.79483],[-73.97416,40.79395],[-73.97274,40.79335],[-73.97132,40.79275],[-73.97177,40.79213],[-73.97223,40.7915],[-73.97315,40.79024],[-73.97456,40.79084],[-73.97599,40.79144],[-73.97769,40.79216],[-73.98011,40.79313],[-73.98631,40.79562],[-73.9848,40.79769]]]}},{"type":"Feature","properties":{"unit_id":"36047029200","name":"Census Tract 292 — Kings","native_id":"36047029200","source":"census_tract_2025","adm3_name":"Kings County","adm3_id":"36047","area_sqm":205508,"split":false},"geometry":{"type":"Polygon","coordinates":[[[-74.00495,40.59817],[-74.00382,40.59746],[-74.00269,40.59704],[-74.00169,40.59786],[-74.00122,40.59831],[-74.00074,40.59877],[-73.99945,40.60001],[-73.99782,40.60158],[-73.99559,40.60023],[-73.99734,40.59855],[-73.99867,40.59727],[-73.99951,40.59648],[-73.99998,40.59602],[-74.00007,40.59593],[-74.00139,40.59467],[-74.00392,40.59658],[-74.00454,40.59705],[-74.0055,40.59762],[-74.00495,40.59817]]]}},{"type":"Feature","properties":{"unit_id":"36061001401","name":"Census Tract 14.01 — New York","native_id":"36061001401","source":"census_tract_2025","adm3_name":"New York County","adm3_id":"36061","area_sqm":93505,"split":false},"geometry":{"type":"Polygon","coordinates":[[[-73.98975,40.71555],[-73.98915,40.71671],[-73.98837,40.71645],[-73.98672,40.71595],[-73.98501,40.71544],[-73.98334,40.71493],[-73.98245,40.7147],[-73.98534,40.71446],[-73.98717,40.71431],[-73.98934,40.71413],[-73.99022,40.7144],[-73.98975,40.71555]]]}},{"type":"Feature","properties":{"unit_id":"36047043900","name":"Census Tract 439 — Kings","native_id":"36047043900","source":"census_tract_2025","adm3_name":"Kings County","adm3_id":"36047","area_sqm":200003,"split":false},"geometry":{"type":"Polygon","coordinates":[[[-73.91406,40.69884],[-73.91142,40.70149],[-73.91068,40.70105],[-73.91181,40.69994],[-73.91104,40.69953],[-73.90877,40.69826],[-73.90802,40.69783],[-73.90612,40.69675],[-73.90426,40.6957],[-73.90491,40.69507],[-73.9058,40.69413],[-73.90654,40.69456],[-73.90805,40.69542],[-73.9088,40.69584],[-73.90955,40.69627],[-73.91105,40.69713],[-73.91181,40.69755],[-73.91256,40.69798],[-73.91406,40.69884]]]}},{"type":"Feature","properties":{"unit_id":"36047051002","name":"Census Tract 510.02 — Kings","native_id":"36047051002","source":"census_tract_2025","adm3_name":"Kings County","adm3_id":"36047","area_sqm":107067,"split":false},"geometry":{"type":"Polygon","coordinates":[[[-73.96219,40.64979],[-73.96101,40.65008],[-73.95871,40.65039],[-73.95815,40.64777],[-73.95814,40.6475],[-73.96047,40.64724],[-73.96167,40.64711],[-73.96193,40.64851],[-73.96308,40.64944],[-73.96219,40.64979]]]}},{"type":"Feature","properties":{"unit_id":"36047049800","name":"Census Tract 498 — Kings","native_id":"36047049800","source":"census_tract_2025","adm3_name":"Kings County","adm3_id":"36047","area_sqm":204347,"split":false},"geometry":{"type":"Polygon","coordinates":[[[-73.98835,40.64456],[-73.98528,40.64577],[-73.98307,40.64663],[-73.9818,40.64713],[-73.98133,40.64718],[-73.98029,40.6473],[-73.97819,40.64753],[-73.97777,40.64534],[-73.97988,40.64511],[-73.98091,40.64499],[-73.98398,40.64381],[-73.9859,40.64307],[-73.98673,40.64357],[-73.98835,40.64456]]]}},{"type":"Feature","properties":{"unit_id":"36047120801","name":"Census Tract 1208.01 — Kings","native_id":"36047120801","source":"census_tract_2025","adm3_name":"Kings County","adm3_id":"36047","area_sqm":202188,"split":false},"geometry":{"type":"Polygon","coordinates":[[[-73.8713,40.67286],[-73.87037,40.67301],[-73.86945,40.67314],[-73.86667,40.67354],[-73.86628,40.67201],[-73.86593,40.67062],[-73.86555,40.66912],[-73.86833,40.66873],[-73.87011,40.66801],[-73.87056,40.6698],[-73.87094,40.67133],[-73.8713,40.67286]]]}},{"type":"Feature","properties":{"unit_id":"36047101400","name":"Census Tract 1014 — Kings","native_id":"36047101400","source":"census_tract_2025","adm3_name":"Kings County","adm3_id":"36047","area_sqm":154954,"split":false},"geometry":{"type":"Polygon","coordinates":[[[-73.89396,40.64234],[-73.89176,40.64376],[-73.89102,40.64424],[-73.8892,40.64261],[-73.88739,40.64098],[-73.89033,40.63908],[-73.89214,40.64071],[-73.89396,40.64234]]]}},{"type":"Feature","properties":{"unit_id":"36047028900","name":"Census Tract 289 — Kings","native_id":"36047028900","source":"census_tract_2025","adm3_name":"Kings County","adm3_id":"36047","area_sqm":165739,"split":false},"geometry":{"type":"Polygon","coordinates":[[[-73.9372,40.69375],[-73.93134,40.69442],[-73.93146,40.69485],[-73.93115,40.69467],[-73.92781,40.69277],[-73.92751,40.6926],[-73.92799,40.69256],[-73.93091,40.69223],[-73.93676,40.69156],[-73.9369,40.69229],[-73.93705,40.69302],[-73.9372,40.69375]]]}},{"type":"Feature","properties":{"unit_id":"36061019500","name":"Census Tract 195 — New York","native_id":"36061019500","source":"census_tract_2025","adm3_name":"New York County","adm3_id":"36061","area_sqm":218436,"split":false},"geometry":{"type":"Polygon","coordinates":[[[-73.97725,40.80808],[-73.97113,40.8058],[-73.96805,40.80468],[-73.9667,40.80417],[-73.96386,40.80297],[-73.96476,40.80174],[-73.96522,40.80111],[-73.96571,40.80044],[-73.96788,40.80135],[-73.96858,40.80164],[-73.97005,40.80226],[-73.9729,40.80338],[-73.97894,40.80576],[-73.97725,40.80808]]]}},{"type":"Feature","properties":{"unit_id":"36061004100","name":"Census Tract 41 — New York","native_id":"36061004100","source":"census_tract_2025","adm3_name":"New York County","adm3_id":"36061","area_sqm":191278,"split":false},"geometry":{"type":"Polygon","coordinates":[[[-73.99996,40.71802],[-73.99765,40.72084],[-73.99712,40.7223],[-73.99627,40.72195],[-73.99546,40.72162],[-73.9938,40.72094],[-73.99438,40.71952],[-73.99481,40.71846],[-73.99606,40.71623],[-73.99698,40.71654],[-73.99776,40.71681],[-73.99859,40.7171],[-73.99931,40.71755],[-73.99996,40.71802]]]}},{"type":"Feature","properties":{"unit_id":"36061021900","name":"Census Tract 219 — New York","native_id":"36061021900","source":"census_tract_2025","adm3_name":"New York County","adm3_id":"36061","area_sqm":279413,"split":false},"geometry":{"type":"Polygon","coordinates":[[[-73.96599,40.82335],[-73.96001,40.82042],[-73.95942,40.82023],[-73.95887,40.82001],[-73.95602,40.8188],[-73.95545,40.81938],[-73.95272,40.81824],[-73.95319,40.81759],[-73.95455,40.81574],[-73.95571,40.81414],[-73.95627,40.81338],[-73.95755,40.81483],[-73.95829,40.81569],[-73.95949,40.81701],[-73.96069,40.81751],[-73.96157,40.81791],[-73.96207,40.8181],[-73.96298,40.81851],[-73.96796,40.82085],[-73.96599,40.82335]]]}},{"type":"Feature","properties":{"unit_id":"36047043500","name":"Census Tract 435 — Kings","native_id":"36047043500","source":"census_tract_2025","adm3_name":"Kings County","adm3_id":"36047","area_sqm":168159,"split":false},"geometry":{"type":"Polygon","coordinates":[[[-73.91556,40.69492],[-73.91411,40.6964],[-73.91256,40.69798],[-73.91181,40.69755],[-73.91105,40.69713],[-73.90955,40.69627],[-73.9088,40.69584],[-73.91036,40.69426],[-73.91181,40.69279],[-73.91331,40.69364],[-73.91406,40.69407],[-73.91481,40.6945],[-73.91556,40.69492]]]}},{"type":"Feature","properties":{"unit_id":"36047022800","name":"Census Tract 228 — Kings","native_id":"36047022800","source":"census_tract_2025","adm3_name":"Kings County","adm3_id":"36047","area_sqm":167374,"split":false},"geometry":{"type":"Polygon","coordinates":[[[-73.98409,40.6393],[-73.98292,40.64042],[-73.98234,40.64098],[-73.98299,40.64133],[-73.98123,40.64205],[-73.98042,40.64238],[-73.97987,40.63952],[-73.97939,40.63693],[-73.97968,40.63664],[-73.98027,40.63608],[-73.98247,40.63741],[-73.98467,40.63873],[-73.98409,40.6393]]]}},{"type":"Feature","properties":{"unit_id":"36061012901","name":"Census Tract 129.01 — New York","native_id":"36061012901","source":"census_tract_2025","adm3_name":"New York County","adm3_id":"36061","area_sqm":219166,"split":false},"geometry":{"type":"Polygon","coordinates":[[[-74.00658,40.76775],[-74.00206,40.76591],[-73.9989,40.76459],[-73.99849,40.76424],[-73.99646,40.76338],[-73.99361,40.76218],[-73.99407,40.76155],[-73.99453,40.76093],[-73.99498,40.7603],[-73.99547,40.75963],[-73.99623,40.75995],[-73.99832,40.76082],[-74.00104,40.76197],[-74.00172,40.76221],[-74.0086,40.76498],[-74.00658,40.76775]]]}},{"type":"Feature","properties":{"unit_id":"36047019700","name":"Census Tract 197 — Kings","native_id":"36047019700","source":"census_tract_2025","adm3_name":"Kings County","adm3_id":"36047","area_sqm":169819,"split":false},"geometry":{"type":"Polygon","coordinates":[[[-73.97013,40.68951],[-73.9691,40.68947],[-73.96808,40.68945],[-73.96712,40.68956],[-73.96613,40.68967],[-73.96519,40.68978],[-73.96481,40.68833],[-73.96284,40.68856],[-73.96255,40.68709],[-73.96351,40.68698],[-73.96552,40.68674],[-73.96749,40.68652],[-73.96949,40.68629],[-73.96978,40.68775],[-73.97013,40.68951]]]}},{"type":"Feature","properties":{"unit_id":"36047032500","name":"Census Tract 325 — Kings","native_id":"36047032500","source":"census_tract_2025","adm3_name":"Kings County","adm3_id":"36047","area_sqm":168414,"split":false},"geometry":{"type":"Polygon","coordinates":[[[-73.95924,40.66714],[-73.95861,40.6689],[-73.95797,40.67066],[-73.95527,40.67012],[-73.95591,40.66836],[-73.95622,40.66748],[-73.95654,40.6666],[-73.95686,40.66572],[-73.95729,40.6643],[-73.96034,40.66411],[-73.95924,40.66714]]]}},{"type":"Feature","properties":{"unit_id":"36047060800","name":"Census Tract 608 — Kings","native_id":"36047060800","source":"census_tract_2025","adm3_name":"Kings County","adm3_id":"36047","area_sqm":401159,"split":false},"geometry":{"type":"Polygon","coordinates":[[[-73.96026,40.58504],[-73.95668,40.58536],[-73.95398,40.58571],[-73.95124,40.58492],[-73.94987,40.58486],[-73.94764,40.585],[-73.94669,40.58507],[-73.94387,40.5853],[-73.94106,40.58566],[-73.93914,40.58598],[-73.93903,40.58541],[-73.93874,40.5839],[-73.94139,40.58334],[-73.94095,40.58191],[-73.94431,40.5822],[-73.94941,40.58243],[-73.95342,40.58261],[-73.95403,40.58252],[-73.95414,40.58311],[-73.95604,40.58274],[-73.95654,40.58266],[-73.95685,40.58286],[-73.95901,40.58287],[-73.96003,40.58321],[-73.96023,40.58452],[-73.96026,40.58504]]]}},{"type":"Feature","properties":{"unit_id":"36047049600","name":"Census Tract 496 — Kings","native_id":"36047049600","source":"census_tract_2025","adm3_name":"Kings County","adm3_id":"36047","area_sqm":202972,"split":false},"geometry":{"type":"Polygon","coordinates":[[[-73.98398,40.64381],[-73.98091,40.64499],[-73.97988,40.64511],[-73.97777,40.64534],[-73.97483,40.64566],[-73.97466,40.64481],[-73.97658,40.644],[-73.97833,40.64327],[-73.97902,40.64297],[-73.97944,40.6428],[-73.98042,40.64238],[-73.98123,40.64205],[-73.98299,40.64133],[-73.9859,40.64307],[-73.98398,40.64381]]]}},{"type":"Feature","properties":{"unit_id":"36061006000","name":"Census Tract 60 — New York","native_id":"36061006000","source":"census_tract_2025","adm3_name":"New York County","adm3_id":"36061","area_sqm":118944,"split":false},"geometry":{"type":"Polygon","coordinates":[[[-73.97891,40.73616],[-73.9785,40.73679],[-73.97514,40.73539],[-73.97443,40.73531],[-73.97355,40.73494],[-73.96121,40.72951],[-73.96121,40.72815],[-73.96144,40.7273],[-73.97365,40.73231],[-73.97424,40.73254],[-73.97542,40.733],[-73.97698,40.73373],[-73.97772,40.73404],[-73.97986,40.73497],[-73.97891,40.73616]]]}},{"type":"Feature","properties":{"unit_id":"36047044901","name":"Census Tract 449.01 — Kings","native_id":"36047044901","source":"census_tract_2025","adm3_name":"Kings County","adm3_id":"36047","area_sqm":386035,"split":false},"geometry":{"type":"Polygon","coordinates":[[[-73.94109,40.72231],[-73.94022,40.72289],[-73.93931,40.72335],[-73.93891,40.72358],[-73.93676,40.72484],[-73.93619,40.72434],[-73.93559,40.72299],[-73.93504,40.72167],[-73.9365,40.72125],[-73.93588,40.71986],[-73.9347,40.71721],[-73.93634,40.71678],[-73.93561,40.71519],[-73.9387,40.71532],[-73.94002,40.71581],[-73.94049,40.71868],[-73.94109,40.72231]]]}},{"type":"Feature","properties":{"unit_id":"36047029800","name":"Census Tract 298 — Kings","native_id":"36047029800","source":"census_tract_2025","adm3_name":"Kings County","adm3_id":"36047","area_sqm":220827,"split":false},"geometry":{"type":"Polygon","coordinates":[[[-73.99039,40.60174],[-73.98981,40.6023],[-73.98864,40.60342],[-73.98685,40.6051],[-73.98588,40.59996],[-73.98549,40.59793],[-73.98527,40.59674],[-73.98575,40.59704],[-73.98719,40.59793],[-73.98866,40.5988],[-73.9894,40.59925],[-73.99015,40.59971],[-73.9916,40.60058],[-73.99039,40.60174]]]}},{"type":"Feature","properties":{"unit_id":"36047093800","name":"Census Tract 938 — Kings","native_id":"36047093800","source":"census_tract_2025","adm3_name":"Kings County","adm3_id":"36047","area_sqm":131105,"split":false},"geometry":{"type":"Polygon","coordinates":[[[-73.92655,40.65239],[-73.92561,40.65245],[-73.92367,40.65254],[-73.92285,40.65246],[-73.92359,40.65052],[-73.92252,40.65059],[-73.92231,40.64866],[-73.92325,40.6486],[-73.92612,40.64842],[-73.92633,40.65035],[-73.92655,40.65239]]]}},{"type":"Feature","properties":{"unit_id":"36061002500","name":"Census Tract 25 — New York","native_id":"36061002500","source":"census_tract_2025","adm3_name":"New York County","adm3_id":"36061","area_sqm":131517,"split":false},"geometry":{"type":"Polygon","coordinates":[[[-74.00078,40.71064],[-74.00051,40.71098],[-73.9997,40.71178],[-73.99695,40.71207],[-73.99678,40.71136],[-73.99644,40.7102],[-73.99635,40.70978],[-73.99622,40.70918],[-73.996,40.70889],[-73.99369,40.70448],[-73.9945,40.70432],[-73.99918,40.70802],[-73.99949,40.70828],[-74.00142,40.70981],[-74.00078,40.71064]]]}},{"type":"Feature","properties":{"unit_id":"36061014601","name":"Census Tract 146.01 — New York","native_id":"36061014601","source":"census_tract_2025","adm3_name":"New York County","adm3_id":"36061","area_sqm":74344,"split":false},"geometry":{"type":"Polygon","coordinates":[[[-73.95448,40.77814],[-73.95398,40.77882],[-73.95174,40.77788],[-73.94937,40.77688],[-73.94987,40.7762],[-73.95034,40.77556],[-73.9527,40.77656],[-73.95494,40.7775],[-73.95448,40.77814]]]}},{"type":"Feature","properties":{"unit_id":"36061029700","name":"Census Tract 297 — New York","native_id":"36061029700","source":"census_tract_2025","adm3_name":"New York County","adm3_id":"36061","area_sqm":948118,"split":false},"geometry":{"type":"Polygon","coordinates":[[[-73.93379,40.88221],[-73.92497,40.87914],[-73.9226,40.87878],[-73.92163,40.87832],[-73.91981,40.87658],[-73.9152,40.87558],[-73.91053,40.87407],[-73.91048,40.87401],[-73.91143,40.8733],[-73.91227,40.87252],[-73.91401,40.87116],[-73.91506,40.8716],[-73.91628,40.87212],[-73.91846,40.87302],[-73.91946,40.87225],[-73.91926,40.87101],[-73.92133,40.86957],[-73.92215,40.86915],[-73.92382,40.86902],[-73.92623,40.86851],[-73.92872,40.86674],[-73.93252,40.86991],[-73.93835,40.87475],[-73.93379,40.88221]]]}},{"type":"Feature","properties":{"unit_id":"36047014102","name":"Census Tract 141.02 — Kings","native_id":"36047014102","source":"census_tract_2025","adm3_name":"Kings County","adm3_id":"36047","area_sqm":89630,"split":false},"geometry":{"type":"Polygon","coordinates":[[[-73.99173,40.66674],[-73.98931,40.66557],[-73.98695,40.66443],[-73.98745,40.66382],[-73.98834,40.6628],[-73.99052,40.66416],[-73.99277,40.66551],[-73.99173,40.66674]]]}},{"type":"Feature","properties":{"unit_id":"36061022500","name":"Census Tract 225 — New York","native_id":"36061022500","source":"census_tract_2025","adm3_name":"New York County","adm3_id":"36061","area_sqm":262466,"split":false},"geometry":{"type":"Polygon","coordinates":[[[-73.96318,40.8269],[-73.96236,40.82881],[-73.95746,40.82687],[-73.95185,40.82451],[-73.94969,40.8236],[-73.94901,40.82332],[-73.94947,40.82269],[-73.94992,40.82207],[-73.95083,40.82083],[-73.95291,40.8217],[-73.95368,40.82202],[-73.9557,40.82288],[-73.95722,40.82323],[-73.95919,40.82434],[-73.96366,40.8263],[-73.96318,40.8269]]]}},{"type":"Feature","properties":{"unit_id":"36061013400","name":"Census Tract 134 — New York","native_id":"36061013400","source":"census_tract_2025","adm3_name":"New York County","adm3_id":"36061","area_sqm":181768,"split":false},"geometry":{"type":"Polygon","coordinates":[[[-73.95872,40.77233],[-73.95825,40.77296],[-73.95779,40.7736],[-73.95729,40.77428],[-73.95506,40.77334],[-73.95269,40.77234],[-73.95319,40.77166],[-73.95365,40.77102],[-73.95411,40.77039],[-73.95458,40.76976],[-73.95504,40.76912],[-73.9574,40.77012],[-73.95964,40.77106],[-73.95872,40.77233]]]}},{"type":"Feature","properties":{"unit_id":"36047013800","name":"Census Tract 138 — Kings","native_id":"36047013800","source":"census_tract_2025","adm3_name":"Kings County","adm3_id":"36047","area_sqm":162579,"split":false},"geometry":{"type":"Polygon","coordinates":[[[-74.02799,40.62368],[-74.02773,40.6243],[-74.02715,40.62573],[-74.02714,40.62576],[-74.02686,40.62646],[-74.02656,40.62719],[-74.02415,40.62578],[-74.02179,40.62436],[-74.02239,40.6229],[-74.02475,40.62432],[-74.02535,40.62286],[-74.02621,40.62149],[-74.02835,40.6228],[-74.02799,40.62368]]]}},{"type":"Feature","properties":{"unit_id":"36047044100","name":"Census Tract 441 — Kings","native_id":"36047044100","source":"census_tract_2025","adm3_name":"Kings County","adm3_id":"36047","area_sqm":142020,"split":false},"geometry":{"type":"Polygon","coordinates":[[[-73.91707,40.70055],[-73.9156,40.70205],[-73.91439,40.70324],[-73.91329,40.70431],[-73.91181,40.70343],[-73.9129,40.70236],[-73.91142,40.70149],[-73.91406,40.69884],[-73.91482,40.69927],[-73.91557,40.69969],[-73.91632,40.70012],[-73.91707,40.70055]]]}},{"type":"Feature","properties":{"unit_id":"36061026300","name":"Census Tract 263 — New York","native_id":"36061026300","source":"census_tract_2025","adm3_name":"New York County","adm3_id":"36061","area_sqm":157208,"split":false},"geometry":{"type":"Polygon","coordinates":[[[-73.93978,40.84721],[-73.93952,40.84784],[-73.93804,40.84756],[-73.93767,40.84839],[-73.93707,40.84894],[-73.9364,40.84954],[-73.93547,40.84915],[-73.93424,40.84863],[-73.93469,40.848],[-73.93517,40.84736],[-73.93608,40.84611],[-73.93752,40.84414],[-73.93873,40.84464],[-73.93886,40.84468],[-73.94052,40.84537],[-73.93978,40.84721]]]}},{"type":"Feature","properties":{"unit_id":"36061018700","name":"Census Tract 187 — New York","native_id":"36061018700","source":"census_tract_2025","adm3_name":"New York County","adm3_id":"36061","area_sqm":218111,"split":false},"geometry":{"type":"Polygon","coordinates":[[[-73.9807,40.80333],[-73.97471,40.80085],[-73.97192,40.79971],[-73.97042,40.79907],[-73.969,40.79848],[-73.96757,40.79787],[-73.96804,40.79725],[-73.96848,40.79664],[-73.96941,40.79536],[-73.97084,40.79596],[-73.97226,40.79656],[-73.97365,40.79715],[-73.97649,40.79829],[-73.98258,40.80075],[-73.9807,40.80333]]]}},{"type":"Feature","properties":{"unit_id":"36061017500","name":"Census Tract 175 — New York","native_id":"36061017500","source":"census_tract_2025","adm3_name":"New York County","adm3_id":"36061","area_sqm":216905,"split":false},"geometry":{"type":"Polygon","coordinates":[[[-73.98631,40.79562],[-73.98011,40.79313],[-73.97769,40.79216],[-73.97599,40.79144],[-73.97456,40.79084],[-73.97315,40.79024],[-73.97406,40.78899],[-73.97452,40.78836],[-73.97502,40.78769],[-73.9765,40.78831],[-73.97786,40.78888],[-73.98036,40.78994],[-73.98193,40.79055],[-73.98819,40.79302],[-73.98631,40.79562]]]}},{"type":"Feature","properties":{"unit_id":"36047001802","name":"Census Tract 18.02 — Kings","native_id":"36047001802","source":"census_tract_2025","adm3_name":"Kings County","adm3_id":"36047","area_sqm":598065,"split":false},"geometry":{"type":"Polygon","coordinates":[[[-74.01517,40.65703],[-74.0103,40.66053],[-74.00895,40.66151],[-74.00758,40.6625],[-74.00435,40.66155],[-74.00465,40.66095],[-74.0053,40.66031],[-74.00273,40.65879],[-74.00329,40.65819],[-74.00446,40.65707],[-74.00623,40.6554],[-74.00879,40.65696],[-74.01168,40.65413],[-74.0139,40.65547],[-74.0142,40.65647],[-74.01517,40.65703]]]}},{"type":"Feature","properties":{"unit_id":"36047047700","name":"Census Tract 477 — Kings","native_id":"36047047700","source":"census_tract_2025","adm3_name":"Kings County","adm3_id":"36047","area_sqm":217806,"split":false},"geometry":{"type":"Polygon","coordinates":[[[-73.94679,40.71882],[-73.94441,40.72024],[-73.94196,40.72165],[-73.94109,40.72231],[-73.94049,40.71868],[-73.94002,40.71581],[-73.9387,40.71532],[-73.94122,40.71471],[-73.94207,40.71473],[-73.94269,40.71469],[-73.94317,40.71752],[-73.94329,40.71823],[-73.94343,40.71893],[-73.94674,40.71855],[-73.94679,40.71882]]]}},{"type":"Feature","properties":{"unit_id":"36047072800","name":"Census Tract 728 — Kings","native_id":"36047072800","source":"census_tract_2025","adm3_name":"Kings County","adm3_id":"36047","area_sqm":212050,"split":false},"geometry":{"type":"Polygon","coordinates":[[[-73.93198,40.63027],[-73.93005,40.63039],[-73.92811,40.63051],[-73.92521,40.63069],[-73.92042,40.6309],[-73.9243,40.62839],[-73.92496,40.62835],[-73.92786,40.62817],[-73.93174,40.62793],[-73.93198,40.63027]]]}},{"type":"Feature","properties":{"unit_id":"36061013100","name":"Census Tract 131 — New York","native_id":"36061013100","source":"census_tract_2025","adm3_name":"New York County","adm3_id":"36061","area_sqm":174135,"split":false},"geometry":{"type":"Polygon","coordinates":[[[-73.98565,40.76291],[-73.98519,40.76354],[-73.98473,40.76417],[-73.98428,40.76479],[-73.98143,40.76359],[-73.9786,40.7624],[-73.98043,40.7599],[-73.98326,40.76109],[-73.9861,40.76229],[-73.98565,40.76291]]]}},{"type":"Feature","properties":{"unit_id":"36047005900","name":"Census Tract 59 — Kings","native_id":"36047005900","source":"census_tract_2025","adm3_name":"Kings County","adm3_id":"36047","area_sqm":355163,"split":false},"geometry":{"type":"Polygon","coordinates":[[[-74.0117,40.67936],[-74.0092,40.6815],[-74.00662,40.68366],[-74.00582,40.68366],[-74.00607,40.6832],[-74.00335,40.67963],[-74.00226,40.6782],[-74.00154,40.67727],[-74.0007,40.67557],[-74.00121,40.67587],[-74.00135,40.67579],[-74.00319,40.67627],[-74.0035,40.67563],[-74.00476,40.67671],[-74.00649,40.67719],[-74.0063,40.6776],[-74.0083,40.67897],[-74.00954,40.6779],[-74.0117,40.67936]]]}},{"type":"Feature","properties":{"unit_id":"36061002400","name":"Census Tract 24 — New York","native_id":"36061002400","source":"census_tract_2025","adm3_name":"New York County","adm3_id":"36061","area_sqm":182337,"split":false},"geometry":{"type":"Polygon","coordinates":[[[-73.9756,40.72428],[-73.97516,40.72488],[-73.9733,40.72743],[-73.97186,40.72676],[-73.9714,40.72666],[-73.96264,40.72275],[-73.96279,40.72256],[-73.96355,40.72157],[-73.9657,40.71878],[-73.96651,40.71792],[-73.97287,40.72073],[-73.97476,40.7216],[-73.97689,40.7225],[-73.9756,40.72428]]]}},{"type":"Feature","properties":{"unit_id":"36047033600","name":"Census Tract 336 — Kings","native_id":"36047033600","source":"census_tract_2025","adm3_name":"Kings County","adm3_id":"36047","area_sqm":688235,"split":false},"geometry":{"type":"Polygon","coordinates":[[[-74.01287,40.57791],[-74.01199,40.57909],[-74.01088,40.58058],[-74.00603,40.58203],[-74.004,40.58172],[-74.00392,40.5806],[-74.00361,40.5789],[-74.00348,40.57826],[-74.00322,40.57689],[-74.00309,40.5762],[-74.0028,40.57464],[-74.00255,40.57333],[-74.00287,40.57231],[-74.00405,40.5726],[-74.00866,40.57377],[-74.0089,40.57383],[-74.01147,40.57448],[-74.01201,40.57579],[-74.01287,40.57791]]]}},{"type":"Feature","properties":{"unit_id":"36047016400","name":"Census Tract 164 — Kings","native_id":"36047016400","source":"census_tract_2025","adm3_name":"Kings County","adm3_id":"36047","area_sqm":802164,"split":false},"geometry":{"type":"Polygon","coordinates":[[[-74.03505,40.60954],[-74.03192,40.61083],[-74.03145,40.61112],[-74.02897,40.61352],[-74.02839,40.61425],[-74.0263,40.61633],[-74.02573,40.61605],[-74.02755,40.61292],[-74.02711,40.61024],[-74.02478,40.60968],[-74.0215,40.60783],[-74.0224,40.60698],[-74.02063,40.6059],[-74.0213,40.60436],[-74.01914,40.60285],[-74.01934,40.60297],[-74.02013,40.60341],[-74.03082,40.60511],[-74.03138,40.6052],[-74.03193,40.6058],[-74.0353,40.60949],[-74.03505,40.60954]]]}},{"type":"Feature","properties":{"unit_id":"36047079002","name":"Census Tract 790.02 — Kings","native_id":"36047079002","source":"census_tract_2025","adm3_name":"Kings County","adm3_id":"36047","area_sqm":122521,"split":false},"geometry":{"type":"Polygon","coordinates":[[[-73.95453,40.64289],[-73.95262,40.64301],[-73.95165,40.64307],[-73.95141,40.64077],[-73.95116,40.63843],[-73.95213,40.63842],[-73.9536,40.63842],[-73.95374,40.63857],[-73.95404,40.63888],[-73.95428,40.64059],[-73.95453,40.64289]]]}},{"type":"Feature","properties":{"unit_id":"36047121000","name":"Census Tract 1210 — Kings","native_id":"36047121000","source":"census_tract_2025","adm3_name":"Kings County","adm3_id":"36047","area_sqm":158707,"split":false},"geometry":{"type":"Polygon","coordinates":[[[-73.87462,40.67239],[-73.8713,40.67286],[-73.87094,40.67133],[-73.87056,40.6698],[-73.87011,40.66801],[-73.87188,40.66676],[-73.87284,40.66803],[-73.8738,40.66933],[-73.87423,40.67086],[-73.87462,40.67239]]]}},{"type":"Feature","properties":{"unit_id":"36047093400","name":"Census Tract 934 — Kings","native_id":"36047093400","source":"census_tract_2025","adm3_name":"Kings County","adm3_id":"36047","area_sqm":177758,"split":false},"geometry":{"type":"Polygon","coordinates":[[[-73.92077,40.65255],[-73.91996,40.65279],[-73.91814,40.65116],[-73.91632,40.64953],[-73.9178,40.64857],[-73.91851,40.64811],[-73.91694,40.64668],[-73.91995,40.64471],[-73.91998,40.64503],[-73.92047,40.64965],[-73.92058,40.65071],[-73.92077,40.65255]]]}},{"type":"Feature","properties":{"unit_id":"36047039400","name":"Census Tract 394 — Kings","native_id":"36047039400","source":"census_tract_2025","adm3_name":"Kings County","adm3_id":"36047","area_sqm":192099,"split":false},"geometry":{"type":"Polygon","coordinates":[[[-73.9682,40.59983],[-73.96727,40.59994],[-73.9659,40.60009],[-73.96345,40.60036],[-73.96136,40.60059],[-73.96119,40.59831],[-73.96303,40.5981],[-73.96548,40.59783],[-73.96508,40.59572],[-73.96738,40.59546],[-73.96778,40.59758],[-73.9682,40.59983]]]}},{"type":"Feature","properties":{"unit_id":"36047042500","name":"Census Tract 425 — Kings","native_id":"36047042500","source":"census_tract_2025","adm3_name":"Kings County","adm3_id":"36047","area_sqm":167847,"split":false},"geometry":{"type":"Polygon","coordinates":[[[-73.93352,40.70285],[-73.9327,40.70317],[-73.93116,40.70377],[-73.92909,40.70262],[-73.92834,40.70219],[-73.92759,40.70176],[-73.92903,40.70029],[-73.93052,40.69877],[-73.93235,40.69981],[-73.93395,40.70267],[-73.93352,40.70285]]]}},{"type":"Feature","properties":{"unit_id":"36061031704","name":"Census Tract 317.04 — New York","native_id":"36061031704","source":"census_tract_2025","adm3_name":"New York County","adm3_id":"36061","area_sqm":225042,"split":false},"geometry":{"type":"Polygon","coordinates":[[[-74.01911,40.70703],[-74.01872,40.7089],[-74.01838,40.71051],[-74.018,40.71233],[-74.01799,40.7124],[-74.01436,40.71101],[-74.0147,40.70978],[-74.01486,40.70939],[-74.01551,40.70771],[-74.01663,40.7048],[-74.01777,40.70415],[-74.01783,40.70425],[-74.01922,40.70655],[-74.01911,40.70703]]]}},{"type":"Feature","properties":{"unit_id":"36047017600","name":"Census Tract 176 — Kings","native_id":"36047017600","source":"census_tract_2025","adm3_name":"Kings County","adm3_id":"36047","area_sqm":133636,"split":false},"geometry":{"type":"Polygon","coordinates":[[[-74.01115,40.60087],[-74.01002,40.60247],[-74.00978,40.60386],[-74.00837,40.60522],[-74.00691,40.60434],[-74.00617,40.60389],[-74.00746,40.60265],[-74.00678,40.60229],[-74.00909,40.59971],[-74.00925,40.59981],[-74.00925,40.59981],[-74.01011,40.60031],[-74.01052,40.60055],[-74.01093,40.60079],[-74.01115,40.60087]]]}},{"type":"Feature","properties":{"unit_id":"36047050804","name":"Census Tract 508.04 — Kings","native_id":"36047050804","source":"census_tract_2025","adm3_name":"Kings County","adm3_id":"36047","area_sqm":103103,"split":false},"geometry":{"type":"Polygon","coordinates":[[[-73.96621,40.65319],[-73.9619,40.65487],[-73.96176,40.65407],[-73.9616,40.65317],[-73.96141,40.65217],[-73.96302,40.65153],[-73.96435,40.651],[-73.96465,40.65089],[-73.96524,40.65174],[-73.96575,40.6525],[-73.96621,40.65319]]]}},{"type":"Feature","properties":{"unit_id":"36047022100","name":"Census Tract 221 — Kings","native_id":"36047022100","source":"census_tract_2025","adm3_name":"Kings County","adm3_id":"36047","area_sqm":152080,"split":false},"geometry":{"type":"Polygon","coordinates":[[[-73.95639,40.67505],[-73.95607,40.67593],[-73.95575,40.67681],[-73.95548,40.67758],[-73.95531,40.67927],[-73.95301,40.67882],[-73.95268,40.67703],[-73.95269,40.67625],[-73.95277,40.67536],[-73.95285,40.67446],[-73.95294,40.67357],[-73.954,40.67363],[-73.9567,40.67417],[-73.95639,40.67505]]]}},{"type":"Feature","properties":{"unit_id":"36047041402","name":"Census Tract 414.02 — Kings","native_id":"36047041402","source":"census_tract_2025","adm3_name":"Kings County","adm3_id":"36047","area_sqm":154394,"split":false},"geometry":{"type":"Polygon","coordinates":[[[-73.97002,40.60444],[-73.96822,40.60494],[-73.96696,40.60566],[-73.96636,40.60248],[-73.9659,40.60009],[-73.96727,40.59994],[-73.9682,40.59983],[-73.96913,40.59973],[-73.96958,40.60212],[-73.97002,40.60444]]]}},{"type":"Feature","properties":{"unit_id":"36047014500","name":"Census Tract 145 — Kings","native_id":"36047014500","source":"census_tract_2025","adm3_name":"Kings County","adm3_id":"36047","area_sqm":216626,"split":false},"geometry":{"type":"Polygon","coordinates":[[[-73.99753,40.66383],[-73.99696,40.66439],[-73.99284,40.66191],[-73.99063,40.66058],[-73.99238,40.6589],[-73.99296,40.65834],[-73.99517,40.65967],[-73.99743,40.66104],[-73.9993,40.66216],[-73.99753,40.66383]]]}},{"type":"Feature","properties":{"unit_id":"36047085800","name":"Census Tract 858 — Kings","native_id":"36047085800","source":"census_tract_2025","adm3_name":"Kings County","adm3_id":"36047","area_sqm":138512,"split":false},"geometry":{"type":"Polygon","coordinates":[[[-73.94283,40.65111],[-73.94189,40.65117],[-73.94003,40.65128],[-73.93905,40.65133],[-73.93808,40.65138],[-73.93618,40.65147],[-73.93586,40.64866],[-73.93875,40.64897],[-73.9389,40.64957],[-73.94263,40.64934],[-73.94283,40.65111]]]}},{"type":"Feature","properties":{"unit_id":"36047041000","name":"Census Tract 410 — Kings","native_id":"36047041000","source":"census_tract_2025","adm3_name":"Kings County","adm3_id":"36047","area_sqm":142871,"split":false},"geometry":{"type":"Polygon","coordinates":[[[-73.97783,40.60359],[-73.9769,40.60369],[-73.97597,40.6038],[-73.97554,40.60146],[-73.97436,40.6016],[-73.97341,40.6017],[-73.97257,40.60179],[-73.97291,40.59931],[-73.97375,40.59922],[-73.97601,40.59898],[-73.97693,40.59887],[-73.97783,40.60359]]]}},{"type":"Feature","properties":{"unit_id":"36061015502","name":"Census Tract 155.02 — New York","native_id":"36061015502","source":"census_tract_2025","adm3_name":"New York County","adm3_id":"36061","area_sqm":111294,"split":false},"geometry":{"type":"Polygon","coordinates":[[[-73.99742,40.78032],[-73.99579,40.78257],[-73.98919,40.77994],[-73.98709,40.77916],[-73.98545,40.77848],[-73.98571,40.77811],[-73.98682,40.7766],[-73.98724,40.77602],[-73.98843,40.77653],[-73.9892,40.77686],[-73.99017,40.77725],[-73.99091,40.77754],[-73.99076,40.77769],[-73.99387,40.7781],[-73.99782,40.77978],[-73.99742,40.78032]]]}},{"type":"Feature","properties":{"unit_id":"36047042200","name":"Census Tract 422 — Kings","native_id":"36047042200","source":"census_tract_2025","adm3_name":"Kings County","adm3_id":"36047","area_sqm":227277,"split":false},"geometry":{"type":"Polygon","coordinates":[[[-73.97299,40.60881],[-73.96997,40.60915],[-73.96767,40.6094],[-73.96726,40.60726],[-73.96696,40.60566],[-73.96822,40.60494],[-73.97002,40.60444],[-73.97099,40.60432],[-73.97218,40.60419],[-73.97259,40.60667],[-73.97299,40.60881]]]}},{"type":"Feature","properties":{"unit_id":"36047079602","name":"Census Tract 796.02 — Kings","native_id":"36047079602","source":"census_tract_2025","adm3_name":"Kings County","adm3_id":"36047","area_sqm":134996,"split":false},"geometry":{"type":"Polygon","coordinates":[[[-73.9597,40.65484],[-73.9563,40.65505],[-73.95616,40.65378],[-73.95601,40.65231],[-73.95591,40.65137],[-73.95583,40.65053],[-73.95871,40.65039],[-73.95893,40.65121],[-73.95933,40.65293],[-73.9597,40.65484]]]}},{"type":"Feature","properties":{"unit_id":"36047013100","name":"Census Tract 131 — Kings","native_id":"36047013100","source":"census_tract_2025","adm3_name":"Kings County","adm3_id":"36047","area_sqm":156395,"split":false},"geometry":{"type":"Polygon","coordinates":[[[-73.98218,40.67869],[-73.98176,40.67932],[-73.98132,40.67995],[-73.97956,40.67929],[-73.97868,40.67905],[-73.97618,40.67806],[-73.97662,40.67743],[-73.9771,40.67671],[-73.97796,40.67544],[-73.98046,40.67641],[-73.98304,40.67742],[-73.98218,40.67869]]]}},{"type":"Feature","properties":{"unit_id":"36061027300","name":"Census Tract 273 — New York","native_id":"36061027300","source":"census_tract_2025","adm3_name":"New York County","adm3_id":"36061","area_sqm":176924,"split":false},"geometry":{"type":"Polygon","coordinates":[[[-73.93954,40.85349],[-73.93865,40.85468],[-73.93795,40.85557],[-73.93561,40.85886],[-73.93409,40.85938],[-73.93451,40.85862],[-73.9356,40.85711],[-73.9367,40.85562],[-73.93688,40.85514],[-73.93604,40.85491],[-73.93629,40.85427],[-73.93654,40.85261],[-73.93572,40.85234],[-73.93666,40.85045],[-73.93828,40.85091],[-73.93924,40.85118],[-73.94029,40.85132],[-73.93954,40.85349]]]}},{"type":"Feature","properties":{"unit_id":"36047097400","name":"Census Tract 974 — Kings","native_id":"36047097400","source":"census_tract_2025","adm3_name":"Kings County","adm3_id":"36047","area_sqm":252349,"split":false},"geometry":{"type":"Polygon","coordinates":[[[-73.90398,40.64663],[-73.90089,40.64864],[-73.89794,40.65051],[-73.89634,40.64903],[-73.89783,40.64807],[-73.89616,40.64657],[-73.89762,40.64563],[-73.90067,40.64366],[-73.90138,40.6443],[-73.90231,40.64513],[-73.90398,40.64663]]]}},{"type":"Feature","properties":{"unit_id":"36061014500","name":"Census Tract 145 — New York","native_id":"36061014500","source":"census_tract_2025","adm3_name":"New York County","adm3_id":"36061","area_sqm":177137,"split":false},"geometry":{"type":"Polygon","coordinates":[[[-73.98762,40.77041],[-73.98715,40.77105],[-73.98669,40.77167],[-73.98624,40.7723],[-73.98347,40.77114],[-73.98215,40.77057],[-73.98056,40.76991],[-73.98102,40.76927],[-73.98143,40.76787],[-73.98215,40.76773],[-73.98238,40.7674],[-73.98522,40.76859],[-73.98806,40.76979],[-73.98762,40.77041]]]}},{"type":"Feature","properties":{"unit_id":"36061008602","name":"Census Tract 86.02 — New York","native_id":"36061008602","source":"census_tract_2025","adm3_name":"New York County","adm3_id":"36061","area_sqm":106507,"split":false},"geometry":{"type":"Polygon","coordinates":[[[-73.96932,40.74952],[-73.96891,40.75011],[-73.96843,40.75076],[-73.96797,40.75137],[-73.9677,40.75204],[-73.96726,40.75264],[-73.96723,40.75269],[-73.96519,40.75195],[-73.96506,40.75181],[-73.96471,40.75172],[-73.96156,40.74946],[-73.96149,40.74949],[-73.95773,40.74777],[-73.95822,40.74721],[-73.95973,40.74526],[-73.96021,40.74451],[-73.9677,40.74787],[-73.96999,40.74887],[-73.96932,40.74952]]]}},{"type":"Feature","properties":{"unit_id":"36061023200","name":"Census Tract 232 — New York","native_id":"36061023200","source":"census_tract_2025","adm3_name":"New York County","adm3_id":"36061","area_sqm":180488,"split":false},"geometry":{"type":"Polygon","coordinates":[[[-73.94241,40.82216],[-73.94192,40.82284],[-73.94143,40.82351],[-73.93859,40.82231],[-73.93574,40.82111],[-73.93623,40.82044],[-73.93672,40.81977],[-73.93764,40.81852],[-73.94048,40.81972],[-73.94332,40.82092],[-73.94241,40.82216]]]}},{"type":"Feature","properties":{"unit_id":"36047019000","name":"Census Tract 190 — Kings","native_id":"36047019000","source":"census_tract_2025","adm3_name":"Kings County","adm3_id":"36047","area_sqm":212934,"split":false},"geometry":{"type":"Polygon","coordinates":[[[-74.00344,40.6207],[-74.00228,40.62181],[-74.0012,40.62284],[-74.00053,40.62349],[-73.99932,40.62466],[-73.99771,40.62368],[-73.99829,40.62162],[-73.99859,40.6205],[-73.99904,40.61895],[-73.99949,40.6174],[-74.00402,40.62014],[-74.00344,40.6207]]]}},{"type":"Feature","properties":{"unit_id":"36047048400","name":"Census Tract 484 — Kings","native_id":"36047048400","source":"census_tract_2025","adm3_name":"Kings County","adm3_id":"36047","area_sqm":209195,"split":false},"geometry":{"type":"Polygon","coordinates":[[[-73.97689,40.63567],[-73.97596,40.63578],[-73.97411,40.63598],[-73.97136,40.63629],[-73.97029,40.63641],[-73.96987,40.63419],[-73.97242,40.63299],[-73.97605,40.63128],[-73.97643,40.63329],[-73.97689,40.63567]]]}},{"type":"Feature","properties":{"unit_id":"36047028200","name":"Census Tract 282 — Kings","native_id":"36047028200","source":"census_tract_2025","adm3_name":"Kings County","adm3_id":"36047","area_sqm":169389,"split":false},"geometry":{"type":"Polygon","coordinates":[[[-74.00756,40.59882],[-74.00514,40.60143],[-74.00263,40.60385],[-74.0011,40.60303],[-74.00032,40.60262],[-74.00154,40.60144],[-74.00283,40.6002],[-74.00445,40.59865],[-74.00495,40.59817],[-74.0055,40.59762],[-74.00756,40.59882]]]}},{"type":"Feature","properties":{"unit_id":"36047047200","name":"Census Tract 472 — Kings","native_id":"36047047200","source":"census_tract_2025","adm3_name":"Kings County","adm3_id":"36047","area_sqm":172804,"split":false},"geometry":{"type":"Polygon","coordinates":[[[-73.98726,40.62935],[-73.98668,40.62992],[-73.9842,40.62845],[-73.98302,40.6277],[-73.97982,40.62577],[-73.9804,40.62521],[-73.98157,40.62409],[-73.98383,40.62546],[-73.98326,40.62604],[-73.98597,40.62676],[-73.98843,40.62823],[-73.98726,40.62935]]]}},{"type":"Feature","properties":{"unit_id":"36061000500","name":"Census Tract 5 — New York","native_id":"36061000500","source":"census_tract_2025","adm3_name":"New York County","adm3_id":"36061","area_sqm":843918,"split":false},"geometry":{"type":"MultiPolygon","coordinates":[[[[-74.00641,40.6887],[-74.00542,40.69016],[-74.00488,40.69094],[-74.0044,40.69164],[-74.00345,40.69303],[-74.0024,40.69456],[-74.00096,40.69407],[-74.00174,40.69241],[-74.00197,40.69184],[-74.0007,40.69061],[-74.00196,40.69014],[-74.00299,40.69043],[-74.00341,40.68961],[-74.00459,40.68821],[-74.00563,40.68678],[-74.0074,40.68727],[-74.00641,40.6887]]],[[[-74.02629,40.68632],[-74.02592,40.6867],[-74.01984,40.69303],[-74.0195,40.69338],[-74.01546,40.69338],[-74.01213,40.69068],[-74.01343,40.68795],[-74.01617,40.68708],[-74.01986,40.68558],[-74.02464,40.68394],[-74.0263,40.68484],[-74.02629,40.68632]]]]}},{"type":"Feature","properties":{"unit_id":"36047042400","name":"Census Tract 424 — Kings","native_id":"36047042400","source":"census_tract_2025","adm3_name":"Kings County","adm3_id":"36047","area_sqm":161035,"split":false},"geometry":{"type":"Polygon","coordinates":[[[-73.9787,40.60819],[-73.97777,40.60829],[-73.97592,40.60849],[-73.97403,40.6087],[-73.97299,40.60881],[-73.97259,40.60667],[-73.97362,40.60656],[-73.97459,40.60645],[-73.97551,40.60635],[-73.97644,40.60625],[-73.97597,40.6038],[-73.9769,40.60369],[-73.97783,40.60359],[-73.9787,40.60819]]]}},{"type":"Feature","properties":{"unit_id":"36047028400","name":"Census Tract 284 — Kings","native_id":"36047028400","source":"census_tract_2025","adm3_name":"Kings County","adm3_id":"36047","area_sqm":164257,"split":false},"geometry":{"type":"Polygon","coordinates":[[[-74.00263,40.60385],[-74.00046,40.60593],[-73.99983,40.60654],[-73.99867,40.60766],[-73.99809,40.60822],[-73.9975,40.60878],[-73.9953,40.60744],[-73.99588,40.60689],[-73.99647,40.60633],[-73.99704,40.60577],[-73.99825,40.60461],[-74.00002,40.60291],[-74.00032,40.60262],[-74.0011,40.60303],[-74.00263,40.60385]]]}},{"type":"Feature","properties":{"unit_id":"36047122000","name":"Census Tract 1220 — Kings","native_id":"36047122000","source":"census_tract_2025","adm3_name":"Kings County","adm3_id":"36047","area_sqm":1090388,"split":false},"geometry":{"type":"Polygon","coordinates":[[[-73.87011,40.66801],[-73.86833,40.66873],[-73.86788,40.667],[-73.86752,40.66547],[-73.86204,40.66625],[-73.86242,40.66778],[-73.86284,40.66952],[-73.85728,40.67031],[-73.85685,40.6686],[-73.85643,40.66703],[-73.85606,40.66551],[-73.85568,40.66387],[-73.85843,40.66345],[-73.85802,40.66172],[-73.85761,40.66012],[-73.86036,40.65965],[-73.86317,40.65828],[-73.86068,40.65487],[-73.86382,40.65603],[-73.86718,40.66045],[-73.86837,40.66201],[-73.86948,40.66355],[-73.87188,40.66676],[-73.87011,40.66801]]]}},{"type":"Feature","properties":{"unit_id":"36047042000","name":"Census Tract 420 — Kings","native_id":"36047042000","source":"census_tract_2025","adm3_name":"Kings County","adm3_id":"36047","area_sqm":168650,"split":false},"geometry":{"type":"Polygon","coordinates":[[[-73.96767,40.6094],[-73.96522,40.60967],[-73.9643,40.60978],[-73.96478,40.61233],[-73.96286,40.61255],[-73.96238,40.60999],[-73.96189,40.60734],[-73.96372,40.60676],[-73.96389,40.60763],[-73.96726,40.60726],[-73.96767,40.6094]]]}},{"type":"Feature","properties":{"unit_id":"36047004500","name":"Census Tract 45 — Kings","native_id":"36047004500","source":"census_tract_2025","adm3_name":"Kings County","adm3_id":"36047","area_sqm":170539,"split":false},"geometry":{"type":"Polygon","coordinates":[[[-73.99756,40.688],[-73.99687,40.68943],[-73.99623,40.69076],[-73.99436,40.69024],[-73.99236,40.68969],[-73.993,40.68836],[-73.99327,40.68782],[-73.99334,40.68768],[-73.99393,40.68645],[-73.99409,40.68611],[-73.99441,40.68545],[-73.99636,40.6861],[-73.99819,40.6867],[-73.99756,40.688]]]}},{"type":"Feature","properties":{"unit_id":"36061010802","name":"Census Tract 108.02 — New York","native_id":"36061010802","source":"census_tract_2025","adm3_name":"New York County","adm3_id":"36061","area_sqm":57401,"split":false},"geometry":{"type":"Polygon","coordinates":[[[-73.96529,40.75931],[-73.96431,40.7606],[-73.96356,40.76028],[-73.96197,40.75962],[-73.96243,40.75898],[-73.96292,40.75831],[-73.96341,40.75764],[-73.96578,40.75863],[-73.96529,40.75931]]]}},{"type":"Feature","properties":{"unit_id":"36047006000","name":"Census Tract 60 — Kings","native_id":"36047006000","source":"census_tract_2025","adm3_name":"Kings County","adm3_id":"36047","area_sqm":152260,"split":false},"geometry":{"type":"Polygon","coordinates":[[[-74.0346,40.622],[-74.03432,40.62268],[-74.03404,40.62336],[-74.03374,40.6241],[-74.02835,40.6228],[-74.02892,40.6214],[-74.02956,40.61983],[-74.0322,40.62069],[-74.03489,40.62132],[-74.0346,40.622]]]}},{"type":"Feature","properties":{"unit_id":"36061022400","name":"Census Tract 224 — New York","native_id":"36061022400","source":"census_tract_2025","adm3_name":"New York County","adm3_id":"36061","area_sqm":194691,"split":false},"geometry":{"type":"Polygon","coordinates":[[[-73.95022,40.81148],[-73.94931,40.81271],[-73.94842,40.81394],[-73.94557,40.81275],[-73.94603,40.81212],[-73.94317,40.81094],[-73.94408,40.80969],[-73.94499,40.80845],[-73.94784,40.80964],[-73.95068,40.81084],[-73.95022,40.81148]]]}},{"type":"Feature","properties":{"unit_id":"36047005000","name":"Census Tract 50 — Kings","native_id":"36047005000","source":"census_tract_2025","adm3_name":"Kings County","adm3_id":"36047","area_sqm":223992,"split":false},"geometry":{"type":"Polygon","coordinates":[[[-74.04166,40.62601],[-74.03911,40.62537],[-74.03643,40.62473],[-74.03579,40.62629],[-74.03311,40.62565],[-74.03339,40.62497],[-74.03374,40.6241],[-74.03404,40.62336],[-74.03432,40.62268],[-74.0346,40.622],[-74.03728,40.62264],[-74.03996,40.62328],[-74.04119,40.62245],[-74.04166,40.62601]]]}},{"type":"Feature","properties":{"unit_id":"36047114400","name":"Census Tract 1144 — Kings","native_id":"36047114400","source":"census_tract_2025","adm3_name":"Kings County","adm3_id":"36047","area_sqm":429912,"split":false},"geometry":{"type":"Polygon","coordinates":[[[-73.90254,40.67588],[-73.90079,40.67657],[-73.89999,40.6769],[-73.89931,40.67398],[-73.89651,40.6744],[-73.8955,40.67455],[-73.89367,40.67482],[-73.89335,40.67358],[-73.89303,40.67231],[-73.89271,40.67105],[-73.89456,40.67077],[-73.89554,40.67063],[-73.89834,40.67021],[-73.90198,40.66967],[-73.90229,40.67094],[-73.90348,40.67551],[-73.90254,40.67588]]]}},{"type":"Feature","properties":{"unit_id":"36047070203","name":"Census Tract 702.03 — Kings","native_id":"36047070203","source":"census_tract_2025","adm3_name":"Kings County","adm3_id":"36047","area_sqm":2814173,"split":false},"geometry":{"type":"Polygon","coordinates":[[[-73.89231,40.62056],[-73.88239,40.62754],[-73.87396,40.63377],[-73.85502,40.6431],[-73.85494,40.64265],[-73.84834,40.64352],[-73.83765,40.63284],[-73.83624,40.63111],[-73.83304,40.62826],[-73.83342,40.62678],[-73.83401,40.61442],[-73.83428,40.60919],[-73.83446,40.60719],[-73.83588,40.60564],[-73.84202,40.59831],[-73.84444,40.59586],[-73.84668,40.59321],[-73.84985,40.58867],[-73.85494,40.58597],[-73.85949,40.58394],[-73.86601,40.581],[-73.86751,40.58023],[-73.86923,40.57934],[-73.87142,40.57854],[-73.88446,40.60944],[-73.88705,40.61632],[-73.89231,40.62056]]]}},{"type":"Feature","properties":{"unit_id":"36047032800","name":"Census Tract 328 — Kings","native_id":"36047032800","source":"census_tract_2025","adm3_name":"Kings County","adm3_id":"36047","area_sqm":232836,"split":false},"geometry":{"type":"Polygon","coordinates":[[[-74.00322,40.57689],[-74.0011,40.57712],[-74.00003,40.57724],[-73.99899,40.57738],[-73.99581,40.57776],[-73.99264,40.57812],[-73.99219,40.57581],[-73.99538,40.57545],[-73.9975,40.57522],[-73.99856,40.5751],[-74.00068,40.57487],[-74.0028,40.57464],[-74.00309,40.5762],[-74.00322,40.57689]]]}},{"type":"Feature","properties":{"unit_id":"36047004600","name":"Census Tract 46 — Kings","native_id":"36047004600","source":"census_tract_2025","adm3_name":"Kings County","adm3_id":"36047","area_sqm":289094,"split":false},"geometry":{"type":"Polygon","coordinates":[[[-74.04171,40.62638],[-74.04166,40.62654],[-74.04088,40.62892],[-74.03792,40.62828],[-74.03494,40.62837],[-74.03226,40.62774],[-74.02686,40.62646],[-74.02714,40.62576],[-74.02715,40.62573],[-74.02987,40.62637],[-74.03256,40.62701],[-74.03311,40.62565],[-74.03579,40.62629],[-74.03643,40.62473],[-74.03911,40.62537],[-74.04166,40.62601],[-74.04168,40.62615],[-74.04171,40.62638]]]}},{"type":"Feature","properties":{"unit_id":"36061015301","name":"Census Tract 153.01 — New York","native_id":"36061015301","source":"census_tract_2025","adm3_name":"New York County","adm3_id":"36061","area_sqm":86794,"split":false},"geometry":{"type":"Polygon","coordinates":[[[-73.98066,40.77485],[-73.9802,40.77548],[-73.97975,40.77611],[-73.97691,40.77491],[-73.97737,40.77428],[-73.97783,40.77366],[-73.97873,40.77242],[-73.98157,40.7736],[-73.98066,40.77485]]]}},{"type":"Feature","properties":{"unit_id":"36047028502","name":"Census Tract 285.02 — Kings","native_id":"36047028502","source":"census_tract_2025","adm3_name":"Kings County","adm3_id":"36047","area_sqm":119859,"split":false},"geometry":{"type":"Polygon","coordinates":[[[-73.94395,40.69822],[-73.93857,40.69885],[-73.93818,40.69864],[-73.93779,40.69669],[-73.94353,40.69603],[-73.94395,40.69822]]]}},{"type":"Feature","properties":{"unit_id":"36061006300","name":"Census Tract 63 — New York","native_id":"36061006300","source":"census_tract_2025","adm3_name":"New York County","adm3_id":"36061","area_sqm":178188,"split":false},"geometry":{"type":"Polygon","coordinates":[[[-73.99956,40.73361],[-73.99919,40.73413],[-73.99871,40.73478],[-73.9978,40.73603],[-73.99734,40.73667],[-73.99684,40.73736],[-73.99362,40.736],[-73.99459,40.73467],[-73.99549,40.73344],[-73.99591,40.73285],[-73.99635,40.73226],[-73.99697,40.73141],[-74.00007,40.73293],[-73.99956,40.73361]]]}},{"type":"Feature","properties":{"unit_id":"36061012902","name":"Census Tract 129.02 — New York","native_id":"36061012902","source":"census_tract_2025","adm3_name":"New York County","adm3_id":"36061","area_sqm":207689,"split":false},"geometry":{"type":"Polygon","coordinates":[[[-74.00465,40.77039],[-74.00027,40.76851],[-73.99693,40.76714],[-73.99667,40.76674],[-73.99463,40.76588],[-73.99179,40.76468],[-73.9927,40.76343],[-73.99361,40.76218],[-73.99646,40.76338],[-73.99849,40.76424],[-73.9989,40.76459],[-74.00206,40.76591],[-74.00658,40.76775],[-74.00465,40.77039]]]}},{"type":"Feature","properties":{"unit_id":"36047037402","name":"Census Tract 374.02 — Kings","native_id":"36047037402","source":"census_tract_2025","adm3_name":"Kings County","adm3_id":"36047","area_sqm":301498,"split":false},"geometry":{"type":"Polygon","coordinates":[[[-73.97441,40.58576],[-73.97422,40.59011],[-73.97115,40.59044],[-73.97022,40.59054],[-73.96982,40.58843],[-73.96942,40.58631],[-73.96906,40.584],[-73.97085,40.58382],[-73.97464,40.58311],[-73.97441,40.58576]]]}},{"type":"Feature","properties":{"unit_id":"36061008400","name":"Census Tract 84 — New York","native_id":"36061008400","source":"census_tract_2025","adm3_name":"New York County","adm3_id":"36061","area_sqm":173067,"split":false},"geometry":{"type":"Polygon","coordinates":[[[-73.98595,40.75232],[-73.98504,40.75355],[-73.98412,40.75484],[-73.98089,40.75348],[-73.98182,40.7522],[-73.98408,40.7491],[-73.98729,40.75045],[-73.98595,40.75232]]]}},{"type":"Feature","properties":{"unit_id":"36047002901","name":"Census Tract 29.01 — Kings","native_id":"36047002901","source":"census_tract_2025","adm3_name":"Kings County","adm3_id":"36047","area_sqm":109261,"split":false},"geometry":{"type":"Polygon","coordinates":[[[-73.98039,40.69651],[-73.97838,40.69649],[-73.97644,40.69637],[-73.97619,40.6951],[-73.97599,40.69409],[-73.97585,40.69336],[-73.97783,40.69344],[-73.97917,40.69349],[-73.98014,40.69468],[-73.98036,40.69618],[-73.98039,40.69651]]]}},{"type":"Feature","properties":{"unit_id":"36047009001","name":"Census Tract 90.01 — Kings","native_id":"36047009001","source":"census_tract_2025","adm3_name":"Kings County","adm3_id":"36047","area_sqm":74547,"split":false},"geometry":{"type":"Polygon","coordinates":[[[-73.99952,40.64861],[-73.9987,40.64917],[-73.99828,40.64973],[-73.99609,40.64831],[-73.99847,40.64616],[-74.00066,40.64749],[-73.99952,40.64861]]]}},{"type":"Feature","properties":{"unit_id":"36061012200","name":"Census Tract 122 — New York","native_id":"36061012200","source":"census_tract_2025","adm3_name":"New York County","adm3_id":"36061","area_sqm":172615,"split":false},"geometry":{"type":"Polygon","coordinates":[[[-73.97119,40.76677],[-73.96936,40.76927],[-73.96799,40.77115],[-73.96639,40.77048],[-73.96478,40.7698],[-73.96661,40.76729],[-73.96797,40.76541],[-73.96958,40.76609],[-73.97119,40.76677]]]}},{"type":"Feature","properties":{"unit_id":"36047014200","name":"Census Tract 142 — Kings","native_id":"36047014200","source":"census_tract_2025","adm3_name":"Kings County","adm3_id":"36047","area_sqm":200223,"split":false},"geometry":{"type":"Polygon","coordinates":[[[-74.02535,40.62286],[-74.02475,40.62432],[-74.02239,40.6229],[-74.02179,40.62436],[-74.02119,40.62582],[-74.01963,40.62488],[-74.01888,40.6243],[-74.01908,40.62362],[-74.01971,40.62219],[-74.02069,40.62183],[-74.02293,40.6195],[-74.02447,40.62044],[-74.02621,40.62149],[-74.02535,40.62286]]]}},{"type":"Feature","properties":{"unit_id":"36047063600","name":"Census Tract 636 — Kings","native_id":"36047063600","source":"census_tract_2025","adm3_name":"Kings County","adm3_id":"36047","area_sqm":114332,"split":false},"geometry":{"type":"Polygon","coordinates":[[[-73.93935,40.61019],[-73.93644,40.61207],[-73.93462,40.61044],[-73.9328,40.6088],[-73.93351,40.60834],[-73.93605,40.60952],[-73.93754,40.60856],[-73.93935,40.61019]]]}},{"type":"Feature","properties":{"unit_id":"36047028000","name":"Census Tract 280 — Kings","native_id":"36047028000","source":"census_tract_2025","adm3_name":"Kings County","adm3_id":"36047","area_sqm":139723,"split":false},"geometry":{"type":"Polygon","coordinates":[[[-74.00909,40.59971],[-74.00678,40.60229],[-74.00746,40.60265],[-74.00617,40.60389],[-74.00493,40.60507],[-74.00263,40.60385],[-74.00514,40.60143],[-74.00756,40.59882],[-74.00776,40.59894],[-74.00899,40.59965],[-74.00909,40.59971]]]}},{"type":"Feature","properties":{"unit_id":"36061006400","name":"Census Tract 64 — New York","native_id":"36061006400","source":"census_tract_2025","adm3_name":"New York County","adm3_id":"36061","area_sqm":179194,"split":false},"geometry":{"type":"Polygon","coordinates":[[[-73.98451,40.73696],[-73.98408,40.73755],[-73.98363,40.73817],[-73.98266,40.7395],[-73.98042,40.73855],[-73.97805,40.73755],[-73.9785,40.73679],[-73.97891,40.73616],[-73.97986,40.73497],[-73.98028,40.73441],[-73.9827,40.73543],[-73.98493,40.73638],[-73.98451,40.73696]]]}},{"type":"Feature","properties":{"unit_id":"36061007500","name":"Census Tract 75 — New York","native_id":"36061007500","source":"census_tract_2025","adm3_name":"New York County","adm3_id":"36061","area_sqm":165732,"split":false},"geometry":{"type":"Polygon","coordinates":[[[-74.01918,40.73637],[-74.01066,40.73602],[-74.00993,40.736],[-74.00832,40.73619],[-74.00662,40.73643],[-74.00583,40.73653],[-74.00596,40.73584],[-74.00629,40.73374],[-74.00641,40.73305],[-74.00752,40.73285],[-74.00863,40.73264],[-74.01026,40.7324],[-74.011,40.73232],[-74.02006,40.73276],[-74.01918,40.73637]]]}},{"type":"Feature","properties":{"unit_id":"36047152200","name":"Census Tract 1522 — Kings","native_id":"36047152200","source":"census_tract_2025","adm3_name":"Kings County","adm3_id":"36047","area_sqm":389861,"split":false},"geometry":{"type":"Polygon","coordinates":[[[-73.97084,40.64638],[-73.96843,40.64733],[-73.96755,40.64768],[-73.96667,40.64803],[-73.9649,40.64872],[-73.96453,40.64682],[-73.96547,40.64672],[-73.96501,40.6443],[-73.96409,40.64441],[-73.96356,40.64161],[-73.96443,40.64121],[-73.96617,40.64043],[-73.96879,40.63926],[-73.96948,40.64169],[-73.97009,40.64375],[-73.97077,40.64611],[-73.97084,40.64638]]]}},{"type":"Feature","properties":{"unit_id":"36061016002","name":"Census Tract 160.02 — New York","native_id":"36061016002","source":"census_tract_2025","adm3_name":"New York County","adm3_id":"36061","area_sqm":51427,"split":false},"geometry":{"type":"Polygon","coordinates":[[[-73.95528,40.78858],[-73.95482,40.78921],[-73.95161,40.78786],[-73.95206,40.78722],[-73.95255,40.78655],[-73.95416,40.78723],[-73.95578,40.78791],[-73.95528,40.78858]]]}},{"type":"Feature","properties":{"unit_id":"36047016100","name":"Census Tract 161 — Kings","native_id":"36047016100","source":"census_tract_2025","adm3_name":"Kings County","adm3_id":"36047","area_sqm":182397,"split":false},"geometry":{"type":"Polygon","coordinates":[[[-73.97532,40.67933],[-73.97496,40.67988],[-73.97469,40.68027],[-73.9745,40.68073],[-73.97395,40.68228],[-73.97378,40.68306],[-73.97232,40.68277],[-73.97174,40.68265],[-73.97064,40.68241],[-73.97085,40.68162],[-73.97139,40.68008],[-73.97171,40.67921],[-73.97203,40.67833],[-73.97235,40.67745],[-73.97244,40.67716],[-73.9719,40.67641],[-73.97369,40.67708],[-73.97618,40.67806],[-73.97532,40.67933]]]}},{"type":"Feature","properties":{"unit_id":"36047110600","name":"Census Tract 1106 — Kings","native_id":"36047110600","source":"census_tract_2025","adm3_name":"Kings County","adm3_id":"36047","area_sqm":171053,"split":false},"geometry":{"type":"Polygon","coordinates":[[[-73.88779,40.65768],[-73.88458,40.65906],[-73.88291,40.65978],[-73.88183,40.65831],[-73.88081,40.65695],[-73.88251,40.65621],[-73.88568,40.65485],[-73.88669,40.6562],[-73.88779,40.65768]]]}},{"type":"Feature","properties":{"unit_id":"36047033100","name":"Census Tract 331 — Kings","native_id":"36047033100","source":"census_tract_2025","adm3_name":"Kings County","adm3_id":"36047","area_sqm":142466,"split":false},"geometry":{"type":"Polygon","coordinates":[[[-73.94815,40.66525],[-73.94538,40.6651],[-73.94261,40.66495],[-73.93985,40.66479],[-73.93707,40.66464],[-73.93726,40.66319],[-73.94003,40.66302],[-73.94283,40.66285],[-73.9427,40.66405],[-73.94546,40.66423],[-73.94817,40.66408],[-73.94815,40.66525]]]}},{"type":"Feature","properties":{"unit_id":"36047053102","name":"Census Tract 531.02 — Kings","native_id":"36047053102","source":"census_tract_2025","adm3_name":"Kings County","adm3_id":"36047","area_sqm":82944,"split":false},"geometry":{"type":"Polygon","coordinates":[[[-73.95717,40.69971],[-73.95382,40.70011],[-73.95446,40.70082],[-73.95255,40.70205],[-73.95192,40.70149],[-73.95129,40.70092],[-73.95076,40.70045],[-73.95009,40.69979],[-73.95337,40.6994],[-73.95702,40.69897],[-73.95717,40.69971]]]}},{"type":"Feature","properties":{"unit_id":"36047034700","name":"Census Tract 347 — Kings","native_id":"36047034700","source":"census_tract_2025","adm3_name":"Kings County","adm3_id":"36047","area_sqm":139778,"split":false},"geometry":{"type":"Polygon","coordinates":[[[-73.93079,40.67236],[-73.9307,40.67326],[-73.93062,40.67415],[-73.92508,40.67384],[-73.92516,40.67295],[-73.92525,40.67206],[-73.92533,40.67117],[-73.9281,40.67132],[-73.93087,40.67147],[-73.93079,40.67236]]]}},{"type":"Feature","properties":{"unit_id":"36047015400","name":"Census Tract 154 — Kings","native_id":"36047015400","source":"census_tract_2025","adm3_name":"Kings County","adm3_id":"36047","area_sqm":922940,"split":false},"geometry":{"type":"Polygon","coordinates":[[[-74.02279,40.6146],[-74.02216,40.61617],[-74.02122,40.61847],[-74.02053,40.61806],[-74.01832,40.61672],[-74.01612,40.61538],[-74.01393,40.61406],[-74.01171,40.61274],[-74.01522,40.60936],[-74.01702,40.60766],[-74.0155,40.60684],[-74.01898,40.60277],[-74.01914,40.60285],[-74.0213,40.60436],[-74.02063,40.6059],[-74.0224,40.60698],[-74.0215,40.60783],[-74.02478,40.60968],[-74.02279,40.6146]]]}},{"type":"Feature","properties":{"unit_id":"36047150200","name":"Census Tract 1502 — Kings","native_id":"36047150200","source":"census_tract_2025","adm3_name":"Kings County","adm3_id":"36047","area_sqm":319296,"split":false},"geometry":{"type":"Polygon","coordinates":[[[-73.98784,40.65982],[-73.9873,40.66044],[-73.98507,40.65903],[-73.98065,40.65638],[-73.97847,40.65504],[-73.97804,40.65475],[-73.97733,40.65304],[-73.97635,40.65122],[-73.97872,40.65029],[-73.98071,40.64952],[-73.98111,40.65159],[-73.98145,40.65342],[-73.9818,40.65525],[-73.98623,40.65792],[-73.98843,40.65925],[-73.98784,40.65982]]]}},{"type":"Feature","properties":{"unit_id":"36047054900","name":"Census Tract 549 — Kings","native_id":"36047054900","source":"census_tract_2025","adm3_name":"Kings County","adm3_id":"36047","area_sqm":195442,"split":false},"geometry":{"type":"Polygon","coordinates":[[[-73.96905,40.71248],[-73.96886,40.71265],[-73.96847,40.713],[-73.96742,40.7133],[-73.96446,40.71246],[-73.96294,40.71191],[-73.96142,40.71135],[-73.96196,40.71049],[-73.96204,40.71036],[-73.96229,40.70992],[-73.96241,40.70935],[-73.96852,40.71005],[-73.96961,40.71016],[-73.96905,40.71248]]]}},{"type":"Feature","properties":{"unit_id":"36047033500","name":"Census Tract 335 — Kings","native_id":"36047033500","source":"census_tract_2025","adm3_name":"Kings County","adm3_id":"36047","area_sqm":180682,"split":false},"geometry":{"type":"Polygon","coordinates":[[[-73.9479,40.66792],[-73.94782,40.66878],[-73.94228,40.66846],[-73.93952,40.6683],[-73.93675,40.66813],[-73.93682,40.66732],[-73.93691,40.66643],[-73.93968,40.66658],[-73.94244,40.66673],[-73.94798,40.66703],[-73.9479,40.66792]]]}},{"type":"Feature","properties":{"unit_id":"36047032100","name":"Census Tract 321 — Kings","native_id":"36047032100","source":"census_tract_2025","adm3_name":"Kings County","adm3_id":"36047","area_sqm":160095,"split":false},"geometry":{"type":"Polygon","coordinates":[[[-73.95369,40.66555],[-73.95361,40.66644],[-73.95352,40.66733],[-73.95344,40.66822],[-73.95327,40.67001],[-73.9505,40.66986],[-73.95067,40.66807],[-73.95083,40.66629],[-73.95092,40.6654],[-73.95097,40.6639],[-73.95385,40.66373],[-73.95369,40.66555]]]}},{"type":"Feature","properties":{"unit_id":"36047049301","name":"Census Tract 493.01 — Kings","native_id":"36047049301","source":"census_tract_2025","adm3_name":"Kings County","adm3_id":"36047","area_sqm":67820,"split":false},"geometry":{"type":"Polygon","coordinates":[[[-73.94379,40.7109],[-73.9421,40.71106],[-73.94042,40.71122],[-73.94008,40.7091],[-73.94344,40.70878],[-73.94379,40.7109]]]}},{"type":"Feature","properties":{"unit_id":"36061006900","name":"Census Tract 69 — New York","native_id":"36061006900","source":"census_tract_2025","adm3_name":"New York County","adm3_id":"36061","area_sqm":220486,"split":false},"geometry":{"type":"Polygon","coordinates":[[[-74.02064,40.73039],[-74.02006,40.73276],[-74.011,40.73232],[-74.01026,40.7324],[-74.00863,40.73264],[-74.00752,40.73285],[-74.00641,40.73305],[-74.00662,40.73167],[-74.00686,40.73023],[-74.00697,40.7295],[-74.00709,40.72877],[-74.01054,40.7291],[-74.01138,40.72823],[-74.01489,40.7285],[-74.02097,40.72904],[-74.02064,40.73039]]]}},{"type":"Feature","properties":{"unit_id":"36047026700","name":"Census Tract 267 — Kings","native_id":"36047026700","source":"census_tract_2025","adm3_name":"Kings County","adm3_id":"36047","area_sqm":159563,"split":false},"geometry":{"type":"Polygon","coordinates":[[[-73.94716,40.68511],[-73.94149,40.68576],[-73.94135,40.68503],[-73.9412,40.6843],[-73.94106,40.68357],[-73.94091,40.68283],[-73.94375,40.68251],[-73.94658,40.68218],[-73.94673,40.68291],[-73.94687,40.68365],[-73.94702,40.68438],[-73.94716,40.68511]]]}},{"type":"Feature","properties":{"unit_id":"36047007400","name":"Census Tract 74 — Kings","native_id":"36047007400","source":"census_tract_2025","adm3_name":"Kings County","adm3_id":"36047","area_sqm":141287,"split":false},"geometry":{"type":"Polygon","coordinates":[[[-74.01901,40.64317],[-74.01793,40.64423],[-74.01788,40.6442],[-74.01607,40.64311],[-74.01381,40.64175],[-74.01498,40.64063],[-74.01617,40.63948],[-74.01842,40.64085],[-74.02021,40.64198],[-74.01901,40.64317]]]}},{"type":"Feature","properties":{"unit_id":"36047034200","name":"Census Tract 342 — Kings","native_id":"36047034200","source":"census_tract_2025","adm3_name":"Kings County","adm3_id":"36047","area_sqm":229959,"split":false},"geometry":{"type":"Polygon","coordinates":[[[-74.0028,40.57464],[-74.00068,40.57487],[-73.99856,40.5751],[-73.9975,40.57522],[-73.99538,40.57545],[-73.99219,40.57581],[-73.99174,40.57343],[-73.99277,40.5732],[-73.9949,40.57287],[-73.99704,40.57275],[-73.99809,40.57275],[-74.00031,40.57293],[-74.00255,40.57333],[-74.0028,40.57464]]]}},{"type":"Feature","properties":{"unit_id":"36047031402","name":"Census Tract 314.02 — Kings","native_id":"36047031402","source":"census_tract_2025","adm3_name":"Kings County","adm3_id":"36047","area_sqm":385464,"split":false},"geometry":{"type":"Polygon","coordinates":[[[-73.9985,40.58547],[-73.99252,40.58798],[-73.99222,40.58745],[-73.98915,40.58467],[-73.98836,40.58347],[-73.98955,40.58193],[-73.99001,40.58068],[-73.98824,40.5797],[-73.99068,40.58006],[-73.99837,40.58185],[-73.99827,40.58187],[-73.99821,40.58265],[-73.99818,40.58298],[-73.99935,40.58455],[-73.9985,40.58547]]]}},{"type":"Feature","properties":{"unit_id":"36047033300","name":"Census Tract 333 — Kings","native_id":"36047033300","source":"census_tract_2025","adm3_name":"Kings County","adm3_id":"36047","area_sqm":186336,"split":false},"geometry":{"type":"Polygon","coordinates":[[[-73.94807,40.66614],[-73.94798,40.66703],[-73.94244,40.66673],[-73.93968,40.66658],[-73.93691,40.66643],[-73.93698,40.66554],[-73.93707,40.66464],[-73.93985,40.66479],[-73.94261,40.66495],[-73.94538,40.6651],[-73.94815,40.66525],[-73.94807,40.66614]]]}},{"type":"Feature","properties":{"unit_id":"36061017700","name":"Census Tract 177 — New York","native_id":"36061017700","source":"census_tract_2025","adm3_name":"New York County","adm3_id":"36061","area_sqm":174558,"split":false},"geometry":{"type":"Polygon","coordinates":[[[-73.97315,40.79024],[-73.97223,40.7915],[-73.97177,40.79213],[-73.97132,40.79275],[-73.96879,40.7917],[-73.96847,40.79156],[-73.96563,40.79037],[-73.96609,40.78973],[-73.96655,40.78911],[-73.96745,40.78786],[-73.96808,40.78813],[-73.9703,40.78905],[-73.97246,40.78995],[-73.97315,40.79024]]]}},{"type":"Feature","properties":{"unit_id":"36047086600","name":"Census Tract 866 — Kings","native_id":"36047086600","source":"census_tract_2025","adm3_name":"Kings County","adm3_id":"36047","area_sqm":156523,"split":false},"geometry":{"type":"Polygon","coordinates":[[[-73.92819,40.66018],[-73.92646,40.65981],[-73.92464,40.65818],[-73.92465,40.65701],[-73.92609,40.65692],[-73.92595,40.65563],[-73.92561,40.65245],[-73.92655,40.65239],[-73.92751,40.65232],[-73.92769,40.65398],[-73.92786,40.65552],[-73.92799,40.6568],[-73.92817,40.65848],[-73.92819,40.66018]]]}},{"type":"Feature","properties":{"unit_id":"36061000100","name":"Census Tract 1 — New York","native_id":"36061000100","source":"census_tract_2025","adm3_name":"New York County","adm3_id":"36061","area_sqm":76389,"split":false},"geometry":{"type":"MultiPolygon","coordinates":[[[[-74.03994,40.70082],[-74.03762,40.69921],[-74.039,40.69762],[-74.0422,40.69997],[-74.03994,40.70082]]],[[[-74.04708,40.69106],[-74.04583,40.69129],[-74.04358,40.69031],[-74.04325,40.68934],[-74.04445,40.68845],[-74.04573,40.68861],[-74.04741,40.69023],[-74.04708,40.69106]]]]}},{"type":"Feature","properties":{"unit_id":"36061000700","name":"Census Tract 7 — New York","native_id":"36061000700","source":"census_tract_2025","adm3_name":"New York County","adm3_id":"36061","area_sqm":253229,"split":false},"geometry":{"type":"MultiPolygon","coordinates":[[[[-73.99864,40.70004],[-73.99846,40.70031],[-73.9975,40.69965],[-73.99803,40.69876],[-73.99923,40.69918],[-73.99864,40.70004]]],[[[-74.01251,40.70677],[-74.01101,40.70859],[-74.01054,40.70915],[-74.00937,40.70861],[-74.00827,40.70772],[-74.00746,40.70722],[-74.00678,40.70672],[-74.00475,40.70523],[-74.00428,40.70441],[-74.00773,40.70281],[-74.00798,40.70319],[-74.00899,40.70408],[-74.00998,40.70515],[-74.00987,40.7058],[-74.01119,40.70628],[-74.01251,40.70677]]]]}},{"type":"Feature","properties":{"unit_id":"36047094402","name":"Census Tract 944.02 — Kings","native_id":"36047094402","source":"census_tract_2025","adm3_name":"Kings County","adm3_id":"36047","area_sqm":106859,"split":false},"geometry":{"type":"Polygon","coordinates":[[[-73.92283,40.63554],[-73.92102,40.63653],[-73.92012,40.63699],[-73.91917,40.63747],[-73.91885,40.63448],[-73.92068,40.63333],[-73.92259,40.63321],[-73.92283,40.63554]]]}},{"type":"Feature","properties":{"unit_id":"36047018400","name":"Census Tract 184 — Kings","native_id":"36047018400","source":"census_tract_2025","adm3_name":"Kings County","adm3_id":"36047","area_sqm":149139,"split":false},"geometry":{"type":"Polygon","coordinates":[[[-74.00934,40.61501],[-74.00818,40.61613],[-74.00598,40.6148],[-74.00378,40.61348],[-74.00436,40.61292],[-74.00494,40.61236],[-74.00601,40.61133],[-74.0083,40.61257],[-74.0105,40.6139],[-74.00934,40.61501]]]}},{"type":"Feature","properties":{"unit_id":"36061008000","name":"Census Tract 80 — New York","native_id":"36061008000","source":"census_tract_2025","adm3_name":"New York County","adm3_id":"36061","area_sqm":172626,"split":false},"geometry":{"type":"Polygon","coordinates":[[[-73.97995,40.74898],[-73.97861,40.75084],[-73.97768,40.75212],[-73.97605,40.75144],[-73.97445,40.75077],[-73.97584,40.74886],[-73.97629,40.74824],[-73.97719,40.74701],[-73.97764,40.74639],[-73.97924,40.74707],[-73.98085,40.74775],[-73.97995,40.74898]]]}},{"type":"Feature","properties":{"unit_id":"36047040000","name":"Census Tract 400 — Kings","native_id":"36047040000","source":"census_tract_2025","adm3_name":"Kings County","adm3_id":"36047","area_sqm":192000,"split":false},"geometry":{"type":"Polygon","coordinates":[[[-73.98078,40.59845],[-73.97986,40.59855],[-73.97893,40.59865],[-73.97793,40.59876],[-73.97693,40.59887],[-73.97601,40.59898],[-73.97375,40.59922],[-73.97291,40.59931],[-73.97191,40.59942],[-73.97163,40.59794],[-73.97148,40.59717],[-73.97408,40.59688],[-73.97559,40.59672],[-73.97651,40.59662],[-73.97751,40.59651],[-73.98036,40.59619],[-73.98078,40.59845]]]}},{"type":"Feature","properties":{"unit_id":"36047081400","name":"Census Tract 814 — Kings","native_id":"36047081400","source":"census_tract_2025","adm3_name":"Kings County","adm3_id":"36047","area_sqm":170174,"split":false},"geometry":{"type":"Polygon","coordinates":[[[-73.9424,40.65588],[-73.94053,40.656],[-73.93859,40.65612],[-73.93845,40.65486],[-73.93829,40.65333],[-73.93808,40.65138],[-73.93905,40.65133],[-73.94003,40.65128],[-73.94189,40.65117],[-73.9421,40.65309],[-73.9424,40.65588]]]}},{"type":"Feature","properties":{"unit_id":"36047054600","name":"Census Tract 546 — Kings","native_id":"36047054600","source":"census_tract_2025","adm3_name":"Kings County","adm3_id":"36047","area_sqm":180669,"split":false},"geometry":{"type":"Polygon","coordinates":[[[-73.95579,40.61604],[-73.95459,40.61617],[-73.95355,40.61628],[-73.95305,40.61362],[-73.95212,40.61372],[-73.95027,40.61392],[-73.94978,40.61137],[-73.95071,40.61125],[-73.95258,40.61104],[-73.9548,40.61082],[-73.95528,40.61337],[-73.95579,40.61604]]]}},{"type":"Feature","properties":{"unit_id":"36047100400","name":"Census Tract 1004 — Kings","native_id":"36047100400","source":"census_tract_2025","adm3_name":"Kings County","adm3_id":"36047","area_sqm":132054,"split":false},"geometry":{"type":"Polygon","coordinates":[[[-73.90735,40.63083],[-73.90415,40.63295],[-73.90233,40.63132],[-73.90051,40.62969],[-73.90239,40.6286],[-73.90652,40.63046],[-73.90735,40.63083]]]}},{"type":"Feature","properties":{"unit_id":"36047051602","name":"Census Tract 516.02 — Kings","native_id":"36047051602","source":"census_tract_2025","adm3_name":"Kings County","adm3_id":"36047","area_sqm":91134,"split":false},"geometry":{"type":"Polygon","coordinates":[[[-73.95973,40.64333],[-73.95875,40.64377],[-73.95792,40.64414],[-73.95764,40.64269],[-73.95564,40.6405],[-73.95713,40.64017],[-73.958,40.63976],[-73.95897,40.63931],[-73.95938,40.64147],[-73.95973,40.64333]]]}},{"type":"Feature","properties":{"unit_id":"36047037900","name":"Census Tract 379 — Kings","native_id":"36047037900","source":"census_tract_2025","adm3_name":"Kings County","adm3_id":"36047","area_sqm":183760,"split":false},"geometry":{"type":"Polygon","coordinates":[[[-73.92254,40.68194],[-73.91712,40.68257],[-73.91698,40.68183],[-73.91683,40.6811],[-73.91669,40.68037],[-73.91654,40.67964],[-73.91639,40.67891],[-73.9163,40.67858],[-73.92165,40.67887],[-73.92213,40.67974],[-73.92243,40.68121],[-73.92254,40.68194]]]}},{"type":"Feature","properties":{"unit_id":"36047035602","name":"Census Tract 356.02 — Kings","native_id":"36047035602","source":"census_tract_2025","adm3_name":"Kings County","adm3_id":"36047","area_sqm":170769,"split":false},"geometry":{"type":"Polygon","coordinates":[[[-73.97282,40.5767],[-73.97212,40.57889],[-73.97183,40.57981],[-73.97106,40.57978],[-73.96913,40.58005],[-73.9676,40.58036],[-73.96807,40.57831],[-73.96854,40.57629],[-73.96887,40.57524],[-73.96992,40.57558],[-73.97078,40.57579],[-73.97303,40.57605],[-73.97282,40.5767]]]}},{"type":"Feature","properties":{"unit_id":"36047012801","name":"Census Tract 128.01 — Kings","native_id":"36047012801","source":"census_tract_2025","adm3_name":"Kings County","adm3_id":"36047","area_sqm":114974,"split":false},"geometry":{"type":"Polygon","coordinates":[[[-74.01514,40.63322],[-74.01,40.63011],[-74.01143,40.62916],[-74.01214,40.62868],[-74.0149,40.63035],[-74.01605,40.63103],[-74.01514,40.63322]]]}},{"type":"Feature","properties":{"unit_id":"36047030200","name":"Census Tract 302 — Kings","native_id":"36047030200","source":"census_tract_2025","adm3_name":"Kings County","adm3_id":"36047","area_sqm":211197,"split":false},"geometry":{"type":"Polygon","coordinates":[[[-73.99336,40.59889],[-73.99191,40.598],[-73.99042,40.5971],[-73.98896,40.59622],[-73.98822,40.59578],[-73.9875,40.59534],[-73.98602,40.59445],[-73.98799,40.59255],[-73.99019,40.59388],[-73.99239,40.59521],[-73.99523,40.59709],[-73.99336,40.59889]]]}},{"type":"Feature","properties":{"unit_id":"36047038600","name":"Census Tract 386 — Kings","native_id":"36047038600","source":"census_tract_2025","adm3_name":"Kings County","adm3_id":"36047","area_sqm":251188,"split":false},"geometry":{"type":"Polygon","coordinates":[[[-73.97996,40.59407],[-73.9771,40.59439],[-73.97611,40.5945],[-73.97541,40.59412],[-73.97178,40.59376],[-73.97155,40.59256],[-73.97115,40.59044],[-73.97422,40.59011],[-73.97557,40.58995],[-73.97769,40.59218],[-73.97876,40.59282],[-73.98071,40.594],[-73.97996,40.59407]]]}},{"type":"Feature","properties":{"unit_id":"36047010000","name":"Census Tract 100 — Kings","native_id":"36047010000","source":"census_tract_2025","adm3_name":"Kings County","adm3_id":"36047","area_sqm":150970,"split":false},"geometry":{"type":"Polygon","coordinates":[[[-74.01265,40.64287],[-74.01148,40.64399],[-74.00928,40.64266],[-74.00708,40.64133],[-74.00824,40.64021],[-74.00941,40.63909],[-74.01161,40.64042],[-74.01381,40.64175],[-74.01265,40.64287]]]}},{"type":"Feature","properties":{"unit_id":"36061023600","name":"Census Tract 236 — New York","native_id":"36061023600","source":"census_tract_2025","adm3_name":"New York County","adm3_id":"36061","area_sqm":263164,"split":false},"geometry":{"type":"Polygon","coordinates":[[[-73.9396,40.826],[-73.93727,40.82915],[-73.93484,40.82803],[-73.93456,40.82805],[-73.93306,40.82816],[-73.93233,40.8195],[-73.93382,40.81949],[-73.93448,40.8197],[-73.93623,40.82044],[-73.93574,40.82111],[-73.93533,40.82175],[-73.93813,40.82293],[-73.93767,40.82357],[-73.93722,40.82419],[-73.93679,40.82481],[-73.93935,40.8259],[-73.9396,40.826]]]}},{"type":"Feature","properties":{"unit_id":"36061014200","name":"Census Tract 142 — New York","native_id":"36061014200","source":"census_tract_2025","adm3_name":"New York County","adm3_id":"36061","area_sqm":178985,"split":false},"geometry":{"type":"Polygon","coordinates":[[[-73.96373,40.77699],[-73.96323,40.77768],[-73.9623,40.77895],[-73.96136,40.78024],[-73.95977,40.77954],[-73.95816,40.77886],[-73.95909,40.77759],[-73.96052,40.77564],[-73.96147,40.77432],[-73.96309,40.775],[-73.96469,40.77568],[-73.96373,40.77699]]]}},{"type":"Feature","properties":{"unit_id":"36047005601","name":"Census Tract 56.01 — Kings","native_id":"36047005601","source":"census_tract_2025","adm3_name":"Kings County","adm3_id":"36047","area_sqm":173443,"split":false},"geometry":{"type":"Polygon","coordinates":[[[-74.0403,40.61568],[-74.03836,40.61651],[-74.03798,40.61586],[-74.03568,40.61667],[-74.03593,40.61706],[-74.03387,40.61659],[-74.03151,40.61533],[-74.03195,40.61482],[-74.03264,40.61401],[-74.03458,40.61486],[-74.03707,40.61382],[-74.03874,40.61325],[-74.04019,40.61484],[-74.0403,40.61568]]]}},{"type":"Feature","properties":{"unit_id":"36047045800","name":"Census Tract 458 — Kings","native_id":"36047045800","source":"census_tract_2025","adm3_name":"Kings County","adm3_id":"36047","area_sqm":179391,"split":false},"geometry":{"type":"Polygon","coordinates":[[[-73.97137,40.62897],[-73.96893,40.62923],[-73.96848,40.62684],[-73.96755,40.62694],[-73.96664,40.62216],[-73.96864,40.62194],[-73.9691,40.62433],[-73.97047,40.62418],[-73.97092,40.62657],[-73.97121,40.62809],[-73.97137,40.62897]]]}},{"type":"Feature","properties":{"unit_id":"36061013603","name":"Census Tract 136.03 — New York","native_id":"36061013603","source":"census_tract_2025","adm3_name":"New York County","adm3_id":"36061","area_sqm":53825,"split":false},"geometry":{"type":"Polygon","coordinates":[[[-73.95219,40.77302],[-73.95172,40.77366],[-73.95126,40.77429],[-73.94901,40.77334],[-73.94948,40.77271],[-73.94994,40.77207],[-73.95043,40.77139],[-73.95269,40.77234],[-73.95219,40.77302]]]}},{"type":"Feature","properties":{"unit_id":"36047088001","name":"Census Tract 880.01 — Kings","native_id":"36047088001","source":"census_tract_2025","adm3_name":"Kings County","adm3_id":"36047","area_sqm":81426,"split":false},"geometry":{"type":"Polygon","coordinates":[[[-73.93455,40.66336],[-73.93161,40.66356],[-73.93141,40.66133],[-73.93133,40.66059],[-73.93423,40.66042],[-73.93432,40.66115],[-73.93455,40.66336]]]}},{"type":"Feature","properties":{"unit_id":"36047119600","name":"Census Tract 1196 — Kings","native_id":"36047119600","source":"census_tract_2025","adm3_name":"Kings County","adm3_id":"36047","area_sqm":306450,"split":false},"geometry":{"type":"Polygon","coordinates":[[[-73.87656,40.68018],[-73.87518,40.68008],[-73.87259,40.67787],[-73.87131,40.67681],[-73.87039,40.67694],[-73.87007,40.67567],[-73.86975,40.6744],[-73.86945,40.67314],[-73.87037,40.67301],[-73.8713,40.67286],[-73.87462,40.67239],[-73.87496,40.67365],[-73.87528,40.67492],[-73.87559,40.67619],[-73.8759,40.67743],[-73.87656,40.68018]]]}},{"type":"Feature","properties":{"unit_id":"36047060000","name":"Census Tract 600 — Kings","native_id":"36047060000","source":"census_tract_2025","adm3_name":"Kings County","adm3_id":"36047","area_sqm":439917,"split":false},"geometry":{"type":"Polygon","coordinates":[[[-73.95245,40.58817],[-73.95149,40.58828],[-73.94934,40.58851],[-73.94831,40.58863],[-73.94646,40.58883],[-73.94457,40.58904],[-73.94361,40.58915],[-73.94175,40.58935],[-73.9398,40.58957],[-73.93937,40.58731],[-73.93914,40.58598],[-73.94106,40.58566],[-73.94387,40.5853],[-73.94669,40.58507],[-73.94764,40.585],[-73.94987,40.58486],[-73.95124,40.58492],[-73.95189,40.58594],[-73.95267,40.58716],[-73.95245,40.58817]]]}},{"type":"Feature","properties":{"unit_id":"36047016700","name":"Census Tract 167 — Kings","native_id":"36047016700","source":"census_tract_2025","adm3_name":"Kings County","adm3_id":"36047","area_sqm":168915,"split":false},"geometry":{"type":"Polygon","coordinates":[[[-73.98122,40.66335],[-73.98072,40.66395],[-73.98022,40.66455],[-73.97972,40.66515],[-73.97922,40.66575],[-73.97871,40.66636],[-73.97821,40.66696],[-73.97772,40.66757],[-73.97534,40.66642],[-73.97633,40.66521],[-73.97734,40.66401],[-73.97835,40.6628],[-73.97965,40.66124],[-73.98017,40.66116],[-73.98223,40.66214],[-73.98122,40.66335]]]}},{"type":"Feature","properties":{"unit_id":"36047035400","name":"Census Tract 354 — Kings","native_id":"36047035400","source":"census_tract_2025","adm3_name":"Kings County","adm3_id":"36047","area_sqm":378077,"split":false},"geometry":{"type":"Polygon","coordinates":[[[-73.97655,40.57599],[-73.97627,40.57982],[-73.97469,40.57998],[-73.9745,40.58187],[-73.97462,40.58279],[-73.97464,40.58311],[-73.97085,40.58382],[-73.96906,40.584],[-73.96661,40.58458],[-73.96678,40.5839],[-73.96689,40.58335],[-73.96734,40.58152],[-73.97113,40.58202],[-73.97183,40.57981],[-73.97212,40.57889],[-73.97282,40.5767],[-73.97303,40.57605],[-73.97345,40.5748],[-73.97662,40.5753],[-73.97655,40.57599]]]}},{"type":"Feature","properties":{"unit_id":"36061003100","name":"Census Tract 31 — New York","native_id":"36061003100","source":"census_tract_2025","adm3_name":"New York County","adm3_id":"36061","area_sqm":204969,"split":false},"geometry":{"type":"Polygon","coordinates":[[[-74.00723,40.71305],[-74.00589,40.71468],[-74.00453,40.71628],[-74.00403,40.71687],[-74.00188,40.7194],[-73.99996,40.71802],[-74.00212,40.71516],[-74.00309,40.71396],[-74.0036,40.71365],[-74.00486,40.71245],[-74.00609,40.712],[-74.0086,40.71139],[-74.00723,40.71305]]]}},{"type":"Feature","properties":{"unit_id":"36047050402","name":"Census Tract 504.02 — Kings","native_id":"36047050402","source":"census_tract_2025","adm3_name":"Kings County","adm3_id":"36047","area_sqm":84339,"split":false},"geometry":{"type":"Polygon","coordinates":[[[-73.97496,40.6478],[-73.97473,40.64777],[-73.9735,40.6476],[-73.9714,40.64826],[-73.97121,40.64762],[-73.97084,40.64638],[-73.97174,40.646],[-73.97209,40.64586],[-73.9731,40.64545],[-73.9742,40.64501],[-73.97466,40.64481],[-73.97483,40.64566],[-73.97518,40.64782],[-73.97496,40.6478]]]}},{"type":"Feature","properties":{"unit_id":"36047026000","name":"Census Tract 260 — Kings","native_id":"36047026000","source":"census_tract_2025","adm3_name":"Kings County","adm3_id":"36047","area_sqm":162864,"split":false},"geometry":{"type":"Polygon","coordinates":[[[-73.99542,40.61767],[-73.99388,40.61916],[-73.99152,40.61782],[-73.9908,40.61852],[-73.98869,40.61725],[-73.98985,40.61613],[-73.99043,40.61557],[-73.9916,40.61445],[-73.99365,40.61569],[-73.996,40.61711],[-73.99542,40.61767]]]}},{"type":"Feature","properties":{"unit_id":"36047046000","name":"Census Tract 460 — Kings","native_id":"36047046000","source":"census_tract_2025","adm3_name":"Kings County","adm3_id":"36047","area_sqm":196068,"split":false},"geometry":{"type":"Polygon","coordinates":[[[-73.97157,40.62999],[-73.96841,40.63151],[-73.96793,40.63174],[-73.96678,40.63229],[-73.96568,40.63283],[-73.9648,40.63325],[-73.96395,40.63366],[-73.9622,40.6345],[-73.96131,40.63493],[-73.96041,40.63536],[-73.9599,40.63267],[-73.9623,40.6324],[-73.96367,40.63225],[-73.96668,40.63192],[-73.96607,40.62955],[-73.96708,40.62944],[-73.968,40.62933],[-73.96893,40.62923],[-73.97137,40.62897],[-73.97157,40.62999]]]}},{"type":"Feature","properties":{"unit_id":"36047118400","name":"Census Tract 1184 — Kings","native_id":"36047118400","source":"census_tract_2025","adm3_name":"Kings County","adm3_id":"36047","area_sqm":204944,"split":false},"geometry":{"type":"Polygon","coordinates":[[[-73.87274,40.68541],[-73.8707,40.68592],[-73.86991,40.68612],[-73.86908,40.68632],[-73.86702,40.68683],[-73.8666,40.68527],[-73.86629,40.68319],[-73.86813,40.68267],[-73.86981,40.68219],[-73.87157,40.68169],[-73.87219,40.68365],[-73.87274,40.68541]]]}},{"type":"Feature","properties":{"unit_id":"36047118800","name":"Census Tract 1188 — Kings","native_id":"36047118800","source":"census_tract_2025","adm3_name":"Kings County","adm3_id":"36047","area_sqm":174376,"split":false},"geometry":{"type":"Polygon","coordinates":[[[-73.86934,40.68019],[-73.86754,40.68043],[-73.86575,40.68065],[-73.86379,40.68111],[-73.86335,40.67935],[-73.86203,40.67789],[-73.86391,40.67777],[-73.86485,40.67772],[-73.8667,40.67747],[-73.86855,40.67721],[-73.86934,40.68019]]]}},{"type":"Feature","properties":{"unit_id":"36047015500","name":"Census Tract 155 — Kings","native_id":"36047015500","source":"census_tract_2025","adm3_name":"Kings County","adm3_id":"36047","area_sqm":149645,"split":false},"geometry":{"type":"Polygon","coordinates":[[[-73.98143,40.67105],[-73.98092,40.67166],[-73.98042,40.67226],[-73.97992,40.67286],[-73.9752,40.67058],[-73.9757,40.66997],[-73.9762,40.66937],[-73.9767,40.66877],[-73.97721,40.66817],[-73.97956,40.66931],[-73.98193,40.67045],[-73.98143,40.67105]]]}},{"type":"Feature","properties":{"unit_id":"36061015801","name":"Census Tract 158.01 — New York","native_id":"36061015801","source":"census_tract_2025","adm3_name":"New York County","adm3_id":"36061","area_sqm":125753,"split":false},"geometry":{"type":"Polygon","coordinates":[[[-73.95396,40.78462],[-73.9535,40.78525],[-73.95255,40.78655],[-73.95093,40.78587],[-73.94933,40.78519],[-73.94982,40.78452],[-73.95028,40.78389],[-73.95074,40.78326],[-73.9512,40.78263],[-73.95166,40.78201],[-73.95326,40.78268],[-73.95488,40.78336],[-73.95396,40.78462]]]}},{"type":"Feature","properties":{"unit_id":"36047027500","name":"Census Tract 275 — Kings","native_id":"36047027500","source":"census_tract_2025","adm3_name":"Kings County","adm3_id":"36047","area_sqm":162077,"split":false},"geometry":{"type":"Polygon","coordinates":[[[-73.94135,40.68503],[-73.93851,40.68536],[-73.93559,40.6857],[-73.93544,40.68496],[-73.9353,40.68423],[-73.93515,40.6835],[-73.93501,40.68276],[-73.94077,40.6821],[-73.94091,40.68283],[-73.94106,40.68357],[-73.9412,40.6843],[-73.94135,40.68503]]]}},{"type":"Feature","properties":{"unit_id":"36061011100","name":"Census Tract 111 — New York","native_id":"36061011100","source":"census_tract_2025","adm3_name":"New York County","adm3_id":"36061","area_sqm":175464,"split":false},"geometry":{"type":"Polygon","coordinates":[[[-73.99821,40.75587],[-73.99731,40.75711],[-73.99447,40.75591],[-73.99163,40.75471],[-73.99346,40.75219],[-73.9963,40.75339],[-73.99914,40.75458],[-73.99821,40.75587]]]}},{"type":"Feature","properties":{"unit_id":"36047116200","name":"Census Tract 1162 — Kings","native_id":"36047116200","source":"census_tract_2025","adm3_name":"Kings County","adm3_id":"36047","area_sqm":143447,"split":false},"geometry":{"type":"Polygon","coordinates":[[[-73.88729,40.67185],[-73.88552,40.67211],[-73.88389,40.67236],[-73.88357,40.6711],[-73.88317,40.66956],[-73.88278,40.66803],[-73.8836,40.6679],[-73.88618,40.66752],[-73.88657,40.66906],[-73.88697,40.67059],[-73.88729,40.67185]]]}},{"type":"Feature","properties":{"unit_id":"36047085400","name":"Census Tract 854 — Kings","native_id":"36047085400","source":"census_tract_2025","adm3_name":"Kings County","adm3_id":"36047","area_sqm":128750,"split":false},"geometry":{"type":"Polygon","coordinates":[[[-73.94607,40.64531],[-73.94417,40.64543],[-73.94434,40.64708],[-73.94337,40.64711],[-73.94331,40.64653],[-73.94261,40.64466],[-73.94214,40.64468],[-73.93738,40.64491],[-73.93728,40.64396],[-73.94016,40.64378],[-73.94203,40.64366],[-73.94397,40.64354],[-73.94587,40.64342],[-73.94599,40.64453],[-73.94607,40.64531]]]}},{"type":"Feature","properties":{"unit_id":"36061010801","name":"Census Tract 108.01 — New York","native_id":"36061010801","source":"census_tract_2025","adm3_name":"New York County","adm3_id":"36061","area_sqm":70801,"split":false},"geometry":{"type":"Polygon","coordinates":[[[-73.96802,40.75958],[-73.96578,40.75863],[-73.96341,40.75764],[-73.96387,40.75701],[-73.96433,40.75638],[-73.9667,40.75738],[-73.96894,40.75833],[-73.96802,40.75958]]]}},{"type":"Feature","properties":{"unit_id":"36047117601","name":"Census Tract 1176.01 — Kings","native_id":"36047117601","source":"census_tract_2025","adm3_name":"Kings County","adm3_id":"36047","area_sqm":152356,"split":false},"geometry":{"type":"Polygon","coordinates":[[[-73.87908,40.68688],[-73.87668,40.68809],[-73.87583,40.68464],[-73.87457,40.68496],[-73.87411,40.6831],[-73.87787,40.68204],[-73.87836,40.68401],[-73.87908,40.68688]]]}},{"type":"Feature","properties":{"unit_id":"36061012000","name":"Census Tract 120 — New York","native_id":"36061012000","source":"census_tract_2025","adm3_name":"New York County","adm3_id":"36061","area_sqm":173025,"split":false},"geometry":{"type":"Polygon","coordinates":[[[-73.96661,40.76729],[-73.96478,40.7698],[-73.96316,40.76911],[-73.96156,40.76844],[-73.96201,40.76781],[-73.96247,40.76718],[-73.96293,40.76656],[-73.9634,40.76591],[-73.96384,40.76531],[-73.9643,40.76468],[-73.96475,40.76406],[-73.96636,40.76473],[-73.96797,40.76541],[-73.96661,40.76729]]]}},{"type":"Feature","properties":{"unit_id":"36047001801","name":"Census Tract 18.01 — Kings","native_id":"36047001801","source":"census_tract_2025","adm3_name":"Kings County","adm3_id":"36047","area_sqm":464952,"split":false},"geometry":{"type":"Polygon","coordinates":[[[-74.00465,40.66095],[-74.00435,40.66155],[-74.00425,40.66152],[-73.99999,40.66382],[-74.00185,40.66679],[-74.00219,40.66734],[-74.00145,40.66763],[-74.00017,40.6686],[-73.99946,40.67014],[-73.99902,40.67143],[-73.99862,40.67183],[-73.99846,40.67157],[-73.99653,40.66889],[-73.99484,40.6668],[-73.9958,40.66552],[-73.99639,40.66495],[-73.99696,40.66439],[-73.99753,40.66383],[-73.9993,40.66216],[-74.00216,40.65936],[-74.00273,40.65879],[-74.0053,40.66031],[-74.00465,40.66095]]]}},{"type":"Feature","properties":{"unit_id":"36047076000","name":"Census Tract 760 — Kings","native_id":"36047076000","source":"census_tract_2025","adm3_name":"Kings County","adm3_id":"36047","area_sqm":181582,"split":false},"geometry":{"type":"Polygon","coordinates":[[[-73.95809,40.62311],[-73.95594,40.62334],[-73.95491,40.62345],[-73.95398,40.62356],[-73.95305,40.62366],[-73.95261,40.62127],[-73.95215,40.61888],[-73.95308,40.61877],[-73.954,40.61867],[-73.95504,40.61856],[-73.95549,40.62095],[-73.95763,40.62071],[-73.95809,40.62311]]]}},{"type":"Feature","properties":{"unit_id":"36047084800","name":"Census Tract 848 — Kings","native_id":"36047084800","source":"census_tract_2025","adm3_name":"Kings County","adm3_id":"36047","area_sqm":137501,"split":false},"geometry":{"type":"Polygon","coordinates":[[[-73.93,40.64818],[-73.92709,40.64836],[-73.92612,40.64842],[-73.92592,40.64656],[-73.92572,40.64467],[-73.9296,40.64443],[-73.9298,40.64632],[-73.93,40.64818]]]}},{"type":"Feature","properties":{"unit_id":"36047077400","name":"Census Tract 774 — Kings","native_id":"36047077400","source":"census_tract_2025","adm3_name":"Kings County","adm3_id":"36047","area_sqm":147764,"split":false},"geometry":{"type":"Polygon","coordinates":[[[-73.95106,40.63363],[-73.94945,40.63451],[-73.94882,40.6339],[-73.94648,40.63171],[-73.94551,40.63079],[-73.94415,40.62951],[-73.9454,40.62938],[-73.94633,40.62928],[-73.94733,40.62917],[-73.95018,40.62885],[-73.95045,40.63026],[-73.94754,40.63158],[-73.95084,40.63235],[-73.95106,40.63363]]]}},{"type":"Feature","properties":{"unit_id":"36047024800","name":"Census Tract 248 — Kings","native_id":"36047024800","source":"census_tract_2025","adm3_name":"Kings County","adm3_id":"36047","area_sqm":176029,"split":false},"geometry":{"type":"Polygon","coordinates":[[[-73.99371,40.62316],[-73.99313,40.62371],[-73.99255,40.62427],[-73.99009,40.62279],[-73.98785,40.62143],[-73.98569,40.62013],[-73.98628,40.61957],[-73.98714,40.61874],[-73.98744,40.61845],[-73.98957,40.61974],[-73.99184,40.62111],[-73.99429,40.6226],[-73.99371,40.62316]]]}},{"type":"Feature","properties":{"unit_id":"36047034500","name":"Census Tract 345 — Kings","native_id":"36047034500","source":"census_tract_2025","adm3_name":"Kings County","adm3_id":"36047","area_sqm":163593,"split":false},"geometry":{"type":"Polygon","coordinates":[[[-73.93634,40.6727],[-73.93626,40.67356],[-73.93618,40.67438],[-73.93608,40.67533],[-73.9333,40.67519],[-73.93062,40.67415],[-73.9307,40.67326],[-73.93079,40.67236],[-73.93087,40.67147],[-73.93363,40.67163],[-73.93641,40.67177],[-73.93634,40.6727]]]}},{"type":"Feature","properties":{"unit_id":"36061029300","name":"Census Tract 293 — New York","native_id":"36061029300","source":"census_tract_2025","adm3_name":"New York County","adm3_id":"36061","area_sqm":157076,"split":false},"geometry":{"type":"Polygon","coordinates":[[[-73.92311,40.86702],[-73.92121,40.86769],[-73.91975,40.86811],[-73.91704,40.86703],[-73.91894,40.86446],[-73.92028,40.86261],[-73.92061,40.86311],[-73.92125,40.86411],[-73.92188,40.8651],[-73.9225,40.86606],[-73.92311,40.86702]]]}},{"type":"Feature","properties":{"unit_id":"36047001804","name":"Census Tract 18.04 — Kings","native_id":"36047001804","source":"census_tract_2025","adm3_name":"Kings County","adm3_id":"36047","area_sqm":342773,"split":false},"geometry":{"type":"Polygon","coordinates":[[[-74.02923,40.6445],[-74.0276,40.64473],[-74.02751,40.6448],[-74.02504,40.64695],[-74.02384,40.64592],[-74.0216,40.6446],[-74.02277,40.64347],[-74.02572,40.64063],[-74.02626,40.64013],[-74.02908,40.64127],[-74.02906,40.64173],[-74.03297,40.64399],[-74.02923,40.6445]]]}},{"type":"Feature","properties":{"unit_id":"36047043000","name":"Census Tract 430 — Kings","native_id":"36047043000","source":"census_tract_2025","adm3_name":"Kings County","adm3_id":"36047","area_sqm":160032,"split":false},"geometry":{"type":"Polygon","coordinates":[[[-73.98797,40.60757],[-73.98734,40.60817],[-73.98613,40.60933],[-73.98496,40.61045],[-73.98416,40.61122],[-73.98335,40.61199],[-73.98322,40.61212],[-73.98266,40.61269],[-73.98162,40.60787],[-73.98255,40.60776],[-73.98348,40.60766],[-73.9844,40.60756],[-73.98842,40.60712],[-73.98797,40.60757]]]}},{"type":"Feature","properties":{"unit_id":"36047058600","name":"Census Tract 586 — Kings","native_id":"36047058600","source":"census_tract_2025","adm3_name":"Kings County","adm3_id":"36047","area_sqm":163424,"split":false},"geometry":{"type":"Polygon","coordinates":[[[-73.95693,40.59661],[-73.95508,40.59682],[-73.95315,40.59703],[-73.9527,40.59464],[-73.9523,40.59251],[-73.95326,40.59241],[-73.95608,40.5921],[-73.95656,40.59465],[-73.95693,40.59661]]]}},{"type":"Feature","properties":{"unit_id":"36047115200","name":"Census Tract 1152 — Kings","native_id":"36047115200","source":"census_tract_2025","adm3_name":"Kings County","adm3_id":"36047","area_sqm":166136,"split":false},"geometry":{"type":"Polygon","coordinates":[[[-73.89367,40.67482],[-73.89186,40.67509],[-73.88915,40.6755],[-73.88884,40.67425],[-73.88851,40.67298],[-73.88819,40.67171],[-73.89088,40.67132],[-73.89271,40.67105],[-73.89303,40.67231],[-73.89335,40.67358],[-73.89367,40.67482]]]}},{"type":"Feature","properties":{"unit_id":"36061005400","name":"Census Tract 54 — New York","native_id":"36061005400","source":"census_tract_2025","adm3_name":"New York County","adm3_id":"36061","area_sqm":167959,"split":false},"geometry":{"type":"Polygon","coordinates":[[[-73.99634,40.73804],[-73.99587,40.73869],[-73.99545,40.73927],[-73.99502,40.73986],[-73.99416,40.74103],[-73.99374,40.74162],[-73.99052,40.74026],[-73.99223,40.73792],[-73.99265,40.73733],[-73.99312,40.73669],[-73.99362,40.736],[-73.99684,40.73736],[-73.99634,40.73804]]]}},{"type":"Feature","properties":{"unit_id":"36061016400","name":"Census Tract 164 — New York","native_id":"36061016400","source":"census_tract_2025","adm3_name":"New York County","adm3_id":"36061","area_sqm":177386,"split":false},"geometry":{"type":"Polygon","coordinates":[[[-73.947,40.78838],[-73.94656,40.789],[-73.94609,40.78964],[-73.94564,40.79025],[-73.9434,40.78931],[-73.94102,40.78832],[-73.94194,40.78706],[-73.94332,40.78517],[-73.9457,40.78617],[-73.94792,40.78712],[-73.947,40.78838]]]}},{"type":"Feature","properties":{"unit_id":"36047050002","name":"Census Tract 500.02 — Kings","native_id":"36047050002","source":"census_tract_2025","adm3_name":"Kings County","adm3_id":"36047","area_sqm":62177,"split":false},"geometry":{"type":"Polygon","coordinates":[[[-73.97819,40.64753],[-73.97518,40.64782],[-73.97483,40.64566],[-73.97777,40.64534],[-73.97819,40.64753]]]}},{"type":"Feature","properties":{"unit_id":"36047040600","name":"Census Tract 406 — Kings","native_id":"36047040600","source":"census_tract_2025","adm3_name":"Kings County","adm3_id":"36047","area_sqm":147049,"split":false},"geometry":{"type":"Polygon","coordinates":[[[-73.98446,40.60285],[-73.98261,40.60306],[-73.98168,40.60316],[-73.98124,40.60084],[-73.98031,40.60094],[-73.97986,40.59855],[-73.98078,40.59845],[-73.98171,40.59835],[-73.98264,40.59824],[-73.98357,40.59814],[-73.98402,40.60053],[-73.98446,40.60285]]]}},{"type":"Feature","properties":{"unit_id":"36047015200","name":"Census Tract 152 — Kings","native_id":"36047015200","source":"census_tract_2025","adm3_name":"Kings County","adm3_id":"36047","area_sqm":268135,"split":false},"geometry":{"type":"Polygon","coordinates":[[[-74.02755,40.61292],[-74.02573,40.61605],[-74.02462,40.61739],[-74.02293,40.6195],[-74.02122,40.61847],[-74.02216,40.61617],[-74.02279,40.6146],[-74.02478,40.60968],[-74.02711,40.61024],[-74.02755,40.61292]]]}},{"type":"Feature","properties":{"unit_id":"36047055100","name":"Census Tract 551 — Kings","native_id":"36047055100","source":"census_tract_2025","adm3_name":"Kings County","adm3_id":"36047","area_sqm":231586,"split":false},"geometry":{"type":"Polygon","coordinates":[[[-73.96837,40.71413],[-73.96772,40.71604],[-73.96758,40.7165],[-73.96664,40.71637],[-73.96278,40.71511],[-73.96129,40.7145],[-73.9598,40.71389],[-73.96016,40.71334],[-73.96056,40.71271],[-73.96103,40.71197],[-73.96142,40.71135],[-73.96294,40.71191],[-73.96446,40.71246],[-73.96742,40.7133],[-73.96847,40.713],[-73.96837,40.71413]]]}},{"type":"Feature","properties":{"unit_id":"36047033900","name":"Census Tract 339 — Kings","native_id":"36047033900","source":"census_tract_2025","adm3_name":"Kings County","adm3_id":"36047","area_sqm":180739,"split":false},"geometry":{"type":"Polygon","coordinates":[[[-73.94748,40.67238],[-73.94471,40.67223],[-73.94195,40.67208],[-73.93918,40.67193],[-73.93641,40.67177],[-73.93657,40.67004],[-73.93934,40.67019],[-73.94211,40.67034],[-73.94487,40.6705],[-73.94764,40.67066],[-73.94748,40.67238]]]}},{"type":"Feature","properties":{"unit_id":"36061005900","name":"Census Tract 59 — New York","native_id":"36061005900","source":"census_tract_2025","adm3_name":"New York County","adm3_id":"36061","area_sqm":116175,"split":false},"geometry":{"type":"Polygon","coordinates":[[[-73.99635,40.73226],[-73.99591,40.73285],[-73.99549,40.73344],[-73.99381,40.73273],[-73.99146,40.73174],[-73.99192,40.73117],[-73.99241,40.73059],[-73.99325,40.73094],[-73.99506,40.72881],[-73.99657,40.72955],[-73.99556,40.73071],[-73.99697,40.73141],[-73.99635,40.73226]]]}},{"type":"Feature","properties":{"unit_id":"36047023600","name":"Census Tract 236 — Kings","native_id":"36047023600","source":"census_tract_2025","adm3_name":"Kings County","adm3_id":"36047","area_sqm":169852,"split":false},"geometry":{"type":"Polygon","coordinates":[[[-73.99328,40.63391],[-73.9927,40.63447],[-73.99212,40.63503],[-73.98771,40.63237],[-73.98551,40.63104],[-73.98668,40.62992],[-73.98726,40.62935],[-73.98946,40.63069],[-73.99166,40.63202],[-73.99387,40.63335],[-73.99328,40.63391]]]}},{"type":"Feature","properties":{"unit_id":"36047008500","name":"Census Tract 85 — Kings","native_id":"36047008500","source":"census_tract_2025","adm3_name":"Kings County","adm3_id":"36047","area_sqm":243576,"split":false},"geometry":{"type":"Polygon","coordinates":[[[-74.01141,40.67632],[-74.00954,40.6779],[-74.0083,40.67897],[-74.0063,40.6776],[-74.00649,40.67719],[-74.00476,40.67671],[-74.0035,40.67563],[-74.00319,40.67627],[-74.00135,40.67579],[-74.00202,40.67448],[-74.00261,40.67318],[-74.00601,40.67415],[-74.00771,40.67462],[-74.00961,40.67512],[-74.01141,40.67632]]]}},{"type":"Feature","properties":{"unit_id":"36047025800","name":"Census Tract 258 — Kings","native_id":"36047025800","source":"census_tract_2025","adm3_name":"Kings County","adm3_id":"36047","area_sqm":170222,"split":false},"geometry":{"type":"Polygon","coordinates":[[[-73.99043,40.61557],[-73.98985,40.61613],[-73.98765,40.6148],[-73.98545,40.61347],[-73.98322,40.61212],[-73.98335,40.61199],[-73.98416,40.61122],[-73.98496,40.61045],[-73.98719,40.61179],[-73.9894,40.61312],[-73.9916,40.61445],[-73.99043,40.61557]]]}},{"type":"Feature","properties":{"unit_id":"36047018501","name":"Census Tract 185.01 — Kings","native_id":"36047018501","source":"census_tract_2025","adm3_name":"Kings County","adm3_id":"36047","area_sqm":111097,"split":false},"geometry":{"type":"Polygon","coordinates":[[[-73.97644,40.69637],[-73.97348,40.69625],[-73.97247,40.69621],[-73.97187,40.69321],[-73.97291,40.69325],[-73.97386,40.69329],[-73.97585,40.69336],[-73.97599,40.69409],[-73.97619,40.6951],[-73.97644,40.69637]]]}},{"type":"Feature","properties":{"unit_id":"36047030100","name":"Census Tract 301 — Kings","native_id":"36047030100","source":"census_tract_2025","adm3_name":"Kings County","adm3_id":"36047","area_sqm":194435,"split":false},"geometry":{"type":"Polygon","coordinates":[[[-73.92171,40.67812],[-73.92165,40.67887],[-73.9163,40.67858],[-73.91356,40.67843],[-73.9108,40.67828],[-73.91093,40.67634],[-73.9137,40.6765],[-73.91647,40.67665],[-73.91922,40.67689],[-73.92182,40.67702],[-73.92171,40.67812]]]}},{"type":"Feature","properties":{"unit_id":"36047068200","name":"Census Tract 682 — Kings","native_id":"36047068200","source":"census_tract_2025","adm3_name":"Kings County","adm3_id":"36047","area_sqm":202229,"split":false},"geometry":{"type":"Polygon","coordinates":[[[-73.92688,40.61895],[-73.92301,40.61919],[-73.92275,40.61685],[-73.92085,40.61697],[-73.92062,40.61484],[-73.9235,40.61466],[-73.92539,40.61454],[-73.9264,40.61448],[-73.92688,40.61895]]]}},{"type":"Feature","properties":{"unit_id":"36047085000","name":"Census Tract 850 — Kings","native_id":"36047085000","source":"census_tract_2025","adm3_name":"Kings County","adm3_id":"36047","area_sqm":144613,"split":false},"geometry":{"type":"Polygon","coordinates":[[[-73.93738,40.64491],[-73.93261,40.64525],[-73.93292,40.648],[-73.93194,40.64806],[-73.93,40.64818],[-73.9298,40.64632],[-73.9296,40.64443],[-73.93348,40.64419],[-73.93728,40.64396],[-73.93738,40.64491]]]}},{"type":"Feature","properties":{"unit_id":"36061000202","name":"Census Tract 2.02 — New York","native_id":"36061000202","source":"census_tract_2025","adm3_name":"New York County","adm3_id":"36061","area_sqm":310040,"split":false},"geometry":{"type":"Polygon","coordinates":[[[-73.98534,40.71446],[-73.98245,40.7147],[-73.98165,40.71446],[-73.97996,40.71397],[-73.97929,40.71376],[-73.97724,40.71315],[-73.97593,40.71291],[-73.97279,40.70938],[-73.97548,40.70749],[-73.97923,40.70577],[-73.98091,40.70591],[-73.98099,40.70537],[-73.98203,40.70551],[-73.98419,40.70558],[-73.98455,40.70949],[-73.98506,40.71308],[-73.98534,40.71446]]]}},{"type":"Feature","properties":{"unit_id":"36061007300","name":"Census Tract 73 — New York","native_id":"36061007300","source":"census_tract_2025","adm3_name":"New York County","adm3_id":"36061","area_sqm":165299,"split":false},"geometry":{"type":"Polygon","coordinates":[[[-74.00641,40.73305],[-74.00629,40.73374],[-74.00596,40.73584],[-74.00513,40.73596],[-74.00353,40.73618],[-74.00195,40.73641],[-74.00139,40.73448],[-74.0012,40.73384],[-74.00279,40.73362],[-74.00212,40.73284],[-74.00347,40.73237],[-74.00361,40.73232],[-74.00571,40.73163],[-74.00662,40.73167],[-74.00641,40.73305]]]}},{"type":"Feature","properties":{"unit_id":"36047107001","name":"Census Tract 1070.01 — Kings","native_id":"36047107001","source":"census_tract_2025","adm3_name":"Kings County","adm3_id":"36047","area_sqm":1207190,"split":false},"geometry":{"type":"Polygon","coordinates":[[[-73.87812,40.65626],[-73.86916,40.66012],[-73.86718,40.66045],[-73.86382,40.65603],[-73.86068,40.65487],[-73.86048,40.65466],[-73.87089,40.64881],[-73.87338,40.64682],[-73.87973,40.65556],[-73.87812,40.65626]]]}},{"type":"Feature","properties":{"unit_id":"36061010100","name":"Census Tract 101 — New York","native_id":"36061010100","source":"census_tract_2025","adm3_name":"New York County","adm3_id":"36061","area_sqm":175520,"split":false},"geometry":{"type":"Polygon","coordinates":[[[-73.99484,40.75029],[-73.99433,40.751],[-73.99395,40.75152],[-73.99346,40.75219],[-73.98778,40.74977],[-73.98917,40.74789],[-73.98962,40.74728],[-73.99246,40.74847],[-73.9953,40.74967],[-73.99484,40.75029]]]}},{"type":"Feature","properties":{"unit_id":"36047008800","name":"Census Tract 88 — Kings","native_id":"36047008800","source":"census_tract_2025","adm3_name":"Kings County","adm3_id":"36047","area_sqm":189369,"split":false},"geometry":{"type":"Polygon","coordinates":[[[-74.00449,40.65071],[-74.00275,40.65239],[-74.00214,40.65296],[-73.99782,40.65028],[-73.99828,40.64973],[-73.9987,40.64917],[-73.99952,40.64861],[-74.00066,40.64749],[-74.00287,40.64882],[-74.00507,40.65015],[-74.00449,40.65071]]]}},{"type":"Feature","properties":{"unit_id":"36047010100","name":"Census Tract 101 — Kings","native_id":"36047010100","source":"census_tract_2025","adm3_name":"Kings County","adm3_id":"36047","area_sqm":314730,"split":false},"geometry":{"type":"Polygon","coordinates":[[[-74.00329,40.65819],[-74.00273,40.65879],[-74.00216,40.65936],[-73.9993,40.66216],[-73.99743,40.66104],[-73.99517,40.65967],[-73.99867,40.65631],[-74.00041,40.65463],[-74.00268,40.65599],[-74.00446,40.65707],[-74.00329,40.65819]]]}},{"type":"Feature","properties":{"unit_id":"36047044300","name":"Census Tract 443 — Kings","native_id":"36047044300","source":"census_tract_2025","adm3_name":"Kings County","adm3_id":"36047","area_sqm":167769,"split":false},"geometry":{"type":"Polygon","coordinates":[[[-73.92007,40.70226],[-73.9185,40.70386],[-73.91625,40.70607],[-73.91551,40.70563],[-73.91477,40.70519],[-73.91403,40.70475],[-73.91329,40.70431],[-73.91439,40.70324],[-73.9156,40.70205],[-73.91707,40.70055],[-73.91782,40.70098],[-73.91857,40.7014],[-73.91932,40.70183],[-73.92007,40.70226]]]}},{"type":"Feature","properties":{"unit_id":"36047028300","name":"Census Tract 283 — Kings","native_id":"36047028300","source":"census_tract_2025","adm3_name":"Kings County","adm3_id":"36047","area_sqm":121876,"split":false},"geometry":{"type":"Polygon","coordinates":[[[-73.94353,40.69603],[-73.93779,40.69669],[-73.93763,40.69595],[-73.93748,40.69522],[-73.93734,40.69449],[-73.94026,40.69415],[-73.9431,40.69382],[-73.94324,40.69456],[-73.94339,40.69529],[-73.94353,40.69603]]]}},{"type":"Feature","properties":{"unit_id":"36061011500","name":"Census Tract 115 — New York","native_id":"36061011500","source":"census_tract_2025","adm3_name":"New York County","adm3_id":"36061","area_sqm":175590,"split":false},"geometry":{"type":"Polygon","coordinates":[[[-73.99547,40.75963],[-73.99488,40.75938],[-73.99263,40.75843],[-73.98979,40.75723],[-73.99163,40.75471],[-73.99447,40.75591],[-73.99731,40.75711],[-73.99547,40.75963]]]}},{"type":"Feature","properties":{"unit_id":"36047041700","name":"Census Tract 417 — Kings","native_id":"36047041700","source":"census_tract_2025","adm3_name":"Kings County","adm3_id":"36047","area_sqm":141142,"split":false},"geometry":{"type":"Polygon","coordinates":[[[-73.92115,40.6928],[-73.91927,40.69473],[-73.91782,40.69621],[-73.91707,40.69578],[-73.91631,40.69535],[-73.91556,40.69492],[-73.91481,40.6945],[-73.91626,40.69302],[-73.91779,40.69146],[-73.91862,40.69181],[-73.91946,40.69215],[-73.9203,40.69248],[-73.92115,40.6928]]]}},{"type":"Feature","properties":{"unit_id":"36047097000","name":"Census Tract 970 — Kings","native_id":"36047097000","source":"census_tract_2025","adm3_name":"Kings County","adm3_id":"36047","area_sqm":163450,"split":false},"geometry":{"type":"Polygon","coordinates":[[[-73.90929,40.64882],[-73.9084,40.64939],[-73.90762,40.6499],[-73.90398,40.64663],[-73.90565,40.64555],[-73.90708,40.64462],[-73.9089,40.64626],[-73.91072,40.64789],[-73.90929,40.64882]]]}},{"type":"Feature","properties":{"unit_id":"36061009500","name":"Census Tract 95 — New York","native_id":"36061009500","source":"census_tract_2025","adm3_name":"New York County","adm3_id":"36061","area_sqm":171964,"split":false},"geometry":{"type":"Polygon","coordinates":[[[-73.99575,40.74905],[-73.9953,40.74967],[-73.99246,40.74847],[-73.98962,40.74728],[-73.99052,40.74604],[-73.99142,40.7448],[-73.99426,40.746],[-73.9971,40.74721],[-73.99575,40.74905]]]}},{"type":"Feature","properties":{"unit_id":"36047120200","name":"Census Tract 1202 — Kings","native_id":"36047120200","source":"census_tract_2025","adm3_name":"Kings County","adm3_id":"36047","area_sqm":153052,"split":false},"geometry":{"type":"Polygon","coordinates":[[[-73.86887,40.67716],[-73.86855,40.67721],[-73.8667,40.67747],[-73.86485,40.67772],[-73.86391,40.67777],[-73.86203,40.67789],[-73.86171,40.67661],[-73.86132,40.67502],[-73.86106,40.67434],[-73.86176,40.67423],[-73.8631,40.67465],[-73.86455,40.67515],[-73.86726,40.67611],[-73.86978,40.67703],[-73.86887,40.67716]]]}},{"type":"Feature","properties":{"unit_id":"36047080600","name":"Census Tract 806 — Kings","native_id":"36047080600","source":"census_tract_2025","adm3_name":"Kings County","adm3_id":"36047","area_sqm":166310,"split":false},"geometry":{"type":"Polygon","coordinates":[[[-73.94791,40.66253],[-73.94561,40.66268],[-73.94283,40.66285],[-73.94003,40.66302],[-73.93997,40.66223],[-73.93981,40.66078],[-73.94541,40.66044],[-73.94768,40.6603],[-73.94791,40.66253]]]}},{"type":"Feature","properties":{"unit_id":"36061020101","name":"Census Tract 201.01 — New York","native_id":"36061020101","source":"census_tract_2025","adm3_name":"New York County","adm3_id":"36061","area_sqm":55126,"split":false},"geometry":{"type":"Polygon","coordinates":[[[-73.96011,40.80812],[-73.95841,40.80742],[-73.95983,40.80544],[-73.96007,40.80471],[-73.96201,40.80551],[-73.96011,40.80812]]]}},{"type":"Feature","properties":{"unit_id":"36047098800","name":"Census Tract 988 — Kings","native_id":"36047098800","source":"census_tract_2025","adm3_name":"Kings County","adm3_id":"36047","area_sqm":161941,"split":false},"geometry":{"type":"Polygon","coordinates":[[[-73.90067,40.64366],[-73.89762,40.64563],[-73.89578,40.64398],[-73.89396,40.64234],[-73.89701,40.64037],[-73.89883,40.642],[-73.90067,40.64366]]]}},{"type":"Feature","properties":{"unit_id":"36047034000","name":"Census Tract 340 — Kings","native_id":"36047034000","source":"census_tract_2025","adm3_name":"Kings County","adm3_id":"36047","area_sqm":129694,"split":false},"geometry":{"type":"Polygon","coordinates":[[[-74.00287,40.57231],[-74.00255,40.57333],[-74.00031,40.57293],[-73.99809,40.57275],[-73.99704,40.57275],[-73.9949,40.57287],[-73.99277,40.5732],[-73.99174,40.57343],[-73.99139,40.57166],[-73.99473,40.57152],[-74.00009,40.57181],[-74.00277,40.57211],[-74.00287,40.57231]]]}},{"type":"Feature","properties":{"unit_id":"36047114202","name":"Census Tract 1142.02 — Kings","native_id":"36047114202","source":"census_tract_2025","adm3_name":"Kings County","adm3_id":"36047","area_sqm":119169,"split":false},"geometry":{"type":"Polygon","coordinates":[[[-73.89431,40.68157],[-73.89198,40.68274],[-73.89252,40.68342],[-73.89014,40.685],[-73.88961,40.68421],[-73.88892,40.68313],[-73.88819,40.68256],[-73.88977,40.6818],[-73.89233,40.68057],[-73.89319,40.68016],[-73.89373,40.68085],[-73.89431,40.68157]]]}},{"type":"Feature","properties":{"unit_id":"36061013700","name":"Census Tract 137 — New York","native_id":"36061013700","source":"census_tract_2025","adm3_name":"New York County","adm3_id":"36061","area_sqm":226356,"split":false},"geometry":{"type":"Polygon","coordinates":[[[-73.98382,40.76542],[-73.98337,40.76604],[-73.98288,40.76671],[-73.98238,40.7674],[-73.98215,40.76773],[-73.98143,40.76787],[-73.97908,40.76688],[-73.97623,40.76568],[-73.9767,40.765],[-73.97769,40.76364],[-73.9786,40.7624],[-73.98143,40.76359],[-73.98428,40.76479],[-73.98382,40.76542]]]}},{"type":"Feature","properties":{"unit_id":"36047029600","name":"Census Tract 296 — Kings","native_id":"36047029600","source":"census_tract_2025","adm3_name":"Kings County","adm3_id":"36047","area_sqm":214120,"split":false},"geometry":{"type":"Polygon","coordinates":[[[-73.99734,40.59855],[-73.99559,40.60023],[-73.9932,40.60253],[-73.99262,40.60309],[-73.99204,40.60365],[-73.99087,40.60477],[-73.98864,40.60342],[-73.98981,40.6023],[-73.99039,40.60174],[-73.9916,40.60058],[-73.99336,40.59889],[-73.99523,40.59709],[-73.99593,40.59758],[-73.99734,40.59855]]]}},{"type":"Feature","properties":{"unit_id":"36061009200","name":"Census Tract 92 — New York","native_id":"36061009200","source":"census_tract_2025","adm3_name":"New York County","adm3_id":"36061","area_sqm":197023,"split":false},"geometry":{"type":"Polygon","coordinates":[[[-73.97837,40.75242],[-73.97652,40.75497],[-73.97444,40.75656],[-73.97282,40.75587],[-73.97122,40.75519],[-73.97214,40.75394],[-73.97259,40.75332],[-73.9735,40.75207],[-73.97445,40.75077],[-73.97605,40.75144],[-73.97768,40.75212],[-73.97837,40.75242]]]}},{"type":"Feature","properties":{"unit_id":"36047064600","name":"Census Tract 646 — Kings","native_id":"36047064600","source":"census_tract_2025","adm3_name":"Kings County","adm3_id":"36047","area_sqm":165636,"split":false},"geometry":{"type":"Polygon","coordinates":[[[-73.94315,40.61743],[-73.94128,40.61763],[-73.93972,40.61841],[-73.93788,40.61676],[-73.93606,40.61512],[-73.93754,40.61416],[-73.93825,40.6137],[-73.93897,40.61324],[-73.94079,40.61487],[-73.94299,40.61697],[-73.94315,40.61743]]]}},{"type":"Feature","properties":{"unit_id":"36061030300","name":"Census Tract 303 — New York","native_id":"36061030300","source":"census_tract_2025","adm3_name":"New York County","adm3_id":"36061","area_sqm":156650,"split":false},"geometry":{"type":"Polygon","coordinates":[[[-73.92133,40.86957],[-73.91926,40.87101],[-73.91946,40.87225],[-73.91792,40.87092],[-73.91697,40.87015],[-73.91627,40.86958],[-73.91518,40.86955],[-73.91704,40.86703],[-73.91975,40.86811],[-73.92121,40.86769],[-73.92215,40.86915],[-73.92133,40.86957]]]}},{"type":"Feature","properties":{"unit_id":"36047059800","name":"Census Tract 598 — Kings","native_id":"36047059800","source":"census_tract_2025","adm3_name":"Kings County","adm3_id":"36047","area_sqm":199216,"split":false},"geometry":{"type":"Polygon","coordinates":[[[-73.9398,40.58957],[-73.93884,40.58967],[-73.93699,40.58987],[-73.93509,40.59008],[-73.93467,40.58783],[-73.93371,40.58793],[-73.93178,40.58814],[-73.93137,40.58607],[-73.93344,40.58654],[-73.93445,40.58665],[-73.93914,40.58598],[-73.93937,40.58731],[-73.9398,40.58957]]]}},{"type":"Feature","properties":{"unit_id":"36061004700","name":"Census Tract 47 — New York","native_id":"36061004700","source":"census_tract_2025","adm3_name":"New York County","adm3_id":"36061","area_sqm":165420,"split":false},"geometry":{"type":"Polygon","coordinates":[[[-74.00531,40.72182],[-74.00458,40.72417],[-74.00403,40.72551],[-74.00193,40.72455],[-74.00113,40.72417],[-74.00217,40.72293],[-73.99985,40.72179],[-74.00142,40.71994],[-74.00188,40.7194],[-74.00351,40.72056],[-74.00463,40.72135],[-74.00531,40.72182]]]}},{"type":"Feature","properties":{"unit_id":"36047013700","name":"Census Tract 137 — Kings","native_id":"36047013700","source":"census_tract_2025","adm3_name":"Kings County","adm3_id":"36047","area_sqm":152453,"split":false},"geometry":{"type":"Polygon","coordinates":[[[-73.98771,40.67156],[-73.98721,40.67216],[-73.98671,40.67277],[-73.98429,40.67159],[-73.98193,40.67045],[-73.98243,40.66985],[-73.98293,40.66924],[-73.98344,40.66864],[-73.98394,40.66803],[-73.98873,40.67034],[-73.98771,40.67156]]]}},{"type":"Feature","properties":{"unit_id":"36047013000","name":"Census Tract 130 — Kings","native_id":"36047013000","source":"census_tract_2025","adm3_name":"Kings County","adm3_id":"36047","area_sqm":176432,"split":false},"geometry":{"type":"Polygon","coordinates":[[[-74.02424,40.63286],[-74.02352,40.63462],[-74.02323,40.63532],[-74.02072,40.63417],[-74.01824,40.63303],[-74.01853,40.63233],[-74.01926,40.63056],[-74.01955,40.62985],[-74.02202,40.63099],[-74.02452,40.63217],[-74.02424,40.63286]]]}},{"type":"Feature","properties":{"unit_id":"36047096200","name":"Census Tract 962 — Kings","native_id":"36047096200","source":"census_tract_2025","adm3_name":"Kings County","adm3_id":"36047","area_sqm":179100,"split":false},"geometry":{"type":"Polygon","coordinates":[[[-73.91276,40.64633],[-73.91175,40.64722],[-73.91072,40.64789],[-73.9089,40.64626],[-73.90708,40.64462],[-73.90928,40.6432],[-73.91076,40.64225],[-73.91291,40.64418],[-73.91276,40.64633]]]}},{"type":"Feature","properties":{"unit_id":"36047065800","name":"Census Tract 658 — Kings","native_id":"36047065800","source":"census_tract_2025","adm3_name":"Kings County","adm3_id":"36047","area_sqm":153365,"split":false},"geometry":{"type":"Polygon","coordinates":[[[-73.9339,40.6109],[-73.93316,40.61138],[-73.93134,40.60975],[-73.92952,40.60812],[-73.92769,40.60648],[-73.92987,40.60507],[-73.93351,40.60834],[-73.9328,40.6088],[-73.93462,40.61044],[-73.9339,40.6109]]]}},{"type":"Feature","properties":{"unit_id":"36061011600","name":"Census Tract 116 — New York","native_id":"36061011600","source":"census_tract_2025","adm3_name":"New York County","adm3_id":"36061","area_sqm":195582,"split":false},"geometry":{"type":"Polygon","coordinates":[[[-73.95924,40.76337],[-73.95878,40.76399],[-73.95741,40.76587],[-73.95516,40.76492],[-73.9547,40.76555],[-73.95231,40.76456],[-73.94997,40.76365],[-73.95152,40.76197],[-73.95254,40.76049],[-73.95361,40.75954],[-73.95384,40.75935],[-73.95631,40.76048],[-73.95789,40.76118],[-73.95744,40.76179],[-73.95969,40.76274],[-73.95924,40.76337]]]}},{"type":"Feature","properties":{"unit_id":"36061003002","name":"Census Tract 30.02 — New York","native_id":"36061003002","source":"census_tract_2025","adm3_name":"New York County","adm3_id":"36061","area_sqm":78532,"split":false},"geometry":{"type":"Polygon","coordinates":[[[-73.98845,40.72328],[-73.98797,40.72394],[-73.9875,40.72458],[-73.98529,40.72365],[-73.98296,40.72267],[-73.98382,40.72147],[-73.98628,40.72224],[-73.98864,40.72293],[-73.98845,40.72328]]]}},{"type":"Feature","properties":{"unit_id":"36047018300","name":"Census Tract 183 — Kings","native_id":"36047018300","source":"census_tract_2025","adm3_name":"Kings County","adm3_id":"36047","area_sqm":137311,"split":false},"geometry":{"type":"Polygon","coordinates":[[[-73.97386,40.69329],[-73.97291,40.69325],[-73.97187,40.69321],[-73.96983,40.69313],[-73.9691,40.68947],[-73.97013,40.68951],[-73.97114,40.68954],[-73.97214,40.68958],[-73.97313,40.68962],[-73.97354,40.69171],[-73.97386,40.69329]]]}},{"type":"Feature","properties":{"unit_id":"36047016500","name":"Census Tract 165 — Kings","native_id":"36047016500","source":"census_tract_2025","adm3_name":"Kings County","adm3_id":"36047","area_sqm":186645,"split":false},"geometry":{"type":"Polygon","coordinates":[[[-73.97721,40.66817],[-73.9767,40.66877],[-73.9762,40.66937],[-73.9757,40.66997],[-73.9752,40.67058],[-73.9747,40.67117],[-73.97382,40.67222],[-73.97338,40.67285],[-73.97295,40.67349],[-73.97086,40.67273],[-73.97041,40.67262],[-73.97132,40.67125],[-73.97282,40.66943],[-73.97332,40.66882],[-73.97433,40.66762],[-73.97534,40.66642],[-73.97772,40.66757],[-73.97721,40.66817]]]}},{"type":"Feature","properties":{"unit_id":"36047042300","name":"Census Tract 423 — Kings","native_id":"36047042300","source":"census_tract_2025","adm3_name":"Kings County","adm3_id":"36047","area_sqm":182231,"split":false},"geometry":{"type":"Polygon","coordinates":[[[-73.93052,40.69877],[-73.92903,40.70029],[-73.92759,40.70176],[-73.92684,40.70133],[-73.92533,40.70048],[-73.92458,40.70006],[-73.92383,40.69963],[-73.92527,40.69816],[-73.92725,40.69614],[-73.92823,40.69667],[-73.92932,40.69764],[-73.92996,40.69825],[-73.93052,40.69877]]]}},{"type":"Feature","properties":{"unit_id":"36047087800","name":"Census Tract 878 — Kings","native_id":"36047087800","source":"census_tract_2025","adm3_name":"Kings County","adm3_id":"36047","area_sqm":151414,"split":false},"geometry":{"type":"Polygon","coordinates":[[[-73.93423,40.66042],[-73.93133,40.66059],[-73.92939,40.66072],[-73.92914,40.65842],[-73.92817,40.65848],[-73.92799,40.6568],[-73.9309,40.65661],[-73.93108,40.6583],[-73.934,40.65812],[-73.93423,40.66042]]]}},{"type":"Feature","properties":{"unit_id":"36047072200","name":"Census Tract 722 — Kings","native_id":"36047072200","source":"census_tract_2025","adm3_name":"Kings County","adm3_id":"36047","area_sqm":257171,"split":false},"geometry":{"type":"Polygon","coordinates":[[[-73.93031,40.63273],[-73.92546,40.63303],[-73.92259,40.63321],[-73.92068,40.63333],[-73.91885,40.63448],[-73.9186,40.6321],[-73.92042,40.6309],[-73.92521,40.63069],[-73.92811,40.63051],[-73.93005,40.63039],[-73.93031,40.63273]]]}},{"type":"Feature","properties":{"unit_id":"36047041100","name":"Census Tract 411 — Kings","native_id":"36047041100","source":"census_tract_2025","adm3_name":"Kings County","adm3_id":"36047","area_sqm":134881,"split":false},"geometry":{"type":"Polygon","coordinates":[[[-73.91019,40.68727],[-73.90729,40.69022],[-73.90654,40.68979],[-73.90504,40.68894],[-73.90414,40.68857],[-73.90534,40.68682],[-73.90574,40.68704],[-73.90718,40.68556],[-73.90944,40.68684],[-73.91019,40.68727]]]}},{"type":"Feature","properties":{"unit_id":"36061015101","name":"Census Tract 151.01 — New York","native_id":"36061015101","source":"census_tract_2025","adm3_name":"New York County","adm3_id":"36061","area_sqm":109612,"split":false},"geometry":{"type":"Polygon","coordinates":[[[-73.98863,40.77412],[-73.98818,40.77473],[-73.98724,40.77602],[-73.98441,40.77481],[-73.98533,40.77353],[-73.98579,40.7729],[-73.98624,40.7723],[-73.98669,40.77167],[-73.98954,40.77287],[-73.98863,40.77412]]]}},{"type":"Feature","properties":{"unit_id":"36047057100","name":"Census Tract 571 — Kings","native_id":"36047057100","source":"census_tract_2025","adm3_name":"Kings County","adm3_id":"36047","area_sqm":175867,"split":false},"geometry":{"type":"Polygon","coordinates":[[[-73.95003,40.726],[-73.94837,40.72655],[-73.94754,40.72682],[-73.94588,40.72735],[-73.94543,40.72552],[-73.94501,40.723],[-73.94627,40.72286],[-73.94908,40.72254],[-73.94992,40.72406],[-73.95087,40.72572],[-73.95003,40.726]]]}},{"type":"Feature","properties":{"unit_id":"36047004300","name":"Census Tract 43 — Kings","native_id":"36047004300","source":"census_tract_2025","adm3_name":"Kings County","adm3_id":"36047","area_sqm":165383,"split":false},"geometry":{"type":"Polygon","coordinates":[[[-73.993,40.68836],[-73.99236,40.68969],[-73.99069,40.68914],[-73.9901,40.68971],[-73.98966,40.69033],[-73.98615,40.68902],[-73.987,40.68777],[-73.98829,40.68587],[-73.99047,40.68673],[-73.99327,40.68782],[-73.993,40.68836]]]}},{"type":"Feature","properties":{"unit_id":"36061007800","name":"Census Tract 78 — New York","native_id":"36061007800","source":"census_tract_2025","adm3_name":"New York County","adm3_id":"36061","area_sqm":177474,"split":false},"geometry":{"type":"Polygon","coordinates":[[[-73.97764,40.74639],[-73.97719,40.74701],[-73.97629,40.74824],[-73.97584,40.74886],[-73.97497,40.7485],[-73.97359,40.74792],[-73.97123,40.74692],[-73.97166,40.7463],[-73.97258,40.74507],[-73.97351,40.74378],[-73.97588,40.74478],[-73.97812,40.74573],[-73.97764,40.74639]]]}},{"type":"Feature","properties":{"unit_id":"36047057200","name":"Census Tract 572 — Kings","native_id":"36047057200","source":"census_tract_2025","adm3_name":"Kings County","adm3_id":"36047","area_sqm":243628,"split":false},"geometry":{"type":"Polygon","coordinates":[[[-73.94148,40.5983],[-73.93864,40.59861],[-73.9358,40.59892],[-73.93537,40.59654],[-73.93495,40.59443],[-73.93778,40.59413],[-73.93964,40.59392],[-73.94061,40.59381],[-73.94148,40.5983]]]}},{"type":"Feature","properties":{"unit_id":"36047030700","name":"Census Tract 307 — Kings","native_id":"36047030700","source":"census_tract_2025","adm3_name":"Kings County","adm3_id":"36047","area_sqm":266958,"split":false},"geometry":{"type":"Polygon","coordinates":[[[-73.93053,40.67504],[-73.93046,40.67582],[-73.93032,40.67748],[-73.92659,40.67728],[-73.92476,40.67717],[-73.92182,40.67702],[-73.9219,40.67613],[-73.92205,40.67457],[-73.92213,40.67368],[-73.92508,40.67384],[-73.93062,40.67415],[-73.93053,40.67504]]]}},{"type":"Feature","properties":{"unit_id":"36047066000","name":"Census Tract 660 — Kings","native_id":"36047066000","source":"census_tract_2025","adm3_name":"Kings County","adm3_id":"36047","area_sqm":152314,"split":false},"geometry":{"type":"Polygon","coordinates":[[[-73.92989,40.61069],[-73.92846,40.61161],[-73.92664,40.60998],[-73.92482,40.60834],[-73.92625,40.60741],[-73.92769,40.60648],[-73.92952,40.60812],[-73.93134,40.60975],[-73.92989,40.61069]]]}},{"type":"Feature","properties":{"unit_id":"36047040700","name":"Census Tract 407 — Kings","native_id":"36047040700","source":"census_tract_2025","adm3_name":"Kings County","adm3_id":"36047","area_sqm":504834,"split":false},"geometry":{"type":"Polygon","coordinates":[[[-73.90449,40.6863],[-73.90534,40.68682],[-73.90414,40.68857],[-73.9018,40.69077],[-73.90116,40.68788],[-73.89652,40.6824],[-73.89661,40.68201],[-73.89749,40.68007],[-73.90028,40.67944],[-73.90262,40.68066],[-73.90282,40.68235],[-73.90543,40.68366],[-73.90449,40.6863]]]}},{"type":"Feature","properties":{"unit_id":"36047074200","name":"Census Tract 742 — Kings","native_id":"36047074200","source":"census_tract_2025","adm3_name":"Kings County","adm3_id":"36047","area_sqm":174327,"split":false},"geometry":{"type":"Polygon","coordinates":[[[-73.94733,40.62917],[-73.94633,40.62928],[-73.9454,40.62938],[-73.94415,40.62951],[-73.94341,40.62956],[-73.94309,40.62719],[-73.94264,40.6248],[-73.9445,40.6246],[-73.94543,40.6245],[-73.94642,40.62438],[-73.94688,40.62677],[-73.94733,40.62917]]]}},{"type":"Feature","properties":{"unit_id":"36047087401","name":"Census Tract 874.01 — Kings","native_id":"36047087401","source":"census_tract_2025","adm3_name":"Kings County","adm3_id":"36047","area_sqm":130596,"split":false},"geometry":{"type":"Polygon","coordinates":[[[-73.94003,40.66302],[-73.93726,40.66319],[-73.93711,40.66024],[-73.93686,40.65794],[-73.93962,40.65777],[-73.93973,40.66007],[-73.93981,40.66078],[-73.93997,40.66223],[-73.94003,40.66302]]]}},{"type":"Feature","properties":{"unit_id":"36047055700","name":"Census Tract 557 — Kings","native_id":"36047055700","source":"census_tract_2025","adm3_name":"Kings County","adm3_id":"36047","area_sqm":282493,"split":false},"geometry":{"type":"Polygon","coordinates":[[[-73.96279,40.72256],[-73.96264,40.72275],[-73.96154,40.72388],[-73.96161,40.72495],[-73.95892,40.72435],[-73.95772,40.7243],[-73.95627,40.72339],[-73.95478,40.72246],[-73.95544,40.72195],[-73.95842,40.71919],[-73.95901,40.71864],[-73.96355,40.72157],[-73.96279,40.72256]]]}},{"type":"Feature","properties":{"unit_id":"36047041300","name":"Census Tract 413 — Kings","native_id":"36047041300","source":"census_tract_2025","adm3_name":"Kings County","adm3_id":"36047","area_sqm":162165,"split":false},"geometry":{"type":"Polygon","coordinates":[[[-73.91395,40.68941],[-73.9125,40.69088],[-73.91105,40.69236],[-73.9103,40.69193],[-73.9088,40.69107],[-73.90804,40.69065],[-73.90729,40.69022],[-73.91019,40.68727],[-73.91094,40.6877],[-73.91169,40.68812],[-73.91244,40.68855],[-73.91319,40.68898],[-73.91395,40.68941]]]}},{"type":"Feature","properties":{"unit_id":"36047021600","name":"Census Tract 216 — Kings","native_id":"36047021600","source":"census_tract_2025","adm3_name":"Kings County","adm3_id":"36047","area_sqm":168178,"split":false},"geometry":{"type":"Polygon","coordinates":[[[-74.00411,40.63406],[-74.00196,40.6355],[-74.00002,40.63433],[-73.99781,40.633],[-73.99562,40.63167],[-73.99736,40.62999],[-73.99956,40.63132],[-74.00176,40.63264],[-74.00399,40.63399],[-74.00411,40.63406]]]}},{"type":"Feature","properties":{"unit_id":"36061007700","name":"Census Tract 77 — New York","native_id":"36061007700","source":"census_tract_2025","adm3_name":"New York County","adm3_id":"36061","area_sqm":178780,"split":false},"geometry":{"type":"Polygon","coordinates":[[[-74.00583,40.73653],[-74.00577,40.73717],[-74.00569,40.73755],[-74.00516,40.74086],[-74.00252,40.73975],[-73.99968,40.73855],[-74.00018,40.73786],[-74.00065,40.73723],[-74.0011,40.73656],[-74.00195,40.73641],[-74.00353,40.73618],[-74.00513,40.73596],[-74.00596,40.73584],[-74.00583,40.73653]]]}},{"type":"Feature","properties":{"unit_id":"36047040100","name":"Census Tract 401 — Kings","native_id":"36047040100","source":"census_tract_2025","adm3_name":"Kings County","adm3_id":"36047","area_sqm":159583,"split":false},"geometry":{"type":"Polygon","coordinates":[[[-73.91605,40.68607],[-73.91464,40.68751],[-73.91319,40.68898],[-73.91244,40.68855],[-73.91169,40.68812],[-73.91094,40.6877],[-73.91019,40.68727],[-73.90944,40.68684],[-73.91089,40.68537],[-73.91227,40.68393],[-73.91304,40.68437],[-73.91529,40.68565],[-73.91605,40.68607]]]}},{"type":"Feature","properties":{"unit_id":"36061001402","name":"Census Tract 14.02 — New York","native_id":"36061001402","source":"census_tract_2025","adm3_name":"New York County","adm3_id":"36061","area_sqm":113920,"split":false},"geometry":{"type":"Polygon","coordinates":[[[-73.98788,40.71741],[-73.98736,40.71837],[-73.98675,40.71959],[-73.98507,40.71908],[-73.9834,40.71857],[-73.98501,40.71544],[-73.98672,40.71595],[-73.98837,40.71645],[-73.98788,40.71741]]]}},{"type":"Feature","properties":{"unit_id":"36047083000","name":"Census Tract 830 — Kings","native_id":"36047083000","source":"census_tract_2025","adm3_name":"Kings County","adm3_id":"36047","area_sqm":201783,"split":false},"geometry":{"type":"Polygon","coordinates":[[[-73.94841,40.63999],[-73.94744,40.64005],[-73.94779,40.6433],[-73.94587,40.64342],[-73.94397,40.64354],[-73.94372,40.64124],[-73.94265,40.64034],[-73.9425,40.63896],[-73.94537,40.63879],[-73.94827,40.63861],[-73.94841,40.63999]]]}},{"type":"Feature","properties":{"unit_id":"36047040800","name":"Census Tract 408 — Kings","native_id":"36047040800","source":"census_tract_2025","adm3_name":"Kings County","adm3_id":"36047","area_sqm":152930,"split":false},"geometry":{"type":"Polygon","coordinates":[[[-73.98168,40.60316],[-73.98075,40.60326],[-73.97983,40.60337],[-73.97883,40.60348],[-73.97783,40.60359],[-73.97693,40.59887],[-73.97793,40.59876],[-73.97893,40.59865],[-73.97986,40.59855],[-73.98031,40.60094],[-73.98124,40.60084],[-73.98168,40.60316]]]}},{"type":"Feature","properties":{"unit_id":"36047051800","name":"Census Tract 518 — Kings","native_id":"36047051800","source":"census_tract_2025","adm3_name":"Kings County","adm3_id":"36047","area_sqm":201332,"split":false},"geometry":{"type":"Polygon","coordinates":[[[-73.96228,40.6401],[-73.96139,40.64052],[-73.9605,40.64094],[-73.95938,40.64147],[-73.95897,40.63931],[-73.9584,40.63633],[-73.95952,40.63579],[-73.96041,40.63536],[-73.96131,40.63493],[-73.9622,40.6345],[-73.96319,40.63967],[-73.96228,40.6401]]]}},{"type":"Feature","properties":{"unit_id":"36047067400","name":"Census Tract 674 — Kings","native_id":"36047067400","source":"census_tract_2025","adm3_name":"Kings County","adm3_id":"36047","area_sqm":189209,"split":false},"geometry":{"type":"Polygon","coordinates":[[[-73.93219,40.62327],[-73.93028,40.62338],[-73.92931,40.62344],[-73.92848,40.61502],[-73.9306,40.61692],[-73.93173,40.61793],[-73.93219,40.62327]]]}},{"type":"Feature","properties":{"unit_id":"36061005800","name":"Census Tract 58 — New York","native_id":"36061005800","source":"census_tract_2025","adm3_name":"New York County","adm3_id":"36061","area_sqm":174669,"split":false},"geometry":{"type":"Polygon","coordinates":[[[-73.99329,40.74223],[-73.99281,40.7429],[-73.99232,40.74357],[-73.99142,40.7448],[-73.99052,40.74604],[-73.9873,40.74468],[-73.98819,40.74345],[-73.98932,40.74191],[-73.99007,40.74088],[-73.99052,40.74026],[-73.99374,40.74162],[-73.99329,40.74223]]]}},{"type":"Feature","properties":{"unit_id":"36047047800","name":"Census Tract 478 — Kings","native_id":"36047047800","source":"census_tract_2025","adm3_name":"Kings County","adm3_id":"36047","area_sqm":221223,"split":false},"geometry":{"type":"Polygon","coordinates":[[[-73.98202,40.63439],[-73.98027,40.63608],[-73.97968,40.63664],[-73.97939,40.63693],[-73.97911,40.63544],[-73.97802,40.63555],[-73.97689,40.63567],[-73.97643,40.63329],[-73.97605,40.63128],[-73.97716,40.63075],[-73.97816,40.63028],[-73.98072,40.63179],[-73.98014,40.63235],[-73.9826,40.63384],[-73.98202,40.63439]]]}}]}